txn_id,txn_date,date_key,product_id,warehouse_id,batch_id,txn_type,qty_change,unit_cost,txn_value
1,2025-10-01,20251001,P001,W01,BT00001,PURCHASE,1610,18.5,29785.0
2,2025-10-01,20251001,P001,W02,BT00011,PURCHASE,1870,18.5,34595.0
3,2025-10-01,20251001,P001,W03,BT00022,PURCHASE,1400,18.5,25900.0
4,2025-10-01,20251001,P001,W04,BT00032,PURCHASE,1270,18.5,23495.0
5,2025-10-01,20251001,P002,W01,BT00044,PURCHASE,780,11.0,8580.0
6,2025-10-01,20251001,P002,W02,BT00053,PURCHASE,910,11.0,10010.0
7,2025-10-01,20251001,P002,W03,BT00062,PURCHASE,740,11.0,8140.0
8,2025-10-01,20251001,P002,W04,BT00071,PURCHASE,570,11.0,6270.0
9,2025-10-01,20251001,P003,W01,BT00083,PURCHASE,600,52.0,31200.0
10,2025-10-01,20251001,P003,W02,BT00089,PURCHASE,670,52.0,34840.0
11,2025-10-01,20251001,P003,W03,BT00095,PURCHASE,520,52.0,27040.0
12,2025-10-01,20251001,P003,W04,BT00100,PURCHASE,450,52.0,23400.0
13,2025-10-01,20251001,P004,W01,BT00104,PURCHASE,370,61.0,22570.0
14,2025-10-01,20251001,P004,W02,BT00108,PURCHASE,490,61.0,29890.0
15,2025-10-01,20251001,P004,W03,BT00112,PURCHASE,450,61.0,27450.0
16,2025-10-01,20251001,P004,W04,BT00116,PURCHASE,290,61.0,17690.0
17,2025-10-01,20251001,P005,W01,BT00120,PURCHASE,700,38.0,26600.0
18,2025-10-01,20251001,P005,W02,BT00129,PURCHASE,650,38.0,24700.0
19,2025-10-01,20251001,P005,W03,BT00138,PURCHASE,660,38.0,25080.0
20,2025-10-01,20251001,P005,W04,BT00146,PURCHASE,390,38.0,14820.0
21,2025-10-01,20251001,P006,W01,BT00157,PURCHASE,140,74.0,10360.0
22,2025-10-01,20251001,P006,W02,BT00160,PURCHASE,160,74.0,11840.0
23,2025-10-01,20251001,P006,W03,BT00163,PURCHASE,100,74.0,7400.0
24,2025-10-01,20251001,P006,W04,BT00166,PURCHASE,80,74.0,5920.0
25,2025-10-01,20251001,P007,W01,BT00169,PURCHASE,700,48.0,33600.0
26,2025-10-01,20251001,P007,W02,BT00178,PURCHASE,730,48.0,35040.0
27,2025-10-01,20251001,P007,W03,BT00187,PURCHASE,620,48.0,29760.0
28,2025-10-01,20251001,P007,W04,BT00196,PURCHASE,550,48.0,26400.0
29,2025-10-01,20251001,P008,W01,BT00206,PURCHASE,370,66.0,24420.0
30,2025-10-01,20251001,P008,W02,BT00215,PURCHASE,490,66.0,32340.0
31,2025-10-01,20251001,P008,W03,BT00224,PURCHASE,330,66.0,21780.0
32,2025-10-01,20251001,P008,W04,BT00233,PURCHASE,300,66.0,19800.0
33,2025-10-01,20251001,P009,W01,BT00244,PURCHASE,1440,22.0,31680.0
34,2025-10-01,20251001,P009,W02,BT00252,PURCHASE,1470,22.0,32340.0
35,2025-10-01,20251001,P009,W03,BT00260,PURCHASE,1090,22.0,23980.0
36,2025-10-01,20251001,P009,W04,BT00268,PURCHASE,950,22.0,20900.0
37,2025-10-01,20251001,P010,W01,BT00278,PURCHASE,850,19.0,16150.0
38,2025-10-01,20251001,P010,W02,BT00287,PURCHASE,980,19.0,18620.0
39,2025-10-01,20251001,P010,W03,BT00295,PURCHASE,790,19.0,15010.0
40,2025-10-01,20251001,P010,W04,BT00303,PURCHASE,740,19.0,14060.0
41,2025-10-01,20251001,P011,W01,BT00313,PURCHASE,830,58.0,48140.0
42,2025-10-01,20251001,P011,W02,BT00321,PURCHASE,840,58.0,48720.0
43,2025-10-01,20251001,P011,W03,BT00329,PURCHASE,620,58.0,35960.0
44,2025-10-01,20251001,P011,W04,BT00338,PURCHASE,590,58.0,34220.0
45,2025-10-01,20251001,P012,W01,BT00348,PURCHASE,930,45.0,41850.0
46,2025-10-01,20251001,P012,W02,BT00356,PURCHASE,900,45.0,40500.0
47,2025-10-01,20251001,P012,W03,BT00365,PURCHASE,690,45.0,31050.0
48,2025-10-01,20251001,P012,W04,BT00374,PURCHASE,520,45.0,23400.0
49,2025-10-01,20251001,P013,W01,BT00385,PURCHASE,650,62.0,40300.0
50,2025-10-01,20251001,P013,W02,BT00393,PURCHASE,760,62.0,47120.0
51,2025-10-01,20251001,P013,W03,BT00401,PURCHASE,530,62.0,32860.0
52,2025-10-01,20251001,P013,W04,BT00409,PURCHASE,370,62.0,22940.0
53,2025-10-01,20251001,P014,W01,BT00419,PURCHASE,330,84.0,27720.0
54,2025-10-01,20251001,P014,W02,BT00425,PURCHASE,400,84.0,33600.0
55,2025-10-01,20251001,P014,W03,BT00432,PURCHASE,340,84.0,28560.0
56,2025-10-01,20251001,P014,W04,BT00437,PURCHASE,340,84.0,28560.0
57,2025-10-01,20251001,P015,W01,BT00442,PURCHASE,280,36.0,10080.0
58,2025-10-01,20251001,P015,W02,BT00447,PURCHASE,260,36.0,9360.0
59,2025-10-01,20251001,P015,W03,BT00453,PURCHASE,240,36.0,8640.0
60,2025-10-01,20251001,P015,W04,BT00458,PURCHASE,230,36.0,8280.0
61,2025-10-01,20251001,P016,W01,BT00462,PURCHASE,250,88.0,22000.0
62,2025-10-01,20251001,P016,W02,BT00467,PURCHASE,340,88.0,29920.0
63,2025-10-01,20251001,P016,W03,BT00472,PURCHASE,280,88.0,24640.0
64,2025-10-01,20251001,P016,W04,BT00477,PURCHASE,190,88.0,16720.0
65,2025-10-01,20251001,P017,W01,BT00481,PURCHASE,100,95.0,9500.0
66,2025-10-01,20251001,P017,W02,BT00485,PURCHASE,90,95.0,8550.0
67,2025-10-01,20251001,P017,W03,BT00491,PURCHASE,80,95.0,7600.0
68,2025-10-01,20251001,P017,W04,BT00496,PURCHASE,60,95.0,5700.0
69,2025-10-01,20251001,P018,W01,BT00500,PURCHASE,390,72.0,28080.0
70,2025-10-01,20251001,P018,W02,BT00509,PURCHASE,470,72.0,33840.0
71,2025-10-01,20251001,P018,W03,BT00517,PURCHASE,420,72.0,30240.0
72,2025-10-01,20251001,P018,W04,BT00525,PURCHASE,310,72.0,22320.0
73,2025-10-01,20251001,P019,W01,BT00535,PURCHASE,100,210.0,21000.0
74,2025-10-01,20251001,P019,W02,BT00538,PURCHASE,90,210.0,18900.0
75,2025-10-01,20251001,P019,W03,BT00541,PURCHASE,70,210.0,14700.0
76,2025-10-01,20251001,P019,W04,BT00544,PURCHASE,70,210.0,14700.0
77,2025-10-01,20251001,P020,W01,BT00547,PURCHASE,290,42.0,12180.0
78,2025-10-01,20251001,P020,W02,BT00551,PURCHASE,370,42.0,15540.0
79,2025-10-01,20251001,P020,W03,BT00555,PURCHASE,350,42.0,14700.0
80,2025-10-01,20251001,P020,W04,BT00558,PURCHASE,240,42.0,10080.0
81,2025-10-05,20251005,P001,W01,BT00001,SALE,-183,18.5,-3385.5
82,2025-10-05,20251005,P001,W02,BT00011,SALE,-234,18.5,-4329.0
83,2025-10-05,20251005,P001,W03,BT00022,SALE,-178,18.5,-3293.0
84,2025-10-05,20251005,P001,W04,BT00032,SALE,-135,18.5,-2497.5
85,2025-10-05,20251005,P002,W01,BT00044,SALE,-95,11.0,-1045.0
86,2025-10-05,20251005,P002,W02,BT00053,SALE,-117,11.0,-1287.0
87,2025-10-05,20251005,P002,W03,BT00062,SALE,-93,11.0,-1023.0
88,2025-10-05,20251005,P002,W04,BT00071,SALE,-81,11.0,-891.0
89,2025-10-05,20251005,P003,W01,BT00083,SALE,-76,52.0,-3952.0
90,2025-10-05,20251005,P003,W02,BT00089,SALE,-81,52.0,-4212.0
91,2025-10-05,20251005,P003,W03,BT00095,SALE,-68,52.0,-3536.0
92,2025-10-05,20251005,P003,W04,BT00100,SALE,-71,52.0,-3692.0
93,2025-10-05,20251005,P004,W01,BT00104,SALE,-58,61.0,-3538.0
94,2025-10-05,20251005,P004,W02,BT00108,SALE,-72,61.0,-4392.0
95,2025-10-05,20251005,P004,W03,BT00112,SALE,-59,61.0,-3599.0
96,2025-10-05,20251005,P004,W04,BT00116,SALE,-29,61.0,-1769.0
97,2025-10-05,20251005,P005,W01,BT00120,SALE,-74,38.0,-2812.0
98,2025-10-05,20251005,P005,W02,BT00129,SALE,-82,38.0,-3116.0
99,2025-10-05,20251005,P005,W03,BT00138,SALE,-67,38.0,-2546.0
100,2025-10-05,20251005,P005,W04,BT00146,SALE,-53,38.0,-2014.0
101,2025-10-05,20251005,P006,W01,BT00157,SALE,-17,74.0,-1258.0
102,2025-10-05,20251005,P006,W02,BT00160,SALE,-21,74.0,-1554.0
103,2025-10-05,20251005,P006,W03,BT00163,SALE,-11,74.0,-814.0
104,2025-10-05,20251005,P006,W04,BT00166,SALE,-6,74.0,-444.0
105,2025-10-05,20251005,P007,W01,BT00169,SALE,-67,48.0,-3216.0
106,2025-10-05,20251005,P007,W02,BT00178,SALE,-102,48.0,-4896.0
107,2025-10-05,20251005,P007,W03,BT00187,SALE,-89,48.0,-4272.0
108,2025-10-05,20251005,P007,W04,BT00196,SALE,-61,48.0,-2928.0
109,2025-10-05,20251005,P008,W01,BT00206,SALE,-60,66.0,-3960.0
110,2025-10-05,20251005,P008,W02,BT00215,SALE,-62,66.0,-4092.0
111,2025-10-05,20251005,P008,W03,BT00224,SALE,-58,66.0,-3828.0
112,2025-10-05,20251005,P008,W04,BT00233,SALE,-50,66.0,-3300.0
113,2025-10-05,20251005,P009,W01,BT00244,SALE,-152,22.0,-3344.0
114,2025-10-05,20251005,P009,W02,BT00252,SALE,-146,22.0,-3212.0
115,2025-10-05,20251005,P009,W03,BT00260,SALE,-136,22.0,-2992.0
116,2025-10-05,20251005,P009,W04,BT00268,SALE,-83,22.0,-1826.0
117,2025-10-05,20251005,P010,W01,BT00278,SALE,-129,19.0,-2451.0
118,2025-10-05,20251005,P010,W02,BT00287,SALE,-126,19.0,-2394.0
119,2025-10-05,20251005,P010,W03,BT00295,SALE,-86,19.0,-1634.0
120,2025-10-05,20251005,P010,W04,BT00303,SALE,-84,19.0,-1596.0
121,2025-10-05,20251005,P011,W01,BT00313,SALE,-78,58.0,-4524.0
122,2025-10-05,20251005,P011,W02,BT00321,SALE,-103,58.0,-5974.0
123,2025-10-05,20251005,P011,W03,BT00329,SALE,-75,58.0,-4350.0
124,2025-10-05,20251005,P011,W04,BT00338,SALE,-64,58.0,-3712.0
125,2025-10-05,20251005,P012,W01,BT00348,SALE,-98,45.0,-4410.0
126,2025-10-05,20251005,P012,W02,BT00356,SALE,-124,45.0,-5580.0
127,2025-10-05,20251005,P012,W03,BT00365,SALE,-100,45.0,-4500.0
128,2025-10-05,20251005,P012,W04,BT00374,SALE,-66,45.0,-2970.0
129,2025-10-05,20251005,P013,W01,BT00385,SALE,-77,62.0,-4774.0
130,2025-10-05,20251005,P013,W02,BT00393,SALE,-75,62.0,-4650.0
131,2025-10-05,20251005,P013,W03,BT00401,SALE,-64,62.0,-3968.0
132,2025-10-05,20251005,P013,W04,BT00409,SALE,-65,62.0,-4030.0
133,2025-10-05,20251005,P014,W01,BT00419,SALE,-44,84.0,-3696.0
134,2025-10-05,20251005,P014,W02,BT00425,SALE,-59,84.0,-4956.0
135,2025-10-05,20251005,P014,W03,BT00432,SALE,-39,84.0,-3276.0
136,2025-10-05,20251005,P014,W04,BT00437,SALE,-36,84.0,-3024.0
137,2025-10-05,20251005,P015,W01,BT00442,SALE,-38,36.0,-1368.0
138,2025-10-05,20251005,P015,W02,BT00447,SALE,-30,36.0,-1080.0
139,2025-10-05,20251005,P015,W03,BT00453,SALE,-30,36.0,-1080.0
140,2025-10-05,20251005,P015,W04,BT00458,SALE,-24,36.0,-864.0
141,2025-10-05,20251005,P016,W01,BT00462,SALE,-35,88.0,-3080.0
142,2025-10-05,20251005,P016,W02,BT00467,SALE,-41,88.0,-3608.0
143,2025-10-05,20251005,P016,W03,BT00472,SALE,-35,88.0,-3080.0
144,2025-10-05,20251005,P016,W04,BT00477,SALE,-28,88.0,-2464.0
145,2025-10-05,20251005,P017,W01,BT00481,SALE,-6,95.0,-570.0
146,2025-10-05,20251005,P017,W02,BT00485,SALE,-8,95.0,-760.0
147,2025-10-05,20251005,P017,W03,BT00491,SALE,-10,95.0,-950.0
148,2025-10-05,20251005,P017,W04,BT00496,SALE,-6,95.0,-570.0
149,2025-10-05,20251005,P018,W01,BT00500,SALE,-52,72.0,-3744.0
150,2025-10-05,20251005,P018,W02,BT00509,SALE,-48,72.0,-3456.0
151,2025-10-05,20251005,P018,W03,BT00517,SALE,-49,72.0,-3528.0
152,2025-10-05,20251005,P018,W04,BT00525,SALE,-33,72.0,-2376.0
153,2025-10-05,20251005,P019,W01,BT00535,SALE,-9,210.0,-1890.0
154,2025-10-05,20251005,P019,W02,BT00538,SALE,-16,210.0,-3360.0
155,2025-10-05,20251005,P019,W03,BT00541,SALE,-13,210.0,-2730.0
156,2025-10-05,20251005,P019,W04,BT00544,SALE,-8,210.0,-1680.0
157,2025-10-05,20251005,P020,W01,BT00547,SALE,-38,42.0,-1596.0
158,2025-10-05,20251005,P020,W02,BT00551,SALE,-53,42.0,-2226.0
159,2025-10-05,20251005,P020,W03,BT00555,SALE,-46,42.0,-1932.0
160,2025-10-05,20251005,P020,W04,BT00558,SALE,-39,42.0,-1638.0
161,2025-10-06,20251006,P016,W01,BT00462,RETURN,7,88.0,616.0
162,2025-10-07,20251007,P002,W03,BT00062,RETURN,20,11.0,220.0
163,2025-10-07,20251007,P006,W03,BT00163,RETURN,2,74.0,148.0
164,2025-10-08,20251008,P014,W01,BT00419,RETURN,5,84.0,420.0
165,2025-10-08,20251008,P015,W01,BT00442,RETURN,8,36.0,288.0
166,2025-10-09,20251009,P003,W03,BT00095,RETURN,7,52.0,364.0
167,2025-10-10,20251010,P011,W01,BT00313,RETURN,9,58.0,522.0
168,2025-10-10,20251010,P019,W03,BT00541,RETURN,2,210.0,420.0
169,2025-10-10,20251010,P020,W03,BT00555,RETURN,5,42.0,210.0
170,2025-10-11,20251011,P007,W03,BT00187,RETURN,9,48.0,432.0
171,2025-10-11,20251011,P011,W03,BT00329,RETURN,18,58.0,1044.0
172,2025-10-11,20251011,P017,W02,BT00485,RETURN,2,95.0,190.0
173,2025-10-12,20251012,P001,W01,BT00001,SALE,-292,18.5,-5402.0
174,2025-10-12,20251012,P001,W02,BT00011,SALE,-299,18.5,-5531.5
175,2025-10-12,20251012,P001,W03,BT00022,SALE,-246,18.5,-4551.0
176,2025-10-12,20251012,P001,W04,BT00032,SALE,-237,18.5,-4384.5
177,2025-10-12,20251012,P002,W01,BT00044,SALE,-148,11.0,-1628.0
178,2025-10-12,20251012,P002,W02,BT00053,SALE,-162,11.0,-1782.0
179,2025-10-12,20251012,P002,W03,BT00062,SALE,-142,11.0,-1562.0
180,2025-10-12,20251012,P002,W04,BT00071,SALE,-120,11.0,-1320.0
181,2025-10-12,20251012,P003,W01,BT00083,SALE,-108,52.0,-5616.0
182,2025-10-12,20251012,P003,W02,BT00089,SALE,-112,52.0,-5824.0
183,2025-10-12,20251012,P003,W03,BT00095,SALE,-104,52.0,-5408.0
184,2025-10-12,20251012,P003,W04,BT00100,SALE,-92,52.0,-4784.0
185,2025-10-12,20251012,P004,W01,BT00104,SALE,-93,61.0,-5673.0
186,2025-10-12,20251012,P004,W02,BT00108,SALE,-103,61.0,-6283.0
187,2025-10-12,20251012,P004,W03,BT00112,SALE,-70,61.0,-4270.0
188,2025-10-12,20251012,P004,W04,BT00116,SALE,-67,61.0,-4087.0
189,2025-10-12,20251012,P005,W01,BT00120,SALE,-127,38.0,-4826.0
190,2025-10-12,20251012,P005,W02,BT00129,SALE,-101,38.0,-3838.0
191,2025-10-12,20251012,P005,W03,BT00138,SALE,-83,38.0,-3154.0
192,2025-10-12,20251012,P005,W04,BT00146,SALE,-66,38.0,-2508.0
193,2025-10-12,20251012,P006,W01,BT00157,SALE,-21,74.0,-1554.0
194,2025-10-12,20251012,P006,W02,BT00160,SALE,-26,74.0,-1924.0
195,2025-10-12,20251012,P006,W03,BT00163,SALE,-18,74.0,-1332.0
196,2025-10-12,20251012,P006,W04,BT00166,SALE,-9,74.0,-666.0
197,2025-10-12,20251012,P007,W01,BT00169,SALE,-141,48.0,-6768.0
198,2025-10-12,20251012,P007,W02,BT00178,SALE,-153,48.0,-7344.0
199,2025-10-12,20251012,P007,W03,BT00187,SALE,-138,48.0,-6624.0
200,2025-10-12,20251012,P007,W04,BT00196,SALE,-105,48.0,-5040.0
201,2025-10-12,20251012,P008,W01,BT00206,SALE,-99,66.0,-6534.0
202,2025-10-12,20251012,P008,W02,BT00215,SALE,-91,66.0,-6006.0
203,2025-10-12,20251012,P008,W03,BT00224,SALE,-86,66.0,-5676.0
204,2025-10-12,20251012,P008,W04,BT00233,SALE,-62,66.0,-4092.0
205,2025-10-12,20251012,P009,W01,BT00244,SALE,-201,22.0,-4422.0
206,2025-10-12,20251012,P009,W02,BT00252,SALE,-229,22.0,-5038.0
207,2025-10-12,20251012,P009,W03,BT00260,SALE,-170,22.0,-3740.0
208,2025-10-12,20251012,P009,W04,BT00268,SALE,-165,22.0,-3630.0
209,2025-10-12,20251012,P010,W01,BT00278,SALE,-159,19.0,-3021.0
210,2025-10-12,20251012,P010,W02,BT00287,SALE,-192,19.0,-3648.0
211,2025-10-12,20251012,P010,W03,BT00295,SALE,-118,19.0,-2242.0
212,2025-10-12,20251012,P010,W04,BT00303,SALE,-122,19.0,-2318.0
213,2025-10-12,20251012,P011,W01,BT00313,SALE,-136,58.0,-7888.0
214,2025-10-12,20251012,P011,W02,BT00321,SALE,-127,58.0,-7366.0
215,2025-10-12,20251012,P011,W03,BT00329,SALE,-120,58.0,-6960.0
216,2025-10-12,20251012,P011,W04,BT00338,SALE,-87,58.0,-5046.0
217,2025-10-12,20251012,P012,W01,BT00348,SALE,-137,45.0,-6165.0
218,2025-10-12,20251012,P012,W02,BT00356,SALE,-129,45.0,-5805.0
219,2025-10-12,20251012,P012,W03,BT00365,SALE,-138,45.0,-6210.0
220,2025-10-12,20251012,P012,W04,BT00374,SALE,-113,45.0,-5085.0
221,2025-10-12,20251012,P013,W01,BT00385,SALE,-102,62.0,-6324.0
222,2025-10-12,20251012,P013,W02,BT00393,SALE,-125,62.0,-7750.0
223,2025-10-12,20251012,P013,W03,BT00401,SALE,-90,62.0,-5580.0
224,2025-10-12,20251012,P013,W04,BT00409,SALE,-77,62.0,-4774.0
225,2025-10-12,20251012,P014,W01,BT00419,SALE,-72,84.0,-6048.0
226,2025-10-12,20251012,P014,W02,BT00425,SALE,-83,84.0,-6972.0
227,2025-10-12,20251012,P014,W03,BT00432,SALE,-68,84.0,-5712.0
228,2025-10-12,20251012,P014,W04,BT00437,SALE,-66,84.0,-5544.0
229,2025-10-12,20251012,P015,W01,BT00442,SALE,-36,36.0,-1296.0
230,2025-10-12,20251012,P015,W02,BT00447,SALE,-60,36.0,-2160.0
231,2025-10-12,20251012,P015,W03,BT00453,SALE,-42,36.0,-1512.0
232,2025-10-12,20251012,P015,W04,BT00458,SALE,-41,36.0,-1476.0
233,2025-10-12,20251012,P016,W01,BT00462,SALE,-55,88.0,-4840.0
234,2025-10-12,20251012,P016,W02,BT00467,SALE,-59,88.0,-5192.0
235,2025-10-12,20251012,P016,W03,BT00472,SALE,-47,88.0,-4136.0
236,2025-10-12,20251012,P016,W04,BT00477,SALE,-43,88.0,-3784.0
237,2025-10-12,20251012,P017,W01,BT00481,SALE,-25,95.0,-2375.0
238,2025-10-12,20251012,P017,W02,BT00485,SALE,-12,95.0,-1140.0
239,2025-10-12,20251012,P017,W03,BT00491,SALE,-16,95.0,-1520.0
240,2025-10-12,20251012,P017,W04,BT00496,SALE,-14,95.0,-1330.0
241,2025-10-12,20251012,P018,W01,BT00500,SALE,-84,72.0,-6048.0
242,2025-10-12,20251012,P018,W02,BT00509,SALE,-78,72.0,-5616.0
243,2025-10-12,20251012,P018,W03,BT00517,SALE,-60,72.0,-4320.0
244,2025-10-12,20251012,P018,W04,BT00525,SALE,-50,72.0,-3600.0
245,2025-10-12,20251012,P019,W01,BT00535,SALE,-16,210.0,-3360.0
246,2025-10-12,20251012,P019,W02,BT00538,SALE,-12,210.0,-2520.0
247,2025-10-12,20251012,P019,W03,BT00541,SALE,-16,210.0,-3360.0
248,2025-10-12,20251012,P019,W04,BT00544,SALE,-8,210.0,-1680.0
249,2025-10-12,20251012,P020,W01,BT00547,SALE,-58,42.0,-2436.0
250,2025-10-12,20251012,P020,W02,BT00551,SALE,-76,42.0,-3192.0
251,2025-10-12,20251012,P020,W03,BT00555,SALE,-64,42.0,-2688.0
252,2025-10-12,20251012,P020,W04,BT00558,SALE,-53,42.0,-2226.0
253,2025-10-13,20251013,P012,W04,BT00374,RETURN,25,45.0,1125.0
254,2025-10-14,20251014,P018,W04,BT00525,RETURN,12,72.0,864.0
255,2025-10-15,20251015,P002,W04,BT00071,RETURN,13,11.0,143.0
256,2025-10-15,20251015,P005,W02,BT00129,RETURN,14,38.0,532.0
257,2025-10-16,20251016,P020,W04,BT00558,RETURN,10,42.0,420.0
258,2025-10-17,20251017,P010,W03,BT00295,RETURN,17,19.0,323.0
259,2025-10-18,20251018,P003,W04,BT00100,RETURN,12,52.0,624.0
260,2025-10-18,20251018,P006,W01,BT00157,RETURN,3,74.0,222.0
261,2025-10-18,20251018,P013,W03,BT00401,RETURN,15,62.0,930.0
262,2025-10-19,20251019,P001,W01,BT00001,RETURN,58,18.5,1073.0
263,2025-10-19,20251019,P015,W01,BT00442,RETURN,7,36.0,252.0
264,2025-10-19,20251019,P001,W01,BT00001,SALE,-286,18.5,-5291.0
265,2025-10-19,20251019,P001,W02,BT00011,SALE,-352,18.5,-6512.0
266,2025-10-19,20251019,P001,W03,BT00022,SALE,-255,18.5,-4717.5
267,2025-10-19,20251019,P001,W04,BT00032,SALE,-204,18.5,-3774.0
268,2025-10-19,20251019,P002,W01,BT00044,SALE,-117,11.0,-1287.0
269,2025-10-19,20251019,P002,W02,BT00053,SALE,-174,11.0,-1914.0
270,2025-10-19,20251019,P002,W03,BT00062,SALE,-115,11.0,-1265.0
271,2025-10-19,20251019,P002,W04,BT00071,SALE,-134,11.0,-1474.0
272,2025-10-19,20251019,P003,W01,BT00083,SALE,-94,52.0,-4888.0
273,2025-10-19,20251019,P003,W02,BT00089,SALE,-124,52.0,-6448.0
274,2025-10-19,20251019,P003,W03,BT00095,SALE,-100,52.0,-5200.0
275,2025-10-19,20251019,P003,W04,BT00100,SALE,-77,52.0,-4004.0
276,2025-10-19,20251019,P004,W01,BT00104,SALE,-89,61.0,-5429.0
277,2025-10-19,20251019,P004,W02,BT00108,SALE,-91,61.0,-5551.0
278,2025-10-19,20251019,P004,W03,BT00112,SALE,-65,61.0,-3965.0
279,2025-10-19,20251019,P004,W04,BT00116,SALE,-60,61.0,-3660.0
280,2025-10-19,20251019,P005,W01,BT00120,SALE,-119,38.0,-4522.0
281,2025-10-19,20251019,P005,W02,BT00129,SALE,-125,38.0,-4750.0
282,2025-10-19,20251019,P005,W03,BT00138,SALE,-92,38.0,-3496.0
283,2025-10-19,20251019,P005,W04,BT00146,SALE,-92,38.0,-3496.0
284,2025-10-19,20251019,P006,W01,BT00157,SALE,-21,74.0,-1554.0
285,2025-10-19,20251019,P006,W02,BT00160,SALE,-24,74.0,-1776.0
286,2025-10-19,20251019,P006,W03,BT00163,SALE,-27,74.0,-1998.0
287,2025-10-19,20251019,P006,W04,BT00166,SALE,-10,74.0,-740.0
288,2025-10-19,20251019,P007,W01,BT00169,SALE,-124,48.0,-5952.0
289,2025-10-19,20251019,P007,W02,BT00178,SALE,-153,48.0,-7344.0
290,2025-10-19,20251019,P007,W03,BT00187,SALE,-100,48.0,-4800.0
291,2025-10-19,20251019,P007,W04,BT00196,SALE,-108,48.0,-5184.0
292,2025-10-19,20251019,P008,W01,BT00206,SALE,-98,66.0,-6468.0
293,2025-10-19,20251019,P008,W02,BT00215,SALE,-100,66.0,-6600.0
294,2025-10-19,20251019,P008,W03,BT00224,SALE,-80,66.0,-5280.0
295,2025-10-19,20251019,P008,W04,BT00233,SALE,-68,66.0,-4488.0
296,2025-10-19,20251019,P009,W01,BT00244,SALE,-197,22.0,-4334.0
297,2025-10-19,20251019,P009,W02,BT00252,SALE,-231,22.0,-5082.0
298,2025-10-19,20251019,P009,W03,BT00260,SALE,-185,22.0,-4070.0
299,2025-10-19,20251019,P009,W04,BT00268,SALE,-163,22.0,-3586.0
300,2025-10-19,20251019,P010,W01,BT00278,SALE,-159,19.0,-3021.0
301,2025-10-19,20251019,P010,W02,BT00287,SALE,-188,19.0,-3572.0
302,2025-10-19,20251019,P010,W03,BT00295,SALE,-116,19.0,-2204.0
303,2025-10-19,20251019,P010,W04,BT00303,SALE,-115,19.0,-2185.0
304,2025-10-19,20251019,P011,W01,BT00313,SALE,-124,58.0,-7192.0
305,2025-10-19,20251019,P011,W02,BT00321,SALE,-142,58.0,-8236.0
306,2025-10-19,20251019,P011,W03,BT00329,SALE,-109,58.0,-6322.0
307,2025-10-19,20251019,P011,W04,BT00338,SALE,-71,58.0,-4118.0
308,2025-10-19,20251019,P012,W01,BT00348,SALE,-149,45.0,-6705.0
309,2025-10-19,20251019,P012,W02,BT00356,SALE,-141,45.0,-6345.0
310,2025-10-19,20251019,P012,W03,BT00365,SALE,-150,45.0,-6750.0
311,2025-10-19,20251019,P012,W04,BT00374,SALE,-109,45.0,-4905.0
312,2025-10-19,20251019,P013,W01,BT00385,SALE,-85,62.0,-5270.0
313,2025-10-19,20251019,P013,W02,BT00393,SALE,-120,62.0,-7440.0
314,2025-10-19,20251019,P013,W03,BT00401,SALE,-91,62.0,-5642.0
315,2025-10-19,20251019,P013,W04,BT00409,SALE,-79,62.0,-4898.0
316,2025-10-19,20251019,P014,W01,BT00419,SALE,-93,84.0,-7812.0
317,2025-10-19,20251019,P014,W02,BT00425,SALE,-90,84.0,-7560.0
318,2025-10-19,20251019,P014,W03,BT00432,SALE,-52,84.0,-4368.0
319,2025-10-19,20251019,P014,W04,BT00437,SALE,-55,84.0,-4620.0
320,2025-10-19,20251019,P015,W01,BT00442,SALE,-47,36.0,-1692.0
321,2025-10-19,20251019,P015,W02,BT00447,SALE,-50,36.0,-1800.0
322,2025-10-19,20251019,P015,W03,BT00453,SALE,-29,36.0,-1044.0
323,2025-10-19,20251019,P015,W04,BT00458,SALE,-40,36.0,-1440.0
324,2025-10-19,20251019,P016,W01,BT00462,SALE,-58,88.0,-5104.0
325,2025-10-19,20251019,P016,W02,BT00467,SALE,-51,88.0,-4488.0
326,2025-10-19,20251019,P016,W03,BT00472,SALE,-41,88.0,-3608.0
327,2025-10-19,20251019,P016,W04,BT00477,SALE,-27,88.0,-2376.0
328,2025-10-19,20251019,P017,W01,BT00481,SALE,-10,95.0,-950.0
329,2025-10-19,20251019,P017,W02,BT00485,SALE,-18,95.0,-1710.0
330,2025-10-19,20251019,P017,W03,BT00491,SALE,-13,95.0,-1235.0
331,2025-10-19,20251019,P017,W04,BT00496,SALE,-17,95.0,-1615.0
332,2025-10-19,20251019,P018,W01,BT00500,SALE,-74,72.0,-5328.0
333,2025-10-19,20251019,P018,W02,BT00509,SALE,-67,72.0,-4824.0
334,2025-10-19,20251019,P018,W03,BT00517,SALE,-73,72.0,-5256.0
335,2025-10-19,20251019,P018,W04,BT00525,SALE,-51,72.0,-3672.0
336,2025-10-19,20251019,P019,W01,BT00535,SALE,-14,210.0,-2940.0
337,2025-10-19,20251019,P019,W02,BT00538,SALE,-16,210.0,-3360.0
338,2025-10-19,20251019,P019,W03,BT00541,SALE,-10,210.0,-2100.0
339,2025-10-19,20251019,P019,W04,BT00544,SALE,-9,210.0,-1890.0
340,2025-10-19,20251019,P020,W01,BT00547,SALE,-66,42.0,-2772.0
341,2025-10-19,20251019,P020,W02,BT00551,SALE,-79,42.0,-3318.0
342,2025-10-19,20251019,P020,W03,BT00555,SALE,-71,42.0,-2982.0
343,2025-10-19,20251019,P020,W04,BT00558,SALE,-51,42.0,-2142.0
344,2025-10-20,20251020,P003,W01,BT00083,RETURN,15,52.0,780.0
345,2025-10-20,20251020,P009,W04,BT00268,RETURN,26,22.0,572.0
346,2025-10-22,20251022,P014,W02,BT00425,RETURN,12,84.0,1008.0
347,2025-10-23,20251023,P002,W04,BT00071,RETURN,24,11.0,264.0
348,2025-10-23,20251023,P015,W03,BT00453,RETURN,7,36.0,252.0
349,2025-10-24,20251024,P014,W03,BT00432,RETURN,6,84.0,504.0
350,2025-10-24,20251024,P017,W02,BT00485,RETURN,2,95.0,190.0
351,2025-10-26,20251026,P008,W03,BT00225,PURCHASE,450,66.0,29700.0
352,2025-10-26,20251026,P008,W02,BT00215,RETURN,20,66.0,1320.0
353,2025-10-26,20251026,P014,W04,BT00437,RETURN,13,84.0,1092.0
354,2025-10-26,20251026,P001,W01,BT00001,SALE,-290,18.5,-5365.0
355,2025-10-26,20251026,P001,W02,BT00011,SALE,-325,18.5,-6012.5
356,2025-10-26,20251026,P001,W03,BT00022,SALE,-232,18.5,-4292.0
357,2025-10-26,20251026,P001,W04,BT00032,SALE,-212,18.5,-3922.0
358,2025-10-26,20251026,P002,W01,BT00044,SALE,-123,11.0,-1353.0
359,2025-10-26,20251026,P002,W02,BT00053,SALE,-152,11.0,-1672.0
360,2025-10-26,20251026,P002,W03,BT00062,SALE,-122,11.0,-1342.0
361,2025-10-26,20251026,P002,W04,BT00071,SALE,-120,11.0,-1320.0
362,2025-10-26,20251026,P003,W01,BT00083,SALE,-128,52.0,-6656.0
363,2025-10-26,20251026,P003,W02,BT00089,SALE,-146,52.0,-7592.0
364,2025-10-26,20251026,P003,W03,BT00095,SALE,-98,52.0,-5096.0
365,2025-10-26,20251026,P003,W04,BT00100,SALE,-90,52.0,-4680.0
366,2025-10-26,20251026,P004,W01,BT00104,SALE,-100,61.0,-6100.0
367,2025-10-26,20251026,P004,W02,BT00108,SALE,-88,61.0,-5368.0
368,2025-10-26,20251026,P004,W03,BT00112,SALE,-73,61.0,-4453.0
369,2025-10-26,20251026,P004,W04,BT00116,SALE,-53,61.0,-3233.0
370,2025-10-26,20251026,P005,W01,BT00120,SALE,-87,38.0,-3306.0
371,2025-10-26,20251026,P005,W02,BT00129,SALE,-127,38.0,-4826.0
372,2025-10-26,20251026,P005,W03,BT00138,SALE,-102,38.0,-3876.0
373,2025-10-26,20251026,P005,W04,BT00146,SALE,-81,38.0,-3078.0
374,2025-10-26,20251026,P006,W01,BT00157,SALE,-21,74.0,-1554.0
375,2025-10-26,20251026,P006,W02,BT00160,SALE,-21,74.0,-1554.0
376,2025-10-26,20251026,P006,W03,BT00163,SALE,-12,74.0,-888.0
377,2025-10-26,20251026,P006,W04,BT00166,SALE,-25,74.0,-1850.0
378,2025-10-26,20251026,P007,W01,BT00169,SALE,-139,48.0,-6672.0
379,2025-10-26,20251026,P007,W02,BT00178,SALE,-124,48.0,-5952.0
380,2025-10-26,20251026,P007,W03,BT00187,SALE,-107,48.0,-5136.0
381,2025-10-26,20251026,P007,W04,BT00196,SALE,-106,48.0,-5088.0
382,2025-10-26,20251026,P008,W01,BT00206,SALE,-100,66.0,-6600.0
383,2025-10-26,20251026,P008,W02,BT00215,SALE,-103,66.0,-6798.0
384,2025-10-26,20251026,P008,W03,BT00224,SALE,-58,66.0,-3828.0
385,2025-10-26,20251026,P008,W03,BT00225,SALE,-3,66.0,-198.0
386,2025-10-26,20251026,P008,W04,BT00233,SALE,-68,66.0,-4488.0
387,2025-10-26,20251026,P009,W01,BT00244,SALE,-202,22.0,-4444.0
388,2025-10-26,20251026,P009,W02,BT00252,SALE,-222,22.0,-4884.0
389,2025-10-26,20251026,P009,W03,BT00260,SALE,-168,22.0,-3696.0
390,2025-10-26,20251026,P009,W04,BT00268,SALE,-176,22.0,-3872.0
391,2025-10-26,20251026,P010,W01,BT00278,SALE,-192,19.0,-3648.0
392,2025-10-26,20251026,P010,W02,BT00287,SALE,-176,19.0,-3344.0
393,2025-10-26,20251026,P010,W03,BT00295,SALE,-145,19.0,-2755.0
394,2025-10-26,20251026,P010,W04,BT00303,SALE,-109,19.0,-2071.0
395,2025-10-26,20251026,P011,W01,BT00313,SALE,-155,58.0,-8990.0
396,2025-10-26,20251026,P011,W02,BT00321,SALE,-138,58.0,-8004.0
397,2025-10-26,20251026,P011,W03,BT00329,SALE,-119,58.0,-6902.0
398,2025-10-26,20251026,P011,W04,BT00338,SALE,-97,58.0,-5626.0
399,2025-10-26,20251026,P012,W01,BT00348,SALE,-164,45.0,-7380.0
400,2025-10-26,20251026,P012,W02,BT00356,SALE,-164,45.0,-7380.0
401,2025-10-26,20251026,P012,W03,BT00365,SALE,-151,45.0,-6795.0
402,2025-10-26,20251026,P012,W04,BT00374,SALE,-122,45.0,-5490.0
403,2025-10-26,20251026,P013,W01,BT00385,SALE,-121,62.0,-7502.0
404,2025-10-26,20251026,P013,W02,BT00393,SALE,-130,62.0,-8060.0
405,2025-10-26,20251026,P013,W03,BT00401,SALE,-99,62.0,-6138.0
406,2025-10-26,20251026,P013,W04,BT00409,SALE,-84,62.0,-5208.0
407,2025-10-26,20251026,P014,W01,BT00419,SALE,-66,84.0,-5544.0
408,2025-10-26,20251026,P014,W02,BT00425,SALE,-62,84.0,-5208.0
409,2025-10-26,20251026,P014,W03,BT00432,SALE,-67,84.0,-5628.0
410,2025-10-26,20251026,P014,W04,BT00437,SALE,-49,84.0,-4116.0
411,2025-10-26,20251026,P015,W01,BT00442,SALE,-39,36.0,-1404.0
412,2025-10-26,20251026,P015,W02,BT00447,SALE,-44,36.0,-1584.0
413,2025-10-26,20251026,P015,W03,BT00453,SALE,-40,36.0,-1440.0
414,2025-10-26,20251026,P015,W04,BT00458,SALE,-36,36.0,-1296.0
415,2025-10-26,20251026,P016,W01,BT00462,SALE,-65,88.0,-5720.0
416,2025-10-26,20251026,P016,W02,BT00467,SALE,-46,88.0,-4048.0
417,2025-10-26,20251026,P016,W03,BT00472,SALE,-51,88.0,-4488.0
418,2025-10-26,20251026,P016,W04,BT00477,SALE,-37,88.0,-3256.0
419,2025-10-26,20251026,P017,W01,BT00481,SALE,-16,95.0,-1520.0
420,2025-10-26,20251026,P017,W02,BT00485,SALE,-13,95.0,-1235.0
421,2025-10-26,20251026,P017,W03,BT00491,SALE,-10,95.0,-950.0
422,2025-10-26,20251026,P017,W04,BT00496,SALE,-10,95.0,-950.0
423,2025-10-26,20251026,P018,W01,BT00500,SALE,-84,72.0,-6048.0
424,2025-10-26,20251026,P018,W02,BT00509,SALE,-82,72.0,-5904.0
425,2025-10-26,20251026,P018,W03,BT00517,SALE,-63,72.0,-4536.0
426,2025-10-26,20251026,P018,W04,BT00525,SALE,-46,72.0,-3312.0
427,2025-10-26,20251026,P019,W01,BT00535,SALE,-12,210.0,-2520.0
428,2025-10-26,20251026,P019,W02,BT00538,SALE,-11,210.0,-2310.0
429,2025-10-26,20251026,P019,W03,BT00541,SALE,-10,210.0,-2100.0
430,2025-10-26,20251026,P019,W04,BT00544,SALE,-10,210.0,-2100.0
431,2025-10-26,20251026,P020,W01,BT00547,SALE,-59,42.0,-2478.0
432,2025-10-26,20251026,P020,W02,BT00551,SALE,-89,42.0,-3738.0
433,2025-10-26,20251026,P020,W03,BT00555,SALE,-60,42.0,-2520.0
434,2025-10-26,20251026,P020,W04,BT00558,SALE,-47,42.0,-1974.0
435,2025-10-27,20251027,P004,W01,BT00105,PURCHASE,1500,61.0,91500.0
436,2025-10-28,20251028,P016,W01,BT00463,PURCHASE,700,88.0,61600.0
437,2025-10-28,20251028,P019,W03,BT00542,PURCHASE,300,210.0,63000.0
438,2025-10-28,20251028,P020,W02,BT00552,PURCHASE,1400,42.0,58800.0
439,2025-10-29,20251029,P006,W03,BT00164,PURCHASE,400,74.0,29600.0
440,2025-10-29,20251029,P012,W03,BT00366,PURCHASE,900,45.0,40500.0
441,2025-10-29,20251029,P014,W01,BT00420,PURCHASE,800,84.0,67200.0
442,2025-10-29,20251029,P006,W04,BT00166,RETURN,3,74.0,222.0
443,2025-10-29,20251029,P020,W01,BT00547,RETURN,10,42.0,420.0
444,2025-10-30,20251030,P007,W02,BT00179,PURCHASE,850,48.0,40800.0
445,2025-10-30,20251030,P010,W01,BT00279,PURCHASE,1140,19.0,21660.0
446,2025-10-30,20251030,P010,W02,BT00288,PURCHASE,1240,19.0,23560.0
447,2025-10-30,20251030,P014,W02,BT00426,PURCHASE,800,84.0,67200.0
448,2025-10-30,20251030,P015,W02,BT00448,PURCHASE,600,36.0,21600.0
449,2025-10-30,20251030,P018,W01,BT00501,PURCHASE,520,72.0,37440.0
450,2025-10-30,20251030,P007,W01,BT00169,RETURN,17,48.0,816.0
451,2025-10-30,20251030,P015,W01,BT00442,RETURN,6,36.0,216.0
452,2025-10-31,20251031,P008,W02,BT00216,PURCHASE,570,66.0,37620.0
453,2025-10-31,20251031,P019,W02,BT00539,PURCHASE,300,210.0,63000.0
454,2025-10-31,20251031,P006,W01,BT00157,RETURN,5,74.0,370.0
455,2025-10-31,20251031,P014,W03,BT00432,RETURN,14,84.0,1176.0
456,2025-11-02,20251102,P002,W04,BT00072,PURCHASE,460,11.0,5060.0
457,2025-11-02,20251102,P004,W02,BT00109,PURCHASE,1500,61.0,91500.0
458,2025-11-02,20251102,P005,W02,BT00130,PURCHASE,850,38.0,32300.0
459,2025-11-02,20251102,P007,W01,BT00170,PURCHASE,780,48.0,37440.0
460,2025-11-02,20251102,P011,W03,BT00330,PURCHASE,770,58.0,44660.0
461,2025-11-02,20251102,P012,W02,BT00357,PURCHASE,1130,45.0,50850.0
462,2025-11-02,20251102,P013,W04,BT00410,PURCHASE,360,62.0,22320.0
463,2025-11-02,20251102,P017,W04,BT00497,PURCHASE,500,95.0,47500.0
464,2025-11-02,20251102,P020,W02,BT00551,RETURN,13,42.0,546.0
465,2025-11-02,20251102,P001,W01,BT00001,SALE,-301,18.5,-5568.5
466,2025-11-02,20251102,P001,W02,BT00011,SALE,-349,18.5,-6456.5
467,2025-11-02,20251102,P001,W03,BT00022,SALE,-266,18.5,-4921.0
468,2025-11-02,20251102,P001,W04,BT00032,SALE,-199,18.5,-3681.5
469,2025-11-02,20251102,P002,W01,BT00044,SALE,-145,11.0,-1595.0
470,2025-11-02,20251102,P002,W02,BT00053,SALE,-190,11.0,-2090.0
471,2025-11-02,20251102,P002,W03,BT00062,SALE,-128,11.0,-1408.0
472,2025-11-02,20251102,P002,W04,BT00071,SALE,-115,11.0,-1265.0
473,2025-11-02,20251102,P002,W04,BT00072,SALE,-8,11.0,-88.0
474,2025-11-02,20251102,P003,W01,BT00083,SALE,-113,52.0,-5876.0
475,2025-11-02,20251102,P003,W02,BT00089,SALE,-114,52.0,-5928.0
476,2025-11-02,20251102,P003,W03,BT00095,SALE,-101,52.0,-5252.0
477,2025-11-02,20251102,P003,W04,BT00100,SALE,-89,52.0,-4628.0
478,2025-11-02,20251102,P004,W01,BT00104,SALE,-30,61.0,-1830.0
479,2025-11-02,20251102,P004,W01,BT00105,SALE,-56,61.0,-3416.0
480,2025-11-02,20251102,P004,W02,BT00108,SALE,-106,61.0,-6466.0
481,2025-11-02,20251102,P004,W02,BT00109,SALE,-9,61.0,-549.0
482,2025-11-02,20251102,P004,W03,BT00112,SALE,-77,61.0,-4697.0
483,2025-11-02,20251102,P004,W04,BT00116,SALE,-72,61.0,-4392.0
484,2025-11-02,20251102,P005,W01,BT00120,SALE,-105,38.0,-3990.0
485,2025-11-02,20251102,P005,W02,BT00129,SALE,-113,38.0,-4294.0
486,2025-11-02,20251102,P005,W03,BT00138,SALE,-98,38.0,-3724.0
487,2025-11-02,20251102,P005,W04,BT00146,SALE,-82,38.0,-3116.0
488,2025-11-02,20251102,P006,W01,BT00157,SALE,-22,74.0,-1628.0
489,2025-11-02,20251102,P006,W02,BT00160,SALE,-26,74.0,-1924.0
490,2025-11-02,20251102,P006,W03,BT00163,SALE,-24,74.0,-1776.0
491,2025-11-02,20251102,P006,W04,BT00166,SALE,-20,74.0,-1480.0
492,2025-11-02,20251102,P007,W01,BT00169,SALE,-113,48.0,-5424.0
493,2025-11-02,20251102,P007,W02,BT00178,SALE,-152,48.0,-7296.0
494,2025-11-02,20251102,P007,W03,BT00187,SALE,-95,48.0,-4560.0
495,2025-11-02,20251102,P007,W04,BT00196,SALE,-108,48.0,-5184.0
496,2025-11-02,20251102,P008,W01,BT00206,SALE,-13,66.0,-858.0
497,2025-11-02,20251102,P008,W02,BT00215,SALE,-90,66.0,-5940.0
498,2025-11-02,20251102,P008,W03,BT00225,SALE,-77,66.0,-5082.0
499,2025-11-02,20251102,P008,W04,BT00233,SALE,-49,66.0,-3234.0
500,2025-11-02,20251102,P009,W01,BT00244,SALE,-214,22.0,-4708.0
501,2025-11-02,20251102,P009,W02,BT00252,SALE,-226,22.0,-4972.0
502,2025-11-02,20251102,P009,W03,BT00260,SALE,-181,22.0,-3982.0
503,2025-11-02,20251102,P009,W04,BT00268,SALE,-155,22.0,-3410.0
504,2025-11-02,20251102,P010,W01,BT00278,SALE,-182,19.0,-3458.0
505,2025-11-02,20251102,P010,W02,BT00287,SALE,-166,19.0,-3154.0
506,2025-11-02,20251102,P010,W03,BT00295,SALE,-148,19.0,-2812.0
507,2025-11-02,20251102,P010,W04,BT00303,SALE,-115,19.0,-2185.0
508,2025-11-02,20251102,P011,W01,BT00313,SALE,-135,58.0,-7830.0
509,2025-11-02,20251102,P011,W02,BT00321,SALE,-131,58.0,-7598.0
510,2025-11-02,20251102,P011,W03,BT00329,SALE,-89,58.0,-5162.0
511,2025-11-02,20251102,P011,W04,BT00338,SALE,-93,58.0,-5394.0
512,2025-11-02,20251102,P012,W01,BT00348,SALE,-156,45.0,-7020.0
513,2025-11-02,20251102,P012,W02,BT00356,SALE,-175,45.0,-7875.0
514,2025-11-02,20251102,P012,W03,BT00365,SALE,-37,45.0,-1665.0
515,2025-11-02,20251102,P012,W03,BT00366,SALE,-91,45.0,-4095.0
516,2025-11-02,20251102,P012,W04,BT00374,SALE,-105,45.0,-4725.0
517,2025-11-02,20251102,P013,W01,BT00385,SALE,-104,62.0,-6448.0
518,2025-11-02,20251102,P013,W02,BT00393,SALE,-113,62.0,-7006.0
519,2025-11-02,20251102,P013,W03,BT00401,SALE,-93,62.0,-5766.0
520,2025-11-02,20251102,P013,W04,BT00409,SALE,-65,62.0,-4030.0
521,2025-11-02,20251102,P013,W04,BT00410,SALE,-5,62.0,-310.0
522,2025-11-02,20251102,P014,W01,BT00419,SALE,-60,84.0,-5040.0
523,2025-11-02,20251102,P014,W01,BT00420,SALE,-20,84.0,-1680.0
524,2025-11-02,20251102,P014,W02,BT00425,SALE,-33,84.0,-2772.0
525,2025-11-02,20251102,P014,W02,BT00426,SALE,-52,84.0,-4368.0
526,2025-11-02,20251102,P014,W03,BT00432,SALE,-83,84.0,-6972.0
527,2025-11-02,20251102,P014,W04,BT00437,SALE,-52,84.0,-4368.0
528,2025-11-02,20251102,P015,W01,BT00442,SALE,-38,36.0,-1368.0
529,2025-11-02,20251102,P015,W02,BT00447,SALE,-48,36.0,-1728.0
530,2025-11-02,20251102,P015,W03,BT00453,SALE,-43,36.0,-1548.0
531,2025-11-02,20251102,P015,W04,BT00458,SALE,-25,36.0,-900.0
532,2025-11-02,20251102,P016,W01,BT00462,SALE,-6,88.0,-528.0
533,2025-11-02,20251102,P016,W01,BT00463,SALE,-39,88.0,-3432.0
534,2025-11-02,20251102,P016,W02,BT00467,SALE,-64,88.0,-5632.0
535,2025-11-02,20251102,P016,W03,BT00472,SALE,-42,88.0,-3696.0
536,2025-11-02,20251102,P016,W04,BT00477,SALE,-29,88.0,-2552.0
537,2025-11-02,20251102,P017,W01,BT00481,SALE,-12,95.0,-1140.0
538,2025-11-02,20251102,P017,W02,BT00485,SALE,-13,95.0,-1235.0
539,2025-11-02,20251102,P017,W03,BT00491,SALE,-9,95.0,-855.0
540,2025-11-02,20251102,P017,W04,BT00496,SALE,-9,95.0,-855.0
541,2025-11-02,20251102,P018,W01,BT00500,SALE,-76,72.0,-5472.0
542,2025-11-02,20251102,P018,W02,BT00509,SALE,-77,72.0,-5544.0
543,2025-11-02,20251102,P018,W03,BT00517,SALE,-50,72.0,-3600.0
544,2025-11-02,20251102,P018,W04,BT00525,SALE,-57,72.0,-4104.0
545,2025-11-02,20251102,P019,W01,BT00535,SALE,-11,210.0,-2310.0
546,2025-11-02,20251102,P019,W02,BT00538,SALE,-15,210.0,-3150.0
547,2025-11-02,20251102,P019,W03,BT00541,SALE,-3,210.0,-630.0
548,2025-11-02,20251102,P019,W03,BT00542,SALE,-11,210.0,-2310.0
549,2025-11-02,20251102,P019,W04,BT00544,SALE,-12,210.0,-2520.0
550,2025-11-02,20251102,P020,W01,BT00547,SALE,-78,42.0,-3276.0
551,2025-11-02,20251102,P020,W02,BT00551,SALE,-73,42.0,-3066.0
552,2025-11-02,20251102,P020,W03,BT00555,SALE,-66,42.0,-2772.0
553,2025-11-02,20251102,P020,W04,BT00558,SALE,-47,42.0,-1974.0
554,2025-11-03,20251103,P001,W03,BT00023,PURCHASE,1530,18.5,28305.0
555,2025-11-03,20251103,P003,W01,BT00084,PURCHASE,1300,52.0,67600.0
556,2025-11-03,20251103,P010,W03,BT00296,PURCHASE,990,19.0,18810.0
557,2025-11-03,20251103,P011,W02,BT00322,PURCHASE,960,58.0,55680.0
558,2025-11-03,20251103,P016,W02,BT00468,PURCHASE,700,88.0,61600.0
559,2025-11-03,20251103,P001,W03,BT00022,RETURN,44,18.5,814.0
560,2025-11-03,20251103,P013,W02,BT00393,RETURN,13,62.0,806.0
561,2025-11-04,20251104,P002,W01,BT00045,PURCHASE,940,11.0,10340.0
562,2025-11-04,20251104,P003,W03,BT00096,PURCHASE,1300,52.0,67600.0
563,2025-11-04,20251104,P007,W03,BT00188,PURCHASE,680,48.0,32640.0
564,2025-11-04,20251104,P013,W03,BT00402,PURCHASE,630,62.0,39060.0
565,2025-11-04,20251104,P014,W03,BT00433,PURCHASE,800,84.0,67200.0
566,2025-11-04,20251104,P002,W03,BT00062,RETURN,23,11.0,253.0
567,2025-11-04,20251104,P016,W04,BT00477,RETURN,4,88.0,352.0
568,2025-11-05,20251105,P002,W03,BT00063,PURCHASE,810,11.0,8910.0
569,2025-11-05,20251105,P003,W02,BT00090,PURCHASE,1300,52.0,67600.0
570,2025-11-05,20251105,P005,W04,BT00147,PURCHASE,390,38.0,14820.0
571,2025-11-05,20251105,P012,W01,BT00349,PURCHASE,1040,45.0,46800.0
572,2025-11-05,20251105,P012,W04,BT00375,PURCHASE,510,45.0,22950.0
573,2025-11-05,20251105,P002,W02,BT00053,RETURN,43,11.0,473.0
574,2025-11-05,20251105,P009,W03,BT00260,RETURN,43,22.0,946.0
575,2025-11-05,20251105,P011,W04,BT00338,RETURN,17,58.0,986.0
576,2025-11-06,20251106,P004,W03,BT00113,PURCHASE,1500,61.0,91500.0
577,2025-11-06,20251106,P006,W01,BT00158,PURCHASE,400,74.0,29600.0
578,2025-11-06,20251106,P008,W01,BT00207,PURCHASE,520,66.0,34320.0
579,2025-11-06,20251106,P009,W03,BT00261,PURCHASE,1260,22.0,27720.0
580,2025-11-06,20251106,P016,W03,BT00473,PURCHASE,700,88.0,61600.0
581,2025-11-06,20251106,P017,W03,BT00492,PURCHASE,500,95.0,47500.0
582,2025-11-06,20251106,P018,W02,BT00510,PURCHASE,570,72.0,41040.0
583,2025-11-06,20251106,P020,W04,BT00559,PURCHASE,1400,42.0,58800.0
584,2025-11-06,20251106,P015,W01,BT00442,RETURN,7,36.0,252.0
585,2025-11-07,20251107,P001,W01,BT00002,PURCHASE,1760,18.5,32560.0
586,2025-11-07,20251107,P001,W02,BT00012,PURCHASE,1920,18.5,35520.0
587,2025-11-07,20251107,P004,W04,BT00117,PURCHASE,1500,61.0,91500.0
588,2025-11-07,20251107,P005,W01,BT00121,PURCHASE,780,38.0,29640.0
589,2025-11-07,20251107,P011,W01,BT00314,PURCHASE,880,58.0,51040.0
590,2025-11-07,20251107,P018,W03,BT00518,PURCHASE,450,72.0,32400.0
591,2025-11-07,20251107,P013,W03,BT00401,RETURN,17,62.0,1054.0
592,2025-11-07,20251107,P013,W04,BT00410,RETURN,1,62.0,62.0
593,2025-11-07,20251107,P014,W04,BT00437,RETURN,7,84.0,588.0
594,2025-11-08,20251108,P002,W02,BT00054,PURCHASE,1020,11.0,11220.0
595,2025-11-08,20251108,P009,W02,BT00253,PURCHASE,1580,22.0,34760.0
596,2025-11-08,20251108,P013,W01,BT00386,PURCHASE,730,62.0,45260.0
597,2025-11-08,20251108,P015,W01,BT00443,PURCHASE,600,36.0,21600.0
598,2025-11-08,20251108,P019,W01,BT00536,PURCHASE,300,210.0,63000.0
599,2025-11-08,20251108,P020,W01,BT00548,PURCHASE,1400,42.0,58800.0
600,2025-11-09,20251109,P003,W04,BT00101,PURCHASE,1300,52.0,67600.0
601,2025-11-09,20251109,P013,W02,BT00394,PURCHASE,790,62.0,48980.0
602,2025-11-09,20251109,P017,W02,BT00486,PURCHASE,500,95.0,47500.0
603,2025-11-09,20251109,P020,W01,BT00547,RETURN,14,42.0,588.0
604,2025-11-09,20251109,P001,W01,BT00001,SALE,-269,18.5,-4976.5
605,2025-11-09,20251109,P001,W02,BT00011,SALE,-311,18.5,-5753.5
606,2025-11-09,20251109,P001,W02,BT00012,SALE,-18,18.5,-333.0
607,2025-11-09,20251109,P001,W03,BT00022,SALE,-246,18.5,-4551.0
608,2025-11-09,20251109,P001,W04,BT00032,SALE,-199,18.5,-3681.5
609,2025-11-09,20251109,P002,W01,BT00044,SALE,-152,11.0,-1672.0
610,2025-11-09,20251109,P002,W01,BT00045,SALE,-28,11.0,-308.0
611,2025-11-09,20251109,P002,W02,BT00053,SALE,-158,11.0,-1738.0
612,2025-11-09,20251109,P002,W02,BT00054,SALE,-32,11.0,-352.0
613,2025-11-09,20251109,P002,W03,BT00062,SALE,-172,11.0,-1892.0
614,2025-11-09,20251109,P002,W04,BT00072,SALE,-131,11.0,-1441.0
615,2025-11-09,20251109,P003,W01,BT00084,SALE,-147,52.0,-7644.0
616,2025-11-09,20251109,P003,W02,BT00089,SALE,-93,52.0,-4836.0
617,2025-11-09,20251109,P003,W02,BT00090,SALE,-54,52.0,-2808.0
618,2025-11-09,20251109,P003,W03,BT00095,SALE,-56,52.0,-2912.0
619,2025-11-09,20251109,P003,W03,BT00096,SALE,-53,52.0,-2756.0
620,2025-11-09,20251109,P003,W04,BT00100,SALE,-43,52.0,-2236.0
621,2025-11-09,20251109,P003,W04,BT00101,SALE,-11,52.0,-572.0
622,2025-11-09,20251109,P004,W01,BT00105,SALE,-128,61.0,-7808.0
623,2025-11-09,20251109,P004,W02,BT00109,SALE,-99,61.0,-6039.0
624,2025-11-09,20251109,P004,W03,BT00112,SALE,-50,61.0,-3050.0
625,2025-11-09,20251109,P004,W03,BT00113,SALE,-55,61.0,-3355.0
626,2025-11-09,20251109,P004,W04,BT00116,SALE,-9,61.0,-549.0
627,2025-11-09,20251109,P004,W04,BT00117,SALE,-41,61.0,-2501.0
628,2025-11-09,20251109,P005,W01,BT00120,SALE,-93,38.0,-3534.0
629,2025-11-09,20251109,P005,W02,BT00129,SALE,-106,38.0,-4028.0
630,2025-11-09,20251109,P005,W03,BT00138,SALE,-88,38.0,-3344.0
631,2025-11-09,20251109,P005,W04,BT00146,SALE,-16,38.0,-608.0
632,2025-11-09,20251109,P005,W04,BT00147,SALE,-50,38.0,-1900.0
633,2025-11-09,20251109,P006,W01,BT00157,SALE,-25,74.0,-1850.0
634,2025-11-09,20251109,P006,W02,BT00160,SALE,-23,74.0,-1702.0
635,2025-11-09,20251109,P006,W03,BT00163,SALE,-10,74.0,-740.0
636,2025-11-09,20251109,P006,W03,BT00164,SALE,-12,74.0,-888.0
637,2025-11-09,20251109,P006,W04,BT00166,SALE,-13,74.0,-962.0
638,2025-11-09,20251109,P007,W01,BT00169,SALE,-133,48.0,-6384.0
639,2025-11-09,20251109,P007,W01,BT00170,SALE,-13,48.0,-624.0
640,2025-11-09,20251109,P007,W02,BT00178,SALE,-46,48.0,-2208.0
641,2025-11-09,20251109,P007,W02,BT00179,SALE,-148,48.0,-7104.0
642,2025-11-09,20251109,P007,W03,BT00187,SALE,-21,48.0,-1008.0
643,2025-11-09,20251109,P007,W03,BT00188,SALE,-107,48.0,-5136.0
644,2025-11-09,20251109,P007,W04,BT00196,SALE,-62,48.0,-2976.0
645,2025-11-09,20251109,P008,W01,BT00207,SALE,-57,66.0,-3762.0
646,2025-11-09,20251109,P008,W02,BT00215,SALE,-64,66.0,-4224.0
647,2025-11-09,20251109,P008,W02,BT00216,SALE,-60,66.0,-3960.0
648,2025-11-09,20251109,P008,W03,BT00225,SALE,-75,66.0,-4950.0
649,2025-11-09,20251109,P008,W04,BT00233,SALE,-3,66.0,-198.0
650,2025-11-09,20251109,P009,W01,BT00244,SALE,-216,22.0,-4752.0
651,2025-11-09,20251109,P009,W02,BT00252,SALE,-232,22.0,-5104.0
652,2025-11-09,20251109,P009,W03,BT00260,SALE,-174,22.0,-3828.0
653,2025-11-09,20251109,P009,W04,BT00268,SALE,-144,22.0,-3168.0
654,2025-11-09,20251109,P010,W01,BT00278,SALE,-29,19.0,-551.0
655,2025-11-09,20251109,P010,W01,BT00279,SALE,-124,19.0,-2356.0
656,2025-11-09,20251109,P010,W02,BT00287,SALE,-132,19.0,-2508.0
657,2025-11-09,20251109,P010,W02,BT00288,SALE,-61,19.0,-1159.0
658,2025-11-09,20251109,P010,W03,BT00295,SALE,-157,19.0,-2983.0
659,2025-11-09,20251109,P010,W04,BT00303,SALE,-110,19.0,-2090.0
660,2025-11-09,20251109,P011,W01,BT00313,SALE,-124,58.0,-7192.0
661,2025-11-09,20251109,P011,W02,BT00321,SALE,-137,58.0,-7946.0
662,2025-11-09,20251109,P011,W03,BT00329,SALE,-92,58.0,-5336.0
663,2025-11-09,20251109,P011,W04,BT00338,SALE,-96,58.0,-5568.0
664,2025-11-09,20251109,P012,W01,BT00348,SALE,-132,45.0,-5940.0
665,2025-11-09,20251109,P012,W02,BT00356,SALE,-165,45.0,-7425.0
666,2025-11-09,20251109,P012,W03,BT00366,SALE,-140,45.0,-6300.0
667,2025-11-09,20251109,P012,W04,BT00374,SALE,-30,45.0,-1350.0
668,2025-11-09,20251109,P012,W04,BT00375,SALE,-69,45.0,-3105.0
669,2025-11-09,20251109,P013,W01,BT00385,SALE,-122,62.0,-7564.0
670,2025-11-09,20251109,P013,W02,BT00393,SALE,-129,62.0,-7998.0
671,2025-11-09,20251109,P013,W03,BT00401,SALE,-17,62.0,-1054.0
672,2025-11-09,20251109,P013,W03,BT00402,SALE,-74,62.0,-4588.0
673,2025-11-09,20251109,P013,W04,BT00410,SALE,-79,62.0,-4898.0
674,2025-11-09,20251109,P014,W01,BT00420,SALE,-108,84.0,-9072.0
675,2025-11-09,20251109,P014,W02,BT00426,SALE,-124,84.0,-10416.0
676,2025-11-09,20251109,P014,W03,BT00432,SALE,-51,84.0,-4284.0
677,2025-11-09,20251109,P014,W03,BT00433,SALE,-35,84.0,-2940.0
678,2025-11-09,20251109,P014,W04,BT00437,SALE,-77,84.0,-6468.0
679,2025-11-09,20251109,P015,W01,BT00442,SALE,-29,36.0,-1044.0
680,2025-11-09,20251109,P015,W01,BT00443,SALE,-13,36.0,-468.0
681,2025-11-09,20251109,P015,W02,BT00447,SALE,-28,36.0,-1008.0
682,2025-11-09,20251109,P015,W02,BT00448,SALE,-22,36.0,-792.0
683,2025-11-09,20251109,P015,W03,BT00453,SALE,-34,36.0,-1224.0
684,2025-11-09,20251109,P015,W04,BT00458,SALE,-33,36.0,-1188.0
685,2025-11-09,20251109,P016,W01,BT00463,SALE,-57,88.0,-5016.0
686,2025-11-09,20251109,P016,W02,BT00467,SALE,-56,88.0,-4928.0
687,2025-11-09,20251109,P016,W03,BT00472,SALE,-51,88.0,-4488.0
688,2025-11-09,20251109,P016,W04,BT00477,SALE,-30,88.0,-2640.0
689,2025-11-09,20251109,P017,W01,BT00481,SALE,-12,95.0,-1140.0
690,2025-11-09,20251109,P017,W02,BT00485,SALE,-12,95.0,-1140.0
691,2025-11-09,20251109,P017,W03,BT00491,SALE,-7,95.0,-665.0
692,2025-11-09,20251109,P017,W03,BT00492,SALE,-10,95.0,-950.0
693,2025-11-09,20251109,P017,W04,BT00496,SALE,-4,95.0,-380.0
694,2025-11-09,20251109,P017,W04,BT00497,SALE,-4,95.0,-380.0
695,2025-11-09,20251109,P018,W01,BT00500,SALE,-20,72.0,-1440.0
696,2025-11-09,20251109,P018,W01,BT00501,SALE,-64,72.0,-4608.0
697,2025-11-09,20251109,P018,W02,BT00509,SALE,-84,72.0,-6048.0
698,2025-11-09,20251109,P018,W03,BT00517,SALE,-38,72.0,-2736.0
699,2025-11-09,20251109,P018,W03,BT00518,SALE,-34,72.0,-2448.0
700,2025-11-09,20251109,P018,W04,BT00525,SALE,-46,72.0,-3312.0
701,2025-11-09,20251109,P019,W01,BT00535,SALE,-17,210.0,-3570.0
702,2025-11-09,20251109,P019,W02,BT00538,SALE,-20,210.0,-4200.0
703,2025-11-09,20251109,P019,W02,BT00539,SALE,-8,210.0,-1680.0
704,2025-11-09,20251109,P019,W03,BT00542,SALE,-19,210.0,-3990.0
705,2025-11-09,20251109,P019,W04,BT00544,SALE,-11,210.0,-2310.0
706,2025-11-09,20251109,P020,W01,BT00547,SALE,-14,42.0,-588.0
707,2025-11-09,20251109,P020,W01,BT00548,SALE,-9,42.0,-378.0
708,2025-11-09,20251109,P020,W02,BT00551,SALE,-13,42.0,-546.0
709,2025-11-09,20251109,P020,W02,BT00552,SALE,-64,42.0,-2688.0
710,2025-11-09,20251109,P020,W03,BT00555,SALE,-48,42.0,-2016.0
711,2025-11-09,20251109,P020,W04,BT00558,SALE,-13,42.0,-546.0
712,2025-11-09,20251109,P020,W04,BT00559,SALE,-33,42.0,-1386.0
713,2025-11-10,20251110,P006,W04,BT00167,PURCHASE,400,74.0,29600.0
714,2025-11-10,20251110,P020,W03,BT00556,PURCHASE,1400,42.0,58800.0
715,2025-11-10,20251110,P015,W02,BT00447,RETURN,5,36.0,180.0
716,2025-11-11,20251111,P009,W01,BT00245,PURCHASE,1450,22.0,31900.0
717,2025-11-11,20251111,P003,W02,BT00090,RETURN,10,52.0,520.0
718,2025-11-11,20251111,P011,W04,BT00338,RETURN,13,58.0,754.0
719,2025-11-12,20251112,P005,W03,BT00139,PURCHASE,680,38.0,25840.0
720,2025-11-12,20251112,P006,W02,BT00161,PURCHASE,400,74.0,29600.0
721,2025-11-12,20251112,P006,W03,BT00163,RETURN,1,74.0,74.0
722,2025-11-12,20251112,P020,W03,BT00555,RETURN,7,42.0,294.0
723,2025-11-13,20251113,P011,W02,BT00321,RETURN,29,58.0,1682.0
724,2025-11-13,20251113,P012,W04,BT00374,RETURN,5,45.0,225.0
725,2025-11-14,20251114,P009,W04,BT00269,PURCHASE,720,22.0,15840.0
726,2025-11-14,20251114,P015,W04,BT00459,PURCHASE,600,36.0,21600.0
727,2025-11-14,20251114,P005,W04,BT00146,RETURN,4,38.0,152.0
728,2025-11-14,20251114,P007,W02,BT00179,RETURN,16,48.0,768.0
729,2025-11-14,20251114,P010,W03,BT00295,RETURN,16,19.0,304.0
730,2025-11-15,20251115,P016,W04,BT00478,PURCHASE,700,88.0,61600.0
731,2025-11-15,20251115,P017,W01,BT00482,PURCHASE,500,95.0,47500.0
732,2025-11-15,20251115,P004,W02,BT00109,RETURN,23,61.0,1403.0
733,2025-11-15,20251115,P016,W04,BT00477,RETURN,5,88.0,440.0
734,2025-11-15,20251115,P018,W04,BT00525,RETURN,11,72.0,792.0
735,2025-11-15,20251115,P019,W03,BT00542,RETURN,3,210.0,630.0
736,2025-11-16,20251116,P014,W04,BT00438,PURCHASE,800,84.0,67200.0
737,2025-11-16,20251116,P015,W03,BT00454,PURCHASE,600,36.0,21600.0
738,2025-11-16,20251116,P007,W02,BT00178,RETURN,10,48.0,480.0
739,2025-11-16,20251116,P001,W01,BT00001,SALE,-47,18.5,-869.5
740,2025-11-16,20251116,P001,W01,BT00002,SALE,-241,18.5,-4458.5
741,2025-11-16,20251116,P001,W02,BT00012,SALE,-317,18.5,-5864.5
742,2025-11-16,20251116,P001,W03,BT00022,SALE,-21,18.5,-388.5
743,2025-11-16,20251116,P001,W03,BT00023,SALE,-226,18.5,-4181.0
744,2025-11-16,20251116,P001,W04,BT00032,SALE,-84,18.5,-1554.0
745,2025-11-16,20251116,P002,W01,BT00045,SALE,-193,11.0,-2123.0
746,2025-11-16,20251116,P002,W02,BT00054,SALE,-206,11.0,-2266.0
747,2025-11-16,20251116,P002,W03,BT00062,SALE,-11,11.0,-121.0
748,2025-11-16,20251116,P002,W03,BT00063,SALE,-153,11.0,-1683.0
749,2025-11-16,20251116,P002,W04,BT00072,SALE,-143,11.0,-1573.0
750,2025-11-16,20251116,P003,W01,BT00084,SALE,-145,52.0,-7540.0
751,2025-11-16,20251116,P003,W02,BT00090,SALE,-153,52.0,-7956.0
752,2025-11-16,20251116,P003,W03,BT00096,SALE,-124,52.0,-6448.0
753,2025-11-16,20251116,P003,W04,BT00101,SALE,-93,52.0,-4836.0
754,2025-11-16,20251116,P004,W01,BT00105,SALE,-85,61.0,-5185.0
755,2025-11-16,20251116,P004,W02,BT00109,SALE,-103,61.0,-6283.0
756,2025-11-16,20251116,P004,W03,BT00113,SALE,-79,61.0,-4819.0
757,2025-11-16,20251116,P004,W04,BT00117,SALE,-75,61.0,-4575.0
758,2025-11-16,20251116,P005,W01,BT00120,SALE,-94,38.0,-3572.0
759,2025-11-16,20251116,P005,W02,BT00129,SALE,-10,38.0,-380.0
760,2025-11-16,20251116,P005,W02,BT00130,SALE,-82,38.0,-3116.0
761,2025-11-16,20251116,P005,W03,BT00138,SALE,-82,38.0,-3116.0
762,2025-11-16,20251116,P005,W04,BT00146,SALE,-4,38.0,-152.0
763,2025-11-16,20251116,P005,W04,BT00147,SALE,-58,38.0,-2204.0
764,2025-11-16,20251116,P006,W01,BT00157,SALE,-21,74.0,-1554.0
765,2025-11-16,20251116,P006,W01,BT00158,SALE,-1,74.0,-74.0
766,2025-11-16,20251116,P006,W02,BT00160,SALE,-19,74.0,-1406.0
767,2025-11-16,20251116,P006,W02,BT00161,SALE,-4,74.0,-296.0
768,2025-11-16,20251116,P006,W03,BT00163,SALE,-1,74.0,-74.0
769,2025-11-16,20251116,P006,W03,BT00164,SALE,-19,74.0,-1406.0
770,2025-11-16,20251116,P006,W04,BT00167,SALE,-20,74.0,-1480.0
771,2025-11-16,20251116,P007,W01,BT00170,SALE,-147,48.0,-7056.0
772,2025-11-16,20251116,P007,W02,BT00178,SALE,-10,48.0,-480.0
773,2025-11-16,20251116,P007,W02,BT00179,SALE,-153,48.0,-7344.0
774,2025-11-16,20251116,P007,W03,BT00188,SALE,-130,48.0,-6240.0
775,2025-11-16,20251116,P008,W01,BT00207,SALE,-106,66.0,-6996.0
776,2025-11-16,20251116,P008,W02,BT00216,SALE,-103,66.0,-6798.0
777,2025-11-16,20251116,P008,W03,BT00225,SALE,-91,66.0,-6006.0
778,2025-11-16,20251116,P009,W01,BT00244,SALE,-188,22.0,-4136.0
779,2025-11-16,20251116,P009,W02,BT00252,SALE,-184,22.0,-4048.0
780,2025-11-16,20251116,P009,W02,BT00253,SALE,-33,22.0,-726.0
781,2025-11-16,20251116,P009,W03,BT00260,SALE,-119,22.0,-2618.0
782,2025-11-16,20251116,P009,W03,BT00261,SALE,-78,22.0,-1716.0
783,2025-11-16,20251116,P009,W04,BT00268,SALE,-90,22.0,-1980.0
784,2025-11-16,20251116,P009,W04,BT00269,SALE,-74,22.0,-1628.0
785,2025-11-16,20251116,P010,W01,BT00279,SALE,-164,19.0,-3116.0
786,2025-11-16,20251116,P010,W02,BT00288,SALE,-189,19.0,-3591.0
787,2025-11-16,20251116,P010,W03,BT00295,SALE,-53,19.0,-1007.0
788,2025-11-16,20251116,P010,W03,BT00296,SALE,-103,19.0,-1957.0
789,2025-11-16,20251116,P010,W04,BT00303,SALE,-85,19.0,-1615.0
790,2025-11-16,20251116,P011,W01,BT00313,SALE,-87,58.0,-5046.0
791,2025-11-16,20251116,P011,W01,BT00314,SALE,-28,58.0,-1624.0
792,2025-11-16,20251116,P011,W02,BT00321,SALE,-91,58.0,-5278.0
793,2025-11-16,20251116,P011,W02,BT00322,SALE,-35,58.0,-2030.0
794,2025-11-16,20251116,P011,W03,BT00329,SALE,-34,58.0,-1972.0
795,2025-11-16,20251116,P011,W03,BT00330,SALE,-65,58.0,-3770.0
796,2025-11-16,20251116,P011,W04,BT00338,SALE,-98,58.0,-5684.0
797,2025-11-16,20251116,P012,W01,BT00348,SALE,-94,45.0,-4230.0
798,2025-11-16,20251116,P012,W01,BT00349,SALE,-30,45.0,-1350.0
799,2025-11-16,20251116,P012,W02,BT00356,SALE,-2,45.0,-90.0
800,2025-11-16,20251116,P012,W02,BT00357,SALE,-163,45.0,-7335.0
801,2025-11-16,20251116,P012,W03,BT00366,SALE,-103,45.0,-4635.0
802,2025-11-16,20251116,P012,W04,BT00374,SALE,-5,45.0,-225.0
803,2025-11-16,20251116,P012,W04,BT00375,SALE,-106,45.0,-4770.0
804,2025-11-16,20251116,P013,W01,BT00385,SALE,-39,62.0,-2418.0
805,2025-11-16,20251116,P013,W01,BT00386,SALE,-77,62.0,-4774.0
806,2025-11-16,20251116,P013,W02,BT00393,SALE,-81,62.0,-5022.0
807,2025-11-16,20251116,P013,W02,BT00394,SALE,-35,62.0,-2170.0
808,2025-11-16,20251116,P013,W03,BT00402,SALE,-100,62.0,-6200.0
809,2025-11-16,20251116,P013,W04,BT00410,SALE,-97,62.0,-6014.0
810,2025-11-16,20251116,P014,W01,BT00420,SALE,-105,84.0,-8820.0
811,2025-11-16,20251116,P014,W02,BT00426,SALE,-110,84.0,-9240.0
812,2025-11-16,20251116,P014,W03,BT00433,SALE,-84,84.0,-7056.0
813,2025-11-16,20251116,P014,W04,BT00437,SALE,-25,84.0,-2100.0
814,2025-11-16,20251116,P014,W04,BT00438,SALE,-7,84.0,-588.0
815,2025-11-16,20251116,P015,W01,BT00443,SALE,-54,36.0,-1944.0
816,2025-11-16,20251116,P015,W02,BT00447,SALE,-5,36.0,-180.0
817,2025-11-16,20251116,P015,W02,BT00448,SALE,-40,36.0,-1440.0
818,2025-11-16,20251116,P015,W03,BT00453,SALE,-29,36.0,-1044.0
819,2025-11-16,20251116,P015,W03,BT00454,SALE,-1,36.0,-36.0
820,2025-11-16,20251116,P015,W04,BT00458,SALE,-31,36.0,-1116.0
821,2025-11-16,20251116,P015,W04,BT00459,SALE,-2,36.0,-72.0
822,2025-11-16,20251116,P016,W01,BT00463,SALE,-52,88.0,-4576.0
823,2025-11-16,20251116,P016,W02,BT00467,SALE,-23,88.0,-2024.0
824,2025-11-16,20251116,P016,W02,BT00468,SALE,-35,88.0,-3080.0
825,2025-11-16,20251116,P016,W03,BT00472,SALE,-13,88.0,-1144.0
826,2025-11-16,20251116,P016,W03,BT00473,SALE,-27,88.0,-2376.0
827,2025-11-16,20251116,P016,W04,BT00477,SALE,-5,88.0,-440.0
828,2025-11-16,20251116,P016,W04,BT00478,SALE,-5,88.0,-440.0
829,2025-11-16,20251116,P017,W01,BT00481,SALE,-16,95.0,-1520.0
830,2025-11-16,20251116,P017,W02,BT00485,SALE,-11,95.0,-1045.0
831,2025-11-16,20251116,P017,W03,BT00492,SALE,-17,95.0,-1615.0
832,2025-11-16,20251116,P017,W04,BT00497,SALE,-9,95.0,-855.0
833,2025-11-16,20251116,P018,W01,BT00501,SALE,-92,72.0,-6624.0
834,2025-11-16,20251116,P018,W02,BT00509,SALE,-34,72.0,-2448.0
835,2025-11-16,20251116,P018,W02,BT00510,SALE,-51,72.0,-3672.0
836,2025-11-16,20251116,P018,W03,BT00518,SALE,-68,72.0,-4896.0
837,2025-11-16,20251116,P018,W04,BT00525,SALE,-48,72.0,-3456.0
838,2025-11-16,20251116,P019,W01,BT00535,SALE,-18,210.0,-3780.0
839,2025-11-16,20251116,P019,W02,BT00539,SALE,-11,210.0,-2310.0
840,2025-11-16,20251116,P019,W03,BT00542,SALE,-11,210.0,-2310.0
841,2025-11-16,20251116,P019,W04,BT00544,SALE,-8,210.0,-1680.0
842,2025-11-16,20251116,P020,W01,BT00547,SALE,-1,42.0,-42.0
843,2025-11-16,20251116,P020,W01,BT00548,SALE,-85,42.0,-3570.0
844,2025-11-16,20251116,P020,W02,BT00552,SALE,-77,42.0,-3234.0
845,2025-11-16,20251116,P020,W03,BT00555,SALE,-7,42.0,-294.0
846,2025-11-16,20251116,P020,W03,BT00556,SALE,-71,42.0,-2982.0
847,2025-11-16,20251116,P020,W04,BT00559,SALE,-85,42.0,-3570.0
848,2025-11-17,20251117,P008,W04,BT00234,PURCHASE,260,66.0,17160.0
849,2025-11-17,20251117,P018,W04,BT00526,PURCHASE,260,72.0,18720.0
850,2025-11-17,20251117,P005,W02,BT00130,RETURN,14,38.0,532.0
851,2025-11-17,20251117,P009,W02,BT00252,RETURN,42,22.0,924.0
852,2025-11-18,20251118,P004,W04,BT00117,RETURN,11,61.0,671.0
853,2025-11-19,20251119,P006,W01,BT00158,RETURN,1,74.0,74.0
854,2025-11-21,20251121,P013,W02,BT00394,RETURN,8,62.0,496.0
855,2025-11-23,20251123,P001,W04,BT00033,PURCHASE,870,18.5,16095.0
856,2025-11-23,20251123,P007,W04,BT00197,PURCHASE,390,48.0,18720.0
857,2025-11-23,20251123,P005,W04,BT00147,RETURN,11,38.0,418.0
858,2025-11-23,20251123,P013,W01,BT00385,RETURN,8,62.0,496.0
859,2025-11-23,20251123,P018,W01,BT00501,RETURN,21,72.0,1512.0
860,2025-11-23,20251123,P018,W03,BT00518,RETURN,16,72.0,1152.0
861,2025-11-23,20251123,P001,W01,BT00002,SALE,-324,18.5,-5994.0
862,2025-11-23,20251123,P001,W02,BT00012,SALE,-282,18.5,-5217.0
863,2025-11-23,20251123,P001,W03,BT00023,SALE,-264,18.5,-4884.0
864,2025-11-23,20251123,P001,W04,BT00033,SALE,-17,18.5,-314.5
865,2025-11-23,20251123,P002,W01,BT00045,SALE,-214,11.0,-2354.0
866,2025-11-23,20251123,P002,W02,BT00054,SALE,-218,11.0,-2398.0
867,2025-11-23,20251123,P002,W03,BT00063,SALE,-159,11.0,-1749.0
868,2025-11-23,20251123,P002,W04,BT00072,SALE,-131,11.0,-1441.0
869,2025-11-23,20251123,P003,W01,BT00084,SALE,-132,52.0,-6864.0
870,2025-11-23,20251123,P003,W02,BT00090,SALE,-154,52.0,-8008.0
871,2025-11-23,20251123,P003,W03,BT00096,SALE,-113,52.0,-5876.0
872,2025-11-23,20251123,P003,W04,BT00101,SALE,-101,52.0,-5252.0
873,2025-11-23,20251123,P004,W01,BT00105,SALE,-82,61.0,-5002.0
874,2025-11-23,20251123,P004,W02,BT00109,SALE,-116,61.0,-7076.0
875,2025-11-23,20251123,P004,W03,BT00113,SALE,-89,61.0,-5429.0
876,2025-11-23,20251123,P004,W04,BT00117,SALE,-77,61.0,-4697.0
877,2025-11-23,20251123,P005,W01,BT00120,SALE,-1,38.0,-38.0
878,2025-11-23,20251123,P005,W01,BT00121,SALE,-97,38.0,-3686.0
879,2025-11-23,20251123,P005,W02,BT00130,SALE,-113,38.0,-4294.0
880,2025-11-23,20251123,P005,W03,BT00138,SALE,-48,38.0,-1824.0
881,2025-11-23,20251123,P005,W03,BT00139,SALE,-30,38.0,-1140.0
882,2025-11-23,20251123,P005,W04,BT00147,SALE,-69,38.0,-2622.0
883,2025-11-23,20251123,P006,W01,BT00158,SALE,-17,74.0,-1258.0
884,2025-11-23,20251123,P006,W02,BT00161,SALE,-33,74.0,-2442.0
885,2025-11-23,20251123,P006,W03,BT00164,SALE,-24,74.0,-1776.0
886,2025-11-23,20251123,P006,W04,BT00167,SALE,-13,74.0,-962.0
887,2025-11-23,20251123,P007,W01,BT00170,SALE,-161,48.0,-7728.0
888,2025-11-23,20251123,P007,W02,BT00179,SALE,-180,48.0,-8640.0
889,2025-11-23,20251123,P007,W03,BT00188,SALE,-140,48.0,-6720.0
890,2025-11-23,20251123,P007,W04,BT00197,SALE,-17,48.0,-816.0
891,2025-11-23,20251123,P008,W01,BT00207,SALE,-94,66.0,-6204.0
892,2025-11-23,20251123,P008,W02,BT00216,SALE,-103,66.0,-6798.0
893,2025-11-23,20251123,P008,W03,BT00225,SALE,-91,66.0,-6006.0
894,2025-11-23,20251123,P008,W04,BT00234,SALE,-79,66.0,-5214.0
895,2025-11-23,20251123,P009,W01,BT00244,SALE,-70,22.0,-1540.0
896,2025-11-23,20251123,P009,W01,BT00245,SALE,-138,22.0,-3036.0
897,2025-11-23,20251123,P009,W02,BT00252,SALE,-42,22.0,-924.0
898,2025-11-23,20251123,P009,W02,BT00253,SALE,-181,22.0,-3982.0
899,2025-11-23,20251123,P009,W03,BT00261,SALE,-180,22.0,-3960.0
900,2025-11-23,20251123,P009,W04,BT00269,SALE,-144,22.0,-3168.0
901,2025-11-23,20251123,P010,W01,BT00279,SALE,-169,19.0,-3211.0
902,2025-11-23,20251123,P010,W02,BT00288,SALE,-178,19.0,-3382.0
903,2025-11-23,20251123,P010,W03,BT00296,SALE,-130,19.0,-2470.0
904,2025-11-23,20251123,P011,W01,BT00314,SALE,-133,58.0,-7714.0
905,2025-11-23,20251123,P011,W02,BT00322,SALE,-150,58.0,-8700.0
906,2025-11-23,20251123,P011,W03,BT00330,SALE,-116,58.0,-6728.0
907,2025-11-23,20251123,P011,W04,BT00338,SALE,-14,58.0,-812.0
908,2025-11-23,20251123,P012,W01,BT00349,SALE,-145,45.0,-6525.0
909,2025-11-23,20251123,P012,W02,BT00357,SALE,-185,45.0,-8325.0
910,2025-11-23,20251123,P012,W03,BT00366,SALE,-129,45.0,-5805.0
911,2025-11-23,20251123,P012,W04,BT00375,SALE,-110,45.0,-4950.0
912,2025-11-23,20251123,P013,W01,BT00385,SALE,-8,62.0,-496.0
913,2025-11-23,20251123,P013,W01,BT00386,SALE,-108,62.0,-6696.0
914,2025-11-23,20251123,P013,W02,BT00394,SALE,-109,62.0,-6758.0
915,2025-11-23,20251123,P013,W03,BT00402,SALE,-100,62.0,-6200.0
916,2025-11-23,20251123,P013,W04,BT00410,SALE,-81,62.0,-5022.0
917,2025-11-23,20251123,P014,W01,BT00420,SALE,-87,84.0,-7308.0
918,2025-11-23,20251123,P014,W02,BT00426,SALE,-107,84.0,-8988.0
919,2025-11-23,20251123,P014,W03,BT00433,SALE,-79,84.0,-6636.0
920,2025-11-23,20251123,P014,W04,BT00438,SALE,-64,84.0,-5376.0
921,2025-11-23,20251123,P015,W01,BT00443,SALE,-44,36.0,-1584.0
922,2025-11-23,20251123,P015,W02,BT00448,SALE,-54,36.0,-1944.0
923,2025-11-23,20251123,P015,W03,BT00454,SALE,-40,36.0,-1440.0
924,2025-11-23,20251123,P015,W04,BT00459,SALE,-35,36.0,-1260.0
925,2025-11-23,20251123,P016,W01,BT00463,SALE,-58,88.0,-5104.0
926,2025-11-23,20251123,P016,W02,BT00468,SALE,-57,88.0,-5016.0
927,2025-11-23,20251123,P016,W03,BT00473,SALE,-42,88.0,-3696.0
928,2025-11-23,20251123,P016,W04,BT00478,SALE,-34,88.0,-2992.0
929,2025-11-23,20251123,P017,W01,BT00481,SALE,-3,95.0,-285.0
930,2025-11-23,20251123,P017,W01,BT00482,SALE,-5,95.0,-475.0
931,2025-11-23,20251123,P017,W02,BT00485,SALE,-7,95.0,-665.0
932,2025-11-23,20251123,P017,W02,BT00486,SALE,-4,95.0,-380.0
933,2025-11-23,20251123,P017,W03,BT00492,SALE,-10,95.0,-950.0
934,2025-11-23,20251123,P017,W04,BT00497,SALE,-13,95.0,-1235.0
935,2025-11-23,20251123,P018,W01,BT00501,SALE,-80,72.0,-5760.0
936,2025-11-23,20251123,P018,W02,BT00510,SALE,-93,72.0,-6696.0
937,2025-11-23,20251123,P018,W03,BT00518,SALE,-59,72.0,-4248.0
938,2025-11-23,20251123,P018,W04,BT00525,SALE,-2,72.0,-144.0
939,2025-11-23,20251123,P018,W04,BT00526,SALE,-60,72.0,-4320.0
940,2025-11-23,20251123,P019,W01,BT00535,SALE,-3,210.0,-630.0
941,2025-11-23,20251123,P019,W01,BT00536,SALE,-17,210.0,-3570.0
942,2025-11-23,20251123,P019,W02,BT00539,SALE,-21,210.0,-4410.0
943,2025-11-23,20251123,P019,W03,BT00542,SALE,-12,210.0,-2520.0
944,2025-11-23,20251123,P019,W04,BT00544,SALE,-4,210.0,-840.0
945,2025-11-23,20251123,P020,W01,BT00548,SALE,-95,42.0,-3990.0
946,2025-11-23,20251123,P020,W02,BT00552,SALE,-109,42.0,-4578.0
947,2025-11-23,20251123,P020,W03,BT00556,SALE,-76,42.0,-3192.0
948,2025-11-23,20251123,P020,W04,BT00559,SALE,-69,42.0,-2898.0
949,2025-11-24,20251124,P005,W02,BT00130,RETURN,21,38.0,798.0
950,2025-11-24,20251124,P005,W04,BT00147,RETURN,12,38.0,456.0
951,2025-11-24,20251124,P008,W01,BT00207,RETURN,9,66.0,594.0
952,2025-11-24,20251124,P020,W04,BT00559,RETURN,14,42.0,588.0
953,2025-11-25,20251125,P010,W04,BT00304,PURCHASE,570,19.0,10830.0
954,2025-11-25,20251125,P019,W03,BT00543,PURCHASE,940,210.0,197400.0
955,2025-11-25,20251125,P004,W04,BT00117,RETURN,9,61.0,549.0
956,2025-11-26,20251126,P010,W02,BT00288,RETURN,40,19.0,760.0
957,2025-11-26,20251126,P013,W04,BT00410,RETURN,10,62.0,620.0
958,2025-11-28,20251128,P011,W04,BT00339,PURCHASE,440,58.0,25520.0
959,2025-11-28,20251128,P002,W03,BT00063,RETURN,34,11.0,374.0
960,2025-11-28,20251128,P005,W03,BT00138,RETURN,11,38.0,418.0
961,2025-11-28,20251128,P018,W04,BT00525,RETURN,1,72.0,72.0
962,2025-11-28,20251128,P019,W01,BT00535,RETURN,1,210.0,210.0
963,2025-11-29,20251129,P019,W04,BT00545,PURCHASE,300,210.0,63000.0
964,2025-11-29,20251129,P017,W01,BT00481,RETURN,1,95.0,95.0
965,2025-11-30,20251130,P004,W01,BT00105,RETURN,14,61.0,854.0
966,2025-11-30,20251130,P010,W01,BT00279,RETURN,27,19.0,513.0
967,2025-11-30,20251130,P015,W01,BT00443,RETURN,9,36.0,324.0
968,2025-11-30,20251130,P001,W01,BT00002,SALE,-304,18.5,-5624.0
969,2025-11-30,20251130,P001,W02,BT00012,SALE,-312,18.5,-5772.0
970,2025-11-30,20251130,P001,W03,BT00023,SALE,-223,18.5,-4125.5
971,2025-11-30,20251130,P001,W04,BT00033,SALE,-237,18.5,-4384.5
972,2025-11-30,20251130,P002,W01,BT00045,SALE,-182,11.0,-2002.0
973,2025-11-30,20251130,P002,W02,BT00054,SALE,-184,11.0,-2024.0
974,2025-11-30,20251130,P002,W03,BT00063,SALE,-140,11.0,-1540.0
975,2025-11-30,20251130,P002,W04,BT00071,SALE,-37,11.0,-407.0
976,2025-11-30,20251130,P002,W04,BT00072,SALE,-47,11.0,-517.0
977,2025-11-30,20251130,P003,W01,BT00084,SALE,-126,52.0,-6552.0
978,2025-11-30,20251130,P003,W02,BT00090,SALE,-156,52.0,-8112.0
979,2025-11-30,20251130,P003,W03,BT00096,SALE,-126,52.0,-6552.0
980,2025-11-30,20251130,P003,W04,BT00101,SALE,-104,52.0,-5408.0
981,2025-11-30,20251130,P004,W01,BT00105,SALE,-83,61.0,-5063.0
982,2025-11-30,20251130,P004,W02,BT00109,SALE,-102,61.0,-6222.0
983,2025-11-30,20251130,P004,W03,BT00113,SALE,-90,61.0,-5490.0
984,2025-11-30,20251130,P004,W04,BT00117,SALE,-83,61.0,-5063.0
985,2025-11-30,20251130,P005,W01,BT00121,SALE,-107,38.0,-4066.0
986,2025-11-30,20251130,P005,W02,BT00130,SALE,-96,38.0,-3648.0
987,2025-11-30,20251130,P005,W03,BT00138,SALE,-11,38.0,-418.0
988,2025-11-30,20251130,P005,W03,BT00139,SALE,-60,38.0,-2280.0
989,2025-11-30,20251130,P005,W04,BT00147,SALE,-71,38.0,-2698.0
990,2025-11-30,20251130,P006,W01,BT00158,SALE,-27,74.0,-1998.0
991,2025-11-30,20251130,P006,W02,BT00161,SALE,-16,74.0,-1184.0
992,2025-11-30,20251130,P006,W03,BT00164,SALE,-14,74.0,-1036.0
993,2025-11-30,20251130,P006,W04,BT00167,SALE,-21,74.0,-1554.0
994,2025-11-30,20251130,P007,W01,BT00170,SALE,-152,48.0,-7296.0
995,2025-11-30,20251130,P007,W02,BT00179,SALE,-163,48.0,-7824.0
996,2025-11-30,20251130,P007,W03,BT00188,SALE,-120,48.0,-5760.0
997,2025-11-30,20251130,P007,W04,BT00197,SALE,-112,48.0,-5376.0
998,2025-11-30,20251130,P008,W01,BT00207,SALE,-103,66.0,-6798.0
999,2025-11-30,20251130,P008,W02,BT00216,SALE,-122,66.0,-8052.0
1000,2025-11-30,20251130,P008,W03,BT00225,SALE,-79,66.0,-5214.0
1001,2025-11-30,20251130,P008,W04,BT00234,SALE,-73,66.0,-4818.0
1002,2025-11-30,20251130,P009,W01,BT00245,SALE,-216,22.0,-4752.0
1003,2025-11-30,20251130,P009,W02,BT00253,SALE,-202,22.0,-4444.0
1004,2025-11-30,20251130,P009,W03,BT00261,SALE,-189,22.0,-4158.0
1005,2025-11-30,20251130,P009,W04,BT00269,SALE,-135,22.0,-2970.0
1006,2025-11-30,20251130,P010,W01,BT00279,SALE,-155,19.0,-2945.0
1007,2025-11-30,20251130,P010,W02,BT00288,SALE,-182,19.0,-3458.0
1008,2025-11-30,20251130,P010,W03,BT00296,SALE,-134,19.0,-2546.0
1009,2025-11-30,20251130,P010,W04,BT00304,SALE,-112,19.0,-2128.0
1010,2025-11-30,20251130,P011,W01,BT00314,SALE,-128,58.0,-7424.0
1011,2025-11-30,20251130,P011,W02,BT00322,SALE,-160,58.0,-9280.0
1012,2025-11-30,20251130,P011,W03,BT00330,SALE,-113,58.0,-6554.0
1013,2025-11-30,20251130,P011,W04,BT00339,SALE,-47,58.0,-2726.0
1014,2025-11-30,20251130,P012,W01,BT00349,SALE,-147,45.0,-6615.0
1015,2025-11-30,20251130,P012,W02,BT00357,SALE,-138,45.0,-6210.0
1016,2025-11-30,20251130,P012,W03,BT00366,SALE,-134,45.0,-6030.0
1017,2025-11-30,20251130,P012,W04,BT00375,SALE,-101,45.0,-4545.0
1018,2025-11-30,20251130,P013,W01,BT00386,SALE,-107,62.0,-6634.0
1019,2025-11-30,20251130,P013,W02,BT00394,SALE,-125,62.0,-7750.0
1020,2025-11-30,20251130,P013,W03,BT00402,SALE,-90,62.0,-5580.0
1021,2025-11-30,20251130,P013,W04,BT00410,SALE,-78,62.0,-4836.0
1022,2025-11-30,20251130,P014,W01,BT00420,SALE,-84,84.0,-7056.0
1023,2025-11-30,20251130,P014,W02,BT00426,SALE,-108,84.0,-9072.0
1024,2025-11-30,20251130,P014,W03,BT00433,SALE,-89,84.0,-7476.0
1025,2025-11-30,20251130,P014,W04,BT00438,SALE,-76,84.0,-6384.0
1026,2025-11-30,20251130,P015,W01,BT00443,SALE,-38,36.0,-1368.0
1027,2025-11-30,20251130,P015,W02,BT00448,SALE,-52,36.0,-1872.0
1028,2025-11-30,20251130,P015,W03,BT00454,SALE,-36,36.0,-1296.0
1029,2025-11-30,20251130,P015,W04,BT00459,SALE,-30,36.0,-1080.0
1030,2025-11-30,20251130,P016,W01,BT00463,SALE,-52,88.0,-4576.0
1031,2025-11-30,20251130,P016,W02,BT00468,SALE,-57,88.0,-5016.0
1032,2025-11-30,20251130,P016,W03,BT00473,SALE,-59,88.0,-5192.0
1033,2025-11-30,20251130,P016,W04,BT00478,SALE,-40,88.0,-3520.0
1034,2025-11-30,20251130,P017,W01,BT00481,SALE,-1,95.0,-95.0
1035,2025-11-30,20251130,P017,W01,BT00482,SALE,-12,95.0,-1140.0
1036,2025-11-30,20251130,P017,W02,BT00486,SALE,-15,95.0,-1425.0
1037,2025-11-30,20251130,P017,W03,BT00492,SALE,-14,95.0,-1330.0
1038,2025-11-30,20251130,P017,W04,BT00497,SALE,-11,95.0,-1045.0
1039,2025-11-30,20251130,P018,W01,BT00501,SALE,-74,72.0,-5328.0
1040,2025-11-30,20251130,P018,W02,BT00510,SALE,-83,72.0,-5976.0
1041,2025-11-30,20251130,P018,W03,BT00518,SALE,-75,72.0,-5400.0
1042,2025-11-30,20251130,P018,W04,BT00525,SALE,-1,72.0,-72.0
1043,2025-11-30,20251130,P018,W04,BT00526,SALE,-60,72.0,-4320.0
1044,2025-11-30,20251130,P019,W01,BT00535,SALE,-1,210.0,-210.0
1045,2025-11-30,20251130,P019,W01,BT00536,SALE,-15,210.0,-3150.0
1046,2025-11-30,20251130,P019,W02,BT00539,SALE,-11,210.0,-2310.0
1047,2025-11-30,20251130,P019,W03,BT00542,SALE,-11,210.0,-2310.0
1048,2025-11-30,20251130,P019,W04,BT00545,SALE,-1,210.0,-210.0
1049,2025-11-30,20251130,P020,W01,BT00548,SALE,-80,42.0,-3360.0
1050,2025-11-30,20251130,P020,W02,BT00552,SALE,-97,42.0,-4074.0
1051,2025-11-30,20251130,P020,W03,BT00556,SALE,-75,42.0,-3150.0
1052,2025-11-30,20251130,P020,W04,BT00559,SALE,-64,42.0,-2688.0
1053,2025-12-01,20251201,P002,W04,BT00073,PURCHASE,460,11.0,5060.0
1054,2025-12-01,20251201,P019,W01,BT00537,PURCHASE,1070,210.0,224700.0
1055,2025-12-01,20251201,P011,W01,BT00314,RETURN,27,58.0,1566.0
1056,2025-12-02,20251202,P019,W02,BT00540,PURCHASE,1160,210.0,243600.0
1057,2025-12-03,20251203,P003,W03,BT00096,RETURN,17,52.0,884.0
1058,2025-12-03,20251203,P016,W01,BT00463,RETURN,12,88.0,1056.0
1059,2025-12-03,20251203,P019,W02,BT00539,RETURN,1,210.0,210.0
1060,2025-12-04,20251204,P008,W01,BT00207,RETURN,15,66.0,990.0
1061,2025-12-04,20251204,P018,W02,BT00510,RETURN,19,72.0,1368.0
1062,2025-12-05,20251205,P008,W03,BT00226,PURCHASE,450,66.0,29700.0
1063,2025-12-05,20251205,P002,W01,BT00045,RETURN,39,11.0,429.0
1064,2025-12-05,20251205,P007,W03,BT00188,RETURN,20,48.0,960.0
1065,2025-12-05,20251205,P010,W01,BT00279,RETURN,26,19.0,494.0
1066,2025-12-06,20251206,P009,W04,BT00269,RETURN,23,22.0,506.0
1067,2025-12-06,20251206,P016,W03,BT00473,RETURN,12,88.0,1056.0
1068,2025-12-07,20251207,P007,W02,BT00180,PURCHASE,850,48.0,40800.0
1069,2025-12-07,20251207,P014,W02,BT00426,RETURN,20,84.0,1680.0
1070,2025-12-07,20251207,P017,W01,BT00481,RETURN,1,95.0,95.0
1071,2025-12-07,20251207,P001,W01,BT00002,SALE,-292,18.5,-5402.0
1072,2025-12-07,20251207,P001,W02,BT00012,SALE,-321,18.5,-5938.5
1073,2025-12-07,20251207,P001,W03,BT00023,SALE,-291,18.5,-5383.5
1074,2025-12-07,20251207,P001,W04,BT00033,SALE,-199,18.5,-3681.5
1075,2025-12-07,20251207,P002,W01,BT00045,SALE,-212,11.0,-2332.0
1076,2025-12-07,20251207,P002,W02,BT00054,SALE,-222,11.0,-2442.0
1077,2025-12-07,20251207,P002,W03,BT00063,SALE,-179,11.0,-1969.0
1078,2025-12-07,20251207,P002,W04,BT00073,SALE,-146,11.0,-1606.0
1079,2025-12-07,20251207,P003,W01,BT00084,SALE,-133,52.0,-6916.0
1080,2025-12-07,20251207,P003,W02,BT00090,SALE,-168,52.0,-8736.0
1081,2025-12-07,20251207,P003,W03,BT00096,SALE,-130,52.0,-6760.0
1082,2025-12-07,20251207,P003,W04,BT00101,SALE,-118,52.0,-6136.0
1083,2025-12-07,20251207,P004,W01,BT00105,SALE,-125,61.0,-7625.0
1084,2025-12-07,20251207,P004,W02,BT00109,SALE,-136,61.0,-8296.0
1085,2025-12-07,20251207,P004,W03,BT00113,SALE,-93,61.0,-5673.0
1086,2025-12-07,20251207,P004,W04,BT00117,SALE,-91,61.0,-5551.0
1087,2025-12-07,20251207,P005,W01,BT00121,SALE,-102,38.0,-3876.0
1088,2025-12-07,20251207,P005,W02,BT00130,SALE,-103,38.0,-3914.0
1089,2025-12-07,20251207,P005,W03,BT00139,SALE,-76,38.0,-2888.0
1090,2025-12-07,20251207,P005,W04,BT00147,SALE,-70,38.0,-2660.0
1091,2025-12-07,20251207,P006,W01,BT00158,SALE,-34,74.0,-2516.0
1092,2025-12-07,20251207,P006,W02,BT00161,SALE,-24,74.0,-1776.0
1093,2025-12-07,20251207,P006,W03,BT00164,SALE,-23,74.0,-1702.0
1094,2025-12-07,20251207,P006,W04,BT00167,SALE,-14,74.0,-1036.0
1095,2025-12-07,20251207,P007,W01,BT00170,SALE,-179,48.0,-8592.0
1096,2025-12-07,20251207,P007,W02,BT00179,SALE,-172,48.0,-8256.0
1097,2025-12-07,20251207,P007,W02,BT00180,SALE,-16,48.0,-768.0
1098,2025-12-07,20251207,P007,W03,BT00188,SALE,-154,48.0,-7392.0
1099,2025-12-07,20251207,P007,W04,BT00197,SALE,-126,48.0,-6048.0
1100,2025-12-07,20251207,P008,W01,BT00207,SALE,-109,66.0,-7194.0
1101,2025-12-07,20251207,P008,W02,BT00216,SALE,-116,66.0,-7656.0
1102,2025-12-07,20251207,P008,W03,BT00224,SALE,-48,66.0,-3168.0
1103,2025-12-07,20251207,P008,W03,BT00225,SALE,-34,66.0,-2244.0
1104,2025-12-07,20251207,P008,W03,BT00226,SALE,-27,66.0,-1782.0
1105,2025-12-07,20251207,P008,W04,BT00234,SALE,-99,66.0,-6534.0
1106,2025-12-07,20251207,P009,W01,BT00245,SALE,-219,22.0,-4818.0
1107,2025-12-07,20251207,P009,W02,BT00253,SALE,-240,22.0,-5280.0
1108,2025-12-07,20251207,P009,W03,BT00261,SALE,-172,22.0,-3784.0
1109,2025-12-07,20251207,P009,W04,BT00269,SALE,-147,22.0,-3234.0
1110,2025-12-07,20251207,P010,W01,BT00279,SALE,-171,19.0,-3249.0
1111,2025-12-07,20251207,P010,W02,BT00288,SALE,-202,19.0,-3838.0
1112,2025-12-07,20251207,P010,W03,BT00296,SALE,-165,19.0,-3135.0
1113,2025-12-07,20251207,P010,W04,BT00304,SALE,-139,19.0,-2641.0
1114,2025-12-07,20251207,P011,W01,BT00314,SALE,-122,58.0,-7076.0
1115,2025-12-07,20251207,P011,W02,BT00322,SALE,-134,58.0,-7772.0
1116,2025-12-07,20251207,P011,W03,BT00330,SALE,-94,58.0,-5452.0
1117,2025-12-07,20251207,P011,W04,BT00339,SALE,-90,58.0,-5220.0
1118,2025-12-07,20251207,P012,W01,BT00349,SALE,-149,45.0,-6705.0
1119,2025-12-07,20251207,P012,W02,BT00357,SALE,-165,45.0,-7425.0
1120,2025-12-07,20251207,P012,W03,BT00366,SALE,-119,45.0,-5355.0
1121,2025-12-07,20251207,P012,W04,BT00375,SALE,-123,45.0,-5535.0
1122,2025-12-07,20251207,P013,W01,BT00386,SALE,-99,62.0,-6138.0
1123,2025-12-07,20251207,P013,W02,BT00394,SALE,-119,62.0,-7378.0
1124,2025-12-07,20251207,P013,W03,BT00402,SALE,-105,62.0,-6510.0
1125,2025-12-07,20251207,P013,W04,BT00410,SALE,-31,62.0,-1922.0
1126,2025-12-07,20251207,P014,W01,BT00420,SALE,-104,84.0,-8736.0
1127,2025-12-07,20251207,P014,W02,BT00426,SALE,-125,84.0,-10500.0
1128,2025-12-07,20251207,P014,W03,BT00433,SALE,-84,84.0,-7056.0
1129,2025-12-07,20251207,P014,W04,BT00438,SALE,-74,84.0,-6216.0
1130,2025-12-07,20251207,P015,W01,BT00443,SALE,-44,36.0,-1584.0
1131,2025-12-07,20251207,P015,W02,BT00448,SALE,-55,36.0,-1980.0
1132,2025-12-07,20251207,P015,W03,BT00454,SALE,-45,36.0,-1620.0
1133,2025-12-07,20251207,P015,W04,BT00459,SALE,-32,36.0,-1152.0
1134,2025-12-07,20251207,P016,W01,BT00463,SALE,-62,88.0,-5456.0
1135,2025-12-07,20251207,P016,W02,BT00468,SALE,-66,88.0,-5808.0
1136,2025-12-07,20251207,P016,W03,BT00473,SALE,-47,88.0,-4136.0
1137,2025-12-07,20251207,P016,W04,BT00478,SALE,-42,88.0,-3696.0
1138,2025-12-07,20251207,P017,W01,BT00481,SALE,-1,95.0,-95.0
1139,2025-12-07,20251207,P017,W01,BT00482,SALE,-17,95.0,-1615.0
1140,2025-12-07,20251207,P017,W02,BT00486,SALE,-17,95.0,-1615.0
1141,2025-12-07,20251207,P017,W03,BT00492,SALE,-19,95.0,-1805.0
1142,2025-12-07,20251207,P017,W04,BT00497,SALE,-15,95.0,-1425.0
1143,2025-12-07,20251207,P018,W01,BT00501,SALE,-73,72.0,-5256.0
1144,2025-12-07,20251207,P018,W02,BT00510,SALE,-85,72.0,-6120.0
1145,2025-12-07,20251207,P018,W03,BT00518,SALE,-67,72.0,-4824.0
1146,2025-12-07,20251207,P018,W04,BT00526,SALE,-54,72.0,-3888.0
1147,2025-12-07,20251207,P019,W01,BT00537,SALE,-19,210.0,-3990.0
1148,2025-12-07,20251207,P019,W02,BT00539,SALE,-3,210.0,-630.0
1149,2025-12-07,20251207,P019,W02,BT00540,SALE,-10,210.0,-2100.0
1150,2025-12-07,20251207,P019,W03,BT00542,SALE,-13,210.0,-2730.0
1151,2025-12-07,20251207,P019,W04,BT00545,SALE,-7,210.0,-1470.0
1152,2025-12-07,20251207,P020,W01,BT00548,SALE,-89,42.0,-3738.0
1153,2025-12-07,20251207,P020,W02,BT00552,SALE,-110,42.0,-4620.0
1154,2025-12-07,20251207,P020,W03,BT00556,SALE,-86,42.0,-3612.0
1155,2025-12-07,20251207,P020,W04,BT00559,SALE,-80,42.0,-3360.0
1156,2025-12-08,20251208,P019,W04,BT00546,PURCHASE,760,210.0,159600.0
1157,2025-12-08,20251208,P009,W04,BT00269,RETURN,19,22.0,418.0
1158,2025-12-09,20251209,P019,W02,BT00539,RETURN,1,210.0,210.0
1159,2025-12-10,20251210,P008,W02,BT00217,PURCHASE,570,66.0,37620.0
1160,2025-12-10,20251210,P004,W03,BT00113,RETURN,17,61.0,1037.0
1161,2025-12-11,20251211,P005,W04,BT00148,PURCHASE,390,38.0,14820.0
1162,2025-12-11,20251211,P007,W01,BT00171,PURCHASE,780,48.0,37440.0
1163,2025-12-11,20251211,P006,W04,BT00167,RETURN,3,74.0,222.0
1164,2025-12-12,20251212,P002,W01,BT00046,PURCHASE,940,11.0,10340.0
1165,2025-12-12,20251212,P002,W02,BT00055,PURCHASE,1020,11.0,11220.0
1166,2025-12-12,20251212,P008,W01,BT00208,PURCHASE,520,66.0,34320.0
1167,2025-12-12,20251212,P003,W04,BT00101,RETURN,20,52.0,1040.0
1168,2025-12-12,20251212,P016,W03,BT00473,RETURN,10,88.0,880.0
1169,2025-12-13,20251213,P017,W04,BT00497,RETURN,3,95.0,285.0
1170,2025-12-14,20251214,P002,W03,BT00064,PURCHASE,810,11.0,8910.0
1171,2025-12-14,20251214,P018,W01,BT00502,PURCHASE,520,72.0,37440.0
1172,2025-12-14,20251214,P001,W01,BT00002,SALE,-301,18.5,-5568.5
1173,2025-12-14,20251214,P001,W02,BT00012,SALE,-347,18.5,-6419.5
1174,2025-12-14,20251214,P001,W03,BT00023,SALE,-275,18.5,-5087.5
1175,2025-12-14,20251214,P001,W04,BT00033,SALE,-220,18.5,-4070.0
1176,2025-12-14,20251214,P002,W01,BT00045,SALE,-150,11.0,-1650.0
1177,2025-12-14,20251214,P002,W01,BT00046,SALE,-68,11.0,-748.0
1178,2025-12-14,20251214,P002,W02,BT00054,SALE,-158,11.0,-1738.0
1179,2025-12-14,20251214,P002,W02,BT00055,SALE,-97,11.0,-1067.0
1180,2025-12-14,20251214,P002,W03,BT00063,SALE,-170,11.0,-1870.0
1181,2025-12-14,20251214,P002,W04,BT00073,SALE,-156,11.0,-1716.0
1182,2025-12-14,20251214,P003,W01,BT00084,SALE,-151,52.0,-7852.0
1183,2025-12-14,20251214,P003,W02,BT00090,SALE,-171,52.0,-8892.0
1184,2025-12-14,20251214,P003,W03,BT00096,SALE,-128,52.0,-6656.0
1185,2025-12-14,20251214,P003,W04,BT00101,SALE,-117,52.0,-6084.0
1186,2025-12-14,20251214,P004,W01,BT00105,SALE,-106,61.0,-6466.0
1187,2025-12-14,20251214,P004,W02,BT00109,SALE,-122,61.0,-7442.0
1188,2025-12-14,20251214,P004,W03,BT00113,SALE,-101,61.0,-6161.0
1189,2025-12-14,20251214,P004,W04,BT00117,SALE,-85,61.0,-5185.0
1190,2025-12-14,20251214,P005,W01,BT00121,SALE,-78,38.0,-2964.0
1191,2025-12-14,20251214,P005,W02,BT00130,SALE,-101,38.0,-3838.0
1192,2025-12-14,20251214,P005,W03,BT00139,SALE,-76,38.0,-2888.0
1193,2025-12-14,20251214,P005,W04,BT00147,SALE,-67,38.0,-2546.0
1194,2025-12-14,20251214,P006,W01,BT00158,SALE,-28,74.0,-2072.0
1195,2025-12-14,20251214,P006,W02,BT00161,SALE,-21,74.0,-1554.0
1196,2025-12-14,20251214,P006,W03,BT00164,SALE,-23,74.0,-1702.0
1197,2025-12-14,20251214,P006,W04,BT00167,SALE,-21,74.0,-1554.0
1198,2025-12-14,20251214,P007,W01,BT00170,SALE,-128,48.0,-6144.0
1199,2025-12-14,20251214,P007,W01,BT00171,SALE,-51,48.0,-2448.0
1200,2025-12-14,20251214,P007,W02,BT00180,SALE,-198,48.0,-9504.0
1201,2025-12-14,20251214,P007,W03,BT00187,SALE,-79,48.0,-3792.0
1202,2025-12-14,20251214,P007,W03,BT00188,SALE,-49,48.0,-2352.0
1203,2025-12-14,20251214,P007,W04,BT00197,SALE,-114,48.0,-5472.0
1204,2025-12-14,20251214,P008,W01,BT00207,SALE,-67,66.0,-4422.0
1205,2025-12-14,20251214,P008,W01,BT00208,SALE,-38,66.0,-2508.0
1206,2025-12-14,20251214,P008,W02,BT00216,SALE,-33,66.0,-2178.0
1207,2025-12-14,20251214,P008,W02,BT00217,SALE,-64,66.0,-4224.0
1208,2025-12-14,20251214,P008,W03,BT00226,SALE,-96,66.0,-6336.0
1209,2025-12-14,20251214,P008,W04,BT00234,SALE,-9,66.0,-594.0
1210,2025-12-14,20251214,P009,W01,BT00245,SALE,-202,22.0,-4444.0
1211,2025-12-14,20251214,P009,W02,BT00253,SALE,-236,22.0,-5192.0
1212,2025-12-14,20251214,P009,W03,BT00261,SALE,-196,22.0,-4312.0
1213,2025-12-14,20251214,P009,W04,BT00269,SALE,-145,22.0,-3190.0
1214,2025-12-14,20251214,P010,W01,BT00279,SALE,-204,19.0,-3876.0
1215,2025-12-14,20251214,P010,W02,BT00288,SALE,-193,19.0,-3667.0
1216,2025-12-14,20251214,P010,W03,BT00296,SALE,-146,19.0,-2774.0
1217,2025-12-14,20251214,P010,W04,BT00304,SALE,-129,19.0,-2451.0
1218,2025-12-14,20251214,P011,W01,BT00314,SALE,-132,58.0,-7656.0
1219,2025-12-14,20251214,P011,W02,BT00322,SALE,-156,58.0,-9048.0
1220,2025-12-14,20251214,P011,W03,BT00330,SALE,-128,58.0,-7424.0
1221,2025-12-14,20251214,P011,W04,BT00339,SALE,-107,58.0,-6206.0
1222,2025-12-14,20251214,P012,W01,BT00349,SALE,-153,45.0,-6885.0
1223,2025-12-14,20251214,P012,W02,BT00357,SALE,-170,45.0,-7650.0
1224,2025-12-14,20251214,P012,W03,BT00366,SALE,-107,45.0,-4815.0
1225,2025-12-14,20251214,P012,W04,BT00375,SALE,-1,45.0,-45.0
1226,2025-12-14,20251214,P013,W01,BT00386,SALE,-95,62.0,-5890.0
1227,2025-12-14,20251214,P013,W02,BT00394,SALE,-97,62.0,-6014.0
1228,2025-12-14,20251214,P013,W03,BT00402,SALE,-70,62.0,-4340.0
1229,2025-12-14,20251214,P014,W01,BT00420,SALE,-88,84.0,-7392.0
1230,2025-12-14,20251214,P014,W02,BT00426,SALE,-119,84.0,-9996.0
1231,2025-12-14,20251214,P014,W03,BT00433,SALE,-93,84.0,-7812.0
1232,2025-12-14,20251214,P014,W04,BT00438,SALE,-76,84.0,-6384.0
1233,2025-12-14,20251214,P015,W01,BT00443,SALE,-43,36.0,-1548.0
1234,2025-12-14,20251214,P015,W02,BT00448,SALE,-58,36.0,-2088.0
1235,2025-12-14,20251214,P015,W03,BT00454,SALE,-34,36.0,-1224.0
1236,2025-12-14,20251214,P015,W04,BT00459,SALE,-37,36.0,-1332.0
1237,2025-12-14,20251214,P016,W01,BT00463,SALE,-57,88.0,-5016.0
1238,2025-12-14,20251214,P016,W02,BT00468,SALE,-50,88.0,-4400.0
1239,2025-12-14,20251214,P016,W03,BT00473,SALE,-53,88.0,-4664.0
1240,2025-12-14,20251214,P016,W04,BT00478,SALE,-42,88.0,-3696.0
1241,2025-12-14,20251214,P017,W01,BT00482,SALE,-16,95.0,-1520.0
1242,2025-12-14,20251214,P017,W02,BT00486,SALE,-19,95.0,-1805.0
1243,2025-12-14,20251214,P017,W03,BT00492,SALE,-11,95.0,-1045.0
1244,2025-12-14,20251214,P017,W04,BT00497,SALE,-12,95.0,-1140.0
1245,2025-12-14,20251214,P018,W01,BT00501,SALE,-74,72.0,-5328.0
1246,2025-12-14,20251214,P018,W02,BT00510,SALE,-82,72.0,-5904.0
1247,2025-12-14,20251214,P018,W03,BT00518,SALE,-59,72.0,-4248.0
1248,2025-12-14,20251214,P018,W04,BT00526,SALE,-56,72.0,-4032.0
1249,2025-12-14,20251214,P019,W01,BT00537,SALE,-15,210.0,-3150.0
1250,2025-12-14,20251214,P019,W02,BT00540,SALE,-10,210.0,-2100.0
1251,2025-12-14,20251214,P019,W03,BT00542,SALE,-17,210.0,-3570.0
1252,2025-12-14,20251214,P019,W04,BT00546,SALE,-13,210.0,-2730.0
1253,2025-12-14,20251214,P020,W01,BT00548,SALE,-108,42.0,-4536.0
1254,2025-12-14,20251214,P020,W02,BT00552,SALE,-91,42.0,-3822.0
1255,2025-12-14,20251214,P020,W03,BT00556,SALE,-74,42.0,-3108.0
1256,2025-12-14,20251214,P020,W04,BT00559,SALE,-69,42.0,-2898.0
1257,2025-12-15,20251215,P012,W03,BT00367,PURCHASE,900,45.0,40500.0
1258,2025-12-16,20251216,P007,W03,BT00189,PURCHASE,680,48.0,32640.0
1259,2025-12-16,20251216,P010,W01,BT00280,PURCHASE,1140,19.0,21660.0
1260,2025-12-16,20251216,P012,W04,BT00376,PURCHASE,510,45.0,22950.0
1261,2025-12-16,20251216,P001,W01,BT00002,RETURN,55,18.5,1017.5
1262,2025-12-16,20251216,P008,W04,BT00234,RETURN,2,66.0,132.0
1263,2025-12-17,20251217,P001,W01,BT00003,PURCHASE,1760,18.5,32560.0
1264,2025-12-17,20251217,P001,W02,BT00013,PURCHASE,1920,18.5,35520.0
1265,2025-12-17,20251217,P015,W02,BT00448,RETURN,11,36.0,396.0
1266,2025-12-18,20251218,P014,W03,BT00433,RETURN,15,84.0,1260.0
1267,2025-12-18,20251218,P016,W01,BT00463,RETURN,9,88.0,792.0
1268,2025-12-19,20251219,P001,W03,BT00024,PURCHASE,1530,18.5,28305.0
1269,2025-12-19,20251219,P008,W04,BT00235,PURCHASE,260,66.0,17160.0
1270,2025-12-19,20251219,P019,W02,BT00540,RETURN,2,210.0,420.0
1271,2025-12-20,20251220,P013,W04,BT00411,PURCHASE,360,62.0,22320.0
1272,2025-12-20,20251220,P001,W04,BT00033,RETURN,24,18.5,444.0
1273,2025-12-20,20251220,P005,W03,BT00139,RETURN,16,38.0,608.0
1274,2025-12-20,20251220,P012,W01,BT00349,RETURN,18,45.0,810.0
1275,2025-12-20,20251220,P018,W04,BT00526,RETURN,14,72.0,1008.0
1276,2025-12-21,20251221,P009,W04,BT00270,PURCHASE,720,22.0,15840.0
1277,2025-12-21,20251221,P010,W02,BT00289,PURCHASE,1240,19.0,23560.0
1278,2025-12-21,20251221,P003,W03,BT00096,RETURN,26,52.0,1352.0
1279,2025-12-21,20251221,P009,W01,BT00245,RETURN,35,22.0,770.0
1280,2025-12-21,20251221,P013,W01,BT00386,RETURN,11,62.0,682.0
1281,2025-12-21,20251221,P001,W01,BT00002,SALE,-309,18.5,-5716.5
1282,2025-12-21,20251221,P001,W02,BT00012,SALE,-308,18.5,-5698.0
1283,2025-12-21,20251221,P001,W03,BT00023,SALE,-251,18.5,-4643.5
1284,2025-12-21,20251221,P001,W03,BT00024,SALE,-22,18.5,-407.0
1285,2025-12-21,20251221,P001,W04,BT00033,SALE,-221,18.5,-4088.5
1286,2025-12-21,20251221,P002,W01,BT00046,SALE,-200,11.0,-2200.0
1287,2025-12-21,20251221,P002,W02,BT00055,SALE,-233,11.0,-2563.0
1288,2025-12-21,20251221,P002,W03,BT00063,SALE,-43,11.0,-473.0
1289,2025-12-21,20251221,P002,W03,BT00064,SALE,-114,11.0,-1254.0
1290,2025-12-21,20251221,P002,W04,BT00073,SALE,-139,11.0,-1529.0
1291,2025-12-21,20251221,P003,W01,BT00084,SALE,-163,52.0,-8476.0
1292,2025-12-21,20251221,P003,W02,BT00090,SALE,-161,52.0,-8372.0
1293,2025-12-21,20251221,P003,W03,BT00096,SALE,-127,52.0,-6604.0
1294,2025-12-21,20251221,P003,W04,BT00101,SALE,-108,52.0,-5616.0
1295,2025-12-21,20251221,P004,W01,BT00105,SALE,-131,61.0,-7991.0
1296,2025-12-21,20251221,P004,W02,BT00109,SALE,-123,61.0,-7503.0
1297,2025-12-21,20251221,P004,W03,BT00113,SALE,-90,61.0,-5490.0
1298,2025-12-21,20251221,P004,W04,BT00117,SALE,-83,61.0,-5063.0
1299,2025-12-21,20251221,P005,W01,BT00121,SALE,-99,38.0,-3762.0
1300,2025-12-21,20251221,P005,W02,BT00130,SALE,-111,38.0,-4218.0
1301,2025-12-21,20251221,P005,W03,BT00139,SALE,-71,38.0,-2698.0
1302,2025-12-21,20251221,P005,W04,BT00147,SALE,-28,38.0,-1064.0
1303,2025-12-21,20251221,P005,W04,BT00148,SALE,-35,38.0,-1330.0
1304,2025-12-21,20251221,P006,W01,BT00158,SALE,-23,74.0,-1702.0
1305,2025-12-21,20251221,P006,W02,BT00161,SALE,-29,74.0,-2146.0
1306,2025-12-21,20251221,P006,W03,BT00164,SALE,-21,74.0,-1554.0
1307,2025-12-21,20251221,P006,W04,BT00167,SALE,-13,74.0,-962.0
1308,2025-12-21,20251221,P007,W01,BT00171,SALE,-164,48.0,-7872.0
1309,2025-12-21,20251221,P007,W02,BT00180,SALE,-218,48.0,-10464.0
1310,2025-12-21,20251221,P007,W03,BT00189,SALE,-115,48.0,-5520.0
1311,2025-12-21,20251221,P007,W04,BT00197,SALE,-21,48.0,-1008.0
1312,2025-12-21,20251221,P008,W01,BT00208,SALE,-113,66.0,-7458.0
1313,2025-12-21,20251221,P008,W02,BT00217,SALE,-113,66.0,-7458.0
1314,2025-12-21,20251221,P008,W03,BT00226,SALE,-99,66.0,-6534.0
1315,2025-12-21,20251221,P008,W04,BT00234,SALE,-2,66.0,-132.0
1316,2025-12-21,20251221,P008,W04,BT00235,SALE,-41,66.0,-2706.0
1317,2025-12-21,20251221,P009,W01,BT00245,SALE,-228,22.0,-5016.0
1318,2025-12-21,20251221,P009,W02,BT00253,SALE,-238,22.0,-5236.0
1319,2025-12-21,20251221,P009,W03,BT00261,SALE,-208,22.0,-4576.0
1320,2025-12-21,20251221,P009,W04,BT00269,SALE,-117,22.0,-2574.0
1321,2025-12-21,20251221,P009,W04,BT00270,SALE,-14,22.0,-308.0
1322,2025-12-21,20251221,P010,W01,BT00279,SALE,-186,19.0,-3534.0
1323,2025-12-21,20251221,P010,W02,BT00288,SALE,-165,19.0,-3135.0
1324,2025-12-21,20251221,P010,W03,BT00296,SALE,-162,19.0,-3078.0
1325,2025-12-21,20251221,P010,W04,BT00304,SALE,-110,19.0,-2090.0
1326,2025-12-21,20251221,P011,W01,BT00314,SALE,-128,58.0,-7424.0
1327,2025-12-21,20251221,P011,W02,BT00322,SALE,-134,58.0,-7772.0
1328,2025-12-21,20251221,P011,W03,BT00330,SALE,-84,58.0,-4872.0
1329,2025-12-21,20251221,P011,W04,BT00339,SALE,-90,58.0,-5220.0
1330,2025-12-21,20251221,P012,W01,BT00349,SALE,-158,45.0,-7110.0
1331,2025-12-21,20251221,P012,W02,BT00357,SALE,-156,45.0,-7020.0
1332,2025-12-21,20251221,P012,W03,BT00365,SALE,-45,45.0,-2025.0
1333,2025-12-21,20251221,P012,W03,BT00366,SALE,-77,45.0,-3465.0
1334,2025-12-21,20251221,P012,W04,BT00376,SALE,-96,45.0,-4320.0
1335,2025-12-21,20251221,P013,W01,BT00386,SALE,-103,62.0,-6386.0
1336,2025-12-21,20251221,P013,W02,BT00394,SALE,-119,62.0,-7378.0
1337,2025-12-21,20251221,P013,W03,BT00402,SALE,-88,62.0,-5456.0
1338,2025-12-21,20251221,P013,W04,BT00411,SALE,-19,62.0,-1178.0
1339,2025-12-21,20251221,P014,W01,BT00420,SALE,-101,84.0,-8484.0
1340,2025-12-21,20251221,P014,W02,BT00425,SALE,-41,84.0,-3444.0
1341,2025-12-21,20251221,P014,W02,BT00426,SALE,-75,84.0,-6300.0
1342,2025-12-21,20251221,P014,W03,BT00433,SALE,-87,84.0,-7308.0
1343,2025-12-21,20251221,P014,W04,BT00438,SALE,-67,84.0,-5628.0
1344,2025-12-21,20251221,P015,W01,BT00443,SALE,-40,36.0,-1440.0
1345,2025-12-21,20251221,P015,W02,BT00448,SALE,-56,36.0,-2016.0
1346,2025-12-21,20251221,P015,W03,BT00454,SALE,-51,36.0,-1836.0
1347,2025-12-21,20251221,P015,W04,BT00459,SALE,-34,36.0,-1224.0
1348,2025-12-21,20251221,P016,W01,BT00463,SALE,-63,88.0,-5544.0
1349,2025-12-21,20251221,P016,W02,BT00468,SALE,-52,88.0,-4576.0
1350,2025-12-21,20251221,P016,W03,BT00473,SALE,-37,88.0,-3256.0
1351,2025-12-21,20251221,P016,W04,BT00478,SALE,-40,88.0,-3520.0
1352,2025-12-21,20251221,P017,W01,BT00482,SALE,-11,95.0,-1045.0
1353,2025-12-21,20251221,P017,W02,BT00486,SALE,-22,95.0,-2090.0
1354,2025-12-21,20251221,P017,W03,BT00492,SALE,-16,95.0,-1520.0
1355,2025-12-21,20251221,P017,W04,BT00497,SALE,-14,95.0,-1330.0
1356,2025-12-21,20251221,P018,W01,BT00501,SALE,-69,72.0,-4968.0
1357,2025-12-21,20251221,P018,W02,BT00510,SALE,-89,72.0,-6408.0
1358,2025-12-21,20251221,P018,W03,BT00518,SALE,-50,72.0,-3600.0
1359,2025-12-21,20251221,P018,W04,BT00526,SALE,-44,72.0,-3168.0
1360,2025-12-21,20251221,P019,W01,BT00537,SALE,-11,210.0,-2310.0
1361,2025-12-21,20251221,P019,W02,BT00540,SALE,-22,210.0,-4620.0
1362,2025-12-21,20251221,P019,W03,BT00542,SALE,-13,210.0,-2730.0
1363,2025-12-21,20251221,P019,W04,BT00546,SALE,-8,210.0,-1680.0
1364,2025-12-21,20251221,P020,W01,BT00548,SALE,-92,42.0,-3864.0
1365,2025-12-21,20251221,P020,W02,BT00552,SALE,-94,42.0,-3948.0
1366,2025-12-21,20251221,P020,W03,BT00556,SALE,-79,42.0,-3318.0
1367,2025-12-21,20251221,P020,W04,BT00559,SALE,-67,42.0,-2814.0
1368,2025-12-22,20251222,P001,W04,BT00034,PURCHASE,870,18.5,16095.0
1369,2025-12-22,20251222,P010,W03,BT00297,PURCHASE,990,19.0,18810.0
1370,2025-12-22,20251222,P013,W01,BT00387,PURCHASE,730,62.0,45260.0
1371,2025-12-22,20251222,P013,W03,BT00403,PURCHASE,630,62.0,39060.0
1372,2025-12-22,20251222,P018,W04,BT00527,PURCHASE,260,72.0,18720.0
1373,2025-12-22,20251222,P003,W04,BT00101,RETURN,27,52.0,1404.0
1374,2025-12-22,20251222,P010,W01,BT00279,RETURN,30,19.0,570.0
1375,2025-12-23,20251223,P012,W02,BT00358,PURCHASE,1130,45.0,50850.0
1376,2025-12-23,20251223,P001,W03,BT00023,RETURN,48,18.5,888.0
1377,2025-12-23,20251223,P016,W04,BT00478,RETURN,5,88.0,440.0
1378,2025-12-23,20251223,P017,W03,BT00492,RETURN,2,95.0,190.0
1379,2025-12-24,20251224,P002,W04,BT00074,PURCHASE,460,11.0,5060.0
1380,2025-12-24,20251224,P009,W03,BT00262,PURCHASE,1260,22.0,27720.0
1381,2025-12-24,20251224,P018,W02,BT00511,PURCHASE,570,72.0,41040.0
1382,2025-12-24,20251224,P007,W04,BT00197,RETURN,3,48.0,144.0
1383,2025-12-24,20251224,P018,W03,BT00518,RETURN,5,72.0,360.0
1384,2025-12-25,20251225,P007,W04,BT00198,PURCHASE,390,48.0,18720.0
1385,2025-12-25,20251225,P011,W02,BT00323,PURCHASE,960,58.0,55680.0
1386,2025-12-25,20251225,P011,W03,BT00331,PURCHASE,770,58.0,44660.0
1387,2025-12-25,20251225,P003,W02,BT00090,RETURN,30,52.0,1560.0
1388,2025-12-25,20251225,P017,W01,BT00482,RETURN,2,95.0,190.0
1389,2025-12-26,20251226,P014,W02,BT00427,PURCHASE,800,84.0,67200.0
1390,2025-12-26,20251226,P020,W03,BT00556,RETURN,17,42.0,714.0
1391,2025-12-27,20251227,P009,W02,BT00254,PURCHASE,1580,22.0,34760.0
1392,2025-12-27,20251227,P011,W01,BT00315,PURCHASE,880,58.0,51040.0
1393,2025-12-27,20251227,P013,W02,BT00395,PURCHASE,790,62.0,48980.0
1394,2025-12-27,20251227,P014,W01,BT00421,PURCHASE,800,84.0,67200.0
1395,2025-12-27,20251227,P001,W03,BT00024,RETURN,4,18.5,74.0
1396,2025-12-27,20251227,P015,W01,BT00443,RETURN,7,36.0,252.0
1397,2025-12-28,20251228,P003,W01,BT00084,RETURN,37,52.0,1924.0
1398,2025-12-28,20251228,P012,W03,BT00366,RETURN,9,45.0,405.0
1399,2025-12-28,20251228,P020,W02,BT00552,RETURN,15,42.0,630.0
1400,2025-12-28,20251228,P001,W01,BT00002,SALE,-44,18.5,-814.0
1401,2025-12-28,20251228,P001,W01,BT00003,SALE,-264,18.5,-4884.0
1402,2025-12-28,20251228,P001,W02,BT00012,SALE,-15,18.5,-277.5
1403,2025-12-28,20251228,P001,W02,BT00013,SALE,-336,18.5,-6216.0
1404,2025-12-28,20251228,P001,W03,BT00023,SALE,-48,18.5,-888.0
1405,2025-12-28,20251228,P001,W03,BT00024,SALE,-232,18.5,-4292.0
1406,2025-12-28,20251228,P001,W04,BT00034,SALE,-208,18.5,-3848.0
1407,2025-12-28,20251228,P002,W01,BT00046,SALE,-177,11.0,-1947.0
1408,2025-12-28,20251228,P002,W02,BT00055,SALE,-208,11.0,-2288.0
1409,2025-12-28,20251228,P002,W03,BT00064,SALE,-159,11.0,-1749.0
1410,2025-12-28,20251228,P002,W04,BT00073,SALE,-19,11.0,-209.0
1411,2025-12-28,20251228,P002,W04,BT00074,SALE,-104,11.0,-1144.0
1412,2025-12-28,20251228,P003,W01,BT00084,SALE,-155,52.0,-8060.0
1413,2025-12-28,20251228,P003,W02,BT00090,SALE,-188,52.0,-9776.0
1414,2025-12-28,20251228,P003,W03,BT00096,SALE,-134,52.0,-6968.0
1415,2025-12-28,20251228,P003,W04,BT00101,SALE,-108,52.0,-5616.0
1416,2025-12-28,20251228,P004,W01,BT00105,SALE,-123,61.0,-7503.0
1417,2025-12-28,20251228,P004,W02,BT00109,SALE,-125,61.0,-7625.0
1418,2025-12-28,20251228,P004,W03,BT00113,SALE,-91,61.0,-5551.0
1419,2025-12-28,20251228,P004,W04,BT00117,SALE,-79,61.0,-4819.0
1420,2025-12-28,20251228,P005,W01,BT00121,SALE,-100,38.0,-3800.0
1421,2025-12-28,20251228,P005,W02,BT00130,SALE,-99,38.0,-3762.0
1422,2025-12-28,20251228,P005,W03,BT00139,SALE,-84,38.0,-3192.0
1423,2025-12-28,20251228,P005,W04,BT00148,SALE,-48,38.0,-1824.0
1424,2025-12-28,20251228,P006,W01,BT00158,SALE,-25,74.0,-1850.0
1425,2025-12-28,20251228,P006,W02,BT00161,SALE,-28,74.0,-2072.0
1426,2025-12-28,20251228,P006,W03,BT00164,SALE,-12,74.0,-888.0
1427,2025-12-28,20251228,P006,W04,BT00167,SALE,-17,74.0,-1258.0
1428,2025-12-28,20251228,P007,W01,BT00171,SALE,-200,48.0,-9600.0
1429,2025-12-28,20251228,P007,W02,BT00180,SALE,-196,48.0,-9408.0
1430,2025-12-28,20251228,P007,W03,BT00189,SALE,-148,48.0,-7104.0
1431,2025-12-28,20251228,P007,W04,BT00197,SALE,-3,48.0,-144.0
1432,2025-12-28,20251228,P007,W04,BT00198,SALE,-83,48.0,-3984.0
1433,2025-12-28,20251228,P008,W01,BT00208,SALE,-103,66.0,-6798.0
1434,2025-12-28,20251228,P008,W02,BT00217,SALE,-120,66.0,-7920.0
1435,2025-12-28,20251228,P008,W03,BT00226,SALE,-98,66.0,-6468.0
1436,2025-12-28,20251228,P008,W04,BT00235,SALE,-81,66.0,-5346.0
1437,2025-12-28,20251228,P009,W01,BT00245,SALE,-228,22.0,-5016.0
1438,2025-12-28,20251228,P009,W02,BT00253,SALE,-229,22.0,-5038.0
1439,2025-12-28,20251228,P009,W03,BT00261,SALE,-181,22.0,-3982.0
1440,2025-12-28,20251228,P009,W04,BT00270,SALE,-142,22.0,-3124.0
1441,2025-12-28,20251228,P010,W01,BT00279,SALE,-50,19.0,-950.0
1442,2025-12-28,20251228,P010,W01,BT00280,SALE,-109,19.0,-2071.0
1443,2025-12-28,20251228,P010,W02,BT00288,SALE,-110,19.0,-2090.0
1444,2025-12-28,20251228,P010,W02,BT00289,SALE,-83,19.0,-1577.0
1445,2025-12-28,20251228,P010,W03,BT00296,SALE,-137,19.0,-2603.0
1446,2025-12-28,20251228,P010,W04,BT00304,SALE,-80,19.0,-1520.0
1447,2025-12-28,20251228,P011,W01,BT00314,SALE,-143,58.0,-8294.0
1448,2025-12-28,20251228,P011,W02,BT00322,SALE,-167,58.0,-9686.0
1449,2025-12-28,20251228,P011,W03,BT00330,SALE,-132,58.0,-7656.0
1450,2025-12-28,20251228,P011,W04,BT00339,SALE,-98,58.0,-5684.0
1451,2025-12-28,20251228,P012,W01,BT00349,SALE,-186,45.0,-8370.0
1452,2025-12-28,20251228,P012,W02,BT00357,SALE,-153,45.0,-6885.0
1453,2025-12-28,20251228,P012,W02,BT00358,SALE,-19,45.0,-855.0
1454,2025-12-28,20251228,P012,W03,BT00365,SALE,-69,45.0,-3105.0
1455,2025-12-28,20251228,P012,W03,BT00366,SALE,-9,45.0,-405.0
1456,2025-12-28,20251228,P012,W03,BT00367,SALE,-52,45.0,-2340.0
1457,2025-12-28,20251228,P012,W04,BT00376,SALE,-116,45.0,-5220.0
1458,2025-12-28,20251228,P013,W01,BT00386,SALE,-119,62.0,-7378.0
1459,2025-12-28,20251228,P013,W02,BT00394,SALE,-124,62.0,-7688.0
1460,2025-12-28,20251228,P013,W03,BT00401,SALE,-78,62.0,-4836.0
1461,2025-12-28,20251228,P013,W03,BT00402,SALE,-3,62.0,-186.0
1462,2025-12-28,20251228,P013,W04,BT00411,SALE,-69,62.0,-4278.0
1463,2025-12-28,20251228,P014,W01,BT00420,SALE,-103,84.0,-8652.0
1464,2025-12-28,20251228,P014,W01,BT00421,SALE,-13,84.0,-1092.0
1465,2025-12-28,20251228,P014,W02,BT00425,SALE,-44,84.0,-3696.0
1466,2025-12-28,20251228,P014,W02,BT00427,SALE,-45,84.0,-3780.0
1467,2025-12-28,20251228,P014,W03,BT00433,SALE,-110,84.0,-9240.0
1468,2025-12-28,20251228,P014,W04,BT00438,SALE,-68,84.0,-5712.0
1469,2025-12-28,20251228,P015,W01,BT00443,SALE,-40,36.0,-1440.0
1470,2025-12-28,20251228,P015,W02,BT00448,SALE,-44,36.0,-1584.0
1471,2025-12-28,20251228,P015,W03,BT00454,SALE,-33,36.0,-1188.0
1472,2025-12-28,20251228,P015,W04,BT00459,SALE,-36,36.0,-1296.0
1473,2025-12-28,20251228,P016,W01,BT00463,SALE,-40,88.0,-3520.0
1474,2025-12-28,20251228,P016,W02,BT00468,SALE,-61,88.0,-5368.0
1475,2025-12-28,20251228,P016,W03,BT00473,SALE,-51,88.0,-4488.0
1476,2025-12-28,20251228,P016,W04,BT00478,SALE,-41,88.0,-3608.0
1477,2025-12-28,20251228,P017,W01,BT00482,SALE,-13,95.0,-1235.0
1478,2025-12-28,20251228,P017,W02,BT00486,SALE,-21,95.0,-1995.0
1479,2025-12-28,20251228,P017,W03,BT00492,SALE,-20,95.0,-1900.0
1480,2025-12-28,20251228,P017,W04,BT00497,SALE,-11,95.0,-1045.0
1481,2025-12-28,20251228,P018,W01,BT00501,SALE,-15,72.0,-1080.0
1482,2025-12-28,20251228,P018,W01,BT00502,SALE,-45,72.0,-3240.0
1483,2025-12-28,20251228,P018,W02,BT00510,SALE,-80,72.0,-5760.0
1484,2025-12-28,20251228,P018,W03,BT00518,SALE,-54,72.0,-3888.0
1485,2025-12-28,20251228,P018,W04,BT00527,SALE,-52,72.0,-3744.0
1486,2025-12-28,20251228,P019,W01,BT00537,SALE,-8,210.0,-1680.0
1487,2025-12-28,20251228,P019,W02,BT00540,SALE,-24,210.0,-5040.0
1488,2025-12-28,20251228,P019,W03,BT00542,SALE,-12,210.0,-2520.0
1489,2025-12-28,20251228,P019,W04,BT00546,SALE,-6,210.0,-1260.0
1490,2025-12-28,20251228,P020,W01,BT00548,SALE,-89,42.0,-3738.0
1491,2025-12-28,20251228,P020,W02,BT00552,SALE,-96,42.0,-4032.0
1492,2025-12-28,20251228,P020,W03,BT00556,SALE,-71,42.0,-2982.0
1493,2025-12-28,20251228,P020,W04,BT00559,SALE,-70,42.0,-2940.0
1494,2025-12-29,20251229,P005,W02,BT00131,PURCHASE,850,38.0,32300.0
1495,2025-12-29,20251229,P020,W03,BT00556,RETURN,9,42.0,378.0
1496,2025-12-30,20251230,P006,W01,BT00159,PURCHASE,1510,74.0,111740.0
1497,2025-12-30,20251230,P009,W01,BT00246,PURCHASE,1450,22.0,31900.0
1498,2025-12-30,20251230,P010,W04,BT00305,PURCHASE,570,19.0,10830.0
1499,2025-12-30,20251230,P018,W03,BT00519,PURCHASE,450,72.0,32400.0
1500,2025-12-30,20251230,P012,W01,BT00349,RETURN,19,45.0,855.0
1501,2025-12-31,20251231,P011,W02,BT00322,RETURN,29,58.0,1682.0
1502,2025-12-31,20251231,P012,W03,BT00365,RETURN,12,45.0,540.0
1503,2026-01-01,20260101,P011,W04,BT00340,PURCHASE,440,58.0,25520.0
1504,2026-01-01,20260101,P011,W03,BT00330,RETURN,21,58.0,1218.0
1505,2026-01-02,20260102,P001,W03,BT00024,RETURN,56,18.5,1036.0
1506,2026-01-02,20260102,P004,W03,BT00113,RETURN,21,61.0,1281.0
1507,2026-01-03,20260103,P003,W02,BT00091,PURCHASE,1300,52.0,67600.0
1508,2026-01-03,20260103,P012,W01,BT00350,PURCHASE,1040,45.0,46800.0
1509,2026-01-04,20260104,P001,W01,BT00002,RETURN,8,18.5,148.0
1510,2026-01-04,20260104,P010,W01,BT00279,RETURN,11,19.0,209.0
1511,2026-01-04,20260104,P013,W03,BT00402,RETURN,1,62.0,62.0
1512,2026-01-04,20260104,P018,W03,BT00518,RETURN,12,72.0,864.0
1513,2026-01-04,20260104,P019,W04,BT00546,RETURN,1,210.0,210.0
1514,2026-01-04,20260104,P001,W01,BT00002,SALE,-8,18.5,-148.0
1515,2026-01-04,20260104,P001,W01,BT00003,SALE,-274,18.5,-5069.0
1516,2026-01-04,20260104,P001,W02,BT00013,SALE,-322,18.5,-5957.0
1517,2026-01-04,20260104,P001,W03,BT00024,SALE,-261,18.5,-4828.5
1518,2026-01-04,20260104,P001,W04,BT00034,SALE,-230,18.5,-4255.0
1519,2026-01-04,20260104,P002,W01,BT00046,SALE,-208,11.0,-2288.0
1520,2026-01-04,20260104,P002,W02,BT00055,SALE,-228,11.0,-2508.0
1521,2026-01-04,20260104,P002,W03,BT00064,SALE,-160,11.0,-1760.0
1522,2026-01-04,20260104,P002,W04,BT00074,SALE,-153,11.0,-1683.0
1523,2026-01-04,20260104,P003,W01,BT00084,SALE,-158,52.0,-8216.0
1524,2026-01-04,20260104,P003,W02,BT00090,SALE,-135,52.0,-7020.0
1525,2026-01-04,20260104,P003,W02,BT00091,SALE,-27,52.0,-1404.0
1526,2026-01-04,20260104,P003,W03,BT00096,SALE,-127,52.0,-6604.0
1527,2026-01-04,20260104,P003,W04,BT00101,SALE,-101,52.0,-5252.0
1528,2026-01-04,20260104,P004,W01,BT00105,SALE,-94,61.0,-5734.0
1529,2026-01-04,20260104,P004,W02,BT00109,SALE,-119,61.0,-7259.0
1530,2026-01-04,20260104,P004,W03,BT00113,SALE,-104,61.0,-6344.0
1531,2026-01-04,20260104,P004,W04,BT00117,SALE,-68,61.0,-4148.0
1532,2026-01-04,20260104,P005,W01,BT00121,SALE,-101,38.0,-3838.0
1533,2026-01-04,20260104,P005,W02,BT00130,SALE,-94,38.0,-3572.0
1534,2026-01-04,20260104,P005,W03,BT00139,SALE,-74,38.0,-2812.0
1535,2026-01-04,20260104,P005,W04,BT00148,SALE,-66,38.0,-2508.0
1536,2026-01-04,20260104,P006,W01,BT00158,SALE,-28,74.0,-2072.0
1537,2026-01-04,20260104,P006,W02,BT00161,SALE,-25,74.0,-1850.0
1538,2026-01-04,20260104,P006,W03,BT00164,SALE,-14,74.0,-1036.0
1539,2026-01-04,20260104,P006,W04,BT00167,SALE,-19,74.0,-1406.0
1540,2026-01-04,20260104,P007,W01,BT00171,SALE,-176,48.0,-8448.0
1541,2026-01-04,20260104,P007,W02,BT00180,SALE,-184,48.0,-8832.0
1542,2026-01-04,20260104,P007,W03,BT00189,SALE,-136,48.0,-6528.0
1543,2026-01-04,20260104,P007,W04,BT00198,SALE,-116,48.0,-5568.0
1544,2026-01-04,20260104,P008,W01,BT00208,SALE,-88,66.0,-5808.0
1545,2026-01-04,20260104,P008,W02,BT00217,SALE,-122,66.0,-8052.0
1546,2026-01-04,20260104,P008,W03,BT00226,SALE,-87,66.0,-5742.0
1547,2026-01-04,20260104,P008,W04,BT00235,SALE,-66,66.0,-4356.0
1548,2026-01-04,20260104,P009,W01,BT00245,SALE,-194,22.0,-4268.0
1549,2026-01-04,20260104,P009,W02,BT00253,SALE,-221,22.0,-4862.0
1550,2026-01-04,20260104,P009,W02,BT00254,SALE,-19,22.0,-418.0
1551,2026-01-04,20260104,P009,W03,BT00261,SALE,-56,22.0,-1232.0
1552,2026-01-04,20260104,P009,W03,BT00262,SALE,-164,22.0,-3608.0
1553,2026-01-04,20260104,P009,W04,BT00270,SALE,-177,22.0,-3894.0
1554,2026-01-04,20260104,P010,W01,BT00279,SALE,-11,19.0,-209.0
1555,2026-01-04,20260104,P010,W01,BT00280,SALE,-162,19.0,-3078.0
1556,2026-01-04,20260104,P010,W02,BT00289,SALE,-181,19.0,-3439.0
1557,2026-01-04,20260104,P010,W03,BT00296,SALE,-13,19.0,-247.0
1558,2026-01-04,20260104,P010,W03,BT00297,SALE,-145,19.0,-2755.0
1559,2026-01-04,20260104,P010,W04,BT00305,SALE,-108,19.0,-2052.0
1560,2026-01-04,20260104,P011,W01,BT00314,SALE,-93,58.0,-5394.0
1561,2026-01-04,20260104,P011,W01,BT00315,SALE,-39,58.0,-2262.0
1562,2026-01-04,20260104,P011,W02,BT00322,SALE,-53,58.0,-3074.0
1563,2026-01-04,20260104,P011,W02,BT00323,SALE,-105,58.0,-6090.0
1564,2026-01-04,20260104,P011,W03,BT00330,SALE,-59,58.0,-3422.0
1565,2026-01-04,20260104,P011,W03,BT00331,SALE,-52,58.0,-3016.0
1566,2026-01-04,20260104,P011,W04,BT00339,SALE,-8,58.0,-464.0
1567,2026-01-04,20260104,P011,W04,BT00340,SALE,-53,58.0,-3074.0
1568,2026-01-04,20260104,P012,W01,BT00349,SALE,-109,45.0,-4905.0
1569,2026-01-04,20260104,P012,W01,BT00350,SALE,-32,45.0,-1440.0
1570,2026-01-04,20260104,P012,W02,BT00358,SALE,-148,45.0,-6660.0
1571,2026-01-04,20260104,P012,W03,BT00365,SALE,-12,45.0,-540.0
1572,2026-01-04,20260104,P012,W03,BT00367,SALE,-105,45.0,-4725.0
1573,2026-01-04,20260104,P012,W04,BT00376,SALE,-113,45.0,-5085.0
1574,2026-01-04,20260104,P013,W01,BT00386,SALE,-33,62.0,-2046.0
1575,2026-01-04,20260104,P013,W01,BT00387,SALE,-87,62.0,-5394.0
1576,2026-01-04,20260104,P013,W02,BT00394,SALE,-70,62.0,-4340.0
1577,2026-01-04,20260104,P013,W02,BT00395,SALE,-41,62.0,-2542.0
1578,2026-01-04,20260104,P013,W03,BT00401,SALE,-30,62.0,-1860.0
1579,2026-01-04,20260104,P013,W03,BT00402,SALE,-1,62.0,-62.0
1580,2026-01-04,20260104,P013,W03,BT00403,SALE,-64,62.0,-3968.0
1581,2026-01-04,20260104,P013,W04,BT00411,SALE,-80,62.0,-4960.0
1582,2026-01-04,20260104,P014,W01,BT00421,SALE,-94,84.0,-7896.0
1583,2026-01-04,20260104,P014,W02,BT00427,SALE,-100,84.0,-8400.0
1584,2026-01-04,20260104,P014,W03,BT00433,SALE,-79,84.0,-6636.0
1585,2026-01-04,20260104,P014,W04,BT00438,SALE,-88,84.0,-7392.0
1586,2026-01-04,20260104,P015,W01,BT00443,SALE,-53,36.0,-1908.0
1587,2026-01-04,20260104,P015,W02,BT00448,SALE,-52,36.0,-1872.0
1588,2026-01-04,20260104,P015,W03,BT00454,SALE,-53,36.0,-1908.0
1589,2026-01-04,20260104,P015,W04,BT00459,SALE,-56,36.0,-2016.0
1590,2026-01-04,20260104,P016,W01,BT00463,SALE,-65,88.0,-5720.0
1591,2026-01-04,20260104,P016,W02,BT00468,SALE,-54,88.0,-4752.0
1592,2026-01-04,20260104,P016,W03,BT00473,SALE,-49,88.0,-4312.0
1593,2026-01-04,20260104,P016,W04,BT00478,SALE,-35,88.0,-3080.0
1594,2026-01-04,20260104,P017,W01,BT00482,SALE,-18,95.0,-1710.0
1595,2026-01-04,20260104,P017,W02,BT00486,SALE,-18,95.0,-1710.0
1596,2026-01-04,20260104,P017,W03,BT00492,SALE,-5,95.0,-475.0
1597,2026-01-04,20260104,P017,W04,BT00497,SALE,-13,95.0,-1235.0
1598,2026-01-04,20260104,P018,W01,BT00502,SALE,-64,72.0,-4608.0
1599,2026-01-04,20260104,P018,W02,BT00510,SALE,-26,72.0,-1872.0
1600,2026-01-04,20260104,P018,W02,BT00511,SALE,-60,72.0,-4320.0
1601,2026-01-04,20260104,P018,W03,BT00517,SALE,-62,72.0,-4464.0
1602,2026-01-04,20260104,P018,W03,BT00518,SALE,-13,72.0,-936.0
1603,2026-01-04,20260104,P018,W04,BT00527,SALE,-51,72.0,-3672.0
1604,2026-01-04,20260104,P019,W01,BT00537,SALE,-14,210.0,-2940.0
1605,2026-01-04,20260104,P019,W02,BT00540,SALE,-22,210.0,-4620.0
1606,2026-01-04,20260104,P019,W03,BT00542,SALE,-18,210.0,-3780.0
1607,2026-01-04,20260104,P019,W04,BT00546,SALE,-11,210.0,-2310.0
1608,2026-01-04,20260104,P020,W01,BT00548,SALE,-102,42.0,-4284.0
1609,2026-01-04,20260104,P020,W02,BT00552,SALE,-100,42.0,-4200.0
1610,2026-01-04,20260104,P020,W03,BT00556,SALE,-79,42.0,-3318.0
1611,2026-01-04,20260104,P020,W04,BT00559,SALE,-68,42.0,-2856.0
1612,2026-01-06,20260106,P007,W02,BT00181,PURCHASE,850,48.0,40800.0
1613,2026-01-06,20260106,P008,W03,BT00227,PURCHASE,450,66.0,29700.0
1614,2026-01-06,20260106,P009,W04,BT00270,RETURN,23,22.0,506.0
1615,2026-01-06,20260106,P011,W03,BT00330,RETURN,11,58.0,638.0
1616,2026-01-06,20260106,P012,W03,BT00365,RETURN,2,45.0,90.0
1617,2026-01-07,20260107,P004,W03,BT00113,RETURN,11,61.0,671.0
1618,2026-01-07,20260107,P013,W03,BT00403,RETURN,16,62.0,992.0
1619,2026-01-07,20260107,P017,W03,BT00492,SALE,-2,95.0,-190.0
1620,2026-01-08,20260108,P017,W03,BT00492,EXPIRED,-378,95.0,-35910.0
1621,2026-01-09,20260109,P017,W01,BT00482,RETURN,4,95.0,380.0
1622,2026-01-10,20260110,P014,W03,BT00434,PURCHASE,800,84.0,67200.0
1623,2026-01-10,20260110,P011,W04,BT00340,RETURN,10,58.0,580.0
1624,2026-01-11,20260111,P002,W02,BT00056,PURCHASE,1020,11.0,11220.0
1625,2026-01-11,20260111,P003,W03,BT00096,RETURN,16,52.0,832.0
1626,2026-01-11,20260111,P014,W01,BT00421,RETURN,17,84.0,1428.0
1627,2026-01-11,20260111,P001,W01,BT00003,SALE,-279,18.5,-5161.5
1628,2026-01-11,20260111,P001,W02,BT00013,SALE,-306,18.5,-5661.0
1629,2026-01-11,20260111,P001,W03,BT00024,SALE,-247,18.5,-4569.5
1630,2026-01-11,20260111,P001,W04,BT00034,SALE,-221,18.5,-4088.5
1631,2026-01-11,20260111,P002,W01,BT00046,SALE,-214,11.0,-2354.0
1632,2026-01-11,20260111,P002,W02,BT00055,SALE,-206,11.0,-2266.0
1633,2026-01-11,20260111,P002,W03,BT00064,SALE,-172,11.0,-1892.0
1634,2026-01-11,20260111,P002,W04,BT00074,SALE,-152,11.0,-1672.0
1635,2026-01-11,20260111,P003,W01,BT00083,SALE,-96,52.0,-4992.0
1636,2026-01-11,20260111,P003,W01,BT00084,SALE,-27,52.0,-1404.0
1637,2026-01-11,20260111,P003,W02,BT00091,SALE,-164,52.0,-8528.0
1638,2026-01-11,20260111,P003,W03,BT00096,SALE,-107,52.0,-5564.0
1639,2026-01-11,20260111,P003,W04,BT00101,SALE,-95,52.0,-4940.0
1640,2026-01-11,20260111,P004,W01,BT00105,SALE,-124,61.0,-7564.0
1641,2026-01-11,20260111,P004,W02,BT00109,SALE,-124,61.0,-7564.0
1642,2026-01-11,20260111,P004,W03,BT00113,SALE,-92,61.0,-5612.0
1643,2026-01-11,20260111,P004,W04,BT00117,SALE,-90,61.0,-5490.0
1644,2026-01-11,20260111,P005,W01,BT00121,SALE,-96,38.0,-3648.0
1645,2026-01-11,20260111,P005,W02,BT00130,SALE,-86,38.0,-3268.0
1646,2026-01-11,20260111,P005,W02,BT00131,SALE,-29,38.0,-1102.0
1647,2026-01-11,20260111,P005,W03,BT00139,SALE,-81,38.0,-3078.0
1648,2026-01-11,20260111,P005,W04,BT00148,SALE,-71,38.0,-2698.0
1649,2026-01-11,20260111,P006,W01,BT00158,SALE,-25,74.0,-1850.0
1650,2026-01-11,20260111,P006,W02,BT00161,SALE,-23,74.0,-1702.0
1651,2026-01-11,20260111,P006,W03,BT00164,SALE,-23,74.0,-1702.0
1652,2026-01-11,20260111,P006,W04,BT00167,SALE,-22,74.0,-1628.0
1653,2026-01-11,20260111,P007,W01,BT00171,SALE,-178,48.0,-8544.0
1654,2026-01-11,20260111,P007,W02,BT00179,SALE,-50,48.0,-2400.0
1655,2026-01-11,20260111,P007,W02,BT00180,SALE,-38,48.0,-1824.0
1656,2026-01-11,20260111,P007,W02,BT00181,SALE,-87,48.0,-4176.0
1657,2026-01-11,20260111,P007,W03,BT00189,SALE,-142,48.0,-6816.0
1658,2026-01-11,20260111,P007,W04,BT00198,SALE,-118,48.0,-5664.0
1659,2026-01-11,20260111,P008,W01,BT00208,SALE,-112,66.0,-7392.0
1660,2026-01-11,20260111,P008,W02,BT00217,SALE,-139,66.0,-9174.0
1661,2026-01-11,20260111,P008,W03,BT00226,SALE,-43,66.0,-2838.0
1662,2026-01-11,20260111,P008,W03,BT00227,SALE,-60,66.0,-3960.0
1663,2026-01-11,20260111,P008,W04,BT00235,SALE,-72,66.0,-4752.0
1664,2026-01-11,20260111,P009,W01,BT00245,SALE,-60,22.0,-1320.0
1665,2026-01-11,20260111,P009,W01,BT00246,SALE,-166,22.0,-3652.0
1666,2026-01-11,20260111,P009,W02,BT00254,SALE,-272,22.0,-5984.0
1667,2026-01-11,20260111,P009,W03,BT00262,SALE,-174,22.0,-3828.0
1668,2026-01-11,20260111,P009,W04,BT00270,SALE,-173,22.0,-3806.0
1669,2026-01-11,20260111,P010,W01,BT00280,SALE,-175,19.0,-3325.0
1670,2026-01-11,20260111,P010,W02,BT00289,SALE,-169,19.0,-3211.0
1671,2026-01-11,20260111,P010,W03,BT00297,SALE,-167,19.0,-3173.0
1672,2026-01-11,20260111,P010,W04,BT00305,SALE,-127,19.0,-2413.0
1673,2026-01-11,20260111,P011,W01,BT00315,SALE,-130,58.0,-7540.0
1674,2026-01-11,20260111,P011,W02,BT00323,SALE,-123,58.0,-7134.0
1675,2026-01-11,20260111,P011,W03,BT00330,SALE,-11,58.0,-638.0
1676,2026-01-11,20260111,P011,W03,BT00331,SALE,-107,58.0,-6206.0
1677,2026-01-11,20260111,P011,W04,BT00340,SALE,-103,58.0,-5974.0
1678,2026-01-11,20260111,P012,W01,BT00350,SALE,-155,45.0,-6975.0
1679,2026-01-11,20260111,P012,W02,BT00358,SALE,-163,45.0,-7335.0
1680,2026-01-11,20260111,P012,W03,BT00365,SALE,-2,45.0,-90.0
1681,2026-01-11,20260111,P012,W03,BT00367,SALE,-146,45.0,-6570.0
1682,2026-01-11,20260111,P012,W04,BT00376,SALE,-122,45.0,-5490.0
1683,2026-01-11,20260111,P013,W01,BT00387,SALE,-103,62.0,-6386.0
1684,2026-01-11,20260111,P013,W02,BT00395,SALE,-128,62.0,-7936.0
1685,2026-01-11,20260111,P013,W03,BT00403,SALE,-94,62.0,-5828.0
1686,2026-01-11,20260111,P013,W04,BT00411,SALE,-82,62.0,-5084.0
1687,2026-01-11,20260111,P014,W01,BT00421,SALE,-99,84.0,-8316.0
1688,2026-01-11,20260111,P014,W02,BT00427,SALE,-100,84.0,-8400.0
1689,2026-01-11,20260111,P014,W03,BT00433,SALE,-70,84.0,-5880.0
1690,2026-01-11,20260111,P014,W04,BT00438,SALE,-92,84.0,-7728.0
1691,2026-01-11,20260111,P015,W01,BT00443,SALE,-49,36.0,-1764.0
1692,2026-01-11,20260111,P015,W02,BT00448,SALE,-50,36.0,-1800.0
1693,2026-01-11,20260111,P015,W03,BT00454,SALE,-38,36.0,-1368.0
1694,2026-01-11,20260111,P015,W04,BT00459,SALE,-36,36.0,-1296.0
1695,2026-01-11,20260111,P016,W01,BT00463,SALE,-55,88.0,-4840.0
1696,2026-01-11,20260111,P016,W02,BT00468,SALE,-54,88.0,-4752.0
1697,2026-01-11,20260111,P016,W03,BT00473,SALE,-52,88.0,-4576.0
1698,2026-01-11,20260111,P016,W04,BT00478,SALE,-36,88.0,-3168.0
1699,2026-01-11,20260111,P017,W01,BT00482,SALE,-19,95.0,-1805.0
1700,2026-01-11,20260111,P017,W02,BT00486,SALE,-26,95.0,-2470.0
1701,2026-01-11,20260111,P017,W03,BT00491,SALE,-7,95.0,-665.0
1702,2026-01-11,20260111,P017,W04,BT00497,SALE,-8,95.0,-760.0
1703,2026-01-11,20260111,P018,W01,BT00502,SALE,-75,72.0,-5400.0
1704,2026-01-11,20260111,P018,W02,BT00511,SALE,-100,72.0,-7200.0
1705,2026-01-11,20260111,P018,W03,BT00517,SALE,-25,72.0,-1800.0
1706,2026-01-11,20260111,P018,W03,BT00518,SALE,-4,72.0,-288.0
1707,2026-01-11,20260111,P018,W03,BT00519,SALE,-45,72.0,-3240.0
1708,2026-01-11,20260111,P018,W04,BT00527,SALE,-65,72.0,-4680.0
1709,2026-01-11,20260111,P019,W01,BT00537,SALE,-12,210.0,-2520.0
1710,2026-01-11,20260111,P019,W02,BT00540,SALE,-16,210.0,-3360.0
1711,2026-01-11,20260111,P019,W03,BT00542,SALE,-19,210.0,-3990.0
1712,2026-01-11,20260111,P019,W04,BT00546,SALE,-11,210.0,-2310.0
1713,2026-01-11,20260111,P020,W01,BT00548,SALE,-82,42.0,-3444.0
1714,2026-01-11,20260111,P020,W02,BT00552,SALE,-94,42.0,-3948.0
1715,2026-01-11,20260111,P020,W03,BT00556,SALE,-79,42.0,-3318.0
1716,2026-01-11,20260111,P020,W04,BT00559,SALE,-61,42.0,-2562.0
1717,2026-01-12,20260112,P003,W01,BT00085,PURCHASE,1300,52.0,67600.0
1718,2026-01-12,20260112,P005,W01,BT00122,PURCHASE,780,38.0,29640.0
1719,2026-01-12,20260112,P011,W04,BT00340,RETURN,12,58.0,696.0
1720,2026-01-13,20260113,P007,W01,BT00172,PURCHASE,780,48.0,37440.0
1721,2026-01-13,20260113,P008,W02,BT00218,PURCHASE,570,66.0,37620.0
1722,2026-01-13,20260113,P016,W01,BT00463,RETURN,13,88.0,1144.0
1723,2026-01-14,20260114,P005,W03,BT00140,PURCHASE,680,38.0,25840.0
1724,2026-01-14,20260114,P008,W04,BT00236,PURCHASE,260,66.0,17160.0
1725,2026-01-14,20260114,P003,W03,BT00096,RETURN,12,52.0,624.0
1726,2026-01-14,20260114,P007,W02,BT00181,RETURN,13,48.0,624.0
1727,2026-01-14,20260114,P012,W01,BT00350,RETURN,33,45.0,1485.0
1728,2026-01-14,20260114,P013,W04,BT00411,RETURN,12,62.0,744.0
1729,2026-01-15,20260115,P006,W03,BT00164,RETURN,4,74.0,296.0
1730,2026-01-16,20260116,P007,W03,BT00190,PURCHASE,680,48.0,32640.0
1731,2026-01-16,20260116,P013,W02,BT00395,RETURN,27,62.0,1674.0
1732,2026-01-17,20260117,P008,W01,BT00209,PURCHASE,520,66.0,34320.0
1733,2026-01-17,20260117,P002,W01,BT00046,RETURN,36,11.0,396.0
1734,2026-01-17,20260117,P009,W02,BT00254,RETURN,66,22.0,1452.0
1735,2026-01-17,20260117,P017,W03,BT00491,SALE,-8,95.0,-760.0
1736,2026-01-18,20260118,P001,W01,BT00003,SALE,-319,18.5,-5901.5
1737,2026-01-18,20260118,P001,W02,BT00013,SALE,-363,18.5,-6715.5
1738,2026-01-18,20260118,P001,W03,BT00024,SALE,-267,18.5,-4939.5
1739,2026-01-18,20260118,P001,W04,BT00034,SALE,-208,18.5,-3848.0
1740,2026-01-18,20260118,P002,W01,BT00046,SALE,-109,11.0,-1199.0
1741,2026-01-18,20260118,P002,W02,BT00055,SALE,-48,11.0,-528.0
1742,2026-01-18,20260118,P002,W02,BT00056,SALE,-140,11.0,-1540.0
1743,2026-01-18,20260118,P002,W03,BT00064,SALE,-171,11.0,-1881.0
1744,2026-01-18,20260118,P002,W04,BT00074,SALE,-51,11.0,-561.0
1745,2026-01-18,20260118,P003,W01,BT00085,SALE,-157,52.0,-8164.0
1746,2026-01-18,20260118,P003,W02,BT00091,SALE,-135,52.0,-7020.0
1747,2026-01-18,20260118,P003,W03,BT00096,SALE,-130,52.0,-6760.0
1748,2026-01-18,20260118,P003,W04,BT00101,SALE,-101,52.0,-5252.0
1749,2026-01-18,20260118,P004,W01,BT00105,SALE,-120,61.0,-7320.0
1750,2026-01-18,20260118,P004,W02,BT00109,SALE,-124,61.0,-7564.0
1751,2026-01-18,20260118,P004,W03,BT00113,SALE,-101,61.0,-6161.0
1752,2026-01-18,20260118,P004,W04,BT00117,SALE,-96,61.0,-5856.0
1753,2026-01-18,20260118,P005,W01,BT00122,SALE,-93,38.0,-3534.0
1754,2026-01-18,20260118,P005,W02,BT00131,SALE,-94,38.0,-3572.0
1755,2026-01-18,20260118,P005,W03,BT00139,SALE,-87,38.0,-3306.0
1756,2026-01-18,20260118,P005,W04,BT00148,SALE,-70,38.0,-2660.0
1757,2026-01-18,20260118,P006,W01,BT00158,SALE,-24,74.0,-1776.0
1758,2026-01-18,20260118,P006,W02,BT00161,SALE,-25,74.0,-1850.0
1759,2026-01-18,20260118,P006,W03,BT00164,SALE,-20,74.0,-1480.0
1760,2026-01-18,20260118,P006,W04,BT00167,SALE,-19,74.0,-1406.0
1761,2026-01-18,20260118,P007,W01,BT00171,SALE,-11,48.0,-528.0
1762,2026-01-18,20260118,P007,W01,BT00172,SALE,-142,48.0,-6816.0
1763,2026-01-18,20260118,P007,W02,BT00181,SALE,-154,48.0,-7392.0
1764,2026-01-18,20260118,P007,W03,BT00189,SALE,-93,48.0,-4464.0
1765,2026-01-18,20260118,P007,W03,BT00190,SALE,-59,48.0,-2832.0
1766,2026-01-18,20260118,P007,W04,BT00198,SALE,-73,48.0,-3504.0
1767,2026-01-18,20260118,P008,W01,BT00207,SALE,-8,66.0,-528.0
1768,2026-01-18,20260118,P008,W01,BT00208,SALE,-66,66.0,-4356.0
1769,2026-01-18,20260118,P008,W01,BT00209,SALE,-34,66.0,-2244.0
1770,2026-01-18,20260118,P008,W02,BT00216,SALE,-33,66.0,-2178.0
1771,2026-01-18,20260118,P008,W02,BT00217,SALE,-12,66.0,-792.0
1772,2026-01-18,20260118,P008,W02,BT00218,SALE,-96,66.0,-6336.0
1773,2026-01-18,20260118,P008,W03,BT00227,SALE,-83,66.0,-5478.0
1774,2026-01-18,20260118,P008,W04,BT00236,SALE,-62,66.0,-4092.0
1775,2026-01-18,20260118,P009,W01,BT00246,SALE,-210,22.0,-4620.0
1776,2026-01-18,20260118,P009,W02,BT00254,SALE,-262,22.0,-5764.0
1777,2026-01-18,20260118,P009,W03,BT00262,SALE,-206,22.0,-4532.0
1778,2026-01-18,20260118,P009,W04,BT00270,SALE,-156,22.0,-3432.0
1779,2026-01-18,20260118,P010,W01,BT00280,SALE,-181,19.0,-3439.0
1780,2026-01-18,20260118,P010,W02,BT00289,SALE,-164,19.0,-3116.0
1781,2026-01-18,20260118,P010,W03,BT00297,SALE,-152,19.0,-2888.0
1782,2026-01-18,20260118,P010,W04,BT00305,SALE,-143,19.0,-2717.0
1783,2026-01-18,20260118,P011,W01,BT00315,SALE,-132,58.0,-7656.0
1784,2026-01-18,20260118,P011,W02,BT00323,SALE,-171,58.0,-9918.0
1785,2026-01-18,20260118,P011,W03,BT00331,SALE,-123,58.0,-7134.0
1786,2026-01-18,20260118,P011,W04,BT00340,SALE,-103,58.0,-5974.0
1787,2026-01-18,20260118,P012,W01,BT00350,SALE,-159,45.0,-7155.0
1788,2026-01-18,20260118,P012,W02,BT00358,SALE,-155,45.0,-6975.0
1789,2026-01-18,20260118,P012,W03,BT00367,SALE,-144,45.0,-6480.0
1790,2026-01-18,20260118,P012,W04,BT00376,SALE,-63,45.0,-2835.0
1791,2026-01-18,20260118,P013,W01,BT00387,SALE,-93,62.0,-5766.0
1792,2026-01-18,20260118,P013,W02,BT00395,SALE,-127,62.0,-7874.0
1793,2026-01-18,20260118,P013,W03,BT00403,SALE,-93,62.0,-5766.0
1794,2026-01-18,20260118,P013,W04,BT00411,SALE,-71,62.0,-4402.0
1795,2026-01-18,20260118,P014,W01,BT00421,SALE,-110,84.0,-9240.0
1796,2026-01-18,20260118,P014,W02,BT00427,SALE,-114,84.0,-9576.0
1797,2026-01-18,20260118,P014,W03,BT00433,SALE,-5,84.0,-420.0
1798,2026-01-18,20260118,P014,W03,BT00434,SALE,-71,84.0,-5964.0
1799,2026-01-18,20260118,P014,W04,BT00438,SALE,-81,84.0,-6804.0
1800,2026-01-18,20260118,P015,W01,BT00443,SALE,-46,36.0,-1656.0
1801,2026-01-18,20260118,P015,W02,BT00448,SALE,-45,36.0,-1620.0
1802,2026-01-18,20260118,P015,W03,BT00454,SALE,-34,36.0,-1224.0
1803,2026-01-18,20260118,P015,W04,BT00459,SALE,-27,36.0,-972.0
1804,2026-01-18,20260118,P016,W01,BT00463,SALE,-44,88.0,-3872.0
1805,2026-01-18,20260118,P016,W02,BT00468,SALE,-54,88.0,-4752.0
1806,2026-01-18,20260118,P016,W03,BT00473,SALE,-54,88.0,-4752.0
1807,2026-01-18,20260118,P016,W04,BT00478,SALE,-36,88.0,-3168.0
1808,2026-01-18,20260118,P017,W01,BT00482,SALE,-12,95.0,-1140.0
1809,2026-01-18,20260118,P017,W02,BT00486,SALE,-28,95.0,-2660.0
1810,2026-01-18,20260118,P017,W04,BT00497,SALE,-16,95.0,-1520.0
1811,2026-01-18,20260118,P018,W01,BT00502,SALE,-78,72.0,-5616.0
1812,2026-01-18,20260118,P018,W02,BT00511,SALE,-81,72.0,-5832.0
1813,2026-01-18,20260118,P018,W03,BT00519,SALE,-73,72.0,-5256.0
1814,2026-01-18,20260118,P018,W04,BT00527,SALE,-52,72.0,-3744.0
1815,2026-01-18,20260118,P019,W01,BT00537,SALE,-13,210.0,-2730.0
1816,2026-01-18,20260118,P019,W02,BT00540,SALE,-21,210.0,-4410.0
1817,2026-01-18,20260118,P019,W03,BT00542,SALE,-16,210.0,-3360.0
1818,2026-01-18,20260118,P019,W04,BT00546,SALE,-14,210.0,-2940.0
1819,2026-01-18,20260118,P020,W01,BT00548,SALE,-81,42.0,-3402.0
1820,2026-01-18,20260118,P020,W02,BT00552,SALE,-102,42.0,-4284.0
1821,2026-01-18,20260118,P020,W03,BT00556,SALE,-74,42.0,-3108.0
1822,2026-01-18,20260118,P020,W04,BT00559,SALE,-63,42.0,-2646.0
1823,2026-01-19,20260119,P002,W03,BT00065,PURCHASE,810,11.0,8910.0
1824,2026-01-19,20260119,P003,W03,BT00097,PURCHASE,1300,52.0,67600.0
1825,2026-01-19,20260119,P015,W03,BT00454,RETURN,4,36.0,144.0
1826,2026-01-20,20260120,P007,W04,BT00199,PURCHASE,390,48.0,18720.0
1827,2026-01-20,20260120,P012,W04,BT00377,PURCHASE,510,45.0,22950.0
1828,2026-01-20,20260120,P016,W02,BT00468,RETURN,13,88.0,1144.0
1829,2026-01-21,20260121,P001,W04,BT00035,PURCHASE,870,18.5,16095.0
1830,2026-01-22,20260122,P002,W01,BT00047,PURCHASE,940,11.0,10340.0
1831,2026-01-22,20260122,P015,W02,BT00449,PURCHASE,600,36.0,21600.0
1832,2026-01-22,20260122,P006,W02,BT00161,RETURN,3,74.0,222.0
1833,2026-01-23,20260123,P017,W02,BT00486,RETURN,4,95.0,380.0
1834,2026-01-24,20260124,P005,W04,BT00149,PURCHASE,390,38.0,14820.0
1835,2026-01-24,20260124,P002,W02,BT00056,RETURN,25,11.0,275.0
1836,2026-01-24,20260124,P019,W01,BT00537,RETURN,3,210.0,630.0
1837,2026-01-25,20260125,P013,W04,BT00412,PURCHASE,360,62.0,22320.0
1838,2026-01-25,20260125,P016,W01,BT00464,PURCHASE,700,88.0,61600.0
1839,2026-01-25,20260125,P018,W04,BT00528,PURCHASE,260,72.0,18720.0
1840,2026-01-25,20260125,P007,W03,BT00190,RETURN,8,48.0,384.0
1841,2026-01-25,20260125,P001,W01,BT00003,SALE,-300,18.5,-5550.0
1842,2026-01-25,20260125,P001,W02,BT00013,SALE,-319,18.5,-5901.5
1843,2026-01-25,20260125,P001,W03,BT00024,SALE,-255,18.5,-4717.5
1844,2026-01-25,20260125,P001,W04,BT00034,SALE,-3,18.5,-55.5
1845,2026-01-25,20260125,P001,W04,BT00035,SALE,-139,18.5,-2571.5
1846,2026-01-25,20260125,P002,W01,BT00047,SALE,-118,11.0,-1298.0
1847,2026-01-25,20260125,P002,W02,BT00056,SALE,-211,11.0,-2321.0
1848,2026-01-25,20260125,P002,W03,BT00065,SALE,-173,11.0,-1903.0
1849,2026-01-25,20260125,P003,W01,BT00085,SALE,-144,52.0,-7488.0
1850,2026-01-25,20260125,P003,W02,BT00091,SALE,-154,52.0,-8008.0
1851,2026-01-25,20260125,P003,W03,BT00096,SALE,-72,52.0,-3744.0
1852,2026-01-25,20260125,P003,W03,BT00097,SALE,-36,52.0,-1872.0
1853,2026-01-25,20260125,P003,W04,BT00101,SALE,-107,52.0,-5564.0
1854,2026-01-25,20260125,P004,W01,BT00105,SALE,-107,61.0,-6527.0
1855,2026-01-25,20260125,P004,W02,BT00109,SALE,-145,61.0,-8845.0
1856,2026-01-25,20260125,P004,W03,BT00113,SALE,-95,61.0,-5795.0
1857,2026-01-25,20260125,P004,W04,BT00117,SALE,-100,61.0,-6100.0
1858,2026-01-25,20260125,P005,W01,BT00122,SALE,-103,38.0,-3914.0
1859,2026-01-25,20260125,P005,W02,BT00131,SALE,-111,38.0,-4218.0
1860,2026-01-25,20260125,P005,W03,BT00139,SALE,-57,38.0,-2166.0
1861,2026-01-25,20260125,P005,W03,BT00140,SALE,-28,38.0,-1064.0
1862,2026-01-25,20260125,P005,W04,BT00148,SALE,-58,38.0,-2204.0
1863,2026-01-25,20260125,P005,W04,BT00149,SALE,-22,38.0,-836.0
1864,2026-01-25,20260125,P006,W01,BT00158,SALE,-19,74.0,-1406.0
1865,2026-01-25,20260125,P006,W02,BT00161,SALE,-36,74.0,-2664.0
1866,2026-01-25,20260125,P006,W03,BT00164,SALE,-17,74.0,-1258.0
1867,2026-01-25,20260125,P006,W04,BT00167,SALE,-18,74.0,-1332.0
1868,2026-01-25,20260125,P007,W01,BT00172,SALE,-151,48.0,-7248.0
1869,2026-01-25,20260125,P007,W02,BT00181,SALE,-187,48.0,-8976.0
1870,2026-01-25,20260125,P007,W03,BT00190,SALE,-149,48.0,-7152.0
1871,2026-01-25,20260125,P007,W04,BT00199,SALE,-109,48.0,-5232.0
1872,2026-01-25,20260125,P008,W01,BT00209,SALE,-107,66.0,-7062.0
1873,2026-01-25,20260125,P008,W02,BT00218,SALE,-138,66.0,-9108.0
1874,2026-01-25,20260125,P008,W03,BT00227,SALE,-83,66.0,-5478.0
1875,2026-01-25,20260125,P008,W04,BT00236,SALE,-86,66.0,-5676.0
1876,2026-01-25,20260125,P009,W01,BT00246,SALE,-215,22.0,-4730.0
1877,2026-01-25,20260125,P009,W02,BT00254,SALE,-208,22.0,-4576.0
1878,2026-01-25,20260125,P009,W03,BT00262,SALE,-179,22.0,-3938.0
1879,2026-01-25,20260125,P009,W04,BT00270,SALE,-81,22.0,-1782.0
1880,2026-01-25,20260125,P010,W01,BT00280,SALE,-182,19.0,-3458.0
1881,2026-01-25,20260125,P010,W02,BT00289,SALE,-189,19.0,-3591.0
1882,2026-01-25,20260125,P010,W03,BT00297,SALE,-145,19.0,-2755.0
1883,2026-01-25,20260125,P010,W04,BT00305,SALE,-154,19.0,-2926.0
1884,2026-01-25,20260125,P011,W01,BT00315,SALE,-133,58.0,-7714.0
1885,2026-01-25,20260125,P011,W02,BT00323,SALE,-150,58.0,-8700.0
1886,2026-01-25,20260125,P011,W03,BT00331,SALE,-119,58.0,-6902.0
1887,2026-01-25,20260125,P011,W04,BT00340,SALE,-99,58.0,-5742.0
1888,2026-01-25,20260125,P012,W01,BT00350,SALE,-168,45.0,-7560.0
1889,2026-01-25,20260125,P012,W02,BT00358,SALE,-165,45.0,-7425.0
1890,2026-01-25,20260125,P012,W03,BT00367,SALE,-138,45.0,-6210.0
1891,2026-01-25,20260125,P012,W04,BT00377,SALE,-98,45.0,-4410.0
1892,2026-01-25,20260125,P013,W01,BT00387,SALE,-126,62.0,-7812.0
1893,2026-01-25,20260125,P013,W02,BT00395,SALE,-99,62.0,-6138.0
1894,2026-01-25,20260125,P013,W03,BT00403,SALE,-89,62.0,-5518.0
1895,2026-01-25,20260125,P013,W04,BT00411,SALE,-51,62.0,-3162.0
1896,2026-01-25,20260125,P013,W04,BT00412,SALE,-8,62.0,-496.0
1897,2026-01-25,20260125,P014,W01,BT00421,SALE,-108,84.0,-9072.0
1898,2026-01-25,20260125,P014,W02,BT00427,SALE,-91,84.0,-7644.0
1899,2026-01-25,20260125,P014,W03,BT00434,SALE,-71,84.0,-5964.0
1900,2026-01-25,20260125,P014,W04,BT00438,SALE,-78,84.0,-6552.0
1901,2026-01-25,20260125,P015,W01,BT00443,SALE,-44,36.0,-1584.0
1902,2026-01-25,20260125,P015,W02,BT00448,SALE,-48,36.0,-1728.0
1903,2026-01-25,20260125,P015,W03,BT00454,SALE,-50,36.0,-1800.0
1904,2026-01-25,20260125,P015,W04,BT00459,SALE,-27,36.0,-972.0
1905,2026-01-25,20260125,P016,W01,BT00463,SALE,-53,88.0,-4664.0
1906,2026-01-25,20260125,P016,W02,BT00468,SALE,-55,88.0,-4840.0
1907,2026-01-25,20260125,P016,W03,BT00473,SALE,-50,88.0,-4400.0
1908,2026-01-25,20260125,P016,W04,BT00478,SALE,-39,88.0,-3432.0
1909,2026-01-25,20260125,P017,W01,BT00482,SALE,-11,95.0,-1045.0
1910,2026-01-25,20260125,P017,W02,BT00486,SALE,-14,95.0,-1330.0
1911,2026-01-25,20260125,P017,W04,BT00497,SALE,-9,95.0,-855.0
1912,2026-01-25,20260125,P018,W01,BT00502,SALE,-89,72.0,-6408.0
1913,2026-01-25,20260125,P018,W02,BT00511,SALE,-79,72.0,-5688.0
1914,2026-01-25,20260125,P018,W03,BT00519,SALE,-70,72.0,-5040.0
1915,2026-01-25,20260125,P018,W04,BT00527,SALE,-40,72.0,-2880.0
1916,2026-01-25,20260125,P018,W04,BT00528,SALE,-5,72.0,-360.0
1917,2026-01-25,20260125,P019,W01,BT00537,SALE,-10,210.0,-2100.0
1918,2026-01-25,20260125,P019,W02,BT00540,SALE,-19,210.0,-3990.0
1919,2026-01-25,20260125,P019,W03,BT00542,SALE,-12,210.0,-2520.0
1920,2026-01-25,20260125,P019,W04,BT00546,SALE,-12,210.0,-2520.0
1921,2026-01-25,20260125,P020,W01,BT00548,SALE,-80,42.0,-3360.0
1922,2026-01-25,20260125,P020,W02,BT00552,SALE,-94,42.0,-3948.0
1923,2026-01-25,20260125,P020,W03,BT00556,SALE,-77,42.0,-3234.0
1924,2026-01-25,20260125,P020,W04,BT00559,SALE,-64,42.0,-2688.0
1925,2026-01-26,20260126,P003,W03,BT00097,RETURN,8,52.0,416.0
1926,2026-01-27,20260127,P001,W01,BT00004,PURCHASE,1760,18.5,32560.0
1927,2026-01-27,20260127,P002,W04,BT00075,PURCHASE,460,11.0,5060.0
1928,2026-01-27,20260127,P009,W04,BT00271,PURCHASE,720,22.0,15840.0
1929,2026-01-27,20260127,P003,W04,BT00101,RETURN,18,52.0,936.0
1930,2026-01-28,20260128,P001,W02,BT00014,PURCHASE,1920,18.5,35520.0
1931,2026-01-28,20260128,P017,W03,BT00493,PURCHASE,500,95.0,47500.0
1932,2026-01-29,20260129,P015,W02,BT00448,RETURN,7,36.0,252.0
1933,2026-01-30,20260130,P016,W02,BT00469,PURCHASE,700,88.0,61600.0
1934,2026-01-31,20260131,P001,W03,BT00025,PURCHASE,1530,18.5,28305.0
1935,2026-01-31,20260131,P010,W02,BT00289,RETURN,21,19.0,399.0
1936,2026-01-31,20260131,P016,W04,BT00478,RETURN,6,88.0,528.0
1937,2026-02-01,20260201,P008,W03,BT00227,RETURN,13,66.0,858.0
1938,2026-02-01,20260201,P001,W01,BT00003,SALE,-51,18.5,-943.5
1939,2026-02-01,20260201,P001,W01,BT00004,SALE,-250,18.5,-4625.0
1940,2026-02-01,20260201,P001,W02,BT00013,SALE,-110,18.5,-2035.0
1941,2026-02-01,20260201,P001,W02,BT00014,SALE,-222,18.5,-4107.0
1942,2026-02-01,20260201,P001,W03,BT00024,SALE,-245,18.5,-4532.5
1943,2026-02-01,20260201,P001,W04,BT00035,SALE,-222,18.5,-4107.0
1944,2026-02-01,20260201,P002,W01,BT00047,SALE,-209,11.0,-2299.0
1945,2026-02-01,20260201,P002,W02,BT00056,SALE,-200,11.0,-2200.0
1946,2026-02-01,20260201,P002,W03,BT00065,SALE,-173,11.0,-1903.0
1947,2026-02-01,20260201,P002,W04,BT00075,SALE,-103,11.0,-1133.0
1948,2026-02-01,20260201,P003,W01,BT00085,SALE,-141,52.0,-7332.0
1949,2026-02-01,20260201,P003,W02,BT00091,SALE,-157,52.0,-8164.0
1950,2026-02-01,20260201,P003,W03,BT00097,SALE,-122,52.0,-6344.0
1951,2026-02-01,20260201,P003,W04,BT00101,SALE,-99,52.0,-5148.0
1952,2026-02-01,20260201,P004,W01,BT00105,SALE,-105,61.0,-6405.0
1953,2026-02-01,20260201,P004,W02,BT00108,SALE,-30,61.0,-1830.0
1954,2026-02-01,20260201,P004,W02,BT00109,SALE,-76,61.0,-4636.0
1955,2026-02-01,20260201,P004,W03,BT00113,SALE,-110,61.0,-6710.0
1956,2026-02-01,20260201,P004,W04,BT00117,SALE,-80,61.0,-4880.0
1957,2026-02-01,20260201,P005,W01,BT00122,SALE,-99,38.0,-3762.0
1958,2026-02-01,20260201,P005,W02,BT00131,SALE,-100,38.0,-3800.0
1959,2026-02-01,20260201,P005,W03,BT00140,SALE,-92,38.0,-3496.0
1960,2026-02-01,20260201,P005,W04,BT00149,SALE,-65,38.0,-2470.0
1961,2026-02-01,20260201,P006,W01,BT00158,SALE,-29,74.0,-2146.0
1962,2026-02-01,20260201,P006,W02,BT00161,SALE,-35,74.0,-2590.0
1963,2026-02-01,20260201,P006,W03,BT00164,SALE,-18,74.0,-1332.0
1964,2026-02-01,20260201,P006,W04,BT00167,SALE,-17,74.0,-1258.0
1965,2026-02-01,20260201,P007,W01,BT00172,SALE,-172,48.0,-8256.0
1966,2026-02-01,20260201,P007,W02,BT00181,SALE,-139,48.0,-6672.0
1967,2026-02-01,20260201,P007,W03,BT00190,SALE,-142,48.0,-6816.0
1968,2026-02-01,20260201,P007,W04,BT00199,SALE,-114,48.0,-5472.0
1969,2026-02-01,20260201,P008,W01,BT00209,SALE,-110,66.0,-7260.0
1970,2026-02-01,20260201,P008,W02,BT00218,SALE,-118,66.0,-7788.0
1971,2026-02-01,20260201,P008,W03,BT00227,SALE,-80,66.0,-5280.0
1972,2026-02-01,20260201,P008,W04,BT00236,SALE,-78,66.0,-5148.0
1973,2026-02-01,20260201,P009,W01,BT00246,SALE,-265,22.0,-5830.0
1974,2026-02-01,20260201,P009,W02,BT00254,SALE,-246,22.0,-5412.0
1975,2026-02-01,20260201,P009,W03,BT00262,SALE,-194,22.0,-4268.0
1976,2026-02-01,20260201,P009,W04,BT00271,SALE,-128,22.0,-2816.0
1977,2026-02-01,20260201,P010,W01,BT00280,SALE,-184,19.0,-3496.0
1978,2026-02-01,20260201,P010,W02,BT00289,SALE,-172,19.0,-3268.0
1979,2026-02-01,20260201,P010,W03,BT00297,SALE,-145,19.0,-2755.0
1980,2026-02-01,20260201,P010,W04,BT00305,SALE,-38,19.0,-722.0
1981,2026-02-01,20260201,P011,W01,BT00315,SALE,-144,58.0,-8352.0
1982,2026-02-01,20260201,P011,W02,BT00323,SALE,-130,58.0,-7540.0
1983,2026-02-01,20260201,P011,W03,BT00331,SALE,-125,58.0,-7250.0
1984,2026-02-01,20260201,P011,W04,BT00340,SALE,-102,58.0,-5916.0
1985,2026-02-01,20260201,P012,W01,BT00350,SALE,-156,45.0,-7020.0
1986,2026-02-01,20260201,P012,W02,BT00358,SALE,-172,45.0,-7740.0
1987,2026-02-01,20260201,P012,W03,BT00367,SALE,-143,45.0,-6435.0
1988,2026-02-01,20260201,P012,W04,BT00377,SALE,-129,45.0,-5805.0
1989,2026-02-01,20260201,P013,W01,BT00387,SALE,-122,62.0,-7564.0
1990,2026-02-01,20260201,P013,W02,BT00395,SALE,-120,62.0,-7440.0
1991,2026-02-01,20260201,P013,W03,BT00403,SALE,-93,62.0,-5766.0
1992,2026-02-01,20260201,P013,W04,BT00412,SALE,-101,62.0,-6262.0
1993,2026-02-01,20260201,P014,W01,BT00421,SALE,-103,84.0,-8652.0
1994,2026-02-01,20260201,P014,W02,BT00427,SALE,-98,84.0,-8232.0
1995,2026-02-01,20260201,P014,W03,BT00434,SALE,-90,84.0,-7560.0
1996,2026-02-01,20260201,P014,W04,BT00438,SALE,-29,84.0,-2436.0
1997,2026-02-01,20260201,P015,W01,BT00443,SALE,-49,36.0,-1764.0
1998,2026-02-01,20260201,P015,W02,BT00448,SALE,-42,36.0,-1512.0
1999,2026-02-01,20260201,P015,W02,BT00449,SALE,-13,36.0,-468.0
2000,2026-02-01,20260201,P015,W03,BT00454,SALE,-35,36.0,-1260.0
2001,2026-02-01,20260201,P015,W04,BT00459,SALE,-36,36.0,-1296.0
2002,2026-02-01,20260201,P016,W01,BT00462,SALE,-13,88.0,-1144.0
2003,2026-02-01,20260201,P016,W01,BT00463,SALE,-37,88.0,-3256.0
2004,2026-02-01,20260201,P016,W02,BT00468,SALE,-58,88.0,-5104.0
2005,2026-02-01,20260201,P016,W03,BT00473,SALE,-42,88.0,-3696.0
2006,2026-02-01,20260201,P016,W04,BT00478,SALE,-44,88.0,-3872.0
2007,2026-02-01,20260201,P017,W01,BT00482,SALE,-15,95.0,-1425.0
2008,2026-02-01,20260201,P017,W02,BT00486,SALE,-30,95.0,-2850.0
2009,2026-02-01,20260201,P017,W03,BT00493,SALE,-15,95.0,-1425.0
2010,2026-02-01,20260201,P017,W04,BT00497,SALE,-15,95.0,-1425.0
2011,2026-02-01,20260201,P018,W01,BT00502,SALE,-92,72.0,-6624.0
2012,2026-02-01,20260201,P018,W02,BT00511,SALE,-81,72.0,-5832.0
2013,2026-02-01,20260201,P018,W03,BT00519,SALE,-63,72.0,-4536.0
2014,2026-02-01,20260201,P018,W04,BT00528,SALE,-67,72.0,-4824.0
2015,2026-02-01,20260201,P019,W01,BT00537,SALE,-19,210.0,-3990.0
2016,2026-02-01,20260201,P019,W02,BT00540,SALE,-21,210.0,-4410.0
2017,2026-02-01,20260201,P019,W03,BT00542,SALE,-14,210.0,-2940.0
2018,2026-02-01,20260201,P019,W04,BT00546,SALE,-10,210.0,-2100.0
2019,2026-02-01,20260201,P020,W01,BT00548,SALE,-85,42.0,-3570.0
2020,2026-02-01,20260201,P020,W02,BT00552,SALE,-87,42.0,-3654.0
2021,2026-02-01,20260201,P020,W03,BT00556,SALE,-82,42.0,-3444.0
2022,2026-02-01,20260201,P020,W04,BT00559,SALE,-60,42.0,-2520.0
2023,2026-02-02,20260202,P004,W02,BT00110,PURCHASE,1500,61.0,91500.0
2024,2026-02-03,20260203,P001,W01,BT00004,RETURN,48,18.5,888.0
2025,2026-02-04,20260204,P004,W01,BT00106,PURCHASE,1500,61.0,91500.0
2026,2026-02-04,20260204,P006,W03,BT00165,PURCHASE,1130,74.0,83620.0
2027,2026-02-04,20260204,P010,W01,BT00281,PURCHASE,1140,19.0,21660.0
2028,2026-02-04,20260204,P018,W01,BT00503,PURCHASE,520,72.0,37440.0
2029,2026-02-04,20260204,P010,W03,BT00297,RETURN,19,19.0,361.0
2030,2026-02-05,20260205,P010,W02,BT00290,PURCHASE,1240,19.0,23560.0
2031,2026-02-05,20260205,P012,W03,BT00368,PURCHASE,900,45.0,40500.0
2032,2026-02-05,20260205,P014,W04,BT00439,PURCHASE,800,84.0,67200.0
2033,2026-02-06,20260206,P010,W03,BT00298,PURCHASE,990,19.0,18810.0
2034,2026-02-07,20260207,P011,W04,BT00341,PURCHASE,440,58.0,25520.0
2035,2026-02-07,20260207,P002,W02,BT00056,RETURN,34,11.0,374.0
2036,2026-02-07,20260207,P005,W04,BT00149,RETURN,15,38.0,570.0
2037,2026-02-07,20260207,P007,W02,BT00181,RETURN,21,48.0,1008.0
2038,2026-02-07,20260207,P019,W03,BT00542,RETURN,3,210.0,630.0
2039,2026-02-08,20260208,P009,W03,BT00263,PURCHASE,1260,22.0,27720.0
2040,2026-02-08,20260208,P013,W01,BT00388,PURCHASE,730,62.0,45260.0
2041,2026-02-08,20260208,P018,W02,BT00512,PURCHASE,570,72.0,41040.0
2042,2026-02-08,20260208,P010,W02,BT00289,RETURN,19,19.0,361.0
2043,2026-02-08,20260208,P001,W01,BT00004,SALE,-303,18.5,-5605.5
2044,2026-02-08,20260208,P001,W02,BT00014,SALE,-359,18.5,-6641.5
2045,2026-02-08,20260208,P001,W03,BT00024,SALE,-61,18.5,-1128.5
2046,2026-02-08,20260208,P001,W03,BT00025,SALE,-178,18.5,-3293.0
2047,2026-02-08,20260208,P001,W04,BT00035,SALE,-204,18.5,-3774.0
2048,2026-02-08,20260208,P002,W01,BT00047,SALE,-213,11.0,-2343.0
2049,2026-02-08,20260208,P002,W02,BT00056,SALE,-177,11.0,-1947.0
2050,2026-02-08,20260208,P002,W03,BT00065,SALE,-169,11.0,-1859.0
2051,2026-02-08,20260208,P002,W04,BT00075,SALE,-137,11.0,-1507.0
2052,2026-02-08,20260208,P003,W01,BT00085,SALE,-142,52.0,-7384.0
2053,2026-02-08,20260208,P003,W02,BT00091,SALE,-148,52.0,-7696.0
2054,2026-02-08,20260208,P003,W03,BT00097,SALE,-107,52.0,-5564.0
2055,2026-02-08,20260208,P003,W04,BT00101,SALE,-101,52.0,-5252.0
2056,2026-02-08,20260208,P004,W01,BT00105,SALE,-45,61.0,-2745.0
2057,2026-02-08,20260208,P004,W01,BT00106,SALE,-67,61.0,-4087.0
2058,2026-02-08,20260208,P004,W02,BT00110,SALE,-108,61.0,-6588.0
2059,2026-02-08,20260208,P004,W03,BT00113,SALE,-82,61.0,-5002.0
2060,2026-02-08,20260208,P004,W04,BT00117,SALE,-72,61.0,-4392.0
2061,2026-02-08,20260208,P005,W01,BT00122,SALE,-122,38.0,-4636.0
2062,2026-02-08,20260208,P005,W02,BT00131,SALE,-91,38.0,-3458.0
2063,2026-02-08,20260208,P005,W03,BT00140,SALE,-82,38.0,-3116.0
2064,2026-02-08,20260208,P005,W04,BT00149,SALE,-67,38.0,-2546.0
2065,2026-02-08,20260208,P006,W01,BT00158,SALE,-27,74.0,-1998.0
2066,2026-02-08,20260208,P006,W02,BT00161,SALE,-18,74.0,-1332.0
2067,2026-02-08,20260208,P006,W03,BT00164,SALE,-26,74.0,-1924.0
2068,2026-02-08,20260208,P006,W04,BT00167,SALE,-12,74.0,-888.0
2069,2026-02-08,20260208,P007,W01,BT00172,SALE,-158,48.0,-7584.0
2070,2026-02-08,20260208,P007,W02,BT00181,SALE,-144,48.0,-6912.0
2071,2026-02-08,20260208,P007,W03,BT00190,SALE,-142,48.0,-6816.0
2072,2026-02-08,20260208,P007,W04,BT00199,SALE,-127,48.0,-6096.0
2073,2026-02-08,20260208,P008,W01,BT00209,SALE,-116,66.0,-7656.0
2074,2026-02-08,20260208,P008,W02,BT00218,SALE,-123,66.0,-8118.0
2075,2026-02-08,20260208,P008,W03,BT00227,SALE,-74,66.0,-4884.0
2076,2026-02-08,20260208,P008,W04,BT00236,SALE,-34,66.0,-2244.0
2077,2026-02-08,20260208,P009,W01,BT00246,SALE,-209,22.0,-4598.0
2078,2026-02-08,20260208,P009,W02,BT00254,SALE,-244,22.0,-5368.0
2079,2026-02-08,20260208,P009,W03,BT00262,SALE,-194,22.0,-4268.0
2080,2026-02-08,20260208,P009,W04,BT00271,SALE,-157,22.0,-3454.0
2081,2026-02-08,20260208,P010,W01,BT00280,SALE,-145,19.0,-2755.0
2082,2026-02-08,20260208,P010,W02,BT00289,SALE,-200,19.0,-3800.0
2083,2026-02-08,20260208,P010,W03,BT00297,SALE,-122,19.0,-2318.0
2084,2026-02-08,20260208,P011,W01,BT00315,SALE,-144,58.0,-8352.0
2085,2026-02-08,20260208,P011,W02,BT00323,SALE,-154,58.0,-8932.0
2086,2026-02-08,20260208,P011,W03,BT00331,SALE,-115,58.0,-6670.0
2087,2026-02-08,20260208,P011,W04,BT00340,SALE,-2,58.0,-116.0
2088,2026-02-08,20260208,P011,W04,BT00341,SALE,-22,58.0,-1276.0
2089,2026-02-08,20260208,P012,W01,BT00350,SALE,-171,45.0,-7695.0
2090,2026-02-08,20260208,P012,W02,BT00358,SALE,-151,45.0,-6795.0
2091,2026-02-08,20260208,P012,W03,BT00367,SALE,-148,45.0,-6660.0
2092,2026-02-08,20260208,P012,W04,BT00377,SALE,-125,45.0,-5625.0
2093,2026-02-08,20260208,P013,W01,BT00387,SALE,-103,62.0,-6386.0
2094,2026-02-08,20260208,P013,W02,BT00395,SALE,-130,62.0,-8060.0
2095,2026-02-08,20260208,P013,W03,BT00403,SALE,-96,62.0,-5952.0
2096,2026-02-08,20260208,P013,W04,BT00412,SALE,-80,62.0,-4960.0
2097,2026-02-08,20260208,P014,W01,BT00421,SALE,-91,84.0,-7644.0
2098,2026-02-08,20260208,P014,W02,BT00427,SALE,-102,84.0,-8568.0
2099,2026-02-08,20260208,P014,W03,BT00434,SALE,-84,84.0,-7056.0
2100,2026-02-08,20260208,P014,W04,BT00439,SALE,-37,84.0,-3108.0
2101,2026-02-08,20260208,P015,W01,BT00443,SALE,-37,36.0,-1332.0
2102,2026-02-08,20260208,P015,W02,BT00449,SALE,-51,36.0,-1836.0
2103,2026-02-08,20260208,P015,W03,BT00454,SALE,-39,36.0,-1404.0
2104,2026-02-08,20260208,P015,W04,BT00459,SALE,-27,36.0,-972.0
2105,2026-02-08,20260208,P016,W01,BT00462,SALE,-25,88.0,-2200.0
2106,2026-02-08,20260208,P016,W01,BT00464,SALE,-30,88.0,-2640.0
2107,2026-02-08,20260208,P016,W02,BT00468,SALE,-56,88.0,-4928.0
2108,2026-02-08,20260208,P016,W03,BT00473,SALE,-50,88.0,-4400.0
2109,2026-02-08,20260208,P016,W04,BT00478,SALE,-38,88.0,-3344.0
2110,2026-02-08,20260208,P017,W01,BT00482,SALE,-14,95.0,-1330.0
2111,2026-02-08,20260208,P017,W02,BT00486,SALE,-24,95.0,-2280.0
2112,2026-02-08,20260208,P017,W03,BT00493,SALE,-13,95.0,-1235.0
2113,2026-02-08,20260208,P017,W04,BT00497,SALE,-10,95.0,-950.0
2114,2026-02-08,20260208,P018,W01,BT00502,SALE,-28,72.0,-2016.0
2115,2026-02-08,20260208,P018,W01,BT00503,SALE,-63,72.0,-4536.0
2116,2026-02-08,20260208,P018,W02,BT00511,SALE,-89,72.0,-6408.0
2117,2026-02-08,20260208,P018,W03,BT00519,SALE,-83,72.0,-5976.0
2118,2026-02-08,20260208,P018,W04,BT00528,SALE,-46,72.0,-3312.0
2119,2026-02-08,20260208,P019,W01,BT00537,SALE,-15,210.0,-3150.0
2120,2026-02-08,20260208,P019,W02,BT00540,SALE,-19,210.0,-3990.0
2121,2026-02-08,20260208,P019,W03,BT00542,SALE,-21,210.0,-4410.0
2122,2026-02-08,20260208,P019,W04,BT00546,SALE,-11,210.0,-2310.0
2123,2026-02-08,20260208,P020,W01,BT00548,SALE,-90,42.0,-3780.0
2124,2026-02-08,20260208,P020,W02,BT00552,SALE,-92,42.0,-3864.0
2125,2026-02-08,20260208,P020,W03,BT00556,SALE,-56,42.0,-2352.0
2126,2026-02-08,20260208,P020,W04,BT00559,SALE,-57,42.0,-2394.0
2127,2026-02-09,20260209,P010,W04,BT00306,PURCHASE,570,19.0,10830.0
2128,2026-02-09,20260209,P017,W02,BT00486,SALE,-6,95.0,-570.0
2129,2026-02-10,20260210,P006,W04,BT00168,PURCHASE,960,74.0,71040.0
2130,2026-02-10,20260210,P001,W02,BT00014,RETURN,76,18.5,1406.0
2131,2026-02-10,20260210,P013,W03,BT00403,RETURN,20,62.0,1240.0
2132,2026-02-10,20260210,P015,W01,BT00443,RETURN,7,36.0,252.0
2133,2026-02-10,20260210,P017,W02,BT00486,EXPIRED,-260,95.0,-24700.0
2134,2026-02-11,20260211,P006,W02,BT00162,PURCHASE,1340,74.0,99160.0
2135,2026-02-11,20260211,P008,W03,BT00228,PURCHASE,450,66.0,29700.0
2136,2026-02-11,20260211,P011,W03,BT00332,PURCHASE,770,58.0,44660.0
2137,2026-02-11,20260211,P013,W03,BT00404,PURCHASE,630,62.0,39060.0
2138,2026-02-11,20260211,P011,W01,BT00315,RETURN,36,58.0,2088.0
2139,2026-02-11,20260211,P014,W01,BT00421,RETURN,15,84.0,1260.0
2140,2026-02-12,20260212,P011,W01,BT00316,PURCHASE,880,58.0,51040.0
2141,2026-02-12,20260212,P003,W04,BT00101,RETURN,17,52.0,884.0
2142,2026-02-13,20260213,P007,W01,BT00173,PURCHASE,780,48.0,37440.0
2143,2026-02-13,20260213,P007,W02,BT00182,PURCHASE,850,48.0,40800.0
2144,2026-02-13,20260213,P008,W04,BT00237,PURCHASE,260,66.0,17160.0
2145,2026-02-13,20260213,P009,W02,BT00255,PURCHASE,1580,22.0,34760.0
2146,2026-02-13,20260213,P004,W04,BT00117,RETURN,11,61.0,671.0
2147,2026-02-13,20260213,P014,W02,BT00427,RETURN,20,84.0,1680.0
2148,2026-02-14,20260214,P011,W02,BT00324,PURCHASE,960,58.0,55680.0
2149,2026-02-14,20260214,P012,W01,BT00351,PURCHASE,1040,45.0,46800.0
2150,2026-02-14,20260214,P012,W02,BT00359,PURCHASE,1130,45.0,50850.0
2151,2026-02-14,20260214,P013,W02,BT00396,PURCHASE,790,62.0,48980.0
2152,2026-02-14,20260214,P020,W02,BT00553,PURCHASE,1400,42.0,58800.0
2153,2026-02-15,20260215,P003,W04,BT00102,PURCHASE,1300,52.0,67600.0
2154,2026-02-15,20260215,P009,W01,BT00247,PURCHASE,1450,22.0,31900.0
2155,2026-02-15,20260215,P018,W03,BT00520,PURCHASE,450,72.0,32400.0
2156,2026-02-15,20260215,P001,W04,BT00035,RETURN,39,18.5,721.5
2157,2026-02-15,20260215,P004,W01,BT00105,RETURN,10,61.0,610.0
2158,2026-02-15,20260215,P011,W04,BT00340,RETURN,1,58.0,58.0
2159,2026-02-15,20260215,P001,W01,BT00004,SALE,-311,18.5,-5753.5
2160,2026-02-15,20260215,P001,W02,BT00014,SALE,-313,18.5,-5790.5
2161,2026-02-15,20260215,P001,W03,BT00025,SALE,-240,18.5,-4440.0
2162,2026-02-15,20260215,P001,W04,BT00035,SALE,-210,18.5,-3885.0
2163,2026-02-15,20260215,P002,W01,BT00047,SALE,-197,11.0,-2167.0
2164,2026-02-15,20260215,P002,W02,BT00056,SALE,-185,11.0,-2035.0
2165,2026-02-15,20260215,P002,W03,BT00065,SALE,-162,11.0,-1782.0
2166,2026-02-15,20260215,P002,W04,BT00075,SALE,-139,11.0,-1529.0
2167,2026-02-15,20260215,P003,W01,BT00085,SALE,-161,52.0,-8372.0
2168,2026-02-15,20260215,P003,W02,BT00091,SALE,-133,52.0,-6916.0
2169,2026-02-15,20260215,P003,W03,BT00097,SALE,-109,52.0,-5668.0
2170,2026-02-15,20260215,P003,W04,BT00101,SALE,-18,52.0,-936.0
2171,2026-02-15,20260215,P003,W04,BT00102,SALE,-3,52.0,-156.0
2172,2026-02-15,20260215,P004,W01,BT00105,SALE,-10,61.0,-610.0
2173,2026-02-15,20260215,P004,W01,BT00106,SALE,-104,61.0,-6344.0
2174,2026-02-15,20260215,P004,W02,BT00110,SALE,-109,61.0,-6649.0
2175,2026-02-15,20260215,P004,W03,BT00113,SALE,-88,61.0,-5368.0
2176,2026-02-15,20260215,P004,W04,BT00117,SALE,-56,61.0,-3416.0
2177,2026-02-15,20260215,P005,W01,BT00122,SALE,-90,38.0,-3420.0
2178,2026-02-15,20260215,P005,W02,BT00131,SALE,-110,38.0,-4180.0
2179,2026-02-15,20260215,P005,W03,BT00140,SALE,-91,38.0,-3458.0
2180,2026-02-15,20260215,P005,W04,BT00149,SALE,-74,38.0,-2812.0
2181,2026-02-15,20260215,P006,W01,BT00158,SALE,-31,74.0,-2294.0
2182,2026-02-15,20260215,P006,W02,BT00161,SALE,-26,74.0,-1924.0
2183,2026-02-15,20260215,P006,W03,BT00164,SALE,-23,74.0,-1702.0
2184,2026-02-15,20260215,P006,W04,BT00167,SALE,-16,74.0,-1184.0
2185,2026-02-15,20260215,P007,W01,BT00172,SALE,-143,48.0,-6864.0
2186,2026-02-15,20260215,P007,W02,BT00181,SALE,-158,48.0,-7584.0
2187,2026-02-15,20260215,P007,W03,BT00190,SALE,-145,48.0,-6960.0
2188,2026-02-15,20260215,P007,W04,BT00199,SALE,-40,48.0,-1920.0
2189,2026-02-15,20260215,P008,W01,BT00209,SALE,-100,66.0,-6600.0
2190,2026-02-15,20260215,P008,W02,BT00218,SALE,-95,66.0,-6270.0
2191,2026-02-15,20260215,P008,W03,BT00227,SALE,-83,66.0,-5478.0
2192,2026-02-15,20260215,P008,W03,BT00228,SALE,-19,66.0,-1254.0
2193,2026-02-15,20260215,P008,W04,BT00237,SALE,-37,66.0,-2442.0
2194,2026-02-15,20260215,P009,W01,BT00246,SALE,-237,22.0,-5214.0
2195,2026-02-15,20260215,P009,W02,BT00254,SALE,-133,22.0,-2926.0
2196,2026-02-15,20260215,P009,W02,BT00255,SALE,-99,22.0,-2178.0
2197,2026-02-15,20260215,P009,W03,BT00262,SALE,-149,22.0,-3278.0
2198,2026-02-15,20260215,P009,W03,BT00263,SALE,-45,22.0,-990.0
2199,2026-02-15,20260215,P009,W04,BT00271,SALE,-162,22.0,-3564.0
2200,2026-02-15,20260215,P010,W01,BT00280,SALE,-2,19.0,-38.0
2201,2026-02-15,20260215,P010,W01,BT00281,SALE,-173,19.0,-3287.0
2202,2026-02-15,20260215,P010,W02,BT00289,SALE,-122,19.0,-2318.0
2203,2026-02-15,20260215,P010,W02,BT00290,SALE,-81,19.0,-1539.0
2204,2026-02-15,20260215,P010,W03,BT00297,SALE,-133,19.0,-2527.0
2205,2026-02-15,20260215,P010,W03,BT00298,SALE,-9,19.0,-171.0
2206,2026-02-15,20260215,P010,W04,BT00306,SALE,-139,19.0,-2641.0
2207,2026-02-15,20260215,P011,W01,BT00315,SALE,-122,58.0,-7076.0
2208,2026-02-15,20260215,P011,W02,BT00323,SALE,-127,58.0,-7366.0
2209,2026-02-15,20260215,P011,W02,BT00324,SALE,-40,58.0,-2320.0
2210,2026-02-15,20260215,P011,W03,BT00331,SALE,-125,58.0,-7250.0
2211,2026-02-15,20260215,P011,W04,BT00341,SALE,-96,58.0,-5568.0
2212,2026-02-15,20260215,P012,W01,BT00350,SALE,-138,45.0,-6210.0
2213,2026-02-15,20260215,P012,W02,BT00358,SALE,-157,45.0,-7065.0
2214,2026-02-15,20260215,P012,W02,BT00359,SALE,-46,45.0,-2070.0
2215,2026-02-15,20260215,P012,W03,BT00367,SALE,-24,45.0,-1080.0
2216,2026-02-15,20260215,P012,W03,BT00368,SALE,-98,45.0,-4410.0
2217,2026-02-15,20260215,P012,W04,BT00377,SALE,-116,45.0,-5220.0
2218,2026-02-15,20260215,P013,W01,BT00387,SALE,-96,62.0,-5952.0
2219,2026-02-15,20260215,P013,W01,BT00388,SALE,-19,62.0,-1178.0
2220,2026-02-15,20260215,P013,W02,BT00395,SALE,-94,62.0,-5828.0
2221,2026-02-15,20260215,P013,W02,BT00396,SALE,-37,62.0,-2294.0
2222,2026-02-15,20260215,P013,W03,BT00403,SALE,-92,62.0,-5704.0
2223,2026-02-15,20260215,P013,W04,BT00412,SALE,-88,62.0,-5456.0
2224,2026-02-15,20260215,P014,W01,BT00421,SALE,-81,84.0,-6804.0
2225,2026-02-15,20260215,P014,W02,BT00427,SALE,-84,84.0,-7056.0
2226,2026-02-15,20260215,P014,W03,BT00434,SALE,-81,84.0,-6804.0
2227,2026-02-15,20260215,P014,W04,BT00439,SALE,-76,84.0,-6384.0
2228,2026-02-15,20260215,P015,W01,BT00442,SALE,-31,36.0,-1116.0
2229,2026-02-15,20260215,P015,W01,BT00443,SALE,-29,36.0,-1044.0
2230,2026-02-15,20260215,P015,W02,BT00449,SALE,-44,36.0,-1584.0
2231,2026-02-15,20260215,P015,W03,BT00454,SALE,-51,36.0,-1836.0
2232,2026-02-15,20260215,P015,W04,BT00459,SALE,-35,36.0,-1260.0
2233,2026-02-15,20260215,P016,W01,BT00464,SALE,-66,88.0,-5808.0
2234,2026-02-15,20260215,P016,W02,BT00468,SALE,-4,88.0,-352.0
2235,2026-02-15,20260215,P016,W02,BT00469,SALE,-64,88.0,-5632.0
2236,2026-02-15,20260215,P016,W03,BT00473,SALE,-50,88.0,-4400.0
2237,2026-02-15,20260215,P016,W04,BT00478,SALE,-39,88.0,-3432.0
2238,2026-02-15,20260215,P017,W01,BT00482,SALE,-15,95.0,-1425.0
2239,2026-02-15,20260215,P017,W03,BT00493,SALE,-10,95.0,-950.0
2240,2026-02-15,20260215,P017,W04,BT00497,SALE,-13,95.0,-1235.0
2241,2026-02-15,20260215,P018,W01,BT00503,SALE,-72,72.0,-5184.0
2242,2026-02-15,20260215,P018,W02,BT00511,SALE,-80,72.0,-5760.0
2243,2026-02-15,20260215,P018,W02,BT00512,SALE,-4,72.0,-288.0
2244,2026-02-15,20260215,P018,W03,BT00519,SALE,-67,72.0,-4824.0
2245,2026-02-15,20260215,P018,W03,BT00520,SALE,-7,72.0,-504.0
2246,2026-02-15,20260215,P018,W04,BT00528,SALE,-62,72.0,-4464.0
2247,2026-02-15,20260215,P019,W01,BT00537,SALE,-17,210.0,-3570.0
2248,2026-02-15,20260215,P019,W02,BT00540,SALE,-26,210.0,-5460.0
2249,2026-02-15,20260215,P019,W03,BT00542,SALE,-11,210.0,-2310.0
2250,2026-02-15,20260215,P019,W04,BT00546,SALE,-7,210.0,-1470.0
2251,2026-02-15,20260215,P020,W01,BT00548,SALE,-87,42.0,-3654.0
2252,2026-02-15,20260215,P020,W02,BT00552,SALE,-77,42.0,-3234.0
2253,2026-02-15,20260215,P020,W03,BT00556,SALE,-73,42.0,-3066.0
2254,2026-02-15,20260215,P020,W04,BT00559,SALE,-58,42.0,-2436.0
2255,2026-02-16,20260216,P015,W01,BT00444,PURCHASE,600,36.0,21600.0
2256,2026-02-16,20260216,P002,W03,BT00065,RETURN,28,11.0,308.0
2257,2026-02-17,20260217,P001,W04,BT00036,PURCHASE,870,18.5,16095.0
2258,2026-02-17,20260217,P008,W01,BT00210,PURCHASE,520,66.0,34320.0
2259,2026-02-17,20260217,P008,W02,BT00219,PURCHASE,570,66.0,37620.0
2260,2026-02-17,20260217,P006,W04,BT00167,RETURN,3,74.0,222.0
2261,2026-02-17,20260217,P007,W03,BT00190,RETURN,29,48.0,1392.0
2262,2026-02-17,20260217,P016,W02,BT00469,RETURN,9,88.0,792.0
2263,2026-02-17,20260217,P016,W03,BT00473,RETURN,8,88.0,704.0
2264,2026-02-18,20260218,P002,W02,BT00057,PURCHASE,1020,11.0,11220.0
2265,2026-02-18,20260218,P012,W04,BT00378,PURCHASE,510,45.0,22950.0
2266,2026-02-18,20260218,P011,W01,BT00315,RETURN,17,58.0,986.0
2267,2026-02-19,20260219,P007,W03,BT00191,PURCHASE,680,48.0,32640.0
2268,2026-02-19,20260219,P016,W03,BT00474,PURCHASE,700,88.0,61600.0
2269,2026-02-19,20260219,P010,W02,BT00290,RETURN,18,19.0,342.0
2270,2026-02-19,20260219,P014,W02,BT00427,RETURN,15,84.0,1260.0
2271,2026-02-20,20260220,P017,W02,BT00487,PURCHASE,500,95.0,47500.0
2272,2026-02-20,20260220,P003,W03,BT00097,RETURN,22,52.0,1144.0
2273,2026-02-21,20260221,P002,W03,BT00066,PURCHASE,810,11.0,8910.0
2274,2026-02-21,20260221,P001,W02,BT00014,RETURN,69,18.5,1276.5
2275,2026-02-21,20260221,P005,W04,BT00149,RETURN,15,38.0,570.0
2276,2026-02-21,20260221,P011,W03,BT00331,RETURN,13,58.0,754.0
2277,2026-02-22,20260222,P013,W02,BT00395,RETURN,10,62.0,620.0
2278,2026-02-22,20260222,P014,W01,BT00421,RETURN,19,84.0,1596.0
2279,2026-02-22,20260222,P018,W03,BT00520,RETURN,2,72.0,144.0
2280,2026-02-22,20260222,P001,W01,BT00004,SALE,-289,18.5,-5346.5
2281,2026-02-22,20260222,P001,W02,BT00014,SALE,-325,18.5,-6012.5
2282,2026-02-22,20260222,P001,W03,BT00025,SALE,-256,18.5,-4736.0
2283,2026-02-22,20260222,P001,W04,BT00035,SALE,-32,18.5,-592.0
2284,2026-02-22,20260222,P001,W04,BT00036,SALE,-184,18.5,-3404.0
2285,2026-02-22,20260222,P002,W01,BT00047,SALE,-186,11.0,-2046.0
2286,2026-02-22,20260222,P002,W02,BT00056,SALE,-166,11.0,-1826.0
2287,2026-02-22,20260222,P002,W02,BT00057,SALE,-42,11.0,-462.0
2288,2026-02-22,20260222,P002,W03,BT00065,SALE,-159,11.0,-1749.0
2289,2026-02-22,20260222,P002,W04,BT00075,SALE,-81,11.0,-891.0
2290,2026-02-22,20260222,P003,W01,BT00085,SALE,-134,52.0,-6968.0
2291,2026-02-22,20260222,P003,W02,BT00091,SALE,-125,52.0,-6500.0
2292,2026-02-22,20260222,P003,W03,BT00097,SALE,-124,52.0,-6448.0
2293,2026-02-22,20260222,P003,W04,BT00102,SALE,-81,52.0,-4212.0
2294,2026-02-22,20260222,P004,W01,BT00106,SALE,-96,61.0,-5856.0
2295,2026-02-22,20260222,P004,W02,BT00110,SALE,-114,61.0,-6954.0
2296,2026-02-22,20260222,P004,W03,BT00113,SALE,-97,61.0,-5917.0
2297,2026-02-22,20260222,P004,W04,BT00117,SALE,-83,61.0,-5063.0
2298,2026-02-22,20260222,P005,W01,BT00122,SALE,-97,38.0,-3686.0
2299,2026-02-22,20260222,P005,W02,BT00131,SALE,-107,38.0,-4066.0
2300,2026-02-22,20260222,P005,W03,BT00140,SALE,-84,38.0,-3192.0
2301,2026-02-22,20260222,P005,W04,BT00149,SALE,-75,38.0,-2850.0
2302,2026-02-22,20260222,P006,W01,BT00158,SALE,-26,74.0,-1924.0
2303,2026-02-22,20260222,P006,W02,BT00161,SALE,-27,74.0,-1998.0
2304,2026-02-22,20260222,P006,W03,BT00164,SALE,-21,74.0,-1554.0
2305,2026-02-22,20260222,P006,W04,BT00167,SALE,-12,74.0,-888.0
2306,2026-02-22,20260222,P007,W01,BT00172,SALE,-14,48.0,-672.0
2307,2026-02-22,20260222,P007,W01,BT00173,SALE,-138,48.0,-6624.0
2308,2026-02-22,20260222,P007,W02,BT00181,SALE,-15,48.0,-720.0
2309,2026-02-22,20260222,P007,W02,BT00182,SALE,-147,48.0,-7056.0
2310,2026-02-22,20260222,P007,W03,BT00189,SALE,-46,48.0,-2208.0
2311,2026-02-22,20260222,P007,W03,BT00190,SALE,-80,48.0,-3840.0
2312,2026-02-22,20260222,P007,W03,BT00191,SALE,-8,48.0,-384.0
2313,2026-02-22,20260222,P008,W01,BT00209,SALE,-53,66.0,-3498.0
2314,2026-02-22,20260222,P008,W01,BT00210,SALE,-48,66.0,-3168.0
2315,2026-02-22,20260222,P008,W02,BT00219,SALE,-107,66.0,-7062.0
2316,2026-02-22,20260222,P008,W03,BT00228,SALE,-101,66.0,-6666.0
2317,2026-02-22,20260222,P008,W04,BT00237,SALE,-67,66.0,-4422.0
2318,2026-02-22,20260222,P009,W01,BT00246,SALE,-148,22.0,-3256.0
2319,2026-02-22,20260222,P009,W01,BT00247,SALE,-77,22.0,-1694.0
2320,2026-02-22,20260222,P009,W02,BT00255,SALE,-271,22.0,-5962.0
2321,2026-02-22,20260222,P009,W03,BT00263,SALE,-182,22.0,-4004.0
2322,2026-02-22,20260222,P009,W04,BT00271,SALE,-156,22.0,-3432.0
2323,2026-02-22,20260222,P010,W01,BT00281,SALE,-187,19.0,-3553.0
2324,2026-02-22,20260222,P010,W02,BT00290,SALE,-192,19.0,-3648.0
2325,2026-02-22,20260222,P010,W03,BT00298,SALE,-157,19.0,-2983.0
2326,2026-02-22,20260222,P010,W04,BT00306,SALE,-128,19.0,-2432.0
2327,2026-02-22,20260222,P011,W01,BT00315,SALE,-89,58.0,-5162.0
2328,2026-02-22,20260222,P011,W01,BT00316,SALE,-23,58.0,-1334.0
2329,2026-02-22,20260222,P011,W02,BT00324,SALE,-147,58.0,-8526.0
2330,2026-02-22,20260222,P011,W03,BT00331,SALE,-17,58.0,-986.0
2331,2026-02-22,20260222,P011,W03,BT00332,SALE,-117,58.0,-6786.0
2332,2026-02-22,20260222,P011,W04,BT00341,SALE,-97,58.0,-5626.0
2333,2026-02-22,20260222,P012,W01,BT00350,SALE,-94,45.0,-4230.0
2334,2026-02-22,20260222,P012,W01,BT00351,SALE,-69,45.0,-3105.0
2335,2026-02-22,20260222,P012,W02,BT00359,SALE,-157,45.0,-7065.0
2336,2026-02-22,20260222,P012,W03,BT00368,SALE,-132,45.0,-5940.0
2337,2026-02-22,20260222,P012,W04,BT00377,SALE,-42,45.0,-1890.0
2338,2026-02-22,20260222,P012,W04,BT00378,SALE,-82,45.0,-3690.0
2339,2026-02-22,20260222,P013,W01,BT00388,SALE,-115,62.0,-7130.0
2340,2026-02-22,20260222,P013,W02,BT00396,SALE,-111,62.0,-6882.0
2341,2026-02-22,20260222,P013,W03,BT00403,SALE,-45,62.0,-2790.0
2342,2026-02-22,20260222,P013,W03,BT00404,SALE,-47,62.0,-2914.0
2343,2026-02-22,20260222,P013,W04,BT00412,SALE,-78,62.0,-4836.0
2344,2026-02-22,20260222,P014,W01,BT00421,SALE,-101,84.0,-8484.0
2345,2026-02-22,20260222,P014,W02,BT00427,SALE,-97,84.0,-8148.0
2346,2026-02-22,20260222,P014,W03,BT00434,SALE,-91,84.0,-7644.0
2347,2026-02-22,20260222,P014,W04,BT00439,SALE,-78,84.0,-6552.0
2348,2026-02-22,20260222,P015,W01,BT00442,SALE,-46,36.0,-1656.0
2349,2026-02-22,20260222,P015,W02,BT00449,SALE,-52,36.0,-1872.0
2350,2026-02-22,20260222,P015,W03,BT00454,SALE,-46,36.0,-1656.0
2351,2026-02-22,20260222,P015,W04,BT00459,SALE,-32,36.0,-1152.0
2352,2026-02-22,20260222,P016,W01,BT00464,SALE,-46,88.0,-4048.0
2353,2026-02-22,20260222,P016,W02,BT00469,SALE,-55,88.0,-4840.0
2354,2026-02-22,20260222,P016,W03,BT00473,SALE,-56,88.0,-4928.0
2355,2026-02-22,20260222,P016,W04,BT00478,SALE,-46,88.0,-4048.0
2356,2026-02-22,20260222,P017,W01,BT00482,SALE,-12,95.0,-1140.0
2357,2026-02-22,20260222,P017,W02,BT00487,SALE,-10,95.0,-950.0
2358,2026-02-22,20260222,P017,W03,BT00493,SALE,-19,95.0,-1805.0
2359,2026-02-22,20260222,P017,W04,BT00497,SALE,-15,95.0,-1425.0
2360,2026-02-22,20260222,P018,W01,BT00503,SALE,-70,72.0,-5040.0
2361,2026-02-22,20260222,P018,W02,BT00512,SALE,-88,72.0,-6336.0
2362,2026-02-22,20260222,P018,W03,BT00520,SALE,-72,72.0,-5184.0
2363,2026-02-22,20260222,P018,W04,BT00528,SALE,-60,72.0,-4320.0
2364,2026-02-22,20260222,P019,W01,BT00537,SALE,-11,210.0,-2310.0
2365,2026-02-22,20260222,P019,W02,BT00540,SALE,-20,210.0,-4200.0
2366,2026-02-22,20260222,P019,W03,BT00542,SALE,-15,210.0,-3150.0
2367,2026-02-22,20260222,P019,W04,BT00546,SALE,-11,210.0,-2310.0
2368,2026-02-22,20260222,P020,W01,BT00548,SALE,-97,42.0,-4074.0
2369,2026-02-22,20260222,P020,W02,BT00552,SALE,-31,42.0,-1302.0
2370,2026-02-22,20260222,P020,W02,BT00553,SALE,-49,42.0,-2058.0
2371,2026-02-22,20260222,P020,W03,BT00556,SALE,-72,42.0,-3024.0
2372,2026-02-22,20260222,P020,W04,BT00559,SALE,-62,42.0,-2604.0
2373,2026-02-23,20260223,P011,W02,BT00324,RETURN,30,58.0,1740.0
2374,2026-02-24,20260224,P005,W01,BT00123,PURCHASE,780,38.0,29640.0
2375,2026-02-24,20260224,P014,W01,BT00422,PURCHASE,800,84.0,67200.0
2376,2026-02-24,20260224,P015,W03,BT00455,PURCHASE,600,36.0,21600.0
2377,2026-02-24,20260224,P015,W03,BT00454,RETURN,6,36.0,216.0
2378,2026-02-24,20260224,P017,W03,BT00493,RETURN,3,95.0,285.0
2379,2026-02-25,20260225,P002,W04,BT00076,PURCHASE,460,11.0,5060.0
2380,2026-02-25,20260225,P007,W04,BT00200,PURCHASE,390,48.0,18720.0
2381,2026-02-25,20260225,P014,W02,BT00428,PURCHASE,800,84.0,67200.0
2382,2026-02-25,20260225,P012,W04,BT00377,RETURN,4,45.0,180.0
2383,2026-02-26,20260226,P020,W01,BT00549,PURCHASE,1400,42.0,58800.0
2384,2026-02-26,20260226,P001,W04,BT00035,RETURN,6,18.5,111.0
2385,2026-02-27,20260227,P005,W02,BT00132,PURCHASE,850,38.0,32300.0
2386,2026-02-27,20260227,P002,W01,BT00047,RETURN,24,11.0,264.0
2387,2026-02-27,20260227,P002,W04,BT00075,RETURN,10,11.0,110.0
2388,2026-02-27,20260227,P005,W02,BT00131,RETURN,22,38.0,836.0
2389,2026-02-27,20260227,P006,W02,BT00161,RETURN,3,74.0,222.0
2390,2026-02-27,20260227,P016,W01,BT00464,RETURN,10,88.0,880.0
2391,2026-02-28,20260228,P009,W04,BT00272,PURCHASE,720,22.0,15840.0
2392,2026-03-01,20260301,P018,W04,BT00529,PURCHASE,260,72.0,18720.0
2393,2026-03-01,20260301,P001,W01,BT00004,SALE,-328,18.5,-6068.0
2394,2026-03-01,20260301,P001,W02,BT00014,SALE,-299,18.5,-5531.5
2395,2026-03-01,20260301,P001,W03,BT00025,SALE,-235,18.5,-4347.5
2396,2026-03-01,20260301,P001,W04,BT00036,SALE,-210,18.5,-3885.0
2397,2026-03-01,20260301,P002,W01,BT00047,SALE,-41,11.0,-451.0
2398,2026-03-01,20260301,P002,W02,BT00057,SALE,-197,11.0,-2167.0
2399,2026-03-01,20260301,P002,W03,BT00065,SALE,-2,11.0,-22.0
2400,2026-03-01,20260301,P002,W03,BT00066,SALE,-189,11.0,-2079.0
2401,2026-03-01,20260301,P002,W04,BT00076,SALE,-92,11.0,-1012.0
2402,2026-03-01,20260301,P003,W01,BT00085,SALE,-117,52.0,-6084.0
2403,2026-03-01,20260301,P003,W02,BT00091,SALE,-144,52.0,-7488.0
2404,2026-03-01,20260301,P003,W03,BT00097,SALE,-133,52.0,-6916.0
2405,2026-03-01,20260301,P003,W04,BT00102,SALE,-100,52.0,-5200.0
2406,2026-03-01,20260301,P004,W01,BT00106,SALE,-111,61.0,-6771.0
2407,2026-03-01,20260301,P004,W02,BT00110,SALE,-116,61.0,-7076.0
2408,2026-03-01,20260301,P004,W03,BT00112,SALE,-1,61.0,-61.0
2409,2026-03-01,20260301,P004,W03,BT00113,SALE,-92,61.0,-5612.0
2410,2026-03-01,20260301,P004,W04,BT00117,SALE,-61,61.0,-3721.0
2411,2026-03-01,20260301,P005,W01,BT00122,SALE,-95,38.0,-3610.0
2412,2026-03-01,20260301,P005,W02,BT00131,SALE,-104,38.0,-3952.0
2413,2026-03-01,20260301,P005,W03,BT00140,SALE,-88,38.0,-3344.0
2414,2026-03-01,20260301,P005,W04,BT00149,SALE,-86,38.0,-3268.0
2415,2026-03-01,20260301,P006,W01,BT00158,SALE,-21,74.0,-1554.0
2416,2026-03-01,20260301,P006,W02,BT00161,SALE,-34,74.0,-2516.0
2417,2026-03-01,20260301,P006,W03,BT00164,SALE,-27,74.0,-1998.0
2418,2026-03-01,20260301,P006,W04,BT00167,SALE,-12,74.0,-888.0
2419,2026-03-01,20260301,P007,W01,BT00173,SALE,-141,48.0,-6768.0
2420,2026-03-01,20260301,P007,W02,BT00182,SALE,-170,48.0,-8160.0
2421,2026-03-01,20260301,P007,W03,BT00191,SALE,-110,48.0,-5280.0
2422,2026-03-01,20260301,P007,W04,BT00200,SALE,-79,48.0,-3792.0
2423,2026-03-01,20260301,P008,W01,BT00210,SALE,-98,66.0,-6468.0
2424,2026-03-01,20260301,P008,W02,BT00219,SALE,-102,66.0,-6732.0
2425,2026-03-01,20260301,P008,W03,BT00228,SALE,-72,66.0,-4752.0
2426,2026-03-01,20260301,P008,W04,BT00237,SALE,-77,66.0,-5082.0
2427,2026-03-01,20260301,P009,W01,BT00247,SALE,-231,22.0,-5082.0
2428,2026-03-01,20260301,P009,W02,BT00255,SALE,-225,22.0,-4950.0
2429,2026-03-01,20260301,P009,W03,BT00263,SALE,-186,22.0,-4092.0
2430,2026-03-01,20260301,P009,W04,BT00271,SALE,-117,22.0,-2574.0
2431,2026-03-01,20260301,P009,W04,BT00272,SALE,-50,22.0,-1100.0
2432,2026-03-01,20260301,P010,W01,BT00281,SALE,-191,19.0,-3629.0
2433,2026-03-01,20260301,P010,W02,BT00290,SALE,-185,19.0,-3515.0
2434,2026-03-01,20260301,P010,W03,BT00298,SALE,-163,19.0,-3097.0
2435,2026-03-01,20260301,P010,W04,BT00306,SALE,-140,19.0,-2660.0
2436,2026-03-01,20260301,P011,W01,BT00316,SALE,-137,58.0,-7946.0
2437,2026-03-01,20260301,P011,W02,BT00324,SALE,-170,58.0,-9860.0
2438,2026-03-01,20260301,P011,W03,BT00332,SALE,-136,58.0,-7888.0
2439,2026-03-01,20260301,P011,W04,BT00341,SALE,-106,58.0,-6148.0
2440,2026-03-01,20260301,P012,W01,BT00351,SALE,-151,45.0,-6795.0
2441,2026-03-01,20260301,P012,W02,BT00359,SALE,-181,45.0,-8145.0
2442,2026-03-01,20260301,P012,W03,BT00368,SALE,-144,45.0,-6480.0
2443,2026-03-01,20260301,P012,W04,BT00377,SALE,-4,45.0,-180.0
2444,2026-03-01,20260301,P012,W04,BT00378,SALE,-105,45.0,-4725.0
2445,2026-03-01,20260301,P013,W01,BT00388,SALE,-106,62.0,-6572.0
2446,2026-03-01,20260301,P013,W02,BT00396,SALE,-103,62.0,-6386.0
2447,2026-03-01,20260301,P013,W03,BT00404,SALE,-101,62.0,-6262.0
2448,2026-03-01,20260301,P013,W04,BT00412,SALE,-5,62.0,-310.0
2449,2026-03-01,20260301,P014,W01,BT00421,SALE,-51,84.0,-4284.0
2450,2026-03-01,20260301,P014,W01,BT00422,SALE,-31,84.0,-2604.0
2451,2026-03-01,20260301,P014,W02,BT00427,SALE,-4,84.0,-336.0
2452,2026-03-01,20260301,P014,W02,BT00428,SALE,-77,84.0,-6468.0
2453,2026-03-01,20260301,P014,W03,BT00434,SALE,-64,84.0,-5376.0
2454,2026-03-01,20260301,P014,W04,BT00439,SALE,-54,84.0,-4536.0
2455,2026-03-01,20260301,P015,W01,BT00442,SALE,-4,36.0,-144.0
2456,2026-03-01,20260301,P015,W01,BT00444,SALE,-40,36.0,-1440.0
2457,2026-03-01,20260301,P015,W02,BT00449,SALE,-45,36.0,-1620.0
2458,2026-03-01,20260301,P015,W03,BT00454,SALE,-24,36.0,-864.0
2459,2026-03-01,20260301,P015,W03,BT00455,SALE,-26,36.0,-936.0
2460,2026-03-01,20260301,P015,W04,BT00459,SALE,-31,36.0,-1116.0
2461,2026-03-01,20260301,P016,W01,BT00464,SALE,-70,88.0,-6160.0
2462,2026-03-01,20260301,P016,W02,BT00469,SALE,-68,88.0,-5984.0
2463,2026-03-01,20260301,P016,W03,BT00473,SALE,-11,88.0,-968.0
2464,2026-03-01,20260301,P016,W03,BT00474,SALE,-38,88.0,-3344.0
2465,2026-03-01,20260301,P016,W04,BT00478,SALE,-35,88.0,-3080.0
2466,2026-03-01,20260301,P017,W01,BT00482,SALE,-16,95.0,-1520.0
2467,2026-03-01,20260301,P017,W02,BT00487,SALE,-13,95.0,-1235.0
2468,2026-03-01,20260301,P017,W03,BT00493,SALE,-16,95.0,-1520.0
2469,2026-03-01,20260301,P017,W04,BT00497,SALE,-15,95.0,-1425.0
2470,2026-03-01,20260301,P018,W01,BT00503,SALE,-79,72.0,-5688.0
2471,2026-03-01,20260301,P018,W02,BT00512,SALE,-77,72.0,-5544.0
2472,2026-03-01,20260301,P018,W03,BT00520,SALE,-67,72.0,-4824.0
2473,2026-03-01,20260301,P018,W04,BT00528,SALE,-20,72.0,-1440.0
2474,2026-03-01,20260301,P018,W04,BT00529,SALE,-4,72.0,-288.0
2475,2026-03-01,20260301,P019,W01,BT00537,SALE,-15,210.0,-3150.0
2476,2026-03-01,20260301,P019,W02,BT00540,SALE,-15,210.0,-3150.0
2477,2026-03-01,20260301,P019,W03,BT00542,SALE,-13,210.0,-2730.0
2478,2026-03-01,20260301,P019,W04,BT00546,SALE,-15,210.0,-3150.0
2479,2026-03-01,20260301,P020,W01,BT00548,SALE,-49,42.0,-2058.0
2480,2026-03-01,20260301,P020,W01,BT00549,SALE,-33,42.0,-1386.0
2481,2026-03-01,20260301,P020,W02,BT00553,SALE,-88,42.0,-3696.0
2482,2026-03-01,20260301,P020,W03,BT00556,SALE,-63,42.0,-2646.0
2483,2026-03-01,20260301,P020,W04,BT00559,SALE,-55,42.0,-2310.0
2484,2026-03-02,20260302,P002,W01,BT00048,PURCHASE,940,11.0,10340.0
2485,2026-03-02,20260302,P004,W02,BT00110,RETURN,15,61.0,915.0
2486,2026-03-03,20260303,P004,W03,BT00114,PURCHASE,1500,61.0,91500.0
2487,2026-03-03,20260303,P001,W01,BT00004,RETURN,33,18.5,610.5
2488,2026-03-05,20260305,P003,W02,BT00092,PURCHASE,1300,52.0,67600.0
2489,2026-03-05,20260305,P011,W03,BT00332,RETURN,16,58.0,928.0
2490,2026-03-05,20260305,P014,W01,BT00421,RETURN,7,84.0,588.0
2491,2026-03-06,20260306,P009,W04,BT00271,RETURN,14,22.0,308.0
2492,2026-03-06,20260306,P011,W04,BT00341,RETURN,15,58.0,870.0
2493,2026-03-08,20260308,P005,W04,BT00150,PURCHASE,390,38.0,14820.0
2494,2026-03-08,20260308,P008,W01,BT00210,RETURN,18,66.0,1188.0
2495,2026-03-08,20260308,P013,W02,BT00396,RETURN,18,62.0,1116.0
2496,2026-03-08,20260308,P001,W01,BT00004,SALE,-271,18.5,-5013.5
2497,2026-03-08,20260308,P001,W02,BT00014,SALE,-315,18.5,-5827.5
2498,2026-03-08,20260308,P001,W03,BT00025,SALE,-226,18.5,-4181.0
2499,2026-03-08,20260308,P001,W04,BT00036,SALE,-196,18.5,-3626.0
2500,2026-03-08,20260308,P002,W01,BT00048,SALE,-154,11.0,-1694.0
2501,2026-03-08,20260308,P002,W02,BT00057,SALE,-158,11.0,-1738.0
2502,2026-03-08,20260308,P002,W03,BT00066,SALE,-136,11.0,-1496.0
2503,2026-03-08,20260308,P002,W04,BT00076,SALE,-115,11.0,-1265.0
2504,2026-03-08,20260308,P003,W01,BT00085,SALE,-132,52.0,-6864.0
2505,2026-03-08,20260308,P003,W02,BT00091,SALE,-113,52.0,-5876.0
2506,2026-03-08,20260308,P003,W02,BT00092,SALE,-2,52.0,-104.0
2507,2026-03-08,20260308,P003,W03,BT00097,SALE,-95,52.0,-4940.0
2508,2026-03-08,20260308,P003,W04,BT00102,SALE,-78,52.0,-4056.0
2509,2026-03-08,20260308,P004,W01,BT00106,SALE,-83,61.0,-5063.0
2510,2026-03-08,20260308,P004,W02,BT00110,SALE,-101,61.0,-6161.0
2511,2026-03-08,20260308,P004,W03,BT00112,SALE,-55,61.0,-3355.0
2512,2026-03-08,20260308,P004,W03,BT00114,SALE,-21,61.0,-1281.0
2513,2026-03-08,20260308,P004,W04,BT00117,SALE,-64,61.0,-3904.0
2514,2026-03-08,20260308,P005,W01,BT00122,SALE,-81,38.0,-3078.0
2515,2026-03-08,20260308,P005,W01,BT00123,SALE,-37,38.0,-1406.0
2516,2026-03-08,20260308,P005,W02,BT00131,SALE,-117,38.0,-4446.0
2517,2026-03-08,20260308,P005,W03,BT00140,SALE,-109,38.0,-4142.0
2518,2026-03-08,20260308,P005,W04,BT00148,SALE,-42,38.0,-1596.0
2519,2026-03-08,20260308,P005,W04,BT00149,SALE,-31,38.0,-1178.0
2520,2026-03-08,20260308,P005,W04,BT00150,SALE,-7,38.0,-266.0
2521,2026-03-08,20260308,P006,W01,BT00158,SALE,-16,74.0,-1184.0
2522,2026-03-08,20260308,P006,W01,BT00159,SALE,-4,74.0,-296.0
2523,2026-03-08,20260308,P006,W02,BT00161,SALE,-2,74.0,-148.0
2524,2026-03-08,20260308,P006,W02,BT00162,SALE,-25,74.0,-1850.0
2525,2026-03-08,20260308,P006,W03,BT00164,SALE,-20,74.0,-1480.0
2526,2026-03-08,20260308,P006,W04,BT00167,SALE,-12,74.0,-888.0
2527,2026-03-08,20260308,P007,W01,BT00173,SALE,-137,48.0,-6576.0
2528,2026-03-08,20260308,P007,W02,BT00182,SALE,-146,48.0,-7008.0
2529,2026-03-08,20260308,P007,W03,BT00191,SALE,-115,48.0,-5520.0
2530,2026-03-08,20260308,P007,W04,BT00200,SALE,-107,48.0,-5136.0
2531,2026-03-08,20260308,P008,W01,BT00210,SALE,-87,66.0,-5742.0
2532,2026-03-08,20260308,P008,W02,BT00219,SALE,-94,66.0,-6204.0
2533,2026-03-08,20260308,P008,W03,BT00228,SALE,-76,66.0,-5016.0
2534,2026-03-08,20260308,P008,W04,BT00237,SALE,-68,66.0,-4488.0
2535,2026-03-08,20260308,P009,W01,BT00247,SALE,-212,22.0,-4664.0
2536,2026-03-08,20260308,P009,W02,BT00255,SALE,-271,22.0,-5962.0
2537,2026-03-08,20260308,P009,W03,BT00263,SALE,-192,22.0,-4224.0
2538,2026-03-08,20260308,P009,W04,BT00272,SALE,-182,22.0,-4004.0
2539,2026-03-08,20260308,P010,W01,BT00281,SALE,-177,19.0,-3363.0
2540,2026-03-08,20260308,P010,W02,BT00290,SALE,-191,19.0,-3629.0
2541,2026-03-08,20260308,P010,W03,BT00298,SALE,-153,19.0,-2907.0
2542,2026-03-08,20260308,P010,W04,BT00306,SALE,-136,19.0,-2584.0
2543,2026-03-08,20260308,P011,W01,BT00316,SALE,-143,58.0,-8294.0
2544,2026-03-08,20260308,P011,W02,BT00324,SALE,-159,58.0,-9222.0
2545,2026-03-08,20260308,P011,W03,BT00332,SALE,-125,58.0,-7250.0
2546,2026-03-08,20260308,P011,W04,BT00341,SALE,-88,58.0,-5104.0
2547,2026-03-08,20260308,P012,W01,BT00351,SALE,-169,45.0,-7605.0
2548,2026-03-08,20260308,P012,W02,BT00359,SALE,-164,45.0,-7380.0
2549,2026-03-08,20260308,P012,W03,BT00368,SALE,-115,45.0,-5175.0
2550,2026-03-08,20260308,P012,W04,BT00378,SALE,-116,45.0,-5220.0
2551,2026-03-08,20260308,P013,W01,BT00388,SALE,-104,62.0,-6448.0
2552,2026-03-08,20260308,P013,W02,BT00396,SALE,-142,62.0,-8804.0
2553,2026-03-08,20260308,P013,W03,BT00404,SALE,-108,62.0,-6696.0
2554,2026-03-08,20260308,P014,W01,BT00421,SALE,-7,84.0,-588.0
2555,2026-03-08,20260308,P014,W01,BT00422,SALE,-73,84.0,-6132.0
2556,2026-03-08,20260308,P014,W02,BT00428,SALE,-91,84.0,-7644.0
2557,2026-03-08,20260308,P014,W03,BT00434,SALE,-55,84.0,-4620.0
2558,2026-03-08,20260308,P014,W04,BT00439,SALE,-57,84.0,-4788.0
2559,2026-03-08,20260308,P015,W01,BT00444,SALE,-60,36.0,-2160.0
2560,2026-03-08,20260308,P015,W02,BT00449,SALE,-50,36.0,-1800.0
2561,2026-03-08,20260308,P015,W03,BT00455,SALE,-49,36.0,-1764.0
2562,2026-03-08,20260308,P015,W04,BT00459,SALE,-20,36.0,-720.0
2563,2026-03-08,20260308,P016,W01,BT00464,SALE,-52,88.0,-4576.0
2564,2026-03-08,20260308,P016,W02,BT00469,SALE,-66,88.0,-5808.0
2565,2026-03-08,20260308,P016,W03,BT00474,SALE,-52,88.0,-4576.0
2566,2026-03-08,20260308,P016,W04,BT00478,SALE,-43,88.0,-3784.0
2567,2026-03-08,20260308,P017,W01,BT00482,SALE,-11,95.0,-1045.0
2568,2026-03-08,20260308,P017,W02,BT00487,SALE,-21,95.0,-1995.0
2569,2026-03-08,20260308,P017,W03,BT00493,SALE,-12,95.0,-1140.0
2570,2026-03-08,20260308,P017,W04,BT00497,SALE,-16,95.0,-1520.0
2571,2026-03-08,20260308,P018,W01,BT00503,SALE,-94,72.0,-6768.0
2572,2026-03-08,20260308,P018,W02,BT00512,SALE,-103,72.0,-7416.0
2573,2026-03-08,20260308,P018,W03,BT00520,SALE,-59,72.0,-4248.0
2574,2026-03-08,20260308,P018,W04,BT00529,SALE,-69,72.0,-4968.0
2575,2026-03-08,20260308,P019,W01,BT00537,SALE,-11,210.0,-2310.0
2576,2026-03-08,20260308,P019,W02,BT00540,SALE,-22,210.0,-4620.0
2577,2026-03-08,20260308,P019,W03,BT00542,SALE,-18,210.0,-3780.0
2578,2026-03-08,20260308,P019,W04,BT00546,SALE,-8,210.0,-1680.0
2579,2026-03-08,20260308,P020,W01,BT00549,SALE,-56,42.0,-2352.0
2580,2026-03-08,20260308,P020,W02,BT00553,SALE,-83,42.0,-3486.0
2581,2026-03-08,20260308,P020,W03,BT00556,SALE,-64,42.0,-2688.0
2582,2026-03-08,20260308,P020,W04,BT00559,SALE,-55,42.0,-2310.0
2583,2026-03-09,20260309,P005,W03,BT00141,PURCHASE,680,38.0,25840.0
2584,2026-03-09,20260309,P003,W03,BT00097,RETURN,24,52.0,1248.0
2585,2026-03-09,20260309,P004,W03,BT00114,RETURN,3,61.0,183.0
2586,2026-03-09,20260309,P010,W02,BT00290,RETURN,33,19.0,627.0
2587,2026-03-10,20260310,P013,W04,BT00413,PURCHASE,360,62.0,22320.0
2588,2026-03-10,20260310,P009,W02,BT00255,RETURN,40,22.0,880.0
2589,2026-03-10,20260310,P013,W03,BT00404,RETURN,18,62.0,1116.0
2590,2026-03-11,20260311,P001,W02,BT00015,PURCHASE,1920,18.5,35520.0
2591,2026-03-11,20260311,P006,W01,BT00159,RETURN,1,74.0,74.0
2592,2026-03-12,20260312,P005,W04,BT00149,RETURN,4,38.0,152.0
2593,2026-03-12,20260312,P011,W01,BT00316,RETURN,32,58.0,1856.0
2594,2026-03-13,20260313,P001,W01,BT00005,PURCHASE,1760,18.5,32560.0
2595,2026-03-13,20260313,P010,W04,BT00307,PURCHASE,570,19.0,10830.0
2596,2026-03-13,20260313,P011,W04,BT00342,PURCHASE,440,58.0,25520.0
2597,2026-03-13,20260313,P002,W04,BT00076,RETURN,15,11.0,165.0
2598,2026-03-13,20260313,P004,W01,BT00106,RETURN,13,61.0,793.0
2599,2026-03-14,20260314,P012,W03,BT00368,RETURN,26,45.0,1170.0
2600,2026-03-14,20260314,P017,W04,BT00497,SALE,-10,95.0,-950.0
2601,2026-03-15,20260315,P008,W04,BT00238,PURCHASE,260,66.0,17160.0
2602,2026-03-15,20260315,P014,W03,BT00434,RETURN,8,84.0,672.0
2603,2026-03-15,20260315,P001,W01,BT00003,SALE,-171,18.5,-3163.5
2604,2026-03-15,20260315,P001,W01,BT00004,SALE,-89,18.5,-1646.5
2605,2026-03-15,20260315,P001,W02,BT00013,SALE,-76,18.5,-1406.0
2606,2026-03-15,20260315,P001,W02,BT00014,SALE,-232,18.5,-4292.0
2607,2026-03-15,20260315,P001,W03,BT00025,SALE,-236,18.5,-4366.0
2608,2026-03-15,20260315,P001,W04,BT00036,SALE,-204,18.5,-3774.0
2609,2026-03-15,20260315,P002,W01,BT00048,SALE,-157,11.0,-1727.0
2610,2026-03-15,20260315,P002,W02,BT00057,SALE,-161,11.0,-1771.0
2611,2026-03-15,20260315,P002,W03,BT00066,SALE,-148,11.0,-1628.0
2612,2026-03-15,20260315,P002,W04,BT00076,SALE,-117,11.0,-1287.0
2613,2026-03-15,20260315,P003,W01,BT00085,SALE,-113,52.0,-5876.0
2614,2026-03-15,20260315,P003,W02,BT00092,SALE,-126,52.0,-6552.0
2615,2026-03-15,20260315,P003,W03,BT00097,SALE,-113,52.0,-5876.0
2616,2026-03-15,20260315,P003,W04,BT00102,SALE,-74,52.0,-3848.0
2617,2026-03-15,20260315,P004,W01,BT00106,SALE,-107,61.0,-6527.0
2618,2026-03-15,20260315,P004,W02,BT00110,SALE,-75,61.0,-4575.0
2619,2026-03-15,20260315,P004,W03,BT00114,SALE,-68,61.0,-4148.0
2620,2026-03-15,20260315,P004,W04,BT00117,SALE,-74,61.0,-4514.0
2621,2026-03-15,20260315,P005,W01,BT00123,SALE,-142,38.0,-5396.0
2622,2026-03-15,20260315,P005,W02,BT00131,SALE,-9,38.0,-342.0
2623,2026-03-15,20260315,P005,W02,BT00132,SALE,-123,38.0,-4674.0
2624,2026-03-15,20260315,P005,W03,BT00140,SALE,-102,38.0,-3876.0
2625,2026-03-15,20260315,P005,W04,BT00149,SALE,-4,38.0,-152.0
2626,2026-03-15,20260315,P005,W04,BT00150,SALE,-85,38.0,-3230.0
2627,2026-03-15,20260315,P006,W01,BT00159,SALE,-27,74.0,-1998.0
2628,2026-03-15,20260315,P006,W02,BT00162,SALE,-25,74.0,-1850.0
2629,2026-03-15,20260315,P006,W03,BT00164,SALE,-22,74.0,-1628.0
2630,2026-03-15,20260315,P006,W04,BT00167,SALE,-18,74.0,-1332.0
2631,2026-03-15,20260315,P007,W01,BT00173,SALE,-127,48.0,-6096.0
2632,2026-03-15,20260315,P007,W02,BT00182,SALE,-134,48.0,-6432.0
2633,2026-03-15,20260315,P007,W03,BT00191,SALE,-112,48.0,-5376.0
2634,2026-03-15,20260315,P007,W04,BT00200,SALE,-94,48.0,-4512.0
2635,2026-03-15,20260315,P008,W01,BT00210,SALE,-69,66.0,-4554.0
2636,2026-03-15,20260315,P008,W02,BT00219,SALE,-108,66.0,-7128.0
2637,2026-03-15,20260315,P008,W03,BT00228,SALE,-78,66.0,-5148.0
2638,2026-03-15,20260315,P008,W04,BT00237,SALE,-11,66.0,-726.0
2639,2026-03-15,20260315,P008,W04,BT00238,SALE,-6,66.0,-396.0
2640,2026-03-15,20260315,P009,W01,BT00247,SALE,-239,22.0,-5258.0
2641,2026-03-15,20260315,P009,W02,BT00255,SALE,-275,22.0,-6050.0
2642,2026-03-15,20260315,P009,W03,BT00263,SALE,-199,22.0,-4378.0
2643,2026-03-15,20260315,P009,W04,BT00272,SALE,-160,22.0,-3520.0
2644,2026-03-15,20260315,P010,W01,BT00281,SALE,-162,19.0,-3078.0
2645,2026-03-15,20260315,P010,W02,BT00290,SALE,-186,19.0,-3534.0
2646,2026-03-15,20260315,P010,W03,BT00298,SALE,-158,19.0,-3002.0
2647,2026-03-15,20260315,P010,W04,BT00306,SALE,-27,19.0,-513.0
2648,2026-03-15,20260315,P010,W04,BT00307,SALE,-42,19.0,-798.0
2649,2026-03-15,20260315,P011,W01,BT00316,SALE,-118,58.0,-6844.0
2650,2026-03-15,20260315,P011,W02,BT00324,SALE,-148,58.0,-8584.0
2651,2026-03-15,20260315,P011,W03,BT00332,SALE,-107,58.0,-6206.0
2652,2026-03-15,20260315,P011,W04,BT00340,SALE,-1,58.0,-58.0
2653,2026-03-15,20260315,P011,W04,BT00341,SALE,-46,58.0,-2668.0
2654,2026-03-15,20260315,P011,W04,BT00342,SALE,-45,58.0,-2610.0
2655,2026-03-15,20260315,P012,W01,BT00351,SALE,-167,45.0,-7515.0
2656,2026-03-15,20260315,P012,W02,BT00359,SALE,-184,45.0,-8280.0
2657,2026-03-15,20260315,P012,W03,BT00368,SALE,-149,45.0,-6705.0
2658,2026-03-15,20260315,P012,W04,BT00378,SALE,-138,45.0,-6210.0
2659,2026-03-15,20260315,P013,W01,BT00388,SALE,-113,62.0,-7006.0
2660,2026-03-15,20260315,P013,W02,BT00396,SALE,-99,62.0,-6138.0
2661,2026-03-15,20260315,P013,W03,BT00404,SALE,-118,62.0,-7316.0
2662,2026-03-15,20260315,P013,W04,BT00413,SALE,-92,62.0,-5704.0
2663,2026-03-15,20260315,P014,W01,BT00422,SALE,-79,84.0,-6636.0
2664,2026-03-15,20260315,P014,W02,BT00428,SALE,-80,84.0,-6720.0
2665,2026-03-15,20260315,P014,W03,BT00434,SALE,-66,84.0,-5544.0
2666,2026-03-15,20260315,P014,W04,BT00439,SALE,-89,84.0,-7476.0
2667,2026-03-15,20260315,P015,W01,BT00444,SALE,-37,36.0,-1332.0
2668,2026-03-15,20260315,P015,W02,BT00449,SALE,-52,36.0,-1872.0
2669,2026-03-15,20260315,P015,W03,BT00455,SALE,-42,36.0,-1512.0
2670,2026-03-15,20260315,P015,W04,BT00459,SALE,-46,36.0,-1656.0
2671,2026-03-15,20260315,P016,W01,BT00464,SALE,-45,88.0,-3960.0
2672,2026-03-15,20260315,P016,W02,BT00469,SALE,-79,88.0,-6952.0
2673,2026-03-15,20260315,P016,W03,BT00474,SALE,-47,88.0,-4136.0
2674,2026-03-15,20260315,P016,W04,BT00478,SALE,-34,88.0,-2992.0
2675,2026-03-15,20260315,P017,W01,BT00482,SALE,-12,95.0,-1140.0
2676,2026-03-15,20260315,P017,W02,BT00487,SALE,-20,95.0,-1900.0
2677,2026-03-15,20260315,P017,W03,BT00493,SALE,-10,95.0,-950.0
2678,2026-03-15,20260315,P018,W01,BT00503,SALE,-90,72.0,-6480.0
2679,2026-03-15,20260315,P018,W02,BT00512,SALE,-99,72.0,-7128.0
2680,2026-03-15,20260315,P018,W03,BT00520,SALE,-67,72.0,-4824.0
2681,2026-03-15,20260315,P018,W04,BT00529,SALE,-58,72.0,-4176.0
2682,2026-03-15,20260315,P019,W01,BT00537,SALE,-14,210.0,-2940.0
2683,2026-03-15,20260315,P019,W02,BT00540,SALE,-18,210.0,-3780.0
2684,2026-03-15,20260315,P019,W03,BT00542,SALE,-15,210.0,-3150.0
2685,2026-03-15,20260315,P019,W04,BT00546,SALE,-13,210.0,-2730.0
2686,2026-03-15,20260315,P020,W01,BT00549,SALE,-80,42.0,-3360.0
2687,2026-03-15,20260315,P020,W02,BT00553,SALE,-79,42.0,-3318.0
2688,2026-03-15,20260315,P020,W03,BT00556,SALE,-55,42.0,-2310.0
2689,2026-03-15,20260315,P020,W04,BT00559,SALE,-45,42.0,-1890.0
2690,2026-03-15,20260315,P017,W04,BT00497,EXPIRED,-274,95.0,-26030.0
2691,2026-03-16,20260316,P001,W03,BT00026,PURCHASE,1530,18.5,28305.0
2692,2026-03-16,20260316,P018,W01,BT00503,RETURN,22,72.0,1584.0
2693,2026-03-16,20260316,P020,W04,BT00559,RETURN,7,42.0,294.0
2694,2026-03-17,20260317,P003,W01,BT00086,PURCHASE,1300,52.0,67600.0
2695,2026-03-17,20260317,P011,W04,BT00342,RETURN,11,58.0,638.0
2696,2026-03-18,20260318,P013,W03,BT00404,RETURN,28,62.0,1736.0
2697,2026-03-19,20260319,P008,W03,BT00229,PURCHASE,450,66.0,29700.0
2698,2026-03-19,20260319,P007,W03,BT00191,RETURN,18,48.0,864.0
2699,2026-03-19,20260319,P012,W03,BT00368,RETURN,36,45.0,1620.0
2700,2026-03-20,20260320,P015,W04,BT00460,PURCHASE,600,36.0,21600.0
2701,2026-03-20,20260320,P018,W01,BT00504,PURCHASE,520,72.0,37440.0
2702,2026-03-20,20260320,P004,W02,BT00110,RETURN,14,61.0,854.0
2703,2026-03-21,20260321,P001,W04,BT00037,PURCHASE,870,18.5,16095.0
2704,2026-03-21,20260321,P010,W01,BT00282,PURCHASE,1140,19.0,21660.0
2705,2026-03-21,20260321,P017,W02,BT00487,RETURN,2,95.0,190.0
2706,2026-03-22,20260322,P001,W04,BT00036,RETURN,46,18.5,851.0
2707,2026-03-22,20260322,P005,W04,BT00150,RETURN,15,38.0,570.0
2708,2026-03-22,20260322,P006,W04,BT00167,RETURN,3,74.0,222.0
2709,2026-03-22,20260322,P001,W01,BT00003,SALE,-102,18.5,-1887.0
2710,2026-03-22,20260322,P001,W01,BT00005,SALE,-154,18.5,-2849.0
2711,2026-03-22,20260322,P001,W02,BT00013,SALE,-88,18.5,-1628.0
2712,2026-03-22,20260322,P001,W02,BT00015,SALE,-169,18.5,-3126.5
2713,2026-03-22,20260322,P001,W03,BT00025,SALE,-159,18.5,-2941.5
2714,2026-03-22,20260322,P001,W03,BT00026,SALE,-56,18.5,-1036.0
2715,2026-03-22,20260322,P001,W04,BT00035,SALE,-101,18.5,-1868.5
2716,2026-03-22,20260322,P001,W04,BT00036,SALE,-91,18.5,-1683.5
2717,2026-03-22,20260322,P002,W01,BT00048,SALE,-163,11.0,-1793.0
2718,2026-03-22,20260322,P002,W02,BT00057,SALE,-172,11.0,-1892.0
2719,2026-03-22,20260322,P002,W03,BT00066,SALE,-136,11.0,-1496.0
2720,2026-03-22,20260322,P002,W04,BT00076,SALE,-117,11.0,-1287.0
2721,2026-03-22,20260322,P003,W01,BT00085,SALE,-59,52.0,-3068.0
2722,2026-03-22,20260322,P003,W01,BT00086,SALE,-63,52.0,-3276.0
2723,2026-03-22,20260322,P003,W02,BT00092,SALE,-101,52.0,-5252.0
2724,2026-03-22,20260322,P003,W03,BT00097,SALE,-120,52.0,-6240.0
2725,2026-03-22,20260322,P003,W04,BT00102,SALE,-82,52.0,-4264.0
2726,2026-03-22,20260322,P004,W01,BT00106,SALE,-91,61.0,-5551.0
2727,2026-03-22,20260322,P004,W02,BT00110,SALE,-99,61.0,-6039.0
2728,2026-03-22,20260322,P004,W03,BT00114,SALE,-67,61.0,-4087.0
2729,2026-03-22,20260322,P004,W04,BT00117,SALE,-67,61.0,-4087.0
2730,2026-03-22,20260322,P005,W01,BT00123,SALE,-133,38.0,-5054.0
2731,2026-03-22,20260322,P005,W02,BT00132,SALE,-126,38.0,-4788.0
2732,2026-03-22,20260322,P005,W03,BT00140,SALE,-4,38.0,-152.0
2733,2026-03-22,20260322,P005,W03,BT00141,SALE,-114,38.0,-4332.0
2734,2026-03-22,20260322,P005,W04,BT00150,SALE,-96,38.0,-3648.0
2735,2026-03-22,20260322,P006,W01,BT00159,SALE,-23,74.0,-1702.0
2736,2026-03-22,20260322,P006,W02,BT00162,SALE,-23,74.0,-1702.0
2737,2026-03-22,20260322,P006,W03,BT00164,SALE,-16,74.0,-1184.0
2738,2026-03-22,20260322,P006,W04,BT00167,SALE,-14,74.0,-1036.0
2739,2026-03-22,20260322,P007,W01,BT00173,SALE,-127,48.0,-6096.0
2740,2026-03-22,20260322,P007,W02,BT00182,SALE,-148,48.0,-7104.0
2741,2026-03-22,20260322,P007,W03,BT00191,SALE,-126,48.0,-6048.0
2742,2026-03-22,20260322,P007,W04,BT00200,SALE,-98,48.0,-4704.0
2743,2026-03-22,20260322,P008,W01,BT00210,SALE,-69,66.0,-4554.0
2744,2026-03-22,20260322,P008,W02,BT00219,SALE,-100,66.0,-6600.0
2745,2026-03-22,20260322,P008,W03,BT00228,SALE,-76,66.0,-5016.0
2746,2026-03-22,20260322,P008,W04,BT00238,SALE,-72,66.0,-4752.0
2747,2026-03-22,20260322,P009,W01,BT00247,SALE,-235,22.0,-5170.0
2748,2026-03-22,20260322,P009,W02,BT00255,SALE,-270,22.0,-5940.0
2749,2026-03-22,20260322,P009,W03,BT00263,SALE,-179,22.0,-3938.0
2750,2026-03-22,20260322,P009,W04,BT00272,SALE,-147,22.0,-3234.0
2751,2026-03-22,20260322,P010,W01,BT00281,SALE,-168,19.0,-3192.0
2752,2026-03-22,20260322,P010,W02,BT00290,SALE,-181,19.0,-3439.0
2753,2026-03-22,20260322,P010,W03,BT00298,SALE,-158,19.0,-3002.0
2754,2026-03-22,20260322,P010,W04,BT00307,SALE,-149,19.0,-2831.0
2755,2026-03-22,20260322,P011,W01,BT00316,SALE,-132,58.0,-7656.0
2756,2026-03-22,20260322,P011,W02,BT00324,SALE,-148,58.0,-8584.0
2757,2026-03-22,20260322,P011,W03,BT00332,SALE,-108,58.0,-6264.0
2758,2026-03-22,20260322,P011,W04,BT00342,SALE,-97,58.0,-5626.0
2759,2026-03-22,20260322,P012,W01,BT00351,SALE,-163,45.0,-7335.0
2760,2026-03-22,20260322,P012,W02,BT00359,SALE,-204,45.0,-9180.0
2761,2026-03-22,20260322,P012,W03,BT00368,SALE,-143,45.0,-6435.0
2762,2026-03-22,20260322,P012,W04,BT00378,SALE,-69,45.0,-3105.0
2763,2026-03-22,20260322,P013,W01,BT00388,SALE,-108,62.0,-6696.0
2764,2026-03-22,20260322,P013,W02,BT00396,SALE,-142,62.0,-8804.0
2765,2026-03-22,20260322,P013,W03,BT00404,SALE,-93,62.0,-5766.0
2766,2026-03-22,20260322,P013,W04,BT00413,SALE,-101,62.0,-6262.0
2767,2026-03-22,20260322,P014,W01,BT00422,SALE,-70,84.0,-5880.0
2768,2026-03-22,20260322,P014,W02,BT00428,SALE,-84,84.0,-7056.0
2769,2026-03-22,20260322,P014,W03,BT00434,SALE,-67,84.0,-5628.0
2770,2026-03-22,20260322,P014,W04,BT00439,SALE,-49,84.0,-4116.0
2771,2026-03-22,20260322,P015,W01,BT00444,SALE,-50,36.0,-1800.0
2772,2026-03-22,20260322,P015,W02,BT00449,SALE,-65,36.0,-2340.0
2773,2026-03-22,20260322,P015,W03,BT00455,SALE,-35,36.0,-1260.0
2774,2026-03-22,20260322,P015,W04,BT00459,SALE,-21,36.0,-756.0
2775,2026-03-22,20260322,P015,W04,BT00460,SALE,-21,36.0,-756.0
2776,2026-03-22,20260322,P016,W01,BT00464,SALE,-52,88.0,-4576.0
2777,2026-03-22,20260322,P016,W02,BT00469,SALE,-61,88.0,-5368.0
2778,2026-03-22,20260322,P016,W03,BT00474,SALE,-46,88.0,-4048.0
2779,2026-03-22,20260322,P016,W04,BT00478,SALE,-42,88.0,-3696.0
2780,2026-03-22,20260322,P017,W01,BT00482,SALE,-9,95.0,-855.0
2781,2026-03-22,20260322,P017,W02,BT00487,SALE,-11,95.0,-1045.0
2782,2026-03-22,20260322,P017,W03,BT00493,SALE,-11,95.0,-1045.0
2783,2026-03-22,20260322,P018,W01,BT00502,SALE,-14,72.0,-1008.0
2784,2026-03-22,20260322,P018,W01,BT00503,SALE,-74,72.0,-5328.0
2785,2026-03-22,20260322,P018,W02,BT00512,SALE,-93,72.0,-6696.0
2786,2026-03-22,20260322,P018,W03,BT00520,SALE,-55,72.0,-3960.0
2787,2026-03-22,20260322,P018,W04,BT00529,SALE,-54,72.0,-3888.0
2788,2026-03-22,20260322,P019,W01,BT00537,SALE,-9,210.0,-1890.0
2789,2026-03-22,20260322,P019,W02,BT00540,SALE,-18,210.0,-3780.0
2790,2026-03-22,20260322,P019,W03,BT00541,SALE,-3,210.0,-630.0
2791,2026-03-22,20260322,P019,W03,BT00542,SALE,-15,210.0,-3150.0
2792,2026-03-22,20260322,P019,W04,BT00546,SALE,-7,210.0,-1470.0
2793,2026-03-22,20260322,P020,W01,BT00549,SALE,-71,42.0,-2982.0
2794,2026-03-22,20260322,P020,W02,BT00553,SALE,-71,42.0,-2982.0
2795,2026-03-22,20260322,P020,W03,BT00556,SALE,-57,42.0,-2394.0
2796,2026-03-22,20260322,P020,W04,BT00559,SALE,-51,42.0,-2142.0
2797,2026-03-23,20260323,P007,W02,BT00183,PURCHASE,850,48.0,40800.0
2798,2026-03-23,20260323,P008,W02,BT00220,PURCHASE,570,66.0,37620.0
2799,2026-03-23,20260323,P012,W03,BT00369,PURCHASE,900,45.0,40500.0
2800,2026-03-23,20260323,P012,W04,BT00379,PURCHASE,510,45.0,22950.0
2801,2026-03-23,20260323,P015,W04,BT00460,RETURN,5,36.0,180.0
2802,2026-03-24,20260324,P007,W01,BT00174,PURCHASE,780,48.0,37440.0
2803,2026-03-24,20260324,P001,W02,BT00013,RETURN,11,18.5,203.5
2804,2026-03-24,20260324,P016,W03,BT00474,RETURN,7,88.0,616.0
2805,2026-03-24,20260324,P018,W01,BT00502,RETURN,3,72.0,216.0
2806,2026-03-24,20260324,P018,W01,BT00503,RETURN,9,72.0,648.0
2807,2026-03-25,20260325,P002,W04,BT00077,PURCHASE,460,11.0,5060.0
2808,2026-03-25,20260325,P009,W03,BT00264,PURCHASE,1260,22.0,27720.0
2809,2026-03-25,20260325,P012,W02,BT00360,PURCHASE,1130,45.0,50850.0
2810,2026-03-25,20260325,P008,W03,BT00228,RETURN,14,66.0,924.0
2811,2026-03-26,20260326,P011,W02,BT00325,PURCHASE,960,58.0,55680.0
2812,2026-03-26,20260326,P014,W03,BT00435,PURCHASE,800,84.0,67200.0
2813,2026-03-26,20260326,P016,W04,BT00479,PURCHASE,700,88.0,61600.0
2814,2026-03-26,20260326,P020,W03,BT00557,PURCHASE,1400,42.0,58800.0
2815,2026-03-26,20260326,P001,W04,BT00035,RETURN,23,18.5,425.5
2816,2026-03-26,20260326,P018,W02,BT00512,RETURN,20,72.0,1440.0
2817,2026-03-27,20260327,P010,W03,BT00299,PURCHASE,990,19.0,18810.0
2818,2026-03-27,20260327,P004,W03,BT00114,RETURN,8,61.0,488.0
2819,2026-03-28,20260328,P002,W02,BT00058,PURCHASE,1020,11.0,11220.0
2820,2026-03-28,20260328,P002,W03,BT00067,PURCHASE,810,11.0,8910.0
2821,2026-03-28,20260328,P004,W04,BT00118,PURCHASE,1500,61.0,91500.0
2822,2026-03-28,20260328,P013,W01,BT00389,PURCHASE,730,62.0,45260.0
2823,2026-03-28,20260328,P018,W02,BT00513,PURCHASE,570,72.0,41040.0
2824,2026-03-28,20260328,P011,W04,BT00342,RETURN,13,58.0,754.0
2825,2026-03-29,20260329,P011,W03,BT00333,PURCHASE,770,58.0,44660.0
2826,2026-03-29,20260329,P001,W01,BT00005,SALE,-278,18.5,-5143.0
2827,2026-03-29,20260329,P001,W02,BT00013,SALE,-11,18.5,-203.5
2828,2026-03-29,20260329,P001,W02,BT00015,SALE,-275,18.5,-5087.5
2829,2026-03-29,20260329,P001,W03,BT00026,SALE,-229,18.5,-4236.5
2830,2026-03-29,20260329,P001,W04,BT00035,SALE,-30,18.5,-555.0
2831,2026-03-29,20260329,P001,W04,BT00036,SALE,-31,18.5,-573.5
2832,2026-03-29,20260329,P001,W04,BT00037,SALE,-135,18.5,-2497.5
2833,2026-03-29,20260329,P002,W01,BT00048,SALE,-168,11.0,-1848.0
2834,2026-03-29,20260329,P002,W02,BT00057,SALE,-192,11.0,-2112.0
2835,2026-03-29,20260329,P002,W03,BT00066,SALE,-122,11.0,-1342.0
2836,2026-03-29,20260329,P002,W04,BT00075,SALE,-10,11.0,-110.0
2837,2026-03-29,20260329,P002,W04,BT00076,SALE,-34,11.0,-374.0
2838,2026-03-29,20260329,P002,W04,BT00077,SALE,-80,11.0,-880.0
2839,2026-03-29,20260329,P003,W01,BT00086,SALE,-120,52.0,-6240.0
2840,2026-03-29,20260329,P003,W02,BT00092,SALE,-99,52.0,-5148.0
2841,2026-03-29,20260329,P003,W03,BT00097,SALE,-88,52.0,-4576.0
2842,2026-03-29,20260329,P003,W04,BT00102,SALE,-75,52.0,-3900.0
2843,2026-03-29,20260329,P004,W01,BT00106,SALE,-114,61.0,-6954.0
2844,2026-03-29,20260329,P004,W02,BT00110,SALE,-89,61.0,-5429.0
2845,2026-03-29,20260329,P004,W03,BT00114,SALE,-72,61.0,-4392.0
2846,2026-03-29,20260329,P004,W04,BT00117,SALE,-6,61.0,-366.0
2847,2026-03-29,20260329,P004,W04,BT00118,SALE,-18,61.0,-1098.0
2848,2026-03-29,20260329,P005,W01,BT00123,SALE,-146,38.0,-5548.0
2849,2026-03-29,20260329,P005,W02,BT00132,SALE,-133,38.0,-5054.0
2850,2026-03-29,20260329,P005,W03,BT00141,SALE,-95,38.0,-3610.0
2851,2026-03-29,20260329,P005,W04,BT00150,SALE,-81,38.0,-3078.0
2852,2026-03-29,20260329,P006,W01,BT00159,SALE,-32,74.0,-2368.0
2853,2026-03-29,20260329,P006,W02,BT00162,SALE,-25,74.0,-1850.0
2854,2026-03-29,20260329,P006,W03,BT00164,SALE,-9,74.0,-666.0
2855,2026-03-29,20260329,P006,W03,BT00165,SALE,-11,74.0,-814.0
2856,2026-03-29,20260329,P006,W04,BT00167,SALE,-19,74.0,-1406.0
2857,2026-03-29,20260329,P007,W01,BT00173,SALE,-110,48.0,-5280.0
2858,2026-03-29,20260329,P007,W01,BT00174,SALE,-42,48.0,-2016.0
2859,2026-03-29,20260329,P007,W02,BT00182,SALE,-105,48.0,-5040.0
2860,2026-03-29,20260329,P007,W02,BT00183,SALE,-37,48.0,-1776.0
2861,2026-03-29,20260329,P007,W03,BT00191,SALE,-106,48.0,-5088.0
2862,2026-03-29,20260329,P007,W04,BT00200,SALE,-12,48.0,-576.0
2863,2026-03-29,20260329,P008,W01,BT00210,SALE,-75,66.0,-4950.0
2864,2026-03-29,20260329,P008,W02,BT00220,SALE,-88,66.0,-5808.0
2865,2026-03-29,20260329,P008,W03,BT00228,SALE,-42,66.0,-2772.0
2866,2026-03-29,20260329,P008,W03,BT00229,SALE,-37,66.0,-2442.0
2867,2026-03-29,20260329,P008,W04,BT00238,SALE,-59,66.0,-3894.0
2868,2026-03-29,20260329,P009,W01,BT00247,SALE,-239,22.0,-5258.0
2869,2026-03-29,20260329,P009,W02,BT00254,SALE,-45,22.0,-990.0
2870,2026-03-29,20260329,P009,W02,BT00255,SALE,-209,22.0,-4598.0
2871,2026-03-29,20260329,P009,W03,BT00263,SALE,-176,22.0,-3872.0
2872,2026-03-29,20260329,P009,W04,BT00272,SALE,-166,22.0,-3652.0
2873,2026-03-29,20260329,P010,W01,BT00281,SALE,-82,19.0,-1558.0
2874,2026-03-29,20260329,P010,W01,BT00282,SALE,-93,19.0,-1767.0
2875,2026-03-29,20260329,P010,W02,BT00290,SALE,-186,19.0,-3534.0
2876,2026-03-29,20260329,P010,W03,BT00298,SALE,-163,19.0,-3097.0
2877,2026-03-29,20260329,P010,W04,BT00307,SALE,-147,19.0,-2793.0
2878,2026-03-29,20260329,P011,W01,BT00316,SALE,-120,58.0,-6960.0
2879,2026-03-29,20260329,P011,W02,BT00324,SALE,-139,58.0,-8062.0
2880,2026-03-29,20260329,P011,W03,BT00332,SALE,-136,58.0,-7888.0
2881,2026-03-29,20260329,P011,W04,BT00342,SALE,-101,58.0,-5858.0
2882,2026-03-29,20260329,P012,W01,BT00351,SALE,-150,45.0,-6750.0
2883,2026-03-29,20260329,P012,W02,BT00359,SALE,-178,45.0,-8010.0
2884,2026-03-29,20260329,P012,W03,BT00368,SALE,-159,45.0,-7155.0
2885,2026-03-29,20260329,P012,W04,BT00379,SALE,-125,45.0,-5625.0
2886,2026-03-29,20260329,P013,W01,BT00388,SALE,-110,62.0,-6820.0
2887,2026-03-29,20260329,P013,W02,BT00396,SALE,-123,62.0,-7626.0
2888,2026-03-29,20260329,P013,W03,BT00404,SALE,-100,62.0,-6200.0
2889,2026-03-29,20260329,P013,W04,BT00413,SALE,-85,62.0,-5270.0
2890,2026-03-29,20260329,P014,W01,BT00422,SALE,-72,84.0,-6048.0
2891,2026-03-29,20260329,P014,W02,BT00428,SALE,-83,84.0,-6972.0
2892,2026-03-29,20260329,P014,W03,BT00434,SALE,-64,84.0,-5376.0
2893,2026-03-29,20260329,P014,W04,BT00439,SALE,-57,84.0,-4788.0
2894,2026-03-29,20260329,P015,W01,BT00444,SALE,-48,36.0,-1728.0
2895,2026-03-29,20260329,P015,W02,BT00449,SALE,-60,36.0,-2160.0
2896,2026-03-29,20260329,P015,W03,BT00455,SALE,-42,36.0,-1512.0
2897,2026-03-29,20260329,P015,W04,BT00460,SALE,-36,36.0,-1296.0
2898,2026-03-29,20260329,P016,W01,BT00464,SALE,-49,88.0,-4312.0
2899,2026-03-29,20260329,P016,W02,BT00469,SALE,-51,88.0,-4488.0
2900,2026-03-29,20260329,P016,W03,BT00474,SALE,-42,88.0,-3696.0
2901,2026-03-29,20260329,P016,W04,BT00479,SALE,-21,88.0,-1848.0
2902,2026-03-29,20260329,P017,W01,BT00482,SALE,-12,95.0,-1140.0
2903,2026-03-29,20260329,P017,W02,BT00487,SALE,-14,95.0,-1330.0
2904,2026-03-29,20260329,P017,W03,BT00493,SALE,-13,95.0,-1235.0
2905,2026-03-29,20260329,P018,W01,BT00502,SALE,-38,72.0,-2736.0
2906,2026-03-29,20260329,P018,W01,BT00503,SALE,-9,72.0,-648.0
2907,2026-03-29,20260329,P018,W01,BT00504,SALE,-35,72.0,-2520.0
2908,2026-03-29,20260329,P018,W02,BT00512,SALE,-94,72.0,-6768.0
2909,2026-03-29,20260329,P018,W03,BT00520,SALE,-73,72.0,-5256.0
2910,2026-03-29,20260329,P018,W04,BT00529,SALE,-66,72.0,-4752.0
2911,2026-03-29,20260329,P019,W01,BT00537,SALE,-21,210.0,-4410.0
2912,2026-03-29,20260329,P019,W02,BT00540,SALE,-18,210.0,-3780.0
2913,2026-03-29,20260329,P019,W03,BT00541,SALE,-17,210.0,-3570.0
2914,2026-03-29,20260329,P019,W03,BT00543,SALE,-2,210.0,-420.0
2915,2026-03-29,20260329,P019,W04,BT00546,SALE,-15,210.0,-3150.0
2916,2026-03-29,20260329,P020,W01,BT00549,SALE,-66,42.0,-2772.0
2917,2026-03-29,20260329,P020,W02,BT00553,SALE,-68,42.0,-2856.0
2918,2026-03-29,20260329,P020,W03,BT00556,SALE,-63,42.0,-2646.0
2919,2026-03-29,20260329,P020,W03,BT00557,SALE,-1,42.0,-42.0
2920,2026-03-29,20260329,P020,W04,BT00559,SALE,-46,42.0,-1932.0
2921,2026-03-30,20260330,P007,W03,BT00192,PURCHASE,680,48.0,32640.0
2922,2026-03-30,20260330,P007,W04,BT00201,PURCHASE,390,48.0,18720.0
2923,2026-03-30,20260330,P008,W01,BT00211,PURCHASE,520,66.0,34320.0
2924,2026-03-30,20260330,P013,W03,BT00405,PURCHASE,630,62.0,39060.0
2925,2026-03-30,20260330,P007,W02,BT00182,RETURN,15,48.0,720.0
2926,2026-03-30,20260330,P020,W01,BT00549,RETURN,13,42.0,546.0
2927,2026-03-30,20260330,P017,W03,BT00493,EXPIRED,-384,95.0,-36480.0
2928,2026-03-31,20260331,P009,W01,BT00248,PURCHASE,1450,22.0,31900.0
2929,2026-03-31,20260331,P001,W04,BT00037,RETURN,21,18.5,388.5
2930,2026-03-31,20260331,P008,W04,BT00238,RETURN,6,66.0,396.0
2931,2026-03-31,20260331,P009,W01,BT00247,RETURN,36,22.0,792.0
2932,2026-03-31,20260331,P012,W02,BT00359,RETURN,32,45.0,1440.0
2933,2026-04-01,20260401,P012,W01,BT00352,PURCHASE,1040,45.0,46800.0
2934,2026-04-01,20260401,P018,W03,BT00521,PURCHASE,450,72.0,32400.0
2935,2026-04-01,20260401,P001,W04,BT00036,RETURN,6,18.5,111.0
2936,2026-04-01,20260401,P018,W02,BT00512,RETURN,17,72.0,1224.0
2937,2026-04-02,20260402,P009,W04,BT00273,PURCHASE,720,22.0,15840.0
2938,2026-04-02,20260402,P007,W04,BT00200,RETURN,1,48.0,48.0
2939,2026-04-02,20260402,P018,W01,BT00502,RETURN,9,72.0,648.0
2940,2026-04-02,20260402,P020,W03,BT00557,RETURN,1,42.0,42.0
2941,2026-04-03,20260403,P004,W04,BT00117,RETURN,1,61.0,61.0
2942,2026-04-03,20260403,P012,W03,BT00368,RETURN,20,45.0,900.0
2943,2026-04-04,20260404,P011,W01,BT00317,PURCHASE,880,58.0,51040.0
2944,2026-04-04,20260404,P005,W02,BT00132,RETURN,33,38.0,1254.0
2945,2026-04-04,20260404,P019,W02,BT00540,RETURN,2,210.0,420.0
2946,2026-04-05,20260405,P001,W01,BT00005,SALE,-268,18.5,-4958.0
2947,2026-04-05,20260405,P001,W02,BT00015,SALE,-266,18.5,-4921.0
2948,2026-04-05,20260405,P001,W03,BT00026,SALE,-218,18.5,-4033.0
2949,2026-04-05,20260405,P001,W04,BT00036,SALE,-6,18.5,-111.0
2950,2026-04-05,20260405,P001,W04,BT00037,SALE,-207,18.5,-3829.5
2951,2026-04-05,20260405,P002,W01,BT00048,SALE,-134,11.0,-1474.0
2952,2026-04-05,20260405,P002,W02,BT00057,SALE,-98,11.0,-1078.0
2953,2026-04-05,20260405,P002,W02,BT00058,SALE,-68,11.0,-748.0
2954,2026-04-05,20260405,P002,W03,BT00064,SALE,-34,11.0,-374.0
2955,2026-04-05,20260405,P002,W03,BT00066,SALE,-79,11.0,-869.0
2956,2026-04-05,20260405,P002,W03,BT00067,SALE,-12,11.0,-132.0
2957,2026-04-05,20260405,P002,W04,BT00077,SALE,-110,11.0,-1210.0
2958,2026-04-05,20260405,P003,W01,BT00086,SALE,-84,52.0,-4368.0
2959,2026-04-05,20260405,P003,W02,BT00092,SALE,-140,52.0,-7280.0
2960,2026-04-05,20260405,P003,W03,BT00097,SALE,-88,52.0,-4576.0
2961,2026-04-05,20260405,P003,W04,BT00102,SALE,-67,52.0,-3484.0
2962,2026-04-05,20260405,P004,W01,BT00106,SALE,-77,61.0,-4697.0
2963,2026-04-05,20260405,P004,W02,BT00110,SALE,-87,61.0,-5307.0
2964,2026-04-05,20260405,P004,W03,BT00114,SALE,-64,61.0,-3904.0
2965,2026-04-05,20260405,P004,W04,BT00117,SALE,-1,61.0,-61.0
2966,2026-04-05,20260405,P004,W04,BT00118,SALE,-59,61.0,-3599.0
2967,2026-04-05,20260405,P005,W01,BT00123,SALE,-125,38.0,-4750.0
2968,2026-04-05,20260405,P005,W02,BT00132,SALE,-168,38.0,-6384.0
2969,2026-04-05,20260405,P005,W03,BT00141,SALE,-119,38.0,-4522.0
2970,2026-04-05,20260405,P005,W04,BT00150,SALE,-105,38.0,-3990.0
2971,2026-04-05,20260405,P006,W01,BT00159,SALE,-30,74.0,-2220.0
2972,2026-04-05,20260405,P006,W02,BT00162,SALE,-22,74.0,-1628.0
2973,2026-04-05,20260405,P006,W03,BT00165,SALE,-26,74.0,-1924.0
2974,2026-04-05,20260405,P006,W04,BT00167,SALE,-21,74.0,-1554.0
2975,2026-04-05,20260405,P007,W01,BT00174,SALE,-117,48.0,-5616.0
2976,2026-04-05,20260405,P007,W02,BT00182,SALE,-15,48.0,-720.0
2977,2026-04-05,20260405,P007,W02,BT00183,SALE,-116,48.0,-5568.0
2978,2026-04-05,20260405,P007,W03,BT00191,SALE,-98,48.0,-4704.0
2979,2026-04-05,20260405,P007,W04,BT00200,SALE,-1,48.0,-48.0
2980,2026-04-05,20260405,P007,W04,BT00201,SALE,-87,48.0,-4176.0
2981,2026-04-05,20260405,P008,W01,BT00210,SALE,-66,66.0,-4356.0
2982,2026-04-05,20260405,P008,W02,BT00220,SALE,-78,66.0,-5148.0
2983,2026-04-05,20260405,P008,W03,BT00229,SALE,-67,66.0,-4422.0
2984,2026-04-05,20260405,P008,W04,BT00238,SALE,-54,66.0,-3564.0
2985,2026-04-05,20260405,P009,W01,BT00247,SALE,-221,22.0,-4862.0
2986,2026-04-05,20260405,P009,W02,BT00254,SALE,-217,22.0,-4774.0
2987,2026-04-05,20260405,P009,W03,BT00263,SALE,-101,22.0,-2222.0
2988,2026-04-05,20260405,P009,W03,BT00264,SALE,-82,22.0,-1804.0
2989,2026-04-05,20260405,P009,W04,BT00271,SALE,-14,22.0,-308.0
2990,2026-04-05,20260405,P009,W04,BT00272,SALE,-15,22.0,-330.0
2991,2026-04-05,20260405,P009,W04,BT00273,SALE,-98,22.0,-2156.0
2992,2026-04-05,20260405,P010,W01,BT00282,SALE,-166,19.0,-3154.0
2993,2026-04-05,20260405,P010,W02,BT00290,SALE,-89,19.0,-1691.0
2994,2026-04-05,20260405,P010,W03,BT00298,SALE,-29,19.0,-551.0
2995,2026-04-05,20260405,P010,W03,BT00299,SALE,-118,19.0,-2242.0
2996,2026-04-05,20260405,P010,W04,BT00307,SALE,-131,19.0,-2489.0
2997,2026-04-05,20260405,P011,W01,BT00316,SALE,-140,58.0,-8120.0
2998,2026-04-05,20260405,P011,W02,BT00324,SALE,-39,58.0,-2262.0
2999,2026-04-05,20260405,P011,W02,BT00325,SALE,-129,58.0,-7482.0
3000,2026-04-05,20260405,P011,W03,BT00332,SALE,-57,58.0,-3306.0
3001,2026-04-05,20260405,P011,W03,BT00333,SALE,-69,58.0,-4002.0
3002,2026-04-05,20260405,P011,W04,BT00342,SALE,-103,58.0,-5974.0
3003,2026-04-05,20260405,P012,W01,BT00351,SALE,-159,45.0,-7155.0
3004,2026-04-05,20260405,P012,W02,BT00359,SALE,-48,45.0,-2160.0
3005,2026-04-05,20260405,P012,W02,BT00360,SALE,-139,45.0,-6255.0
3006,2026-04-05,20260405,P012,W03,BT00368,SALE,-42,45.0,-1890.0
3007,2026-04-05,20260405,P012,W03,BT00369,SALE,-99,45.0,-4455.0
3008,2026-04-05,20260405,P012,W04,BT00379,SALE,-123,45.0,-5535.0
3009,2026-04-05,20260405,P013,W01,BT00388,SALE,-55,62.0,-3410.0
3010,2026-04-05,20260405,P013,W01,BT00389,SALE,-50,62.0,-3100.0
3011,2026-04-05,20260405,P013,W02,BT00395,SALE,-75,62.0,-4650.0
3012,2026-04-05,20260405,P013,W02,BT00396,SALE,-51,62.0,-3162.0
3013,2026-04-05,20260405,P013,W03,BT00404,SALE,-87,62.0,-5394.0
3014,2026-04-05,20260405,P013,W04,BT00413,SALE,-82,62.0,-5084.0
3015,2026-04-05,20260405,P014,W01,BT00422,SALE,-64,84.0,-5376.0
3016,2026-04-05,20260405,P014,W02,BT00428,SALE,-69,84.0,-5796.0
3017,2026-04-05,20260405,P014,W03,BT00434,SALE,-4,84.0,-336.0
3018,2026-04-05,20260405,P014,W03,BT00435,SALE,-50,84.0,-4200.0
3019,2026-04-05,20260405,P014,W04,BT00439,SALE,-42,84.0,-3528.0
3020,2026-04-05,20260405,P015,W01,BT00444,SALE,-52,36.0,-1872.0
3021,2026-04-05,20260405,P015,W02,BT00449,SALE,-60,36.0,-2160.0
3022,2026-04-05,20260405,P015,W03,BT00455,SALE,-46,36.0,-1656.0
3023,2026-04-05,20260405,P015,W04,BT00460,SALE,-40,36.0,-1440.0
3024,2026-04-05,20260405,P016,W01,BT00464,SALE,-62,88.0,-5456.0
3025,2026-04-05,20260405,P016,W02,BT00469,SALE,-52,88.0,-4576.0
3026,2026-04-05,20260405,P016,W03,BT00474,SALE,-45,88.0,-3960.0
3027,2026-04-05,20260405,P016,W04,BT00479,SALE,-46,88.0,-4048.0
3028,2026-04-05,20260405,P017,W01,BT00482,SALE,-17,95.0,-1615.0
3029,2026-04-05,20260405,P017,W02,BT00487,SALE,-18,95.0,-1710.0
3030,2026-04-05,20260405,P018,W01,BT00502,SALE,-9,72.0,-648.0
3031,2026-04-05,20260405,P018,W01,BT00504,SALE,-80,72.0,-5760.0
3032,2026-04-05,20260405,P018,W02,BT00512,SALE,-49,72.0,-3528.0
3033,2026-04-05,20260405,P018,W02,BT00513,SALE,-40,72.0,-2880.0
3034,2026-04-05,20260405,P018,W03,BT00519,SALE,-23,72.0,-1656.0
3035,2026-04-05,20260405,P018,W03,BT00520,SALE,-52,72.0,-3744.0
3036,2026-04-05,20260405,P018,W04,BT00529,SALE,-9,72.0,-648.0
3037,2026-04-05,20260405,P019,W01,BT00537,SALE,-15,210.0,-3150.0
3038,2026-04-05,20260405,P019,W02,BT00540,SALE,-12,210.0,-2520.0
3039,2026-04-05,20260405,P019,W03,BT00543,SALE,-8,210.0,-1680.0
3040,2026-04-05,20260405,P019,W04,BT00546,SALE,-12,210.0,-2520.0
3041,2026-04-05,20260405,P020,W01,BT00549,SALE,-54,42.0,-2268.0
3042,2026-04-05,20260405,P020,W02,BT00553,SALE,-53,42.0,-2226.0
3043,2026-04-05,20260405,P020,W03,BT00557,SALE,-69,42.0,-2898.0
3044,2026-04-05,20260405,P020,W04,BT00559,SALE,-45,42.0,-1890.0
3045,2026-04-06,20260406,P010,W02,BT00291,PURCHASE,1240,19.0,23560.0
3046,2026-04-06,20260406,P013,W04,BT00413,RETURN,19,62.0,1178.0
3047,2026-04-07,20260407,P010,W04,BT00307,RETURN,16,19.0,304.0
3048,2026-04-08,20260408,P013,W04,BT00414,PURCHASE,360,62.0,22320.0
3049,2026-04-08,20260408,P007,W02,BT00182,RETURN,2,48.0,96.0
3050,2026-04-08,20260408,P008,W01,BT00210,RETURN,7,66.0,462.0
3051,2026-04-08,20260408,P011,W02,BT00324,RETURN,8,58.0,464.0
3052,2026-04-09,20260409,P001,W02,BT00015,RETURN,50,18.5,925.0
3053,2026-04-09,20260409,P005,W03,BT00141,RETURN,29,38.0,1102.0
3054,2026-04-09,20260409,P010,W01,BT00282,RETURN,28,19.0,532.0
3055,2026-04-09,20260409,P018,W04,BT00529,RETURN,1,72.0,72.0
3056,2026-04-10,20260410,P016,W02,BT00469,RETURN,9,88.0,792.0
3057,2026-04-10,20260410,P018,W02,BT00512,RETURN,8,72.0,576.0
3058,2026-04-11,20260411,P005,W04,BT00151,PURCHASE,390,38.0,14820.0
3059,2026-04-11,20260411,P009,W02,BT00256,PURCHASE,1580,22.0,34760.0
3060,2026-04-11,20260411,P013,W02,BT00397,PURCHASE,790,62.0,48980.0
3061,2026-04-11,20260411,P017,W04,BT00498,PURCHASE,500,95.0,47500.0
3062,2026-04-11,20260411,P008,W02,BT00220,RETURN,8,66.0,528.0
3063,2026-04-11,20260411,P011,W04,BT00342,RETURN,17,58.0,986.0
3064,2026-04-11,20260411,P012,W01,BT00351,RETURN,28,45.0,1260.0
3065,2026-04-11,20260411,P018,W02,BT00513,RETURN,10,72.0,720.0
3066,2026-04-12,20260412,P017,W03,BT00494,PURCHASE,500,95.0,47500.0
3067,2026-04-12,20260412,P001,W01,BT00005,SALE,-246,18.5,-4551.0
3068,2026-04-12,20260412,P001,W02,BT00015,SALE,-285,18.5,-5272.5
3069,2026-04-12,20260412,P001,W03,BT00026,SALE,-250,18.5,-4625.0
3070,2026-04-12,20260412,P001,W04,BT00037,SALE,-202,18.5,-3737.0
3071,2026-04-12,20260412,P002,W01,BT00048,SALE,-119,11.0,-1309.0
3072,2026-04-12,20260412,P002,W02,BT00058,SALE,-131,11.0,-1441.0
3073,2026-04-12,20260412,P002,W03,BT00067,SALE,-121,11.0,-1331.0
3074,2026-04-12,20260412,P002,W04,BT00077,SALE,-105,11.0,-1155.0
3075,2026-04-12,20260412,P003,W01,BT00086,SALE,-89,52.0,-4628.0
3076,2026-04-12,20260412,P003,W02,BT00092,SALE,-105,52.0,-5460.0
3077,2026-04-12,20260412,P003,W03,BT00097,SALE,-76,52.0,-3952.0
3078,2026-04-12,20260412,P003,W04,BT00102,SALE,-61,52.0,-3172.0
3079,2026-04-12,20260412,P004,W01,BT00106,SALE,-70,61.0,-4270.0
3080,2026-04-12,20260412,P004,W02,BT00110,SALE,-81,61.0,-4941.0
3081,2026-04-12,20260412,P004,W03,BT00114,SALE,-54,61.0,-3294.0
3082,2026-04-12,20260412,P004,W04,BT00118,SALE,-52,61.0,-3172.0
3083,2026-04-12,20260412,P005,W01,BT00123,SALE,-152,38.0,-5776.0
3084,2026-04-12,20260412,P005,W02,BT00132,SALE,-156,38.0,-5928.0
3085,2026-04-12,20260412,P005,W03,BT00141,SALE,-147,38.0,-5586.0
3086,2026-04-12,20260412,P005,W04,BT00150,SALE,-31,38.0,-1178.0
3087,2026-04-12,20260412,P005,W04,BT00151,SALE,-23,38.0,-874.0
3088,2026-04-12,20260412,P006,W01,BT00159,SALE,-23,74.0,-1702.0
3089,2026-04-12,20260412,P006,W02,BT00162,SALE,-25,74.0,-1850.0
3090,2026-04-12,20260412,P006,W03,BT00165,SALE,-20,74.0,-1480.0
3091,2026-04-12,20260412,P006,W04,BT00167,SALE,-20,74.0,-1480.0
3092,2026-04-12,20260412,P007,W01,BT00174,SALE,-97,48.0,-4656.0
3093,2026-04-12,20260412,P007,W02,BT00182,SALE,-2,48.0,-96.0
3094,2026-04-12,20260412,P007,W02,BT00183,SALE,-104,48.0,-4992.0
3095,2026-04-12,20260412,P007,W03,BT00191,SALE,-23,48.0,-1104.0
3096,2026-04-12,20260412,P007,W03,BT00192,SALE,-69,48.0,-3312.0
3097,2026-04-12,20260412,P007,W04,BT00201,SALE,-83,48.0,-3984.0
3098,2026-04-12,20260412,P008,W01,BT00210,SALE,-33,66.0,-2178.0
3099,2026-04-12,20260412,P008,W01,BT00211,SALE,-32,66.0,-2112.0
3100,2026-04-12,20260412,P008,W02,BT00220,SALE,-81,66.0,-5346.0
3101,2026-04-12,20260412,P008,W03,BT00229,SALE,-59,66.0,-3894.0
3102,2026-04-12,20260412,P008,W04,BT00238,SALE,-51,66.0,-3366.0
3103,2026-04-12,20260412,P009,W01,BT00247,SALE,-32,22.0,-704.0
3104,2026-04-12,20260412,P009,W01,BT00248,SALE,-179,22.0,-3938.0
3105,2026-04-12,20260412,P009,W02,BT00256,SALE,-57,22.0,-1254.0
3106,2026-04-12,20260412,P009,W03,BT00264,SALE,-215,22.0,-4730.0
3107,2026-04-12,20260412,P009,W04,BT00273,SALE,-157,22.0,-3454.0
3108,2026-04-12,20260412,P010,W01,BT00282,SALE,-191,19.0,-3629.0
3109,2026-04-12,20260412,P010,W02,BT00291,SALE,-183,19.0,-3477.0
3110,2026-04-12,20260412,P010,W03,BT00299,SALE,-147,19.0,-2793.0
3111,2026-04-12,20260412,P010,W04,BT00307,SALE,-117,19.0,-2223.0
3112,2026-04-12,20260412,P011,W01,BT00316,SALE,-99,58.0,-5742.0
3113,2026-04-12,20260412,P011,W01,BT00317,SALE,-40,58.0,-2320.0
3114,2026-04-12,20260412,P011,W02,BT00324,SALE,-8,58.0,-464.0
3115,2026-04-12,20260412,P011,W02,BT00325,SALE,-131,58.0,-7598.0
3116,2026-04-12,20260412,P011,W03,BT00333,SALE,-120,58.0,-6960.0
3117,2026-04-12,20260412,P011,W04,BT00342,SALE,-96,58.0,-5568.0
3118,2026-04-12,20260412,P012,W01,BT00351,SALE,-40,45.0,-1800.0
3119,2026-04-12,20260412,P012,W01,BT00352,SALE,-133,45.0,-5985.0
3120,2026-04-12,20260412,P012,W02,BT00360,SALE,-196,45.0,-8820.0
3121,2026-04-12,20260412,P012,W03,BT00369,SALE,-155,45.0,-6975.0
3122,2026-04-12,20260412,P012,W04,BT00379,SALE,-120,45.0,-5400.0
3123,2026-04-12,20260412,P013,W01,BT00389,SALE,-88,62.0,-5456.0
3124,2026-04-12,20260412,P013,W02,BT00395,SALE,-13,62.0,-806.0
3125,2026-04-12,20260412,P013,W02,BT00397,SALE,-32,62.0,-1984.0
3126,2026-04-12,20260412,P013,W03,BT00404,SALE,-22,62.0,-1364.0
3127,2026-04-12,20260412,P013,W03,BT00405,SALE,-76,62.0,-4712.0
3128,2026-04-12,20260412,P013,W04,BT00413,SALE,-19,62.0,-1178.0
3129,2026-04-12,20260412,P013,W04,BT00414,SALE,-53,62.0,-3286.0
3130,2026-04-12,20260412,P014,W01,BT00422,SALE,-80,84.0,-6720.0
3131,2026-04-12,20260412,P014,W02,BT00428,SALE,-80,84.0,-6720.0
3132,2026-04-12,20260412,P014,W03,BT00435,SALE,-56,84.0,-4704.0
3133,2026-04-12,20260412,P014,W04,BT00439,SALE,-65,84.0,-5460.0
3134,2026-04-12,20260412,P015,W01,BT00444,SALE,-57,36.0,-2052.0
3135,2026-04-12,20260412,P015,W02,BT00449,SALE,-62,36.0,-2232.0
3136,2026-04-12,20260412,P015,W03,BT00455,SALE,-33,36.0,-1188.0
3137,2026-04-12,20260412,P015,W04,BT00460,SALE,-30,36.0,-1080.0
3138,2026-04-12,20260412,P016,W01,BT00464,SALE,-70,88.0,-6160.0
3139,2026-04-12,20260412,P016,W02,BT00469,SALE,-71,88.0,-6248.0
3140,2026-04-12,20260412,P016,W03,BT00474,SALE,-44,88.0,-3872.0
3141,2026-04-12,20260412,P016,W04,BT00479,SALE,-51,88.0,-4488.0
3142,2026-04-12,20260412,P017,W01,BT00482,SALE,-23,95.0,-2185.0
3143,2026-04-12,20260412,P017,W02,BT00487,SALE,-19,95.0,-1805.0
3144,2026-04-12,20260412,P017,W03,BT00494,SALE,-2,95.0,-190.0
3145,2026-04-12,20260412,P017,W04,BT00498,SALE,-2,95.0,-190.0
3146,2026-04-12,20260412,P018,W01,BT00504,SALE,-83,72.0,-5976.0
3147,2026-04-12,20260412,P018,W02,BT00512,SALE,-8,72.0,-576.0
3148,2026-04-12,20260412,P018,W02,BT00513,SALE,-94,72.0,-6768.0
3149,2026-04-12,20260412,P018,W03,BT00519,SALE,-26,72.0,-1872.0
3150,2026-04-12,20260412,P018,W03,BT00521,SALE,-41,72.0,-2952.0
3151,2026-04-12,20260412,P018,W04,BT00529,SALE,-1,72.0,-72.0
3152,2026-04-12,20260412,P019,W01,BT00537,SALE,-10,210.0,-2100.0
3153,2026-04-12,20260412,P019,W02,BT00540,SALE,-22,210.0,-4620.0
3154,2026-04-12,20260412,P019,W03,BT00543,SALE,-24,210.0,-5040.0
3155,2026-04-12,20260412,P019,W04,BT00546,SALE,-20,210.0,-4200.0
3156,2026-04-12,20260412,P020,W01,BT00549,SALE,-50,42.0,-2100.0
3157,2026-04-12,20260412,P020,W02,BT00553,SALE,-85,42.0,-3570.0
3158,2026-04-12,20260412,P020,W03,BT00557,SALE,-57,42.0,-2394.0
3159,2026-04-12,20260412,P020,W04,BT00559,SALE,-55,42.0,-2310.0
3160,2026-04-13,20260413,P005,W01,BT00124,PURCHASE,780,38.0,29640.0
3161,2026-04-13,20260413,P005,W04,BT00151,RETURN,3,38.0,114.0
3162,2026-04-13,20260413,P013,W04,BT00413,RETURN,4,62.0,248.0
3163,2026-04-13,20260413,P017,W01,BT00482,RETURN,6,95.0,570.0
3164,2026-04-13,20260413,P017,W01,BT00482,SALE,-2,95.0,-190.0
3165,2026-04-14,20260414,P010,W04,BT00308,PURCHASE,570,19.0,10830.0
3166,2026-04-14,20260414,P018,W04,BT00530,PURCHASE,260,72.0,18720.0
3167,2026-04-14,20260414,P007,W03,BT00191,RETURN,3,48.0,144.0
3168,2026-04-14,20260414,P019,W02,BT00540,RETURN,3,210.0,630.0
3169,2026-04-14,20260414,P017,W01,BT00482,EXPIRED,-220,95.0,-20900.0
3170,2026-04-15,20260415,P002,W01,BT00049,PURCHASE,940,11.0,10340.0
3171,2026-04-15,20260415,P011,W04,BT00343,PURCHASE,440,58.0,25520.0
3172,2026-04-15,20260415,P015,W02,BT00450,PURCHASE,600,36.0,21600.0
3173,2026-04-15,20260415,P004,W02,BT00110,RETURN,13,61.0,793.0
3174,2026-04-15,20260415,P013,W01,BT00389,RETURN,18,62.0,1116.0
3175,2026-04-15,20260415,P014,W01,BT00422,RETURN,16,84.0,1344.0
3176,2026-04-16,20260416,P008,W02,BT00220,RETURN,10,66.0,660.0
3177,2026-04-17,20260417,P003,W03,BT00098,PURCHASE,1300,52.0,67600.0
3178,2026-04-17,20260417,P005,W02,BT00133,PURCHASE,850,38.0,32300.0
3179,2026-04-17,20260417,P008,W04,BT00239,PURCHASE,260,66.0,17160.0
3180,2026-04-17,20260417,P013,W02,BT00395,RETURN,2,62.0,124.0
3181,2026-04-18,20260418,P005,W04,BT00150,RETURN,4,38.0,152.0
3182,2026-04-18,20260418,P016,W04,BT00479,RETURN,7,88.0,616.0
3183,2026-04-19,20260419,P001,W03,BT00026,RETURN,51,18.5,943.5
3184,2026-04-19,20260419,P001,W01,BT00005,SALE,-230,18.5,-4255.0
3185,2026-04-19,20260419,P001,W02,BT00015,SALE,-280,18.5,-5180.0
3186,2026-04-19,20260419,P001,W03,BT00026,SALE,-197,18.5,-3644.5
3187,2026-04-19,20260419,P001,W04,BT00037,SALE,-209,18.5,-3866.5
3188,2026-04-19,20260419,P002,W01,BT00048,SALE,-45,11.0,-495.0
3189,2026-04-19,20260419,P002,W01,BT00049,SALE,-101,11.0,-1111.0
3190,2026-04-19,20260419,P002,W02,BT00058,SALE,-148,11.0,-1628.0
3191,2026-04-19,20260419,P002,W03,BT00067,SALE,-116,11.0,-1276.0
3192,2026-04-19,20260419,P002,W04,BT00077,SALE,-88,11.0,-968.0
3193,2026-04-19,20260419,P003,W01,BT00086,SALE,-94,52.0,-4888.0
3194,2026-04-19,20260419,P003,W02,BT00092,SALE,-100,52.0,-5200.0
3195,2026-04-19,20260419,P003,W03,BT00097,SALE,-79,52.0,-4108.0
3196,2026-04-19,20260419,P003,W04,BT00102,SALE,-74,52.0,-3848.0
3197,2026-04-19,20260419,P004,W01,BT00106,SALE,-87,61.0,-5307.0
3198,2026-04-19,20260419,P004,W02,BT00110,SALE,-76,61.0,-4636.0
3199,2026-04-19,20260419,P004,W03,BT00114,SALE,-65,61.0,-3965.0
3200,2026-04-19,20260419,P004,W04,BT00118,SALE,-48,61.0,-2928.0
3201,2026-04-19,20260419,P005,W01,BT00123,SALE,-45,38.0,-1710.0
3202,2026-04-19,20260419,P005,W01,BT00124,SALE,-97,38.0,-3686.0
3203,2026-04-19,20260419,P005,W02,BT00132,SALE,-161,38.0,-6118.0
3204,2026-04-19,20260419,P005,W03,BT00141,SALE,-120,38.0,-4560.0
3205,2026-04-19,20260419,P005,W04,BT00150,SALE,-4,38.0,-152.0
3206,2026-04-19,20260419,P005,W04,BT00151,SALE,-115,38.0,-4370.0
3207,2026-04-19,20260419,P006,W01,BT00159,SALE,-36,74.0,-2664.0
3208,2026-04-19,20260419,P006,W02,BT00162,SALE,-20,74.0,-1480.0
3209,2026-04-19,20260419,P006,W03,BT00165,SALE,-16,74.0,-1184.0
3210,2026-04-19,20260419,P006,W04,BT00167,SALE,-18,74.0,-1332.0
3211,2026-04-19,20260419,P007,W01,BT00174,SALE,-107,48.0,-5136.0
3212,2026-04-19,20260419,P007,W02,BT00183,SALE,-127,48.0,-6096.0
3213,2026-04-19,20260419,P007,W03,BT00191,SALE,-3,48.0,-144.0
3214,2026-04-19,20260419,P007,W03,BT00192,SALE,-87,48.0,-4176.0
3215,2026-04-19,20260419,P007,W04,BT00201,SALE,-83,48.0,-3984.0
3216,2026-04-19,20260419,P008,W01,BT00211,SALE,-73,66.0,-4818.0
3217,2026-04-19,20260419,P008,W02,BT00220,SALE,-87,66.0,-5742.0
3218,2026-04-19,20260419,P008,W03,BT00229,SALE,-71,66.0,-4686.0
3219,2026-04-19,20260419,P008,W04,BT00238,SALE,-24,66.0,-1584.0
3220,2026-04-19,20260419,P008,W04,BT00239,SALE,-24,66.0,-1584.0
3221,2026-04-19,20260419,P009,W01,BT00248,SALE,-209,22.0,-4598.0
3222,2026-04-19,20260419,P009,W02,BT00256,SALE,-246,22.0,-5412.0
3223,2026-04-19,20260419,P009,W03,BT00264,SALE,-217,22.0,-4774.0
3224,2026-04-19,20260419,P009,W04,BT00273,SALE,-166,22.0,-3652.0
3225,2026-04-19,20260419,P010,W01,BT00282,SALE,-211,19.0,-4009.0
3226,2026-04-19,20260419,P010,W02,BT00291,SALE,-202,19.0,-3838.0
3227,2026-04-19,20260419,P010,W03,BT00299,SALE,-152,19.0,-2888.0
3228,2026-04-19,20260419,P010,W04,BT00308,SALE,-106,19.0,-2014.0
3229,2026-04-19,20260419,P011,W01,BT00317,SALE,-157,58.0,-9106.0
3230,2026-04-19,20260419,P011,W02,BT00325,SALE,-154,58.0,-8932.0
3231,2026-04-19,20260419,P011,W03,BT00333,SALE,-124,58.0,-7192.0
3232,2026-04-19,20260419,P011,W04,BT00342,SALE,-39,58.0,-2262.0
3233,2026-04-19,20260419,P011,W04,BT00343,SALE,-74,58.0,-4292.0
3234,2026-04-19,20260419,P012,W01,BT00352,SALE,-161,45.0,-7245.0
3235,2026-04-19,20260419,P012,W02,BT00360,SALE,-171,45.0,-7695.0
3236,2026-04-19,20260419,P012,W03,BT00369,SALE,-147,45.0,-6615.0
3237,2026-04-19,20260419,P012,W04,BT00379,SALE,-129,45.0,-5805.0
3238,2026-04-19,20260419,P013,W01,BT00389,SALE,-119,62.0,-7378.0
3239,2026-04-19,20260419,P013,W02,BT00395,SALE,-2,62.0,-124.0
3240,2026-04-19,20260419,P013,W02,BT00397,SALE,-113,62.0,-7006.0
3241,2026-04-19,20260419,P013,W03,BT00405,SALE,-104,62.0,-6448.0
3242,2026-04-19,20260419,P013,W04,BT00413,SALE,-4,62.0,-248.0
3243,2026-04-19,20260419,P013,W04,BT00414,SALE,-88,62.0,-5456.0
3244,2026-04-19,20260419,P014,W01,BT00422,SALE,-84,84.0,-7056.0
3245,2026-04-19,20260419,P014,W02,BT00428,SALE,-76,84.0,-6384.0
3246,2026-04-19,20260419,P014,W03,BT00435,SALE,-57,84.0,-4788.0
3247,2026-04-19,20260419,P014,W04,BT00439,SALE,-49,84.0,-4116.0
3248,2026-04-19,20260419,P015,W01,BT00444,SALE,-41,36.0,-1476.0
3249,2026-04-19,20260419,P015,W02,BT00449,SALE,-46,36.0,-1656.0
3250,2026-04-19,20260419,P015,W02,BT00450,SALE,-16,36.0,-576.0
3251,2026-04-19,20260419,P015,W03,BT00455,SALE,-45,36.0,-1620.0
3252,2026-04-19,20260419,P015,W04,BT00460,SALE,-44,36.0,-1584.0
3253,2026-04-19,20260419,P016,W01,BT00464,SALE,-52,88.0,-4576.0
3254,2026-04-19,20260419,P016,W02,BT00469,SALE,-68,88.0,-5984.0
3255,2026-04-19,20260419,P016,W03,BT00474,SALE,-42,88.0,-3696.0
3256,2026-04-19,20260419,P016,W04,BT00479,SALE,-48,88.0,-4224.0
3257,2026-04-19,20260419,P017,W02,BT00487,SALE,-12,95.0,-1140.0
3258,2026-04-19,20260419,P017,W03,BT00494,SALE,-14,95.0,-1330.0
3259,2026-04-19,20260419,P017,W04,BT00498,SALE,-13,95.0,-1235.0
3260,2026-04-19,20260419,P018,W01,BT00504,SALE,-84,72.0,-6048.0
3261,2026-04-19,20260419,P018,W02,BT00513,SALE,-89,72.0,-6408.0
3262,2026-04-19,20260419,P018,W03,BT00521,SALE,-72,72.0,-5184.0
3263,2026-04-19,20260419,P018,W04,BT00530,SALE,-45,72.0,-3240.0
3264,2026-04-19,20260419,P019,W01,BT00537,SALE,-12,210.0,-2520.0
3265,2026-04-19,20260419,P019,W02,BT00540,SALE,-12,210.0,-2520.0
3266,2026-04-19,20260419,P019,W03,BT00543,SALE,-12,210.0,-2520.0
3267,2026-04-19,20260419,P019,W04,BT00546,SALE,-13,210.0,-2730.0
3268,2026-04-19,20260419,P020,W01,BT00549,SALE,-59,42.0,-2478.0
3269,2026-04-19,20260419,P020,W02,BT00553,SALE,-61,42.0,-2562.0
3270,2026-04-19,20260419,P020,W03,BT00557,SALE,-54,42.0,-2268.0
3271,2026-04-19,20260419,P020,W04,BT00559,SALE,-39,42.0,-1638.0
3272,2026-04-20,20260420,P011,W01,BT00317,RETURN,32,58.0,1856.0
3273,2026-04-20,20260420,P014,W01,BT00422,RETURN,9,84.0,756.0
3274,2026-04-20,20260420,P020,W04,BT00559,RETURN,10,42.0,420.0
3275,2026-04-23,20260423,P001,W04,BT00038,PURCHASE,870,18.5,16095.0
3276,2026-04-23,20260423,P005,W03,BT00142,PURCHASE,680,38.0,25840.0
3277,2026-04-23,20260423,P020,W04,BT00560,PURCHASE,1400,42.0,58800.0
3278,2026-04-23,20260423,P003,W03,BT00097,RETURN,9,52.0,468.0
3279,2026-04-23,20260423,P006,W03,BT00165,RETURN,2,74.0,148.0
3280,2026-04-23,20260423,P007,W02,BT00183,RETURN,20,48.0,960.0
3281,2026-04-23,20260423,P009,W01,BT00248,RETURN,21,22.0,462.0
3282,2026-04-24,20260424,P017,W01,BT00483,PURCHASE,500,95.0,47500.0
3283,2026-04-24,20260424,P005,W03,BT00141,RETURN,19,38.0,722.0
3284,2026-04-25,20260425,P016,W02,BT00470,PURCHASE,700,88.0,61600.0
3285,2026-04-25,20260425,P001,W02,BT00015,RETURN,68,18.5,1258.0
3286,2026-04-25,20260425,P011,W02,BT00325,RETURN,21,58.0,1218.0
3287,2026-04-25,20260425,P011,W04,BT00342,RETURN,6,58.0,348.0
3288,2026-04-25,20260425,P018,W02,BT00513,RETURN,21,72.0,1512.0
3289,2026-04-26,20260426,P002,W04,BT00078,PURCHASE,460,11.0,5060.0
3290,2026-04-26,20260426,P016,W01,BT00465,PURCHASE,700,88.0,61600.0
3291,2026-04-26,20260426,P006,W01,BT00159,RETURN,4,74.0,296.0
3292,2026-04-26,20260426,P010,W02,BT00291,RETURN,23,19.0,437.0
3293,2026-04-26,20260426,P013,W04,BT00413,RETURN,1,62.0,62.0
3294,2026-04-26,20260426,P016,W02,BT00469,RETURN,9,88.0,792.0
3295,2026-04-26,20260426,P001,W01,BT00005,SALE,-236,18.5,-4366.0
3296,2026-04-26,20260426,P001,W02,BT00015,SALE,-261,18.5,-4828.5
3297,2026-04-26,20260426,P001,W03,BT00026,SALE,-234,18.5,-4329.0
3298,2026-04-26,20260426,P001,W04,BT00037,SALE,-138,18.5,-2553.0
3299,2026-04-26,20260426,P001,W04,BT00038,SALE,-78,18.5,-1443.0
3300,2026-04-26,20260426,P002,W01,BT00049,SALE,-121,11.0,-1331.0
3301,2026-04-26,20260426,P002,W02,BT00058,SALE,-127,11.0,-1397.0
3302,2026-04-26,20260426,P002,W03,BT00067,SALE,-115,11.0,-1265.0
3303,2026-04-26,20260426,P002,W04,BT00077,SALE,-77,11.0,-847.0
3304,2026-04-26,20260426,P002,W04,BT00078,SALE,-12,11.0,-132.0
3305,2026-04-26,20260426,P003,W01,BT00086,SALE,-108,52.0,-5616.0
3306,2026-04-26,20260426,P003,W02,BT00092,SALE,-124,52.0,-6448.0
3307,2026-04-26,20260426,P003,W03,BT00097,SALE,-65,52.0,-3380.0
3308,2026-04-26,20260426,P003,W04,BT00102,SALE,-68,52.0,-3536.0
3309,2026-04-26,20260426,P004,W01,BT00106,SALE,-81,61.0,-4941.0
3310,2026-04-26,20260426,P004,W02,BT00110,SALE,-80,61.0,-4880.0
3311,2026-04-26,20260426,P004,W03,BT00114,SALE,-69,61.0,-4209.0
3312,2026-04-26,20260426,P004,W04,BT00118,SALE,-65,61.0,-3965.0
3313,2026-04-26,20260426,P005,W01,BT00124,SALE,-130,38.0,-4940.0
3314,2026-04-26,20260426,P005,W02,BT00132,SALE,-16,38.0,-608.0
3315,2026-04-26,20260426,P005,W02,BT00133,SALE,-121,38.0,-4598.0
3316,2026-04-26,20260426,P005,W03,BT00141,SALE,-123,38.0,-4674.0
3317,2026-04-26,20260426,P005,W04,BT00151,SALE,-92,38.0,-3496.0
3318,2026-04-26,20260426,P006,W01,BT00159,SALE,-29,74.0,-2146.0
3319,2026-04-26,20260426,P006,W02,BT00162,SALE,-27,74.0,-1998.0
3320,2026-04-26,20260426,P006,W03,BT00165,SALE,-30,74.0,-2220.0
3321,2026-04-26,20260426,P006,W04,BT00167,SALE,-19,74.0,-1406.0
3322,2026-04-26,20260426,P007,W01,BT00174,SALE,-109,48.0,-5232.0
3323,2026-04-26,20260426,P007,W02,BT00183,SALE,-117,48.0,-5616.0
3324,2026-04-26,20260426,P007,W03,BT00192,SALE,-89,48.0,-4272.0
3325,2026-04-26,20260426,P007,W04,BT00201,SALE,-89,48.0,-4272.0
3326,2026-04-26,20260426,P008,W01,BT00211,SALE,-77,66.0,-5082.0
3327,2026-04-26,20260426,P008,W02,BT00220,SALE,-78,66.0,-5148.0
3328,2026-04-26,20260426,P008,W03,BT00229,SALE,-67,66.0,-4422.0
3329,2026-04-26,20260426,P008,W04,BT00239,SALE,-50,66.0,-3300.0
3330,2026-04-26,20260426,P009,W01,BT00248,SALE,-231,22.0,-5082.0
3331,2026-04-26,20260426,P009,W02,BT00256,SALE,-268,22.0,-5896.0
3332,2026-04-26,20260426,P009,W03,BT00264,SALE,-183,22.0,-4026.0
3333,2026-04-26,20260426,P009,W04,BT00273,SALE,-149,22.0,-3278.0
3334,2026-04-26,20260426,P010,W01,BT00282,SALE,-199,19.0,-3781.0
3335,2026-04-26,20260426,P010,W02,BT00291,SALE,-182,19.0,-3458.0
3336,2026-04-26,20260426,P010,W03,BT00299,SALE,-177,19.0,-3363.0
3337,2026-04-26,20260426,P010,W04,BT00308,SALE,-149,19.0,-2831.0
3338,2026-04-26,20260426,P011,W01,BT00317,SALE,-134,58.0,-7772.0
3339,2026-04-26,20260426,P011,W02,BT00325,SALE,-134,58.0,-7772.0
3340,2026-04-26,20260426,P011,W03,BT00333,SALE,-111,58.0,-6438.0
3341,2026-04-26,20260426,P011,W04,BT00343,SALE,-113,58.0,-6554.0
3342,2026-04-26,20260426,P012,W01,BT00352,SALE,-167,45.0,-7515.0
3343,2026-04-26,20260426,P012,W02,BT00360,SALE,-187,45.0,-8415.0
3344,2026-04-26,20260426,P012,W03,BT00369,SALE,-137,45.0,-6165.0
3345,2026-04-26,20260426,P012,W04,BT00379,SALE,-13,45.0,-585.0
3346,2026-04-26,20260426,P013,W01,BT00389,SALE,-112,62.0,-6944.0
3347,2026-04-26,20260426,P013,W02,BT00397,SALE,-119,62.0,-7378.0
3348,2026-04-26,20260426,P013,W03,BT00405,SALE,-110,62.0,-6820.0
3349,2026-04-26,20260426,P013,W04,BT00413,SALE,-1,62.0,-62.0
3350,2026-04-26,20260426,P013,W04,BT00414,SALE,-94,62.0,-5828.0
3351,2026-04-26,20260426,P014,W01,BT00422,SALE,-63,84.0,-5292.0
3352,2026-04-26,20260426,P014,W02,BT00428,SALE,-72,84.0,-6048.0
3353,2026-04-26,20260426,P014,W03,BT00435,SALE,-68,84.0,-5712.0
3354,2026-04-26,20260426,P014,W04,BT00439,SALE,-49,84.0,-4116.0
3355,2026-04-26,20260426,P015,W01,BT00444,SALE,-62,36.0,-2232.0
3356,2026-04-26,20260426,P015,W02,BT00450,SALE,-47,36.0,-1692.0
3357,2026-04-26,20260426,P015,W03,BT00455,SALE,-42,36.0,-1512.0
3358,2026-04-26,20260426,P015,W04,BT00460,SALE,-32,36.0,-1152.0
3359,2026-04-26,20260426,P016,W01,BT00464,SALE,-52,88.0,-4576.0
3360,2026-04-26,20260426,P016,W02,BT00469,SALE,-60,88.0,-5280.0
3361,2026-04-26,20260426,P016,W03,BT00474,SALE,-52,88.0,-4576.0
3362,2026-04-26,20260426,P016,W04,BT00479,SALE,-38,88.0,-3344.0
3363,2026-04-26,20260426,P017,W01,BT00483,SALE,-7,95.0,-665.0
3364,2026-04-26,20260426,P017,W02,BT00487,SALE,-20,95.0,-1900.0
3365,2026-04-26,20260426,P017,W03,BT00494,SALE,-18,95.0,-1710.0
3366,2026-04-26,20260426,P017,W04,BT00498,SALE,-16,95.0,-1520.0
3367,2026-04-26,20260426,P018,W01,BT00504,SALE,-80,72.0,-5760.0
3368,2026-04-26,20260426,P018,W02,BT00513,SALE,-85,72.0,-6120.0
3369,2026-04-26,20260426,P018,W03,BT00521,SALE,-68,72.0,-4896.0
3370,2026-04-26,20260426,P018,W04,BT00530,SALE,-57,72.0,-4104.0
3371,2026-04-26,20260426,P019,W01,BT00537,SALE,-18,210.0,-3780.0
3372,2026-04-26,20260426,P019,W02,BT00540,SALE,-16,210.0,-3360.0
3373,2026-04-26,20260426,P019,W03,BT00543,SALE,-15,210.0,-3150.0
3374,2026-04-26,20260426,P019,W04,BT00546,SALE,-9,210.0,-1890.0
3375,2026-04-26,20260426,P020,W01,BT00549,SALE,-55,42.0,-2310.0
3376,2026-04-26,20260426,P020,W02,BT00553,SALE,-69,42.0,-2898.0
3377,2026-04-26,20260426,P020,W03,BT00557,SALE,-52,42.0,-2184.0
3378,2026-04-26,20260426,P020,W04,BT00559,SALE,-10,42.0,-420.0
3379,2026-04-26,20260426,P020,W04,BT00560,SALE,-25,42.0,-1050.0
3380,2026-04-28,20260428,P001,W02,BT00015,RETURN,45,18.5,832.5
3381,2026-04-28,20260428,P006,W04,BT00167,RETURN,3,74.0,222.0
3382,2026-04-29,20260429,P001,W02,BT00016,PURCHASE,1920,18.5,35520.0
3383,2026-04-29,20260429,P011,W01,BT00317,RETURN,22,58.0,1276.0
3384,2026-04-30,20260430,P014,W02,BT00429,PURCHASE,800,84.0,67200.0
3385,2026-04-30,20260430,P010,W04,BT00308,RETURN,16,19.0,304.0
3386,2026-05-01,20260501,P001,W01,BT00006,PURCHASE,1760,18.5,32560.0
3387,2026-05-01,20260501,P007,W02,BT00183,RETURN,18,48.0,864.0
3388,2026-05-02,20260502,P018,W01,BT00505,PURCHASE,520,72.0,37440.0
3389,2026-05-02,20260502,P002,W01,BT00049,RETURN,17,11.0,187.0
3390,2026-05-03,20260503,P001,W03,BT00027,PURCHASE,1530,18.5,28305.0
3391,2026-05-03,20260503,P007,W04,BT00202,PURCHASE,390,48.0,18720.0
3392,2026-05-03,20260503,P009,W04,BT00274,PURCHASE,720,22.0,15840.0
3393,2026-05-03,20260503,P005,W04,BT00151,RETURN,19,38.0,722.0
3394,2026-05-03,20260503,P006,W02,BT00162,RETURN,4,74.0,296.0
3395,2026-05-03,20260503,P011,W02,BT00325,RETURN,14,58.0,812.0
3396,2026-05-03,20260503,P013,W04,BT00414,RETURN,14,62.0,868.0
3397,2026-05-03,20260503,P016,W04,BT00479,RETURN,4,88.0,352.0
3398,2026-05-03,20260503,P001,W01,BT00005,SALE,-263,18.5,-4865.5
3399,2026-05-03,20260503,P001,W02,BT00015,SALE,-264,18.5,-4884.0
3400,2026-05-03,20260503,P001,W03,BT00026,SALE,-229,18.5,-4236.5
3401,2026-05-03,20260503,P001,W04,BT00038,SALE,-166,18.5,-3071.0
3402,2026-05-03,20260503,P002,W01,BT00049,SALE,-124,11.0,-1364.0
3403,2026-05-03,20260503,P002,W02,BT00058,SALE,-149,11.0,-1639.0
3404,2026-05-03,20260503,P002,W03,BT00067,SALE,-126,11.0,-1386.0
3405,2026-05-03,20260503,P002,W04,BT00078,SALE,-101,11.0,-1111.0
3406,2026-05-03,20260503,P003,W01,BT00086,SALE,-103,52.0,-5356.0
3407,2026-05-03,20260503,P003,W02,BT00092,SALE,-107,52.0,-5564.0
3408,2026-05-03,20260503,P003,W03,BT00097,SALE,-8,52.0,-416.0
3409,2026-05-03,20260503,P003,W03,BT00098,SALE,-74,52.0,-3848.0
3410,2026-05-03,20260503,P003,W04,BT00102,SALE,-71,52.0,-3692.0
3411,2026-05-03,20260503,P004,W01,BT00106,SALE,-63,61.0,-3843.0
3412,2026-05-03,20260503,P004,W02,BT00110,SALE,-82,61.0,-5002.0
3413,2026-05-03,20260503,P004,W03,BT00114,SALE,-57,61.0,-3477.0
3414,2026-05-03,20260503,P004,W04,BT00118,SALE,-53,61.0,-3233.0
3415,2026-05-03,20260503,P005,W01,BT00124,SALE,-169,38.0,-6422.0
3416,2026-05-03,20260503,P005,W02,BT00133,SALE,-186,38.0,-7068.0
3417,2026-05-03,20260503,P005,W03,BT00141,SALE,-10,38.0,-380.0
3418,2026-05-03,20260503,P005,W03,BT00142,SALE,-124,38.0,-4712.0
3419,2026-05-03,20260503,P005,W04,BT00151,SALE,-101,38.0,-3838.0
3420,2026-05-03,20260503,P006,W01,BT00159,SALE,-30,74.0,-2220.0
3421,2026-05-03,20260503,P006,W02,BT00162,SALE,-28,74.0,-2072.0
3422,2026-05-03,20260503,P006,W03,BT00165,SALE,-26,74.0,-1924.0
3423,2026-05-03,20260503,P006,W04,BT00167,SALE,-5,74.0,-370.0
3424,2026-05-03,20260503,P006,W04,BT00168,SALE,-18,74.0,-1332.0
3425,2026-05-03,20260503,P007,W01,BT00174,SALE,-103,48.0,-4944.0
3426,2026-05-03,20260503,P007,W02,BT00183,SALE,-121,48.0,-5808.0
3427,2026-05-03,20260503,P007,W03,BT00192,SALE,-83,48.0,-3984.0
3428,2026-05-03,20260503,P007,W04,BT00201,SALE,-48,48.0,-2304.0
3429,2026-05-03,20260503,P007,W04,BT00202,SALE,-2,48.0,-96.0
3430,2026-05-03,20260503,P008,W01,BT00211,SALE,-78,66.0,-5148.0
3431,2026-05-03,20260503,P008,W02,BT00220,SALE,-86,66.0,-5676.0
3432,2026-05-03,20260503,P008,W03,BT00229,SALE,-68,66.0,-4488.0
3433,2026-05-03,20260503,P008,W04,BT00239,SALE,-51,66.0,-3366.0
3434,2026-05-03,20260503,P009,W01,BT00248,SALE,-224,22.0,-4928.0
3435,2026-05-03,20260503,P009,W02,BT00256,SALE,-256,22.0,-5632.0
3436,2026-05-03,20260503,P009,W03,BT00264,SALE,-210,22.0,-4620.0
3437,2026-05-03,20260503,P009,W04,BT00273,SALE,-150,22.0,-3300.0
3438,2026-05-03,20260503,P009,W04,BT00274,SALE,-12,22.0,-264.0
3439,2026-05-03,20260503,P010,W01,BT00282,SALE,-178,19.0,-3382.0
3440,2026-05-03,20260503,P010,W02,BT00291,SALE,-200,19.0,-3800.0
3441,2026-05-03,20260503,P010,W03,BT00299,SALE,-156,19.0,-2964.0
3442,2026-05-03,20260503,P010,W04,BT00308,SALE,-140,19.0,-2660.0
3443,2026-05-03,20260503,P011,W01,BT00317,SALE,-141,58.0,-8178.0
3444,2026-05-03,20260503,P011,W02,BT00325,SALE,-139,58.0,-8062.0
3445,2026-05-03,20260503,P011,W03,BT00333,SALE,-118,58.0,-6844.0
3446,2026-05-03,20260503,P011,W04,BT00343,SALE,-82,58.0,-4756.0
3447,2026-05-03,20260503,P012,W01,BT00352,SALE,-138,45.0,-6210.0
3448,2026-05-03,20260503,P012,W02,BT00360,SALE,-201,45.0,-9045.0
3449,2026-05-03,20260503,P012,W03,BT00369,SALE,-157,45.0,-7065.0
3450,2026-05-03,20260503,P013,W01,BT00389,SALE,-120,62.0,-7440.0
3451,2026-05-03,20260503,P013,W02,BT00397,SALE,-96,62.0,-5952.0
3452,2026-05-03,20260503,P013,W03,BT00405,SALE,-95,62.0,-5890.0
3453,2026-05-03,20260503,P013,W04,BT00414,SALE,-87,62.0,-5394.0
3454,2026-05-03,20260503,P014,W01,BT00422,SALE,-57,84.0,-4788.0
3455,2026-05-03,20260503,P014,W02,BT00428,SALE,-67,84.0,-5628.0
3456,2026-05-03,20260503,P014,W03,BT00435,SALE,-58,84.0,-4872.0
3457,2026-05-03,20260503,P014,W04,BT00439,SALE,-41,84.0,-3444.0
3458,2026-05-03,20260503,P015,W01,BT00444,SALE,-33,36.0,-1188.0
3459,2026-05-03,20260503,P015,W02,BT00450,SALE,-69,36.0,-2484.0
3460,2026-05-03,20260503,P015,W03,BT00455,SALE,-50,36.0,-1800.0
3461,2026-05-03,20260503,P015,W04,BT00460,SALE,-43,36.0,-1548.0
3462,2026-05-03,20260503,P016,W01,BT00464,SALE,-60,88.0,-5280.0
3463,2026-05-03,20260503,P016,W02,BT00469,SALE,-32,88.0,-2816.0
3464,2026-05-03,20260503,P016,W02,BT00470,SALE,-36,88.0,-3168.0
3465,2026-05-03,20260503,P016,W03,BT00474,SALE,-50,88.0,-4400.0
3466,2026-05-03,20260503,P016,W04,BT00479,SALE,-40,88.0,-3520.0
3467,2026-05-03,20260503,P017,W01,BT00483,SALE,-14,95.0,-1330.0
3468,2026-05-03,20260503,P017,W02,BT00487,SALE,-18,95.0,-1710.0
3469,2026-05-03,20260503,P017,W03,BT00494,SALE,-11,95.0,-1045.0
3470,2026-05-03,20260503,P017,W04,BT00498,SALE,-17,95.0,-1615.0
3471,2026-05-03,20260503,P018,W01,BT00504,SALE,-82,72.0,-5904.0
3472,2026-05-03,20260503,P018,W02,BT00513,SALE,-88,72.0,-6336.0
3473,2026-05-03,20260503,P018,W03,BT00521,SALE,-96,72.0,-6912.0
3474,2026-05-03,20260503,P018,W04,BT00530,SALE,-61,72.0,-4392.0
3475,2026-05-03,20260503,P019,W01,BT00537,SALE,-10,210.0,-2100.0
3476,2026-05-03,20260503,P019,W02,BT00540,SALE,-19,210.0,-3990.0
3477,2026-05-03,20260503,P019,W03,BT00543,SALE,-10,210.0,-2100.0
3478,2026-05-03,20260503,P019,W04,BT00546,SALE,-12,210.0,-2520.0
3479,2026-05-03,20260503,P020,W01,BT00549,SALE,-60,42.0,-2520.0
3480,2026-05-03,20260503,P020,W02,BT00553,SALE,-62,42.0,-2604.0
3481,2026-05-03,20260503,P020,W03,BT00557,SALE,-39,42.0,-1638.0
3482,2026-05-03,20260503,P020,W04,BT00560,SALE,-36,42.0,-1512.0
3483,2026-05-04,20260504,P012,W04,BT00380,PURCHASE,510,45.0,22950.0
3484,2026-05-04,20260504,P014,W03,BT00435,RETURN,14,84.0,1176.0
3485,2026-05-05,20260505,P010,W01,BT00283,PURCHASE,1140,19.0,21660.0
3486,2026-05-05,20260505,P001,W03,BT00026,RETURN,32,18.5,592.0
3487,2026-05-05,20260505,P015,W03,BT00455,RETURN,10,36.0,360.0
3488,2026-05-05,20260505,P019,W04,BT00546,RETURN,2,210.0,420.0
3489,2026-05-06,20260506,P008,W03,BT00230,PURCHASE,450,66.0,29700.0
3490,2026-05-06,20260506,P004,W01,BT00106,RETURN,12,61.0,732.0
3491,2026-05-06,20260506,P011,W02,BT00325,RETURN,23,58.0,1334.0
3492,2026-05-06,20260506,P012,W01,BT00352,RETURN,32,45.0,1440.0
3493,2026-05-07,20260507,P014,W01,BT00422,RETURN,8,84.0,672.0
3494,2026-05-08,20260508,P003,W03,BT00097,RETURN,1,52.0,52.0
3495,2026-05-09,20260509,P008,W02,BT00221,PURCHASE,570,66.0,37620.0
3496,2026-05-09,20260509,P008,W04,BT00239,RETURN,9,66.0,594.0
3497,2026-05-10,20260510,P012,W02,BT00361,PURCHASE,1130,45.0,50850.0
3498,2026-05-10,20260510,P005,W04,BT00151,RETURN,14,38.0,532.0
3499,2026-05-10,20260510,P007,W04,BT00202,RETURN,1,48.0,48.0
3500,2026-05-10,20260510,P001,W01,BT00005,SALE,-85,18.5,-1572.5
3501,2026-05-10,20260510,P001,W01,BT00006,SALE,-173,18.5,-3200.5
3502,2026-05-10,20260510,P001,W02,BT00015,SALE,-273,18.5,-5050.5
3503,2026-05-10,20260510,P001,W03,BT00026,SALE,-200,18.5,-3700.0
3504,2026-05-10,20260510,P001,W03,BT00027,SALE,-22,18.5,-407.0
3505,2026-05-10,20260510,P001,W04,BT00038,SALE,-181,18.5,-3348.5
3506,2026-05-10,20260510,P002,W01,BT00049,SALE,-102,11.0,-1122.0
3507,2026-05-10,20260510,P002,W02,BT00058,SALE,-120,11.0,-1320.0
3508,2026-05-10,20260510,P002,W03,BT00067,SALE,-112,11.0,-1232.0
3509,2026-05-10,20260510,P002,W04,BT00078,SALE,-93,11.0,-1023.0
3510,2026-05-10,20260510,P003,W01,BT00086,SALE,-70,52.0,-3640.0
3511,2026-05-10,20260510,P003,W02,BT00092,SALE,-88,52.0,-4576.0
3512,2026-05-10,20260510,P003,W03,BT00097,SALE,-1,52.0,-52.0
3513,2026-05-10,20260510,P003,W03,BT00098,SALE,-58,52.0,-3016.0
3514,2026-05-10,20260510,P003,W04,BT00102,SALE,-58,52.0,-3016.0
3515,2026-05-10,20260510,P004,W01,BT00106,SALE,-65,61.0,-3965.0
3516,2026-05-10,20260510,P004,W02,BT00110,SALE,-60,61.0,-3660.0
3517,2026-05-10,20260510,P004,W03,BT00114,SALE,-53,61.0,-3233.0
3518,2026-05-10,20260510,P004,W04,BT00118,SALE,-59,61.0,-3599.0
3519,2026-05-10,20260510,P005,W01,BT00124,SALE,-176,38.0,-6688.0
3520,2026-05-10,20260510,P005,W02,BT00133,SALE,-172,38.0,-6536.0
3521,2026-05-10,20260510,P005,W03,BT00142,SALE,-160,38.0,-6080.0
3522,2026-05-10,20260510,P005,W04,BT00151,SALE,-93,38.0,-3534.0
3523,2026-05-10,20260510,P006,W01,BT00159,SALE,-23,74.0,-1702.0
3524,2026-05-10,20260510,P006,W02,BT00162,SALE,-23,74.0,-1702.0
3525,2026-05-10,20260510,P006,W03,BT00165,SALE,-25,74.0,-1850.0
3526,2026-05-10,20260510,P006,W04,BT00168,SALE,-21,74.0,-1554.0
3527,2026-05-10,20260510,P007,W01,BT00174,SALE,-95,48.0,-4560.0
3528,2026-05-10,20260510,P007,W02,BT00183,SALE,-94,48.0,-4512.0
3529,2026-05-10,20260510,P007,W03,BT00192,SALE,-81,48.0,-3888.0
3530,2026-05-10,20260510,P007,W04,BT00202,SALE,-74,48.0,-3552.0
3531,2026-05-10,20260510,P008,W01,BT00211,SALE,-73,66.0,-4818.0
3532,2026-05-10,20260510,P008,W02,BT00220,SALE,-72,66.0,-4752.0
3533,2026-05-10,20260510,P008,W03,BT00229,SALE,-57,66.0,-3762.0
3534,2026-05-10,20260510,P008,W04,BT00239,SALE,-44,66.0,-2904.0
3535,2026-05-10,20260510,P009,W01,BT00248,SALE,-237,22.0,-5214.0
3536,2026-05-10,20260510,P009,W02,BT00256,SALE,-258,22.0,-5676.0
3537,2026-05-10,20260510,P009,W03,BT00264,SALE,-192,22.0,-4224.0
3538,2026-05-10,20260510,P009,W04,BT00274,SALE,-178,22.0,-3916.0
3539,2026-05-10,20260510,P010,W01,BT00282,SALE,-130,19.0,-2470.0
3540,2026-05-10,20260510,P010,W01,BT00283,SALE,-37,19.0,-703.0
3541,2026-05-10,20260510,P010,W02,BT00291,SALE,-186,19.0,-3534.0
3542,2026-05-10,20260510,P010,W03,BT00299,SALE,-142,19.0,-2698.0
3543,2026-05-10,20260510,P010,W04,BT00308,SALE,-135,19.0,-2565.0
3544,2026-05-10,20260510,P011,W01,BT00317,SALE,-137,58.0,-7946.0
3545,2026-05-10,20260510,P011,W02,BT00325,SALE,-152,58.0,-8816.0
3546,2026-05-10,20260510,P011,W03,BT00333,SALE,-116,58.0,-6728.0
3547,2026-05-10,20260510,P011,W04,BT00343,SALE,-108,58.0,-6264.0
3548,2026-05-10,20260510,P012,W01,BT00352,SALE,-175,45.0,-7875.0
3549,2026-05-10,20260510,P012,W02,BT00360,SALE,-159,45.0,-7155.0
3550,2026-05-10,20260510,P012,W03,BT00369,SALE,-155,45.0,-6975.0
3551,2026-05-10,20260510,P012,W04,BT00380,SALE,-112,45.0,-5040.0
3552,2026-05-10,20260510,P013,W01,BT00389,SALE,-108,62.0,-6696.0
3553,2026-05-10,20260510,P013,W02,BT00397,SALE,-110,62.0,-6820.0
3554,2026-05-10,20260510,P013,W03,BT00405,SALE,-90,62.0,-5580.0
3555,2026-05-10,20260510,P013,W04,BT00414,SALE,-52,62.0,-3224.0
3556,2026-05-10,20260510,P014,W01,BT00422,SALE,-61,84.0,-5124.0
3557,2026-05-10,20260510,P014,W02,BT00428,SALE,-21,84.0,-1764.0
3558,2026-05-10,20260510,P014,W02,BT00429,SALE,-39,84.0,-3276.0
3559,2026-05-10,20260510,P014,W03,BT00435,SALE,-48,84.0,-4032.0
3560,2026-05-10,20260510,P014,W04,BT00439,SALE,-40,84.0,-3360.0
3561,2026-05-10,20260510,P015,W01,BT00444,SALE,-56,36.0,-2016.0
3562,2026-05-10,20260510,P015,W02,BT00450,SALE,-53,36.0,-1908.0
3563,2026-05-10,20260510,P015,W03,BT00455,SALE,-38,36.0,-1368.0
3564,2026-05-10,20260510,P015,W04,BT00460,SALE,-33,36.0,-1188.0
3565,2026-05-10,20260510,P016,W01,BT00464,SALE,-4,88.0,-352.0
3566,2026-05-10,20260510,P016,W01,BT00465,SALE,-48,88.0,-4224.0
3567,2026-05-10,20260510,P016,W02,BT00470,SALE,-74,88.0,-6512.0
3568,2026-05-10,20260510,P016,W03,BT00474,SALE,-51,88.0,-4488.0
3569,2026-05-10,20260510,P016,W04,BT00479,SALE,-54,88.0,-4752.0
3570,2026-05-10,20260510,P017,W01,BT00483,SALE,-14,95.0,-1330.0
3571,2026-05-10,20260510,P017,W02,BT00487,SALE,-20,95.0,-1900.0
3572,2026-05-10,20260510,P017,W03,BT00494,SALE,-11,95.0,-1045.0
3573,2026-05-10,20260510,P017,W04,BT00498,SALE,-15,95.0,-1425.0
3574,2026-05-10,20260510,P018,W01,BT00504,SALE,-76,72.0,-5472.0
3575,2026-05-10,20260510,P018,W02,BT00513,SALE,-93,72.0,-6696.0
3576,2026-05-10,20260510,P018,W03,BT00521,SALE,-73,72.0,-5256.0
3577,2026-05-10,20260510,P018,W04,BT00530,SALE,-62,72.0,-4464.0
3578,2026-05-10,20260510,P019,W01,BT00537,SALE,-10,210.0,-2100.0
3579,2026-05-10,20260510,P019,W02,BT00540,SALE,-15,210.0,-3150.0
3580,2026-05-10,20260510,P019,W03,BT00543,SALE,-13,210.0,-2730.0
3581,2026-05-10,20260510,P019,W04,BT00546,SALE,-9,210.0,-1890.0
3582,2026-05-10,20260510,P020,W01,BT00549,SALE,-50,42.0,-2100.0
3583,2026-05-10,20260510,P020,W02,BT00553,SALE,-82,42.0,-3444.0
3584,2026-05-10,20260510,P020,W03,BT00557,SALE,-40,42.0,-1680.0
3585,2026-05-10,20260510,P020,W04,BT00560,SALE,-44,42.0,-1848.0
3586,2026-05-11,20260511,P005,W04,BT00152,PURCHASE,390,38.0,14820.0
3587,2026-05-11,20260511,P010,W03,BT00300,PURCHASE,990,19.0,18810.0
3588,2026-05-11,20260511,P010,W01,BT00283,RETURN,5,19.0,95.0
3589,2026-05-11,20260511,P020,W01,BT00549,RETURN,8,42.0,336.0
3590,2026-05-12,20260512,P007,W02,BT00184,PURCHASE,850,48.0,40800.0
3591,2026-05-12,20260512,P009,W03,BT00265,PURCHASE,1260,22.0,27720.0
3592,2026-05-12,20260512,P011,W03,BT00334,PURCHASE,770,58.0,44660.0
3593,2026-05-12,20260512,P006,W02,BT00162,RETURN,3,74.0,222.0
3594,2026-05-13,20260513,P012,W03,BT00370,PURCHASE,900,45.0,40500.0
3595,2026-05-13,20260513,P014,W01,BT00423,PURCHASE,800,84.0,67200.0
3596,2026-05-13,20260513,P015,W01,BT00445,PURCHASE,600,36.0,21600.0
3597,2026-05-13,20260513,P018,W02,BT00514,PURCHASE,570,72.0,41040.0
3598,2026-05-13,20260513,P012,W02,BT00360,RETURN,37,45.0,1665.0
3599,2026-05-13,20260513,P017,W02,BT00487,RETURN,2,95.0,190.0
3600,2026-05-14,20260514,P010,W02,BT00292,PURCHASE,1240,19.0,23560.0
3601,2026-05-14,20260514,P010,W04,BT00309,PURCHASE,570,19.0,10830.0
3602,2026-05-14,20260514,P011,W02,BT00326,PURCHASE,960,58.0,55680.0
3603,2026-05-14,20260514,P002,W04,BT00078,RETURN,23,11.0,253.0
3604,2026-05-14,20260514,P012,W03,BT00369,RETURN,30,45.0,1350.0
3605,2026-05-14,20260514,P015,W01,BT00444,RETURN,14,36.0,504.0
3606,2026-05-14,20260514,P017,W03,BT00494,RETURN,2,95.0,190.0
3607,2026-05-15,20260515,P002,W03,BT00068,PURCHASE,810,11.0,8910.0
3608,2026-05-15,20260515,P007,W01,BT00175,PURCHASE,780,48.0,37440.0
3609,2026-05-15,20260515,P009,W03,BT00264,RETURN,26,22.0,572.0
3610,2026-05-16,20260516,P013,W01,BT00390,PURCHASE,730,62.0,45260.0
3611,2026-05-16,20260516,P013,W03,BT00406,PURCHASE,630,62.0,39060.0
3612,2026-05-16,20260516,P016,W01,BT00465,RETURN,5,88.0,440.0
3613,2026-05-17,20260517,P005,W01,BT00125,PURCHASE,780,38.0,29640.0
3614,2026-05-17,20260517,P009,W01,BT00249,PURCHASE,1450,22.0,31900.0
3615,2026-05-17,20260517,P012,W01,BT00353,PURCHASE,1040,45.0,46800.0
3616,2026-05-17,20260517,P014,W04,BT00440,PURCHASE,800,84.0,67200.0
3617,2026-05-17,20260517,P004,W01,BT00106,RETURN,15,61.0,915.0
3618,2026-05-17,20260517,P019,W01,BT00537,RETURN,2,210.0,420.0
3619,2026-05-17,20260517,P001,W01,BT00006,SALE,-261,18.5,-4828.5
3620,2026-05-17,20260517,P001,W02,BT00015,SALE,-10,18.5,-185.0
3621,2026-05-17,20260517,P001,W02,BT00016,SALE,-274,18.5,-5069.0
3622,2026-05-17,20260517,P001,W03,BT00027,SALE,-228,18.5,-4218.0
3623,2026-05-17,20260517,P001,W04,BT00038,SALE,-211,18.5,-3903.5
3624,2026-05-17,20260517,P002,W01,BT00049,SALE,-122,11.0,-1342.0
3625,2026-05-17,20260517,P002,W02,BT00058,SALE,-119,11.0,-1309.0
3626,2026-05-17,20260517,P002,W03,BT00067,SALE,-89,11.0,-979.0
3627,2026-05-17,20260517,P002,W04,BT00078,SALE,-101,11.0,-1111.0
3628,2026-05-17,20260517,P003,W01,BT00086,SALE,-86,52.0,-4472.0
3629,2026-05-17,20260517,P003,W02,BT00092,SALE,-88,52.0,-4576.0
3630,2026-05-17,20260517,P003,W03,BT00098,SALE,-64,52.0,-3328.0
3631,2026-05-17,20260517,P003,W04,BT00102,SALE,-81,52.0,-4212.0
3632,2026-05-17,20260517,P004,W01,BT00106,SALE,-72,61.0,-4392.0
3633,2026-05-17,20260517,P004,W02,BT00110,SALE,-61,61.0,-3721.0
3634,2026-05-17,20260517,P004,W03,BT00114,SALE,-55,61.0,-3355.0
3635,2026-05-17,20260517,P004,W04,BT00118,SALE,-43,61.0,-2623.0
3636,2026-05-17,20260517,P005,W01,BT00124,SALE,-178,38.0,-6764.0
3637,2026-05-17,20260517,P005,W02,BT00133,SALE,-177,38.0,-6726.0
3638,2026-05-17,20260517,P005,W03,BT00142,SALE,-130,38.0,-4940.0
3639,2026-05-17,20260517,P005,W04,BT00152,SALE,-130,38.0,-4940.0
3640,2026-05-17,20260517,P006,W01,BT00159,SALE,-20,74.0,-1480.0
3641,2026-05-17,20260517,P006,W02,BT00162,SALE,-17,74.0,-1258.0
3642,2026-05-17,20260517,P006,W03,BT00165,SALE,-25,74.0,-1850.0
3643,2026-05-17,20260517,P006,W04,BT00168,SALE,-19,74.0,-1406.0
3644,2026-05-17,20260517,P007,W01,BT00174,SALE,-109,48.0,-5232.0
3645,2026-05-17,20260517,P007,W02,BT00183,SALE,-15,48.0,-720.0
3646,2026-05-17,20260517,P007,W02,BT00184,SALE,-95,48.0,-4560.0
3647,2026-05-17,20260517,P007,W03,BT00192,SALE,-89,48.0,-4272.0
3648,2026-05-17,20260517,P007,W04,BT00202,SALE,-76,48.0,-3648.0
3649,2026-05-17,20260517,P008,W01,BT00211,SALE,-70,66.0,-4620.0
3650,2026-05-17,20260517,P008,W02,BT00219,SALE,-55,66.0,-3630.0
3651,2026-05-17,20260517,P008,W02,BT00220,SALE,-18,66.0,-1188.0
3652,2026-05-17,20260517,P008,W03,BT00229,SALE,-24,66.0,-1584.0
3653,2026-05-17,20260517,P008,W03,BT00230,SALE,-34,66.0,-2244.0
3654,2026-05-17,20260517,P008,W04,BT00239,SALE,-43,66.0,-2838.0
3655,2026-05-17,20260517,P009,W01,BT00248,SALE,-235,22.0,-5170.0
3656,2026-05-17,20260517,P009,W02,BT00256,SALE,-236,22.0,-5192.0
3657,2026-05-17,20260517,P009,W03,BT00264,SALE,-187,22.0,-4114.0
3658,2026-05-17,20260517,P009,W03,BT00265,SALE,-12,22.0,-264.0
3659,2026-05-17,20260517,P009,W04,BT00274,SALE,-175,22.0,-3850.0
3660,2026-05-17,20260517,P010,W01,BT00283,SALE,-179,19.0,-3401.0
3661,2026-05-17,20260517,P010,W02,BT00291,SALE,-206,19.0,-3914.0
3662,2026-05-17,20260517,P010,W03,BT00299,SALE,-98,19.0,-1862.0
3663,2026-05-17,20260517,P010,W03,BT00300,SALE,-55,19.0,-1045.0
3664,2026-05-17,20260517,P010,W04,BT00308,SALE,-56,19.0,-1064.0
3665,2026-05-17,20260517,P010,W04,BT00309,SALE,-76,19.0,-1444.0
3666,2026-05-17,20260517,P011,W01,BT00317,SALE,-143,58.0,-8294.0
3667,2026-05-17,20260517,P011,W02,BT00325,SALE,-64,58.0,-3712.0
3668,2026-05-17,20260517,P011,W02,BT00326,SALE,-80,58.0,-4640.0
3669,2026-05-17,20260517,P011,W03,BT00333,SALE,-110,58.0,-6380.0
3670,2026-05-17,20260517,P011,W04,BT00342,SALE,-6,58.0,-348.0
3671,2026-05-17,20260517,P011,W04,BT00343,SALE,-63,58.0,-3654.0
3672,2026-05-17,20260517,P012,W01,BT00352,SALE,-161,45.0,-7245.0
3673,2026-05-17,20260517,P012,W02,BT00360,SALE,-114,45.0,-5130.0
3674,2026-05-17,20260517,P012,W02,BT00361,SALE,-62,45.0,-2790.0
3675,2026-05-17,20260517,P012,W03,BT00369,SALE,-80,45.0,-3600.0
3676,2026-05-17,20260517,P012,W03,BT00370,SALE,-64,45.0,-2880.0
3677,2026-05-17,20260517,P012,W04,BT00380,SALE,-127,45.0,-5715.0
3678,2026-05-17,20260517,P013,W01,BT00389,SALE,-114,62.0,-7068.0
3679,2026-05-17,20260517,P013,W02,BT00397,SALE,-136,62.0,-8432.0
3680,2026-05-17,20260517,P013,W03,BT00405,SALE,-97,62.0,-6014.0
3681,2026-05-17,20260517,P014,W01,BT00422,SALE,-17,84.0,-1428.0
3682,2026-05-17,20260517,P014,W01,BT00423,SALE,-49,84.0,-4116.0
3683,2026-05-17,20260517,P014,W02,BT00429,SALE,-82,84.0,-6888.0
3684,2026-05-17,20260517,P014,W03,BT00435,SALE,-69,84.0,-5796.0
3685,2026-05-17,20260517,P014,W04,BT00439,SALE,-17,84.0,-1428.0
3686,2026-05-17,20260517,P014,W04,BT00440,SALE,-6,84.0,-504.0
3687,2026-05-17,20260517,P015,W01,BT00444,SALE,-52,36.0,-1872.0
3688,2026-05-17,20260517,P015,W02,BT00450,SALE,-50,36.0,-1800.0
3689,2026-05-17,20260517,P015,W03,BT00455,SALE,-43,36.0,-1548.0
3690,2026-05-17,20260517,P015,W04,BT00460,SALE,-28,36.0,-1008.0
3691,2026-05-17,20260517,P016,W01,BT00465,SALE,-50,88.0,-4400.0
3692,2026-05-17,20260517,P016,W02,BT00470,SALE,-58,88.0,-5104.0
3693,2026-05-17,20260517,P016,W03,BT00474,SALE,-61,88.0,-5368.0
3694,2026-05-17,20260517,P016,W04,BT00479,SALE,-56,88.0,-4928.0
3695,2026-05-17,20260517,P017,W01,BT00483,SALE,-14,95.0,-1330.0
3696,2026-05-17,20260517,P017,W02,BT00487,SALE,-24,95.0,-2280.0
3697,2026-05-17,20260517,P017,W03,BT00494,SALE,-12,95.0,-1140.0
3698,2026-05-17,20260517,P017,W04,BT00498,SALE,-14,95.0,-1330.0
3699,2026-05-17,20260517,P018,W01,BT00505,SALE,-90,72.0,-6480.0
3700,2026-05-17,20260517,P018,W02,BT00513,SALE,-96,72.0,-6912.0
3701,2026-05-17,20260517,P018,W03,BT00521,SALE,-68,72.0,-4896.0
3702,2026-05-17,20260517,P018,W04,BT00530,SALE,-35,72.0,-2520.0
3703,2026-05-17,20260517,P019,W01,BT00537,SALE,-12,210.0,-2520.0
3704,2026-05-17,20260517,P019,W02,BT00540,SALE,-18,210.0,-3780.0
3705,2026-05-17,20260517,P019,W03,BT00543,SALE,-20,210.0,-4200.0
3706,2026-05-17,20260517,P019,W04,BT00546,SALE,-11,210.0,-2310.0
3707,2026-05-17,20260517,P020,W01,BT00549,SALE,-57,42.0,-2394.0
3708,2026-05-17,20260517,P020,W02,BT00553,SALE,-69,42.0,-2898.0
3709,2026-05-17,20260517,P020,W03,BT00557,SALE,-43,42.0,-1806.0
3710,2026-05-17,20260517,P020,W04,BT00560,SALE,-45,42.0,-1890.0
3711,2026-05-18,20260518,P002,W02,BT00059,PURCHASE,1020,11.0,11220.0
3712,2026-05-18,20260518,P018,W03,BT00522,PURCHASE,450,72.0,32400.0
3713,2026-05-18,20260518,P005,W04,BT00152,RETURN,30,38.0,1140.0
3714,2026-05-18,20260518,P019,W04,BT00546,RETURN,1,210.0,210.0
3715,2026-05-19,20260519,P008,W01,BT00212,PURCHASE,520,66.0,34320.0
3716,2026-05-19,20260519,P014,W01,BT00422,RETURN,4,84.0,336.0
3717,2026-05-19,20260519,P017,W04,BT00498,RETURN,3,95.0,285.0
3718,2026-05-19,20260519,P018,W02,BT00513,RETURN,18,72.0,1296.0
3719,2026-05-20,20260520,P011,W04,BT00344,PURCHASE,440,58.0,25520.0
3720,2026-05-20,20260520,P013,W04,BT00415,PURCHASE,360,62.0,22320.0
3721,2026-05-21,20260521,P009,W02,BT00257,PURCHASE,1580,22.0,34760.0
3722,2026-05-21,20260521,P002,W01,BT00049,RETURN,13,11.0,143.0
3723,2026-05-21,20260521,P015,W01,BT00444,RETURN,11,36.0,396.0
3724,2026-05-22,20260522,P007,W03,BT00193,PURCHASE,680,48.0,32640.0
3725,2026-05-22,20260522,P010,W04,BT00309,RETURN,12,19.0,228.0
3726,2026-05-22,20260522,P017,W01,BT00483,RETURN,3,95.0,285.0
3727,2026-05-23,20260523,P003,W02,BT00093,PURCHASE,1300,52.0,67600.0
3728,2026-05-23,20260523,P011,W01,BT00318,PURCHASE,880,58.0,51040.0
3729,2026-05-23,20260523,P018,W04,BT00531,PURCHASE,260,72.0,18720.0
3730,2026-05-23,20260523,P008,W01,BT00211,RETURN,15,66.0,990.0
3731,2026-05-24,20260524,P020,W04,BT00560,RETURN,8,42.0,336.0
3732,2026-05-24,20260524,P001,W01,BT00006,SALE,-246,18.5,-4551.0
3733,2026-05-24,20260524,P001,W02,BT00016,SALE,-264,18.5,-4884.0
3734,2026-05-24,20260524,P001,W03,BT00027,SALE,-192,18.5,-3552.0
3735,2026-05-24,20260524,P001,W04,BT00038,SALE,-178,18.5,-3293.0
3736,2026-05-24,20260524,P002,W01,BT00049,SALE,-106,11.0,-1166.0
3737,2026-05-24,20260524,P002,W02,BT00058,SALE,-135,11.0,-1485.0
3738,2026-05-24,20260524,P002,W03,BT00067,SALE,-102,11.0,-1122.0
3739,2026-05-24,20260524,P002,W04,BT00078,SALE,-98,11.0,-1078.0
3740,2026-05-24,20260524,P003,W01,BT00086,SALE,-92,52.0,-4784.0
3741,2026-05-24,20260524,P003,W02,BT00092,SALE,-96,52.0,-4992.0
3742,2026-05-24,20260524,P003,W03,BT00098,SALE,-66,52.0,-3432.0
3743,2026-05-24,20260524,P003,W04,BT00102,SALE,-65,52.0,-3380.0
3744,2026-05-24,20260524,P004,W01,BT00106,SALE,-58,61.0,-3538.0
3745,2026-05-24,20260524,P004,W02,BT00110,SALE,-77,61.0,-4697.0
3746,2026-05-24,20260524,P004,W03,BT00114,SALE,-52,61.0,-3172.0
3747,2026-05-24,20260524,P004,W04,BT00118,SALE,-44,61.0,-2684.0
3748,2026-05-24,20260524,P005,W01,BT00124,SALE,-30,38.0,-1140.0
3749,2026-05-24,20260524,P005,W01,BT00125,SALE,-156,38.0,-5928.0
3750,2026-05-24,20260524,P005,W02,BT00133,SALE,-194,38.0,-7372.0
3751,2026-05-24,20260524,P005,W03,BT00142,SALE,-156,38.0,-5928.0
3752,2026-05-24,20260524,P005,W04,BT00152,SALE,-130,38.0,-4940.0
3753,2026-05-24,20260524,P006,W01,BT00159,SALE,-26,74.0,-1924.0
3754,2026-05-24,20260524,P006,W02,BT00162,SALE,-17,74.0,-1258.0
3755,2026-05-24,20260524,P006,W03,BT00165,SALE,-22,74.0,-1628.0
3756,2026-05-24,20260524,P006,W04,BT00168,SALE,-24,74.0,-1776.0
3757,2026-05-24,20260524,P007,W01,BT00174,SALE,-1,48.0,-48.0
3758,2026-05-24,20260524,P007,W01,BT00175,SALE,-106,48.0,-5088.0
3759,2026-05-24,20260524,P007,W02,BT00184,SALE,-114,48.0,-5472.0
3760,2026-05-24,20260524,P007,W03,BT00192,SALE,-86,48.0,-4128.0
3761,2026-05-24,20260524,P007,W04,BT00202,SALE,-70,48.0,-3360.0
3762,2026-05-24,20260524,P008,W01,BT00211,SALE,-66,66.0,-4356.0
3763,2026-05-24,20260524,P008,W02,BT00219,SALE,-4,66.0,-264.0
3764,2026-05-24,20260524,P008,W02,BT00221,SALE,-61,66.0,-4026.0
3765,2026-05-24,20260524,P008,W03,BT00230,SALE,-57,66.0,-3762.0
3766,2026-05-24,20260524,P008,W04,BT00239,SALE,-57,66.0,-3762.0
3767,2026-05-24,20260524,P009,W01,BT00248,SALE,-156,22.0,-3432.0
3768,2026-05-24,20260524,P009,W01,BT00249,SALE,-65,22.0,-1430.0
3769,2026-05-24,20260524,P009,W02,BT00256,SALE,-226,22.0,-4972.0
3770,2026-05-24,20260524,P009,W03,BT00265,SALE,-164,22.0,-3608.0
3771,2026-05-24,20260524,P009,W04,BT00274,SALE,-164,22.0,-3608.0
3772,2026-05-24,20260524,P010,W01,BT00283,SALE,-141,19.0,-2679.0
3773,2026-05-24,20260524,P010,W02,BT00291,SALE,-104,19.0,-1976.0
3774,2026-05-24,20260524,P010,W02,BT00292,SALE,-82,19.0,-1558.0
3775,2026-05-24,20260524,P010,W03,BT00300,SALE,-168,19.0,-3192.0
3776,2026-05-24,20260524,P010,W04,BT00309,SALE,-133,19.0,-2527.0
3777,2026-05-24,20260524,P011,W01,BT00317,SALE,-148,58.0,-8584.0
3778,2026-05-24,20260524,P011,W02,BT00326,SALE,-132,58.0,-7656.0
3779,2026-05-24,20260524,P011,W03,BT00333,SALE,-2,58.0,-116.0
3780,2026-05-24,20260524,P011,W03,BT00334,SALE,-110,58.0,-6380.0
3781,2026-05-24,20260524,P011,W04,BT00344,SALE,-76,58.0,-4408.0
3782,2026-05-24,20260524,P012,W01,BT00352,SALE,-137,45.0,-6165.0
3783,2026-05-24,20260524,P012,W01,BT00353,SALE,-25,45.0,-1125.0
3784,2026-05-24,20260524,P012,W02,BT00361,SALE,-167,45.0,-7515.0
3785,2026-05-24,20260524,P012,W03,BT00370,SALE,-163,45.0,-7335.0
3786,2026-05-24,20260524,P012,W04,BT00380,SALE,-109,45.0,-4905.0
3787,2026-05-24,20260524,P013,W01,BT00389,SALE,-37,62.0,-2294.0
3788,2026-05-24,20260524,P013,W01,BT00390,SALE,-71,62.0,-4402.0
3789,2026-05-24,20260524,P013,W02,BT00397,SALE,-120,62.0,-7440.0
3790,2026-05-24,20260524,P013,W03,BT00405,SALE,-58,62.0,-3596.0
3791,2026-05-24,20260524,P013,W03,BT00406,SALE,-49,62.0,-3038.0
3792,2026-05-24,20260524,P013,W04,BT00415,SALE,-51,62.0,-3162.0
3793,2026-05-24,20260524,P014,W01,BT00423,SALE,-49,84.0,-4116.0
3794,2026-05-24,20260524,P014,W02,BT00429,SALE,-75,84.0,-6300.0
3795,2026-05-24,20260524,P014,W03,BT00435,SALE,-49,84.0,-4116.0
3796,2026-05-24,20260524,P014,W04,BT00440,SALE,-43,84.0,-3612.0
3797,2026-05-24,20260524,P015,W01,BT00444,SALE,-37,36.0,-1332.0
3798,2026-05-24,20260524,P015,W01,BT00445,SALE,-19,36.0,-684.0
3799,2026-05-24,20260524,P015,W02,BT00450,SALE,-58,36.0,-2088.0
3800,2026-05-24,20260524,P015,W03,BT00455,SALE,-52,36.0,-1872.0
3801,2026-05-24,20260524,P015,W04,BT00460,SALE,-29,36.0,-1044.0
3802,2026-05-24,20260524,P016,W01,BT00465,SALE,-55,88.0,-4840.0
3803,2026-05-24,20260524,P016,W02,BT00470,SALE,-61,88.0,-5368.0
3804,2026-05-24,20260524,P016,W03,BT00474,SALE,-53,88.0,-4664.0
3805,2026-05-24,20260524,P016,W04,BT00479,SALE,-43,88.0,-3784.0
3806,2026-05-24,20260524,P017,W01,BT00483,SALE,-18,95.0,-1710.0
3807,2026-05-24,20260524,P017,W02,BT00487,SALE,-25,95.0,-2375.0
3808,2026-05-24,20260524,P017,W03,BT00494,SALE,-16,95.0,-1520.0
3809,2026-05-24,20260524,P017,W04,BT00498,SALE,-10,95.0,-950.0
3810,2026-05-24,20260524,P018,W01,BT00505,SALE,-89,72.0,-6408.0
3811,2026-05-24,20260524,P018,W02,BT00513,SALE,-34,72.0,-2448.0
3812,2026-05-24,20260524,P018,W02,BT00514,SALE,-41,72.0,-2952.0
3813,2026-05-24,20260524,P018,W03,BT00522,SALE,-66,72.0,-4752.0
3814,2026-05-24,20260524,P018,W04,BT00531,SALE,-13,72.0,-936.0
3815,2026-05-24,20260524,P019,W01,BT00537,SALE,-16,210.0,-3360.0
3816,2026-05-24,20260524,P019,W02,BT00540,SALE,-19,210.0,-3990.0
3817,2026-05-24,20260524,P019,W03,BT00543,SALE,-14,210.0,-2940.0
3818,2026-05-24,20260524,P019,W04,BT00546,SALE,-10,210.0,-2100.0
3819,2026-05-24,20260524,P020,W01,BT00549,SALE,-53,42.0,-2226.0
3820,2026-05-24,20260524,P020,W02,BT00553,SALE,-54,42.0,-2268.0
3821,2026-05-24,20260524,P020,W03,BT00557,SALE,-29,42.0,-1218.0
3822,2026-05-24,20260524,P020,W04,BT00560,SALE,-32,42.0,-1344.0
3823,2026-05-25,20260525,P005,W02,BT00134,PURCHASE,850,38.0,32300.0
3824,2026-05-25,20260525,P007,W04,BT00202,RETURN,16,48.0,768.0
3825,2026-05-26,20260526,P012,W01,BT00353,RETURN,3,45.0,135.0
3826,2026-05-27,20260527,P001,W04,BT00039,PURCHASE,870,18.5,16095.0
3827,2026-05-27,20260527,P004,W02,BT00111,PURCHASE,1500,61.0,91500.0
3828,2026-05-27,20260527,P005,W03,BT00143,PURCHASE,680,38.0,25840.0
3829,2026-05-27,20260527,P002,W03,BT00067,RETURN,25,11.0,275.0
3830,2026-05-27,20260527,P005,W01,BT00125,RETURN,32,38.0,1216.0
3831,2026-05-29,20260529,P012,W04,BT00380,RETURN,18,45.0,810.0
3832,2026-05-29,20260529,P018,W02,BT00514,RETURN,4,72.0,288.0
3833,2026-05-30,20260530,P002,W04,BT00079,PURCHASE,460,11.0,5060.0
3834,2026-05-30,20260530,P006,W01,BT00159,RETURN,3,74.0,222.0
3835,2026-05-30,20260530,P006,W03,BT00165,RETURN,4,74.0,296.0
3836,2026-05-30,20260530,P013,W03,BT00405,RETURN,9,62.0,558.0
3837,2026-05-31,20260531,P015,W03,BT00456,PURCHASE,600,36.0,21600.0
3838,2026-05-31,20260531,P016,W03,BT00475,PURCHASE,700,88.0,61600.0
3839,2026-05-31,20260531,P011,W02,BT00326,RETURN,21,58.0,1218.0
3840,2026-05-31,20260531,P001,W01,BT00006,SALE,-258,18.5,-4773.0
3841,2026-05-31,20260531,P001,W02,BT00016,SALE,-277,18.5,-5124.5
3842,2026-05-31,20260531,P001,W03,BT00027,SALE,-262,18.5,-4847.0
3843,2026-05-31,20260531,P001,W04,BT00038,SALE,-56,18.5,-1036.0
3844,2026-05-31,20260531,P001,W04,BT00039,SALE,-126,18.5,-2331.0
3845,2026-05-31,20260531,P002,W01,BT00049,SALE,-118,11.0,-1298.0
3846,2026-05-31,20260531,P002,W02,BT00058,SALE,-23,11.0,-253.0
3847,2026-05-31,20260531,P002,W02,BT00059,SALE,-110,11.0,-1210.0
3848,2026-05-31,20260531,P002,W03,BT00067,SALE,-42,11.0,-462.0
3849,2026-05-31,20260531,P002,W03,BT00068,SALE,-62,11.0,-682.0
3850,2026-05-31,20260531,P002,W04,BT00078,SALE,-78,11.0,-858.0
3851,2026-05-31,20260531,P002,W04,BT00079,SALE,-8,11.0,-88.0
3852,2026-05-31,20260531,P003,W01,BT00086,SALE,-80,52.0,-4160.0
3853,2026-05-31,20260531,P003,W02,BT00092,SALE,-103,52.0,-5356.0
3854,2026-05-31,20260531,P003,W03,BT00098,SALE,-61,52.0,-3172.0
3855,2026-05-31,20260531,P003,W04,BT00102,SALE,-59,52.0,-3068.0
3856,2026-05-31,20260531,P004,W01,BT00106,SALE,-61,61.0,-3721.0
3857,2026-05-31,20260531,P004,W02,BT00110,SALE,-76,61.0,-4636.0
3858,2026-05-31,20260531,P004,W03,BT00114,SALE,-62,61.0,-3782.0
3859,2026-05-31,20260531,P004,W04,BT00118,SALE,-53,61.0,-3233.0
3860,2026-05-31,20260531,P005,W01,BT00125,SALE,-181,38.0,-6878.0
3861,2026-05-31,20260531,P005,W02,BT00134,SALE,-171,38.0,-6498.0
3862,2026-05-31,20260531,P005,W03,BT00142,SALE,-110,38.0,-4180.0
3863,2026-05-31,20260531,P005,W03,BT00143,SALE,-41,38.0,-1558.0
3864,2026-05-31,20260531,P005,W04,BT00152,SALE,-138,38.0,-5244.0
3865,2026-05-31,20260531,P006,W01,BT00159,SALE,-20,74.0,-1480.0
3866,2026-05-31,20260531,P006,W02,BT00162,SALE,-27,74.0,-1998.0
3867,2026-05-31,20260531,P006,W03,BT00165,SALE,-20,74.0,-1480.0
3868,2026-05-31,20260531,P006,W04,BT00168,SALE,-20,74.0,-1480.0
3869,2026-05-31,20260531,P007,W01,BT00175,SALE,-107,48.0,-5136.0
3870,2026-05-31,20260531,P007,W02,BT00184,SALE,-119,48.0,-5712.0
3871,2026-05-31,20260531,P007,W03,BT00192,SALE,-86,48.0,-4128.0
3872,2026-05-31,20260531,P007,W04,BT00202,SALE,-68,48.0,-3264.0
3873,2026-05-31,20260531,P008,W01,BT00211,SALE,-56,66.0,-3696.0
3874,2026-05-31,20260531,P008,W02,BT00221,SALE,-92,66.0,-6072.0
3875,2026-05-31,20260531,P008,W03,BT00230,SALE,-61,66.0,-4026.0
3876,2026-05-31,20260531,P009,W01,BT00249,SALE,-213,22.0,-4686.0
3877,2026-05-31,20260531,P009,W02,BT00256,SALE,-33,22.0,-726.0
3878,2026-05-31,20260531,P009,W02,BT00257,SALE,-225,22.0,-4950.0
3879,2026-05-31,20260531,P009,W03,BT00265,SALE,-206,22.0,-4532.0
3880,2026-05-31,20260531,P009,W04,BT00274,SALE,-167,22.0,-3674.0
3881,2026-05-31,20260531,P010,W01,BT00283,SALE,-185,19.0,-3515.0
3882,2026-05-31,20260531,P010,W02,BT00292,SALE,-185,19.0,-3515.0
3883,2026-05-31,20260531,P010,W03,BT00300,SALE,-174,19.0,-3306.0
3884,2026-05-31,20260531,P010,W04,BT00309,SALE,-130,19.0,-2470.0
3885,2026-05-31,20260531,P011,W01,BT00317,SALE,-34,58.0,-1972.0
3886,2026-05-31,20260531,P011,W01,BT00318,SALE,-96,58.0,-5568.0
3887,2026-05-31,20260531,P011,W02,BT00326,SALE,-143,58.0,-8294.0
3888,2026-05-31,20260531,P011,W03,BT00334,SALE,-112,58.0,-6496.0
3889,2026-05-31,20260531,P011,W04,BT00344,SALE,-109,58.0,-6322.0
3890,2026-05-31,20260531,P012,W01,BT00353,SALE,-163,45.0,-7335.0
3891,2026-05-31,20260531,P012,W02,BT00361,SALE,-181,45.0,-8145.0
3892,2026-05-31,20260531,P012,W03,BT00370,SALE,-148,45.0,-6660.0
3893,2026-05-31,20260531,P012,W04,BT00380,SALE,-109,45.0,-4905.0
3894,2026-05-31,20260531,P013,W01,BT00390,SALE,-102,62.0,-6324.0
3895,2026-05-31,20260531,P013,W02,BT00397,SALE,-64,62.0,-3968.0
3896,2026-05-31,20260531,P013,W03,BT00405,SALE,-9,62.0,-558.0
3897,2026-05-31,20260531,P013,W03,BT00406,SALE,-90,62.0,-5580.0
3898,2026-05-31,20260531,P013,W04,BT00415,SALE,-85,62.0,-5270.0
3899,2026-05-31,20260531,P014,W01,BT00423,SALE,-69,84.0,-5796.0
3900,2026-05-31,20260531,P014,W02,BT00429,SALE,-64,84.0,-5376.0
3901,2026-05-31,20260531,P014,W03,BT00435,SALE,-43,84.0,-3612.0
3902,2026-05-31,20260531,P014,W04,BT00440,SALE,-47,84.0,-3948.0
3903,2026-05-31,20260531,P015,W01,BT00445,SALE,-53,36.0,-1908.0
3904,2026-05-31,20260531,P015,W02,BT00450,SALE,-70,36.0,-2520.0
3905,2026-05-31,20260531,P015,W03,BT00455,SALE,-46,36.0,-1656.0
3906,2026-05-31,20260531,P015,W04,BT00460,SALE,-43,36.0,-1548.0
3907,2026-05-31,20260531,P016,W01,BT00465,SALE,-52,88.0,-4576.0
3908,2026-05-31,20260531,P016,W02,BT00470,SALE,-59,88.0,-5192.0
3909,2026-05-31,20260531,P016,W03,BT00474,SALE,-42,88.0,-3696.0
3910,2026-05-31,20260531,P016,W04,BT00479,SALE,-43,88.0,-3784.0
3911,2026-05-31,20260531,P017,W01,BT00483,SALE,-17,95.0,-1615.0
3912,2026-05-31,20260531,P017,W02,BT00487,SALE,-22,95.0,-2090.0
3913,2026-05-31,20260531,P017,W03,BT00494,SALE,-14,95.0,-1330.0
3914,2026-05-31,20260531,P017,W04,BT00498,SALE,-8,95.0,-760.0
3915,2026-05-31,20260531,P018,W01,BT00505,SALE,-70,72.0,-5040.0
3916,2026-05-31,20260531,P018,W02,BT00514,SALE,-84,72.0,-6048.0
3917,2026-05-31,20260531,P018,W03,BT00522,SALE,-77,72.0,-5544.0
3918,2026-05-31,20260531,P018,W04,BT00531,SALE,-57,72.0,-4104.0
3919,2026-05-31,20260531,P019,W01,BT00537,SALE,-19,210.0,-3990.0
3920,2026-05-31,20260531,P019,W02,BT00540,SALE,-20,210.0,-4200.0
3921,2026-05-31,20260531,P019,W03,BT00543,SALE,-11,210.0,-2310.0
3922,2026-05-31,20260531,P019,W04,BT00546,SALE,-17,210.0,-3570.0
3923,2026-05-31,20260531,P020,W01,BT00549,SALE,-59,42.0,-2478.0
3924,2026-05-31,20260531,P020,W02,BT00553,SALE,-52,42.0,-2184.0
3925,2026-05-31,20260531,P020,W03,BT00557,SALE,-54,42.0,-2268.0
3926,2026-05-31,20260531,P020,W04,BT00560,SALE,-30,42.0,-1260.0
3927,2026-06-01,20260601,P002,W01,BT00050,PURCHASE,940,11.0,10340.0
3928,2026-06-01,20260601,P008,W04,BT00240,PURCHASE,260,66.0,17160.0
3929,2026-06-01,20260601,P010,W04,BT00309,RETURN,29,19.0,551.0
3930,2026-06-02,20260602,P009,W03,BT00265,RETURN,47,22.0,1034.0
3931,2026-06-02,20260602,P020,W03,BT00557,RETURN,8,42.0,336.0
3932,2026-06-03,20260603,P013,W02,BT00398,PURCHASE,790,62.0,48980.0
3933,2026-06-04,20260604,P002,W02,BT00059,RETURN,17,11.0,187.0
3934,2026-06-04,20260604,P015,W04,BT00460,RETURN,5,36.0,180.0
3935,2026-06-05,20260605,P002,W04,BT00079,RETURN,1,11.0,11.0
3936,2026-06-05,20260605,P013,W02,BT00397,RETURN,11,62.0,682.0
3937,2026-06-05,20260605,P016,W04,BT00479,RETURN,9,88.0,792.0
3938,2026-06-06,20260606,P004,W01,BT00107,PURCHASE,1500,61.0,91500.0
3939,2026-06-06,20260606,P020,W04,BT00560,RETURN,6,42.0,252.0
3940,2026-06-07,20260607,P007,W03,BT00192,RETURN,16,48.0,768.0
3941,2026-06-07,20260607,P001,W01,BT00006,SALE,-267,18.5,-4939.5
3942,2026-06-07,20260607,P001,W02,BT00016,SALE,-294,18.5,-5439.0
3943,2026-06-07,20260607,P001,W03,BT00027,SALE,-234,18.5,-4329.0
3944,2026-06-07,20260607,P001,W04,BT00039,SALE,-207,18.5,-3829.5
3945,2026-06-07,20260607,P002,W01,BT00050,SALE,-135,11.0,-1485.0
3946,2026-06-07,20260607,P002,W02,BT00059,SALE,-122,11.0,-1342.0
3947,2026-06-07,20260607,P002,W03,BT00068,SALE,-90,11.0,-990.0
3948,2026-06-07,20260607,P002,W04,BT00079,SALE,-83,11.0,-913.0
3949,2026-06-07,20260607,P003,W01,BT00086,SALE,-81,52.0,-4212.0
3950,2026-06-07,20260607,P003,W02,BT00092,SALE,-21,52.0,-1092.0
3951,2026-06-07,20260607,P003,W02,BT00093,SALE,-71,52.0,-3692.0
3952,2026-06-07,20260607,P003,W03,BT00098,SALE,-85,52.0,-4420.0
3953,2026-06-07,20260607,P003,W04,BT00102,SALE,-58,52.0,-3016.0
3954,2026-06-07,20260607,P004,W01,BT00106,SALE,-81,61.0,-4941.0
3955,2026-06-07,20260607,P004,W02,BT00110,SALE,-51,61.0,-3111.0
3956,2026-06-07,20260607,P004,W02,BT00111,SALE,-19,61.0,-1159.0
3957,2026-06-07,20260607,P004,W03,BT00114,SALE,-47,61.0,-2867.0
3958,2026-06-07,20260607,P004,W04,BT00118,SALE,-62,61.0,-3782.0
3959,2026-06-07,20260607,P005,W01,BT00125,SALE,-170,38.0,-6460.0
3960,2026-06-07,20260607,P005,W02,BT00134,SALE,-175,38.0,-6650.0
3961,2026-06-07,20260607,P005,W03,BT00143,SALE,-150,38.0,-5700.0
3962,2026-06-07,20260607,P005,W04,BT00151,SALE,-2,38.0,-76.0
3963,2026-06-07,20260607,P005,W04,BT00152,SALE,-22,38.0,-836.0
3964,2026-06-07,20260607,P006,W01,BT00159,SALE,-18,74.0,-1332.0
3965,2026-06-07,20260607,P006,W02,BT00162,SALE,-35,74.0,-2590.0
3966,2026-06-07,20260607,P006,W03,BT00165,SALE,-27,74.0,-1998.0
3967,2026-06-07,20260607,P006,W04,BT00168,SALE,-20,74.0,-1480.0
3968,2026-06-07,20260607,P007,W01,BT00175,SALE,-83,48.0,-3984.0
3969,2026-06-07,20260607,P007,W02,BT00184,SALE,-103,48.0,-4944.0
3970,2026-06-07,20260607,P007,W03,BT00192,SALE,-19,48.0,-912.0
3971,2026-06-07,20260607,P007,W03,BT00193,SALE,-67,48.0,-3216.0
3972,2026-06-07,20260607,P007,W04,BT00202,SALE,-83,48.0,-3984.0
3973,2026-06-07,20260607,P008,W01,BT00211,SALE,-10,66.0,-660.0
3974,2026-06-07,20260607,P008,W01,BT00212,SALE,-56,66.0,-3696.0
3975,2026-06-07,20260607,P008,W02,BT00221,SALE,-75,66.0,-4950.0
3976,2026-06-07,20260607,P008,W03,BT00230,SALE,-54,66.0,-3564.0
3977,2026-06-07,20260607,P008,W04,BT00240,SALE,-41,66.0,-2706.0
3978,2026-06-07,20260607,P009,W01,BT00249,SALE,-215,22.0,-4730.0
3979,2026-06-07,20260607,P009,W02,BT00257,SALE,-271,22.0,-5962.0
3980,2026-06-07,20260607,P009,W03,BT00265,SALE,-192,22.0,-4224.0
3981,2026-06-07,20260607,P009,W04,BT00274,SALE,-24,22.0,-528.0
3982,2026-06-07,20260607,P010,W01,BT00283,SALE,-158,19.0,-3002.0
3983,2026-06-07,20260607,P010,W02,BT00292,SALE,-189,19.0,-3591.0
3984,2026-06-07,20260607,P010,W03,BT00300,SALE,-141,19.0,-2679.0
3985,2026-06-07,20260607,P010,W04,BT00309,SALE,-122,19.0,-2318.0
3986,2026-06-07,20260607,P011,W01,BT00318,SALE,-123,58.0,-7134.0
3987,2026-06-07,20260607,P011,W02,BT00326,SALE,-136,58.0,-7888.0
3988,2026-06-07,20260607,P011,W03,BT00334,SALE,-135,58.0,-7830.0
3989,2026-06-07,20260607,P011,W04,BT00344,SALE,-98,58.0,-5684.0
3990,2026-06-07,20260607,P012,W01,BT00353,SALE,-153,45.0,-6885.0
3991,2026-06-07,20260607,P012,W02,BT00361,SALE,-167,45.0,-7515.0
3992,2026-06-07,20260607,P012,W03,BT00370,SALE,-130,45.0,-5850.0
3993,2026-06-07,20260607,P012,W04,BT00380,SALE,-71,45.0,-3195.0
3994,2026-06-07,20260607,P013,W01,BT00390,SALE,-97,62.0,-6014.0
3995,2026-06-07,20260607,P013,W02,BT00397,SALE,-11,62.0,-682.0
3996,2026-06-07,20260607,P013,W02,BT00398,SALE,-78,62.0,-4836.0
3997,2026-06-07,20260607,P013,W03,BT00406,SALE,-89,62.0,-5518.0
3998,2026-06-07,20260607,P013,W04,BT00415,SALE,-91,62.0,-5642.0
3999,2026-06-07,20260607,P014,W01,BT00423,SALE,-61,84.0,-5124.0
4000,2026-06-07,20260607,P014,W02,BT00429,SALE,-73,84.0,-6132.0
4001,2026-06-07,20260607,P014,W03,BT00435,SALE,-52,84.0,-4368.0
4002,2026-06-07,20260607,P014,W04,BT00440,SALE,-49,84.0,-4116.0
4003,2026-06-07,20260607,P015,W01,BT00445,SALE,-39,36.0,-1404.0
4004,2026-06-07,20260607,P015,W02,BT00450,SALE,-54,36.0,-1944.0
4005,2026-06-07,20260607,P015,W03,BT00455,SALE,-21,36.0,-756.0
4006,2026-06-07,20260607,P015,W03,BT00456,SALE,-21,36.0,-756.0
4007,2026-06-07,20260607,P015,W04,BT00460,SALE,-30,36.0,-1080.0
4008,2026-06-07,20260607,P016,W01,BT00465,SALE,-48,88.0,-4224.0
4009,2026-06-07,20260607,P016,W02,BT00470,SALE,-66,88.0,-5808.0
4010,2026-06-07,20260607,P016,W03,BT00474,SALE,-40,88.0,-3520.0
4011,2026-06-07,20260607,P016,W04,BT00479,SALE,-46,88.0,-4048.0
4012,2026-06-07,20260607,P017,W01,BT00483,SALE,-17,95.0,-1615.0
4013,2026-06-07,20260607,P017,W02,BT00487,SALE,-14,95.0,-1330.0
4014,2026-06-07,20260607,P017,W03,BT00494,SALE,-17,95.0,-1615.0
4015,2026-06-07,20260607,P017,W04,BT00498,SALE,-9,95.0,-855.0
4016,2026-06-07,20260607,P018,W01,BT00505,SALE,-93,72.0,-6696.0
4017,2026-06-07,20260607,P018,W02,BT00514,SALE,-81,72.0,-5832.0
4018,2026-06-07,20260607,P018,W03,BT00522,SALE,-64,72.0,-4608.0
4019,2026-06-07,20260607,P018,W04,BT00531,SALE,-60,72.0,-4320.0
4020,2026-06-07,20260607,P019,W01,BT00537,SALE,-13,210.0,-2730.0
4021,2026-06-07,20260607,P019,W02,BT00540,SALE,-18,210.0,-3780.0
4022,2026-06-07,20260607,P019,W03,BT00543,SALE,-19,210.0,-3990.0
4023,2026-06-07,20260607,P019,W04,BT00546,SALE,-7,210.0,-1470.0
4024,2026-06-07,20260607,P020,W01,BT00549,SALE,-57,42.0,-2394.0
4025,2026-06-07,20260607,P020,W02,BT00553,SALE,-69,42.0,-2898.0
4026,2026-06-07,20260607,P020,W03,BT00557,SALE,-63,42.0,-2646.0
4027,2026-06-07,20260607,P020,W04,BT00560,SALE,-41,42.0,-1722.0
4028,2026-06-08,20260608,P005,W04,BT00153,PURCHASE,390,38.0,14820.0
4029,2026-06-08,20260608,P007,W04,BT00203,PURCHASE,390,48.0,18720.0
4030,2026-06-09,20260609,P020,W04,BT00560,RETURN,9,42.0,378.0
4031,2026-06-10,20260610,P002,W02,BT00059,RETURN,21,11.0,231.0
4032,2026-06-10,20260610,P009,W03,BT00265,RETURN,32,22.0,704.0
4033,2026-06-11,20260611,P012,W04,BT00381,PURCHASE,510,45.0,22950.0
4034,2026-06-11,20260611,P015,W04,BT00460,RETURN,7,36.0,252.0
4035,2026-06-13,20260613,P005,W04,BT00152,RETURN,4,38.0,152.0
4036,2026-06-13,20260613,P014,W01,BT00423,RETURN,8,84.0,672.0
4037,2026-06-14,20260614,P004,W01,BT00106,RETURN,8,61.0,488.0
4038,2026-06-14,20260614,P001,W01,BT00006,SALE,-263,18.5,-4865.5
4039,2026-06-14,20260614,P001,W02,BT00016,SALE,-294,18.5,-5439.0
4040,2026-06-14,20260614,P001,W03,BT00027,SALE,-249,18.5,-4606.5
4041,2026-06-14,20260614,P001,W04,BT00039,SALE,-188,18.5,-3478.0
4042,2026-06-14,20260614,P002,W01,BT00050,SALE,-133,11.0,-1463.0
4043,2026-06-14,20260614,P002,W02,BT00059,SALE,-134,11.0,-1474.0
4044,2026-06-14,20260614,P002,W03,BT00068,SALE,-94,11.0,-1034.0
4045,2026-06-14,20260614,P002,W04,BT00079,SALE,-97,11.0,-1067.0
4046,2026-06-14,20260614,P003,W01,BT00086,SALE,-90,52.0,-4680.0
4047,2026-06-14,20260614,P003,W02,BT00093,SALE,-91,52.0,-4732.0
4048,2026-06-14,20260614,P003,W03,BT00098,SALE,-70,52.0,-3640.0
4049,2026-06-14,20260614,P003,W04,BT00102,SALE,-67,52.0,-3484.0
4050,2026-06-14,20260614,P004,W01,BT00106,SALE,-60,61.0,-3660.0
4051,2026-06-14,20260614,P004,W01,BT00107,SALE,-12,61.0,-732.0
4052,2026-06-14,20260614,P004,W02,BT00111,SALE,-66,61.0,-4026.0
4053,2026-06-14,20260614,P004,W03,BT00114,SALE,-59,61.0,-3599.0
4054,2026-06-14,20260614,P004,W04,BT00118,SALE,-37,61.0,-2257.0
4055,2026-06-14,20260614,P005,W01,BT00125,SALE,-140,38.0,-5320.0
4056,2026-06-14,20260614,P005,W02,BT00134,SALE,-171,38.0,-6498.0
4057,2026-06-14,20260614,P005,W03,BT00143,SALE,-142,38.0,-5396.0
4058,2026-06-14,20260614,P005,W04,BT00152,SALE,-4,38.0,-152.0
4059,2026-06-14,20260614,P005,W04,BT00153,SALE,-124,38.0,-4712.0
4060,2026-06-14,20260614,P006,W01,BT00159,SALE,-21,74.0,-1554.0
4061,2026-06-14,20260614,P006,W02,BT00162,SALE,-26,74.0,-1924.0
4062,2026-06-14,20260614,P006,W03,BT00165,SALE,-19,74.0,-1406.0
4063,2026-06-14,20260614,P006,W04,BT00168,SALE,-12,74.0,-888.0
4064,2026-06-14,20260614,P007,W01,BT00175,SALE,-87,48.0,-4176.0
4065,2026-06-14,20260614,P007,W02,BT00184,SALE,-102,48.0,-4896.0
4066,2026-06-14,20260614,P007,W03,BT00192,SALE,-7,48.0,-336.0
4067,2026-06-14,20260614,P007,W03,BT00193,SALE,-70,48.0,-3360.0
4068,2026-06-14,20260614,P007,W04,BT00202,SALE,-34,48.0,-1632.0
4069,2026-06-14,20260614,P007,W04,BT00203,SALE,-30,48.0,-1440.0
4070,2026-06-14,20260614,P008,W01,BT00212,SALE,-62,66.0,-4092.0
4071,2026-06-14,20260614,P008,W02,BT00221,SALE,-64,66.0,-4224.0
4072,2026-06-14,20260614,P008,W03,BT00230,SALE,-57,66.0,-3762.0
4073,2026-06-14,20260614,P008,W04,BT00240,SALE,-45,66.0,-2970.0
4074,2026-06-14,20260614,P009,W01,BT00249,SALE,-247,22.0,-5434.0
4075,2026-06-14,20260614,P009,W02,BT00257,SALE,-237,22.0,-5214.0
4076,2026-06-14,20260614,P009,W03,BT00265,SALE,-189,22.0,-4158.0
4077,2026-06-14,20260614,P010,W01,BT00283,SALE,-177,19.0,-3363.0
4078,2026-06-14,20260614,P010,W02,BT00292,SALE,-181,19.0,-3439.0
4079,2026-06-14,20260614,P010,W03,BT00300,SALE,-152,19.0,-2888.0
4080,2026-06-14,20260614,P010,W04,BT00309,SALE,-124,19.0,-2356.0
4081,2026-06-14,20260614,P011,W01,BT00318,SALE,-131,58.0,-7598.0
4082,2026-06-14,20260614,P011,W02,BT00326,SALE,-148,58.0,-8584.0
4083,2026-06-14,20260614,P011,W03,BT00334,SALE,-108,58.0,-6264.0
4084,2026-06-14,20260614,P011,W04,BT00344,SALE,-102,58.0,-5916.0
4085,2026-06-14,20260614,P012,W01,BT00353,SALE,-155,45.0,-6975.0
4086,2026-06-14,20260614,P012,W02,BT00361,SALE,-171,45.0,-7695.0
4087,2026-06-14,20260614,P012,W03,BT00370,SALE,-131,45.0,-5895.0
4088,2026-06-14,20260614,P012,W04,BT00381,SALE,-75,45.0,-3375.0
4089,2026-06-14,20260614,P013,W01,BT00390,SALE,-113,62.0,-7006.0
4090,2026-06-14,20260614,P013,W02,BT00398,SALE,-105,62.0,-6510.0
4091,2026-06-14,20260614,P013,W03,BT00406,SALE,-98,62.0,-6076.0
4092,2026-06-14,20260614,P013,W04,BT00415,SALE,-78,62.0,-4836.0
4093,2026-06-14,20260614,P014,W01,BT00423,SALE,-69,84.0,-5796.0
4094,2026-06-14,20260614,P014,W02,BT00429,SALE,-61,84.0,-5124.0
4095,2026-06-14,20260614,P014,W03,BT00435,SALE,-56,84.0,-4704.0
4096,2026-06-14,20260614,P014,W04,BT00440,SALE,-38,84.0,-3192.0
4097,2026-06-14,20260614,P015,W01,BT00445,SALE,-53,36.0,-1908.0
4098,2026-06-14,20260614,P015,W02,BT00450,SALE,-43,36.0,-1548.0
4099,2026-06-14,20260614,P015,W03,BT00456,SALE,-40,36.0,-1440.0
4100,2026-06-14,20260614,P015,W04,BT00460,SALE,-56,36.0,-2016.0
4101,2026-06-14,20260614,P016,W01,BT00465,SALE,-50,88.0,-4400.0
4102,2026-06-14,20260614,P016,W02,BT00470,SALE,-57,88.0,-5016.0
4103,2026-06-14,20260614,P016,W03,BT00474,SALE,-2,88.0,-176.0
4104,2026-06-14,20260614,P016,W03,BT00475,SALE,-51,88.0,-4488.0
4105,2026-06-14,20260614,P016,W04,BT00479,SALE,-34,88.0,-2992.0
4106,2026-06-14,20260614,P017,W01,BT00483,SALE,-17,95.0,-1615.0
4107,2026-06-14,20260614,P017,W02,BT00487,SALE,-20,95.0,-1900.0
4108,2026-06-14,20260614,P017,W03,BT00494,SALE,-15,95.0,-1425.0
4109,2026-06-14,20260614,P017,W04,BT00498,SALE,-21,95.0,-1995.0
4110,2026-06-14,20260614,P018,W01,BT00505,SALE,-72,72.0,-5184.0
4111,2026-06-14,20260614,P018,W02,BT00514,SALE,-83,72.0,-5976.0
4112,2026-06-14,20260614,P018,W03,BT00522,SALE,-72,72.0,-5184.0
4113,2026-06-14,20260614,P018,W04,BT00531,SALE,-56,72.0,-4032.0
4114,2026-06-14,20260614,P019,W01,BT00537,SALE,-15,210.0,-3150.0
4115,2026-06-14,20260614,P019,W02,BT00540,SALE,-24,210.0,-5040.0
4116,2026-06-14,20260614,P019,W03,BT00543,SALE,-17,210.0,-3570.0
4117,2026-06-14,20260614,P019,W04,BT00546,SALE,-14,210.0,-2940.0
4118,2026-06-14,20260614,P020,W01,BT00549,SALE,-58,42.0,-2436.0
4119,2026-06-14,20260614,P020,W02,BT00553,SALE,-51,42.0,-2142.0
4120,2026-06-14,20260614,P020,W03,BT00557,SALE,-50,42.0,-2100.0
4121,2026-06-14,20260614,P020,W04,BT00560,SALE,-40,42.0,-1680.0
4122,2026-06-15,20260615,P001,W01,BT00007,PURCHASE,1760,18.5,32560.0
4123,2026-06-15,20260615,P009,W04,BT00275,PURCHASE,720,22.0,15840.0
4124,2026-06-16,20260616,P017,W02,BT00487,SALE,-6,95.0,-570.0
4125,2026-06-17,20260617,P003,W01,BT00087,PURCHASE,1300,52.0,67600.0
4126,2026-06-17,20260617,P018,W01,BT00506,PURCHASE,520,72.0,37440.0
4127,2026-06-17,20260617,P019,W03,BT00543,RETURN,4,210.0,840.0
4128,2026-06-17,20260617,P017,W02,BT00487,EXPIRED,-197,95.0,-18715.0
4129,2026-06-18,20260618,P001,W03,BT00028,PURCHASE,1530,18.5,28305.0
4130,2026-06-18,20260618,P003,W03,BT00098,RETURN,10,52.0,520.0
4131,2026-06-18,20260618,P003,W04,BT00102,RETURN,13,52.0,676.0
4132,2026-06-18,20260618,P004,W04,BT00118,RETURN,5,61.0,305.0
4133,2026-06-18,20260618,P005,W01,BT00125,RETURN,34,38.0,1292.0
4134,2026-06-18,20260618,P007,W03,BT00193,RETURN,13,48.0,624.0
4135,2026-06-19,20260619,P005,W01,BT00126,PURCHASE,780,38.0,29640.0
4136,2026-06-19,20260619,P003,W02,BT00093,RETURN,20,52.0,1040.0
4137,2026-06-19,20260619,P005,W04,BT00152,RETURN,1,38.0,38.0
4138,2026-06-19,20260619,P007,W03,BT00192,RETURN,2,48.0,96.0
4139,2026-06-20,20260620,P010,W01,BT00284,PURCHASE,1140,19.0,21660.0
4140,2026-06-20,20260620,P019,W02,BT00540,RETURN,4,210.0,840.0
4141,2026-06-21,20260621,P003,W04,BT00103,PURCHASE,1300,52.0,67600.0
4142,2026-06-21,20260621,P011,W04,BT00345,PURCHASE,440,58.0,25520.0
4143,2026-06-21,20260621,P012,W03,BT00371,PURCHASE,900,45.0,40500.0
4144,2026-06-21,20260621,P001,W01,BT00006,SALE,-278,18.5,-5143.0
4145,2026-06-21,20260621,P001,W02,BT00016,SALE,-298,18.5,-5513.0
4146,2026-06-21,20260621,P001,W03,BT00027,SALE,-215,18.5,-3977.5
4147,2026-06-21,20260621,P001,W04,BT00039,SALE,-191,18.5,-3533.5
4148,2026-06-21,20260621,P002,W01,BT00050,SALE,-103,11.0,-1133.0
4149,2026-06-21,20260621,P002,W02,BT00059,SALE,-143,11.0,-1573.0
4150,2026-06-21,20260621,P002,W03,BT00068,SALE,-111,11.0,-1221.0
4151,2026-06-21,20260621,P002,W04,BT00079,SALE,-96,11.0,-1056.0
4152,2026-06-21,20260621,P003,W01,BT00086,SALE,-94,52.0,-4888.0
4153,2026-06-21,20260621,P003,W02,BT00093,SALE,-94,52.0,-4888.0
4154,2026-06-21,20260621,P003,W03,BT00098,SALE,-68,52.0,-3536.0
4155,2026-06-21,20260621,P003,W04,BT00102,SALE,-74,52.0,-3848.0
4156,2026-06-21,20260621,P004,W01,BT00107,SALE,-77,61.0,-4697.0
4157,2026-06-21,20260621,P004,W02,BT00111,SALE,-76,61.0,-4636.0
4158,2026-06-21,20260621,P004,W03,BT00114,SALE,-64,61.0,-3904.0
4159,2026-06-21,20260621,P004,W04,BT00118,SALE,-51,61.0,-3111.0
4160,2026-06-21,20260621,P005,W01,BT00125,SALE,-183,38.0,-6954.0
4161,2026-06-21,20260621,P005,W02,BT00134,SALE,-205,38.0,-7790.0
4162,2026-06-21,20260621,P005,W03,BT00143,SALE,-123,38.0,-4674.0
4163,2026-06-21,20260621,P005,W04,BT00152,SALE,-1,38.0,-38.0
4164,2026-06-21,20260621,P005,W04,BT00153,SALE,-121,38.0,-4598.0
4165,2026-06-21,20260621,P006,W01,BT00159,SALE,-36,74.0,-2664.0
4166,2026-06-21,20260621,P006,W02,BT00162,SALE,-25,74.0,-1850.0
4167,2026-06-21,20260621,P006,W03,BT00165,SALE,-17,74.0,-1258.0
4168,2026-06-21,20260621,P006,W04,BT00168,SALE,-21,74.0,-1554.0
4169,2026-06-21,20260621,P007,W01,BT00175,SALE,-96,48.0,-4608.0
4170,2026-06-21,20260621,P007,W02,BT00184,SALE,-120,48.0,-5760.0
4171,2026-06-21,20260621,P007,W03,BT00192,SALE,-2,48.0,-96.0
4172,2026-06-21,20260621,P007,W03,BT00193,SALE,-72,48.0,-3456.0
4173,2026-06-21,20260621,P007,W04,BT00203,SALE,-70,48.0,-3360.0
4174,2026-06-21,20260621,P008,W01,BT00212,SALE,-73,66.0,-4818.0
4175,2026-06-21,20260621,P008,W02,BT00221,SALE,-83,66.0,-5478.0
4176,2026-06-21,20260621,P008,W03,BT00230,SALE,-45,66.0,-2970.0
4177,2026-06-21,20260621,P008,W04,BT00240,SALE,-55,66.0,-3630.0
4178,2026-06-21,20260621,P009,W01,BT00249,SALE,-211,22.0,-4642.0
4179,2026-06-21,20260621,P009,W02,BT00257,SALE,-240,22.0,-5280.0
4180,2026-06-21,20260621,P009,W03,BT00265,SALE,-204,22.0,-4488.0
4181,2026-06-21,20260621,P009,W04,BT00275,SALE,-191,22.0,-4202.0
4182,2026-06-21,20260621,P010,W01,BT00283,SALE,-178,19.0,-3382.0
4183,2026-06-21,20260621,P010,W02,BT00292,SALE,-195,19.0,-3705.0
4184,2026-06-21,20260621,P010,W03,BT00300,SALE,-156,19.0,-2964.0
4185,2026-06-21,20260621,P010,W04,BT00309,SALE,-26,19.0,-494.0
4186,2026-06-21,20260621,P011,W01,BT00318,SALE,-145,58.0,-8410.0
4187,2026-06-21,20260621,P011,W02,BT00326,SALE,-140,58.0,-8120.0
4188,2026-06-21,20260621,P011,W03,BT00334,SALE,-110,58.0,-6380.0
4189,2026-06-21,20260621,P011,W04,BT00344,SALE,-55,58.0,-3190.0
4190,2026-06-21,20260621,P011,W04,BT00345,SALE,-15,58.0,-870.0
4191,2026-06-21,20260621,P012,W01,BT00353,SALE,-183,45.0,-8235.0
4192,2026-06-21,20260621,P012,W02,BT00361,SALE,-180,45.0,-8100.0
4193,2026-06-21,20260621,P012,W03,BT00370,SALE,-156,45.0,-7020.0
4194,2026-06-21,20260621,P012,W04,BT00381,SALE,-105,45.0,-4725.0
4195,2026-06-21,20260621,P013,W01,BT00390,SALE,-102,62.0,-6324.0
4196,2026-06-21,20260621,P013,W02,BT00398,SALE,-107,62.0,-6634.0
4197,2026-06-21,20260621,P013,W03,BT00406,SALE,-109,62.0,-6758.0
4198,2026-06-21,20260621,P013,W04,BT00415,SALE,-55,62.0,-3410.0
4199,2026-06-21,20260621,P014,W01,BT00423,SALE,-58,84.0,-4872.0
4200,2026-06-21,20260621,P014,W02,BT00429,SALE,-72,84.0,-6048.0
4201,2026-06-21,20260621,P014,W03,BT00435,SALE,-59,84.0,-4956.0
4202,2026-06-21,20260621,P014,W04,BT00440,SALE,-47,84.0,-3948.0
4203,2026-06-21,20260621,P015,W01,BT00445,SALE,-36,36.0,-1296.0
4204,2026-06-21,20260621,P015,W02,BT00450,SALE,-61,36.0,-2196.0
4205,2026-06-21,20260621,P015,W03,BT00456,SALE,-47,36.0,-1692.0
4206,2026-06-21,20260621,P015,W04,BT00460,SALE,-34,36.0,-1224.0
4207,2026-06-21,20260621,P016,W01,BT00465,SALE,-46,88.0,-4048.0
4208,2026-06-21,20260621,P016,W02,BT00470,SALE,-66,88.0,-5808.0
4209,2026-06-21,20260621,P016,W03,BT00475,SALE,-45,88.0,-3960.0
4210,2026-06-21,20260621,P016,W04,BT00479,SALE,-42,88.0,-3696.0
4211,2026-06-21,20260621,P017,W01,BT00483,SALE,-13,95.0,-1235.0
4212,2026-06-21,20260621,P017,W03,BT00494,SALE,-16,95.0,-1520.0
4213,2026-06-21,20260621,P017,W04,BT00498,SALE,-13,95.0,-1235.0
4214,2026-06-21,20260621,P018,W01,BT00505,SALE,-55,72.0,-3960.0
4215,2026-06-21,20260621,P018,W02,BT00514,SALE,-90,72.0,-6480.0
4216,2026-06-21,20260621,P018,W03,BT00522,SALE,-68,72.0,-4896.0
4217,2026-06-21,20260621,P018,W04,BT00531,SALE,-57,72.0,-4104.0
4218,2026-06-21,20260621,P019,W01,BT00537,SALE,-15,210.0,-3150.0
4219,2026-06-21,20260621,P019,W02,BT00540,SALE,-18,210.0,-3780.0
4220,2026-06-21,20260621,P019,W03,BT00543,SALE,-16,210.0,-3360.0
4221,2026-06-21,20260621,P019,W04,BT00546,SALE,-15,210.0,-3150.0
4222,2026-06-21,20260621,P020,W01,BT00549,SALE,-49,42.0,-2058.0
4223,2026-06-21,20260621,P020,W02,BT00553,SALE,-49,42.0,-2058.0
4224,2026-06-21,20260621,P020,W03,BT00557,SALE,-56,42.0,-2352.0
4225,2026-06-21,20260621,P020,W04,BT00560,SALE,-41,42.0,-1722.0
4226,2026-06-22,20260622,P010,W03,BT00301,PURCHASE,990,19.0,18810.0
4227,2026-06-22,20260622,P006,W03,BT00165,RETURN,3,74.0,222.0
4228,2026-06-22,20260622,P012,W01,BT00353,RETURN,26,45.0,1170.0
4229,2026-06-22,20260622,P015,W02,BT00450,RETURN,13,36.0,468.0
4230,2026-06-23,20260623,P009,W02,BT00257,RETURN,32,22.0,704.0
4231,2026-06-23,20260623,P010,W02,BT00292,RETURN,37,19.0,703.0
4232,2026-06-23,20260623,P010,W03,BT00300,RETURN,17,19.0,323.0
4233,2026-06-24,20260624,P004,W04,BT00118,RETURN,7,61.0,427.0
4234,2026-06-24,20260624,P014,W04,BT00440,RETURN,10,84.0,840.0
4235,2026-06-25,20260625,P018,W03,BT00522,RETURN,9,72.0,648.0
4236,2026-06-25,20260625,P019,W01,BT00537,RETURN,2,210.0,420.0
4237,2026-06-26,20260626,P012,W02,BT00362,PURCHASE,1130,45.0,50850.0
4238,2026-06-26,20260626,P013,W04,BT00416,PURCHASE,360,62.0,22320.0
4239,2026-06-26,20260626,P015,W02,BT00451,PURCHASE,600,36.0,21600.0
4240,2026-06-26,20260626,P008,W01,BT00212,RETURN,18,66.0,1188.0
4241,2026-06-26,20260626,P013,W01,BT00390,RETURN,23,62.0,1426.0
4242,2026-06-26,20260626,P016,W01,BT00465,RETURN,11,88.0,968.0
4243,2026-06-27,20260627,P005,W02,BT00135,PURCHASE,850,38.0,32300.0
4244,2026-06-27,20260627,P008,W03,BT00231,PURCHASE,450,66.0,29700.0
4245,2026-06-27,20260627,P005,W04,BT00153,RETURN,18,38.0,684.0
4246,2026-06-27,20260627,P014,W03,BT00435,RETURN,12,84.0,1008.0
4247,2026-06-28,20260628,P011,W03,BT00335,PURCHASE,770,58.0,44660.0
4248,2026-06-28,20260628,P018,W03,BT00523,PURCHASE,450,72.0,32400.0
4249,2026-06-28,20260628,P001,W01,BT00006,SALE,-14,18.5,-259.0
4250,2026-06-28,20260628,P001,W01,BT00007,SALE,-240,18.5,-4440.0
4251,2026-06-28,20260628,P001,W02,BT00016,SALE,-219,18.5,-4051.5
4252,2026-06-28,20260628,P001,W03,BT00027,SALE,-128,18.5,-2368.0
4253,2026-06-28,20260628,P001,W03,BT00028,SALE,-114,18.5,-2109.0
4254,2026-06-28,20260628,P001,W04,BT00039,SALE,-158,18.5,-2923.0
4255,2026-06-28,20260628,P002,W01,BT00050,SALE,-107,11.0,-1177.0
4256,2026-06-28,20260628,P002,W02,BT00059,SALE,-128,11.0,-1408.0
4257,2026-06-28,20260628,P002,W03,BT00068,SALE,-100,11.0,-1100.0
4258,2026-06-28,20260628,P002,W04,BT00079,SALE,-92,11.0,-1012.0
4259,2026-06-28,20260628,P003,W01,BT00086,SALE,-46,52.0,-2392.0
4260,2026-06-28,20260628,P003,W01,BT00087,SALE,-47,52.0,-2444.0
4261,2026-06-28,20260628,P003,W02,BT00093,SALE,-100,52.0,-5200.0
4262,2026-06-28,20260628,P003,W03,BT00098,SALE,-82,52.0,-4264.0
4263,2026-06-28,20260628,P003,W04,BT00102,SALE,-17,52.0,-884.0
4264,2026-06-28,20260628,P003,W04,BT00103,SALE,-36,52.0,-1872.0
4265,2026-06-28,20260628,P004,W01,BT00107,SALE,-65,61.0,-3965.0
4266,2026-06-28,20260628,P004,W02,BT00111,SALE,-66,61.0,-4026.0
4267,2026-06-28,20260628,P004,W03,BT00114,SALE,-59,61.0,-3599.0
4268,2026-06-28,20260628,P004,W04,BT00118,SALE,-46,61.0,-2806.0
4269,2026-06-28,20260628,P005,W01,BT00125,SALE,-16,38.0,-608.0
4270,2026-06-28,20260628,P005,W01,BT00126,SALE,-138,38.0,-5244.0
4271,2026-06-28,20260628,P005,W02,BT00134,SALE,-128,38.0,-4864.0
4272,2026-06-28,20260628,P005,W02,BT00135,SALE,-46,38.0,-1748.0
4273,2026-06-28,20260628,P005,W03,BT00143,SALE,-141,38.0,-5358.0
4274,2026-06-28,20260628,P005,W04,BT00153,SALE,-122,38.0,-4636.0
4275,2026-06-28,20260628,P006,W01,BT00159,SALE,-31,74.0,-2294.0
4276,2026-06-28,20260628,P006,W02,BT00162,SALE,-31,74.0,-2294.0
4277,2026-06-28,20260628,P006,W03,BT00165,SALE,-14,74.0,-1036.0
4278,2026-06-28,20260628,P006,W04,BT00168,SALE,-15,74.0,-1110.0
4279,2026-06-28,20260628,P007,W01,BT00175,SALE,-108,48.0,-5184.0
4280,2026-06-28,20260628,P007,W02,BT00184,SALE,-93,48.0,-4464.0
4281,2026-06-28,20260628,P007,W03,BT00193,SALE,-75,48.0,-3600.0
4282,2026-06-28,20260628,P007,W04,BT00203,SALE,-61,48.0,-2928.0
4283,2026-06-28,20260628,P008,W01,BT00212,SALE,-65,66.0,-4290.0
4284,2026-06-28,20260628,P008,W02,BT00221,SALE,-69,66.0,-4554.0
4285,2026-06-28,20260628,P008,W03,BT00230,SALE,-46,66.0,-3036.0
4286,2026-06-28,20260628,P008,W04,BT00240,SALE,-38,66.0,-2508.0
4287,2026-06-28,20260628,P009,W01,BT00249,SALE,-226,22.0,-4972.0
4288,2026-06-28,20260628,P009,W02,BT00257,SALE,-237,22.0,-5214.0
4289,2026-06-28,20260628,P009,W03,BT00265,SALE,-195,22.0,-4290.0
4290,2026-06-28,20260628,P009,W04,BT00275,SALE,-160,22.0,-3520.0
4291,2026-06-28,20260628,P010,W01,BT00283,SALE,-90,19.0,-1710.0
4292,2026-06-28,20260628,P010,W01,BT00284,SALE,-66,19.0,-1254.0
4293,2026-06-28,20260628,P010,W02,BT00292,SALE,-186,19.0,-3534.0
4294,2026-06-28,20260628,P010,W03,BT00300,SALE,-161,19.0,-3059.0
4295,2026-06-28,20260628,P010,W03,BT00301,SALE,-20,19.0,-380.0
4296,2026-06-28,20260628,P011,W01,BT00318,SALE,-135,58.0,-7830.0
4297,2026-06-28,20260628,P011,W02,BT00326,SALE,-145,58.0,-8410.0
4298,2026-06-28,20260628,P011,W03,BT00334,SALE,-119,58.0,-6902.0
4299,2026-06-28,20260628,P011,W04,BT00345,SALE,-105,58.0,-6090.0
4300,2026-06-28,20260628,P012,W01,BT00353,SALE,-169,45.0,-7605.0
4301,2026-06-28,20260628,P012,W02,BT00361,SALE,-178,45.0,-8010.0
4302,2026-06-28,20260628,P012,W03,BT00370,SALE,-108,45.0,-4860.0
4303,2026-06-28,20260628,P012,W03,BT00371,SALE,-21,45.0,-945.0
4304,2026-06-28,20260628,P012,W04,BT00381,SALE,-110,45.0,-4950.0
4305,2026-06-28,20260628,P013,W01,BT00390,SALE,-98,62.0,-6076.0
4306,2026-06-28,20260628,P013,W02,BT00398,SALE,-115,62.0,-7130.0
4307,2026-06-28,20260628,P013,W03,BT00406,SALE,-108,62.0,-6696.0
4308,2026-06-28,20260628,P013,W04,BT00416,SALE,-37,62.0,-2294.0
4309,2026-06-28,20260628,P014,W01,BT00423,SALE,-51,84.0,-4284.0
4310,2026-06-28,20260628,P014,W02,BT00429,SALE,-75,84.0,-6300.0
4311,2026-06-28,20260628,P014,W03,BT00435,SALE,-60,84.0,-5040.0
4312,2026-06-28,20260628,P014,W04,BT00440,SALE,-43,84.0,-3612.0
4313,2026-06-28,20260628,P015,W01,BT00445,SALE,-47,36.0,-1692.0
4314,2026-06-28,20260628,P015,W02,BT00450,SALE,-47,36.0,-1692.0
4315,2026-06-28,20260628,P015,W03,BT00456,SALE,-42,36.0,-1512.0
4316,2026-06-28,20260628,P015,W04,BT00460,SALE,-33,36.0,-1188.0
4317,2026-06-28,20260628,P016,W01,BT00465,SALE,-56,88.0,-4928.0
4318,2026-06-28,20260628,P016,W02,BT00470,SALE,-48,88.0,-4224.0
4319,2026-06-28,20260628,P016,W03,BT00475,SALE,-36,88.0,-3168.0
4320,2026-06-28,20260628,P016,W04,BT00479,SALE,-37,88.0,-3256.0
4321,2026-06-28,20260628,P017,W01,BT00483,SALE,-12,95.0,-1140.0
4322,2026-06-28,20260628,P017,W03,BT00494,SALE,-15,95.0,-1425.0
4323,2026-06-28,20260628,P017,W04,BT00498,SALE,-12,95.0,-1140.0
4324,2026-06-28,20260628,P018,W01,BT00505,SALE,-51,72.0,-3672.0
4325,2026-06-28,20260628,P018,W01,BT00506,SALE,-34,72.0,-2448.0
4326,2026-06-28,20260628,P018,W02,BT00514,SALE,-87,72.0,-6264.0
4327,2026-06-28,20260628,P018,W03,BT00522,SALE,-59,72.0,-4248.0
4328,2026-06-28,20260628,P018,W04,BT00531,SALE,-17,72.0,-1224.0
4329,2026-06-28,20260628,P019,W01,BT00537,SALE,-14,210.0,-2940.0
4330,2026-06-28,20260628,P019,W02,BT00540,SALE,-12,210.0,-2520.0
4331,2026-06-28,20260628,P019,W03,BT00543,SALE,-12,210.0,-2520.0
4332,2026-06-28,20260628,P019,W04,BT00546,SALE,-12,210.0,-2520.0
4333,2026-06-28,20260628,P020,W01,BT00549,SALE,-54,42.0,-2268.0
4334,2026-06-28,20260628,P020,W02,BT00553,SALE,-61,42.0,-2562.0
4335,2026-06-28,20260628,P020,W03,BT00557,SALE,-38,42.0,-1596.0
4336,2026-06-28,20260628,P020,W04,BT00560,SALE,-42,42.0,-1764.0
4337,2026-06-29,20260629,P001,W02,BT00017,PURCHASE,1920,18.5,35520.0
4338,2026-06-29,20260629,P017,W04,BT00499,PURCHASE,420,95.0,39900.0
4339,2026-06-29,20260629,P018,W04,BT00532,PURCHASE,260,72.0,18720.0
4340,2026-06-29,20260629,P002,W01,BT00050,RETURN,20,11.0,220.0
4341,2026-06-29,20260629,P003,W04,BT00103,RETURN,8,52.0,416.0
4342,2026-06-30,20260630,P008,W02,BT00222,PURCHASE,570,66.0,37620.0
4343,2026-06-30,20260630,P010,W04,BT00310,PURCHASE,570,19.0,10830.0
4344,2026-06-30,20260630,P017,W02,BT00488,PURCHASE,500,95.0,47500.0
4345,2026-06-30,20260630,P018,W02,BT00515,PURCHASE,570,72.0,41040.0
4346,2026-06-30,20260630,P010,W01,BT00283,RETURN,13,19.0,247.0
4347,2026-07-01,20260701,P009,W01,BT00250,PURCHASE,1450,22.0,31900.0
4348,2026-07-01,20260701,P009,W03,BT00266,PURCHASE,1260,22.0,27720.0
4349,2026-07-01,20260701,P011,W02,BT00327,PURCHASE,960,58.0,55680.0
4350,2026-07-01,20260701,P013,W01,BT00391,PURCHASE,730,62.0,45260.0
4351,2026-07-01,20260701,P001,W04,BT00039,RETURN,24,18.5,444.0
4352,2026-07-01,20260701,P005,W01,BT00125,RETURN,2,38.0,76.0
4353,2026-07-01,20260701,P011,W03,BT00334,RETURN,17,58.0,986.0
4354,2026-07-02,20260702,P007,W01,BT00176,PURCHASE,780,48.0,37440.0
4355,2026-07-02,20260702,P013,W03,BT00407,PURCHASE,630,62.0,39060.0
4356,2026-07-02,20260702,P014,W03,BT00436,PURCHASE,800,84.0,67200.0
4357,2026-07-02,20260702,P011,W04,BT00345,RETURN,15,58.0,870.0
4358,2026-07-02,20260702,P016,W01,BT00465,RETURN,8,88.0,704.0
4359,2026-07-03,20260703,P009,W02,BT00258,PURCHASE,1580,22.0,34760.0
4360,2026-07-03,20260703,P004,W01,BT00107,RETURN,8,61.0,488.0
4361,2026-07-03,20260703,P004,W04,BT00118,RETURN,5,61.0,305.0
4362,2026-07-03,20260703,P008,W02,BT00221,RETURN,16,66.0,1056.0
4363,2026-07-03,20260703,P012,W03,BT00371,RETURN,4,45.0,180.0
4364,2026-07-04,20260704,P001,W04,BT00040,PURCHASE,870,18.5,16095.0
4365,2026-07-04,20260704,P002,W04,BT00080,PURCHASE,460,11.0,5060.0
4366,2026-07-04,20260704,P005,W04,BT00154,PURCHASE,390,38.0,14820.0
4367,2026-07-04,20260704,P007,W02,BT00185,PURCHASE,850,48.0,40800.0
4368,2026-07-04,20260704,P012,W01,BT00354,PURCHASE,1040,45.0,46800.0
4369,2026-07-04,20260704,P001,W01,BT00006,RETURN,2,18.5,37.0
4370,2026-07-04,20260704,P005,W04,BT00153,RETURN,17,38.0,646.0
4371,2026-07-04,20260704,P007,W02,BT00184,RETURN,21,48.0,1008.0
4372,2026-07-05,20260705,P008,W04,BT00241,PURCHASE,260,66.0,17160.0
4373,2026-07-05,20260705,P011,W01,BT00318,RETURN,16,58.0,928.0
4374,2026-07-05,20260705,P001,W01,BT00006,SALE,-2,18.5,-37.0
4375,2026-07-05,20260705,P001,W01,BT00007,SALE,-270,18.5,-4995.0
4376,2026-07-05,20260705,P001,W02,BT00017,SALE,-307,18.5,-5679.5
4377,2026-07-05,20260705,P001,W03,BT00028,SALE,-246,18.5,-4551.0
4378,2026-07-05,20260705,P001,W04,BT00039,SALE,-24,18.5,-444.0
4379,2026-07-05,20260705,P001,W04,BT00040,SALE,-47,18.5,-869.5
4380,2026-07-05,20260705,P002,W01,BT00050,SALE,-132,11.0,-1452.0
4381,2026-07-05,20260705,P002,W02,BT00059,SALE,-127,11.0,-1397.0
4382,2026-07-05,20260705,P002,W03,BT00068,SALE,-106,11.0,-1166.0
4383,2026-07-05,20260705,P002,W04,BT00079,SALE,-70,11.0,-770.0
4384,2026-07-05,20260705,P002,W04,BT00080,SALE,-20,11.0,-220.0
4385,2026-07-05,20260705,P003,W01,BT00087,SALE,-79,52.0,-4108.0
4386,2026-07-05,20260705,P003,W02,BT00093,SALE,-103,52.0,-5356.0
4387,2026-07-05,20260705,P003,W03,BT00098,SALE,-70,52.0,-3640.0
4388,2026-07-05,20260705,P003,W04,BT00103,SALE,-74,52.0,-3848.0
4389,2026-07-05,20260705,P004,W01,BT00107,SALE,-65,61.0,-3965.0
4390,2026-07-05,20260705,P004,W02,BT00111,SALE,-79,61.0,-4819.0
4391,2026-07-05,20260705,P004,W03,BT00114,SALE,-68,61.0,-4148.0
4392,2026-07-05,20260705,P004,W04,BT00118,SALE,-64,61.0,-3904.0
4393,2026-07-05,20260705,P005,W01,BT00125,SALE,-2,38.0,-76.0
4394,2026-07-05,20260705,P005,W01,BT00126,SALE,-112,38.0,-4256.0
4395,2026-07-05,20260705,P005,W02,BT00135,SALE,-143,38.0,-5434.0
4396,2026-07-05,20260705,P005,W03,BT00143,SALE,-83,38.0,-3154.0
4397,2026-07-05,20260705,P005,W04,BT00153,SALE,-41,38.0,-1558.0
4398,2026-07-05,20260705,P005,W04,BT00154,SALE,-26,38.0,-988.0
4399,2026-07-05,20260705,P006,W01,BT00159,SALE,-20,74.0,-1480.0
4400,2026-07-05,20260705,P006,W02,BT00162,SALE,-23,74.0,-1702.0
4401,2026-07-05,20260705,P006,W03,BT00165,SALE,-14,74.0,-1036.0
4402,2026-07-05,20260705,P006,W04,BT00168,SALE,-20,74.0,-1480.0
4403,2026-07-05,20260705,P007,W01,BT00175,SALE,-93,48.0,-4464.0
4404,2026-07-05,20260705,P007,W02,BT00183,SALE,-11,48.0,-528.0
4405,2026-07-05,20260705,P007,W02,BT00184,SALE,-125,48.0,-6000.0
4406,2026-07-05,20260705,P007,W03,BT00193,SALE,-89,48.0,-4272.0
4407,2026-07-05,20260705,P007,W04,BT00203,SALE,-74,48.0,-3552.0
4408,2026-07-05,20260705,P008,W01,BT00212,SALE,-82,66.0,-5412.0
4409,2026-07-05,20260705,P008,W02,BT00221,SALE,-75,66.0,-4950.0
4410,2026-07-05,20260705,P008,W03,BT00230,SALE,-58,66.0,-3828.0
4411,2026-07-05,20260705,P008,W04,BT00240,SALE,-51,66.0,-3366.0
4412,2026-07-05,20260705,P009,W01,BT00249,SALE,-212,22.0,-4664.0
4413,2026-07-05,20260705,P009,W02,BT00257,SALE,-252,22.0,-5544.0
4414,2026-07-05,20260705,P009,W03,BT00265,SALE,-162,22.0,-3564.0
4415,2026-07-05,20260705,P009,W04,BT00275,SALE,-159,22.0,-3498.0
4416,2026-07-05,20260705,P010,W01,BT00283,SALE,-13,19.0,-247.0
4417,2026-07-05,20260705,P010,W01,BT00284,SALE,-156,19.0,-2964.0
4418,2026-07-05,20260705,P010,W02,BT00292,SALE,-180,19.0,-3420.0
4419,2026-07-05,20260705,P010,W03,BT00301,SALE,-158,19.0,-3002.0
4420,2026-07-05,20260705,P010,W04,BT00310,SALE,-110,19.0,-2090.0
4421,2026-07-05,20260705,P011,W01,BT00318,SALE,-141,58.0,-8178.0
4422,2026-07-05,20260705,P011,W02,BT00325,SALE,-81,58.0,-4698.0
4423,2026-07-05,20260705,P011,W02,BT00326,SALE,-57,58.0,-3306.0
4424,2026-07-05,20260705,P011,W03,BT00334,SALE,-93,58.0,-5394.0
4425,2026-07-05,20260705,P011,W03,BT00335,SALE,-33,58.0,-1914.0
4426,2026-07-05,20260705,P011,W04,BT00345,SALE,-108,58.0,-6264.0
4427,2026-07-05,20260705,P012,W01,BT00353,SALE,-173,45.0,-7785.0
4428,2026-07-05,20260705,P012,W02,BT00361,SALE,-24,45.0,-1080.0
4429,2026-07-05,20260705,P012,W02,BT00362,SALE,-149,45.0,-6705.0
4430,2026-07-05,20260705,P012,W03,BT00371,SALE,-139,45.0,-6255.0
4431,2026-07-05,20260705,P012,W04,BT00381,SALE,-112,45.0,-5040.0
4432,2026-07-05,20260705,P013,W01,BT00390,SALE,-27,62.0,-1674.0
4433,2026-07-05,20260705,P013,W01,BT00391,SALE,-89,62.0,-5518.0
4434,2026-07-05,20260705,P013,W02,BT00398,SALE,-124,62.0,-7688.0
4435,2026-07-05,20260705,P013,W03,BT00406,SALE,-87,62.0,-5394.0
4436,2026-07-05,20260705,P013,W03,BT00407,SALE,-13,62.0,-806.0
4437,2026-07-05,20260705,P013,W04,BT00416,SALE,-88,62.0,-5456.0
4438,2026-07-05,20260705,P014,W01,BT00423,SALE,-58,84.0,-4872.0
4439,2026-07-05,20260705,P014,W02,BT00429,SALE,-84,84.0,-7056.0
4440,2026-07-05,20260705,P014,W03,BT00435,SALE,-62,84.0,-5208.0
4441,2026-07-05,20260705,P014,W04,BT00440,SALE,-40,84.0,-3360.0
4442,2026-07-05,20260705,P015,W01,BT00445,SALE,-53,36.0,-1908.0
4443,2026-07-05,20260705,P015,W02,BT00450,SALE,-44,36.0,-1584.0
4444,2026-07-05,20260705,P015,W03,BT00456,SALE,-33,36.0,-1188.0
4445,2026-07-05,20260705,P015,W04,BT00460,SALE,-38,36.0,-1368.0
4446,2026-07-05,20260705,P016,W01,BT00465,SALE,-58,88.0,-5104.0
4447,2026-07-05,20260705,P016,W02,BT00470,SALE,-58,88.0,-5104.0
4448,2026-07-05,20260705,P016,W03,BT00475,SALE,-47,88.0,-4136.0
4449,2026-07-05,20260705,P016,W04,BT00479,SALE,-37,88.0,-3256.0
4450,2026-07-05,20260705,P017,W01,BT00483,SALE,-22,95.0,-2090.0
4451,2026-07-05,20260705,P017,W02,BT00488,SALE,-18,95.0,-1710.0
4452,2026-07-05,20260705,P017,W03,BT00494,SALE,-14,95.0,-1330.0
4453,2026-07-05,20260705,P017,W04,BT00498,SALE,-9,95.0,-855.0
4454,2026-07-05,20260705,P018,W01,BT00506,SALE,-67,72.0,-4824.0
4455,2026-07-05,20260705,P018,W02,BT00514,SALE,-74,72.0,-5328.0
4456,2026-07-05,20260705,P018,W03,BT00521,SALE,-12,72.0,-864.0
4457,2026-07-05,20260705,P018,W03,BT00522,SALE,-53,72.0,-3816.0
4458,2026-07-05,20260705,P018,W04,BT00532,SALE,-44,72.0,-3168.0
4459,2026-07-05,20260705,P019,W01,BT00537,SALE,-20,210.0,-4200.0
4460,2026-07-05,20260705,P019,W02,BT00540,SALE,-14,210.0,-2940.0
4461,2026-07-05,20260705,P019,W03,BT00543,SALE,-13,210.0,-2730.0
4462,2026-07-05,20260705,P019,W04,BT00546,SALE,-10,210.0,-2100.0
4463,2026-07-05,20260705,P020,W01,BT00549,SALE,-54,42.0,-2268.0
4464,2026-07-05,20260705,P020,W02,BT00553,SALE,-57,42.0,-2394.0
4465,2026-07-05,20260705,P020,W03,BT00557,SALE,-37,42.0,-1554.0
4466,2026-07-05,20260705,P020,W04,BT00560,SALE,-49,42.0,-2058.0
4467,2026-07-06,20260706,P005,W03,BT00144,PURCHASE,680,38.0,25840.0
4468,2026-07-06,20260706,P011,W01,BT00319,PURCHASE,880,58.0,51040.0
4469,2026-07-06,20260706,P020,W01,BT00549,RETURN,11,42.0,462.0
4470,2026-07-06,20260706,P004,W03,BT00114,EXPIRED,-455,61.0,-27755.0
4471,2026-07-07,20260707,P020,W02,BT00554,PURCHASE,1400,42.0,58800.0
4472,2026-07-08,20260708,P018,W02,BT00514,RETURN,15,72.0,1080.0
4473,2026-07-09,20260709,P005,W04,BT00154,RETURN,4,38.0,152.0
4474,2026-07-10,20260710,P015,W03,BT00456,RETURN,8,36.0,288.0
4475,2026-07-10,20260710,P016,W03,BT00475,RETURN,9,88.0,792.0
4476,2026-07-11,20260711,P010,W02,BT00293,PURCHASE,1240,19.0,23560.0
4477,2026-07-11,20260711,P001,W02,BT00017,RETURN,41,18.5,758.5
4478,2026-07-12,20260712,P017,W04,BT00498,RETURN,1,95.0,95.0
4479,2026-07-12,20260712,P001,W01,BT00007,SALE,-260,18.5,-4810.0
4480,2026-07-12,20260712,P001,W02,BT00017,SALE,-356,18.5,-6586.0
4481,2026-07-12,20260712,P001,W03,BT00028,SALE,-258,18.5,-4773.0
4482,2026-07-12,20260712,P001,W04,BT00040,SALE,-251,18.5,-4643.5
4483,2026-07-12,20260712,P002,W01,BT00050,SALE,-132,11.0,-1452.0
4484,2026-07-12,20260712,P002,W02,BT00059,SALE,-144,11.0,-1584.0
4485,2026-07-12,20260712,P002,W03,BT00068,SALE,-119,11.0,-1309.0
4486,2026-07-12,20260712,P002,W04,BT00080,SALE,-83,11.0,-913.0
4487,2026-07-12,20260712,P003,W01,BT00087,SALE,-85,52.0,-4420.0
4488,2026-07-12,20260712,P003,W02,BT00093,SALE,-114,52.0,-5928.0
4489,2026-07-12,20260712,P003,W03,BT00098,SALE,-70,52.0,-3640.0
4490,2026-07-12,20260712,P003,W04,BT00103,SALE,-51,52.0,-2652.0
4491,2026-07-12,20260712,P004,W01,BT00107,SALE,-87,61.0,-5307.0
4492,2026-07-12,20260712,P004,W02,BT00111,SALE,-77,61.0,-4697.0
4493,2026-07-12,20260712,P004,W04,BT00118,SALE,-49,61.0,-2989.0
4494,2026-07-12,20260712,P005,W01,BT00126,SALE,-146,38.0,-5548.0
4495,2026-07-12,20260712,P005,W02,BT00135,SALE,-148,38.0,-5624.0
4496,2026-07-12,20260712,P005,W03,BT00144,SALE,-102,38.0,-3876.0
4497,2026-07-12,20260712,P005,W04,BT00154,SALE,-111,38.0,-4218.0
4498,2026-07-12,20260712,P006,W01,BT00159,SALE,-25,74.0,-1850.0
4499,2026-07-12,20260712,P006,W02,BT00162,SALE,-26,74.0,-1924.0
4500,2026-07-12,20260712,P006,W03,BT00165,SALE,-14,74.0,-1036.0
4501,2026-07-12,20260712,P006,W04,BT00168,SALE,-18,74.0,-1332.0
4502,2026-07-12,20260712,P007,W01,BT00175,SALE,-100,48.0,-4800.0
4503,2026-07-12,20260712,P007,W01,BT00176,SALE,-12,48.0,-576.0
4504,2026-07-12,20260712,P007,W02,BT00183,SALE,-120,48.0,-5760.0
4505,2026-07-12,20260712,P007,W03,BT00193,SALE,-81,48.0,-3888.0
4506,2026-07-12,20260712,P007,W04,BT00203,SALE,-77,48.0,-3696.0
4507,2026-07-12,20260712,P008,W01,BT00212,SALE,-73,66.0,-4818.0
4508,2026-07-12,20260712,P008,W02,BT00221,SALE,-66,66.0,-4356.0
4509,2026-07-12,20260712,P008,W03,BT00230,SALE,-38,66.0,-2508.0
4510,2026-07-12,20260712,P008,W03,BT00231,SALE,-29,66.0,-1914.0
4511,2026-07-12,20260712,P008,W04,BT00240,SALE,-30,66.0,-1980.0
4512,2026-07-12,20260712,P008,W04,BT00241,SALE,-26,66.0,-1716.0
4513,2026-07-12,20260712,P009,W01,BT00249,SALE,-61,22.0,-1342.0
4514,2026-07-12,20260712,P009,W01,BT00250,SALE,-161,22.0,-3542.0
4515,2026-07-12,20260712,P009,W02,BT00257,SALE,-150,22.0,-3300.0
4516,2026-07-12,20260712,P009,W02,BT00258,SALE,-82,22.0,-1804.0
4517,2026-07-12,20260712,P009,W03,BT00265,SALE,-15,22.0,-330.0
4518,2026-07-12,20260712,P009,W03,BT00266,SALE,-180,22.0,-3960.0
4519,2026-07-12,20260712,P009,W04,BT00275,SALE,-161,22.0,-3542.0
4520,2026-07-12,20260712,P010,W01,BT00284,SALE,-184,19.0,-3496.0
4521,2026-07-12,20260712,P010,W02,BT00292,SALE,-79,19.0,-1501.0
4522,2026-07-12,20260712,P010,W02,BT00293,SALE,-55,19.0,-1045.0
4523,2026-07-12,20260712,P010,W03,BT00301,SALE,-131,19.0,-2489.0
4524,2026-07-12,20260712,P010,W04,BT00310,SALE,-118,19.0,-2242.0
4525,2026-07-12,20260712,P011,W01,BT00318,SALE,-121,58.0,-7018.0
4526,2026-07-12,20260712,P011,W02,BT00325,SALE,-34,58.0,-1972.0
4527,2026-07-12,20260712,P011,W02,BT00327,SALE,-102,58.0,-5916.0
4528,2026-07-12,20260712,P011,W03,BT00335,SALE,-121,58.0,-7018.0
4529,2026-07-12,20260712,P011,W04,BT00345,SALE,-96,58.0,-5568.0
4530,2026-07-12,20260712,P012,W01,BT00353,SALE,-48,45.0,-2160.0
4531,2026-07-12,20260712,P012,W01,BT00354,SALE,-125,45.0,-5625.0
4532,2026-07-12,20260712,P012,W02,BT00362,SALE,-180,45.0,-8100.0
4533,2026-07-12,20260712,P012,W03,BT00371,SALE,-144,45.0,-6480.0
4534,2026-07-12,20260712,P012,W04,BT00381,SALE,-108,45.0,-4860.0
4535,2026-07-12,20260712,P013,W01,BT00391,SALE,-104,62.0,-6448.0
4536,2026-07-12,20260712,P013,W02,BT00398,SALE,-125,62.0,-7750.0
4537,2026-07-12,20260712,P013,W03,BT00407,SALE,-98,62.0,-6076.0
4538,2026-07-12,20260712,P013,W04,BT00416,SALE,-77,62.0,-4774.0
4539,2026-07-12,20260712,P014,W01,BT00423,SALE,-53,84.0,-4452.0
4540,2026-07-12,20260712,P014,W02,BT00429,SALE,-73,84.0,-6132.0
4541,2026-07-12,20260712,P014,W03,BT00435,SALE,-39,84.0,-3276.0
4542,2026-07-12,20260712,P014,W03,BT00436,SALE,-19,84.0,-1596.0
4543,2026-07-12,20260712,P014,W04,BT00440,SALE,-60,84.0,-5040.0
4544,2026-07-12,20260712,P015,W01,BT00445,SALE,-46,36.0,-1656.0
4545,2026-07-12,20260712,P015,W02,BT00450,SALE,-1,36.0,-36.0
4546,2026-07-12,20260712,P015,W02,BT00451,SALE,-59,36.0,-2124.0
4547,2026-07-12,20260712,P015,W03,BT00456,SALE,-37,36.0,-1332.0
4548,2026-07-12,20260712,P015,W04,BT00460,SALE,-39,36.0,-1404.0
4549,2026-07-12,20260712,P016,W01,BT00465,SALE,-44,88.0,-3872.0
4550,2026-07-12,20260712,P016,W02,BT00470,SALE,-68,88.0,-5984.0
4551,2026-07-12,20260712,P016,W03,BT00475,SALE,-59,88.0,-5192.0
4552,2026-07-12,20260712,P016,W04,BT00479,SALE,-39,88.0,-3432.0
4553,2026-07-12,20260712,P017,W01,BT00483,SALE,-15,95.0,-1425.0
4554,2026-07-12,20260712,P017,W02,BT00488,SALE,-8,95.0,-760.0
4555,2026-07-12,20260712,P017,W03,BT00494,SALE,-15,95.0,-1425.0
4556,2026-07-12,20260712,P017,W04,BT00498,SALE,-11,95.0,-1045.0
4557,2026-07-12,20260712,P018,W01,BT00506,SALE,-85,72.0,-6120.0
4558,2026-07-12,20260712,P018,W02,BT00514,SALE,-49,72.0,-3528.0
4559,2026-07-12,20260712,P018,W02,BT00515,SALE,-28,72.0,-2016.0
4560,2026-07-12,20260712,P018,W03,BT00521,SALE,-20,72.0,-1440.0
4561,2026-07-12,20260712,P018,W03,BT00523,SALE,-52,72.0,-3744.0
4562,2026-07-12,20260712,P018,W04,BT00532,SALE,-69,72.0,-4968.0
4563,2026-07-12,20260712,P019,W01,BT00537,SALE,-14,210.0,-2940.0
4564,2026-07-12,20260712,P019,W02,BT00540,SALE,-16,210.0,-3360.0
4565,2026-07-12,20260712,P019,W03,BT00543,SALE,-6,210.0,-1260.0
4566,2026-07-12,20260712,P019,W04,BT00546,SALE,-13,210.0,-2730.0
4567,2026-07-12,20260712,P020,W01,BT00549,SALE,-51,42.0,-2142.0
4568,2026-07-12,20260712,P020,W02,BT00553,SALE,-67,42.0,-2814.0
4569,2026-07-12,20260712,P020,W03,BT00557,SALE,-47,42.0,-1974.0
4570,2026-07-12,20260712,P020,W04,BT00560,SALE,-38,42.0,-1596.0
4571,2026-07-13,20260713,P002,W03,BT00069,PURCHASE,810,11.0,8910.0
4572,2026-07-13,20260713,P013,W02,BT00399,PURCHASE,790,62.0,48980.0
4573,2026-07-13,20260713,P005,W04,BT00154,RETURN,28,38.0,1064.0
4574,2026-07-13,20260713,P017,W04,BT00498,SALE,-1,95.0,-95.0
4575,2026-07-14,20260714,P002,W02,BT00060,PURCHASE,1020,11.0,11220.0
4576,2026-07-14,20260714,P015,W02,BT00451,RETURN,8,36.0,288.0
4577,2026-07-14,20260714,P017,W04,BT00498,EXPIRED,-333,95.0,-31635.0
4578,2026-07-15,20260715,P012,W04,BT00382,PURCHASE,510,45.0,22950.0
4579,2026-07-15,20260715,P015,W04,BT00461,PURCHASE,600,36.0,21600.0
4580,2026-07-15,20260715,P007,W02,BT00183,RETURN,12,48.0,576.0
4581,2026-07-15,20260715,P009,W04,BT00275,RETURN,32,22.0,704.0
4582,2026-07-16,20260716,P007,W04,BT00204,PURCHASE,390,48.0,18720.0
4583,2026-07-17,20260717,P014,W02,BT00430,PURCHASE,800,84.0,67200.0
4584,2026-07-17,20260717,P007,W04,BT00203,RETURN,18,48.0,864.0
4585,2026-07-17,20260717,P008,W02,BT00221,RETURN,12,66.0,792.0
4586,2026-07-18,20260718,P009,W04,BT00276,PURCHASE,720,22.0,15840.0
4587,2026-07-19,20260719,P004,W03,BT00115,PURCHASE,1500,61.0,91500.0
4588,2026-07-19,20260719,P008,W01,BT00213,PURCHASE,520,66.0,34320.0
4589,2026-07-19,20260719,P003,W01,BT00087,RETURN,11,52.0,572.0
4590,2026-07-19,20260719,P001,W01,BT00007,SALE,-319,18.5,-5901.5
4591,2026-07-19,20260719,P001,W02,BT00017,SALE,-328,18.5,-6068.0
4592,2026-07-19,20260719,P001,W03,BT00028,SALE,-268,18.5,-4958.0
4593,2026-07-19,20260719,P001,W04,BT00040,SALE,-228,18.5,-4218.0
4594,2026-07-19,20260719,P002,W01,BT00050,SALE,-114,11.0,-1254.0
4595,2026-07-19,20260719,P002,W02,BT00059,SALE,-144,11.0,-1584.0
4596,2026-07-19,20260719,P002,W03,BT00068,SALE,-113,11.0,-1243.0
4597,2026-07-19,20260719,P002,W04,BT00080,SALE,-86,11.0,-946.0
4598,2026-07-19,20260719,P003,W01,BT00087,SALE,-92,52.0,-4784.0
4599,2026-07-19,20260719,P003,W02,BT00093,SALE,-94,52.0,-4888.0
4600,2026-07-19,20260719,P003,W03,BT00098,SALE,-82,52.0,-4264.0
4601,2026-07-19,20260719,P003,W04,BT00103,SALE,-66,52.0,-3432.0
4602,2026-07-19,20260719,P004,W01,BT00107,SALE,-56,61.0,-3416.0
4603,2026-07-19,20260719,P004,W02,BT00111,SALE,-90,61.0,-5490.0
4604,2026-07-19,20260719,P004,W03,BT00115,SALE,-6,61.0,-366.0
4605,2026-07-19,20260719,P004,W04,BT00118,SALE,-51,61.0,-3111.0
4606,2026-07-19,20260719,P005,W01,BT00126,SALE,-109,38.0,-4142.0
4607,2026-07-19,20260719,P005,W02,BT00135,SALE,-124,38.0,-4712.0
4608,2026-07-19,20260719,P005,W03,BT00144,SALE,-117,38.0,-4446.0
4609,2026-07-19,20260719,P005,W04,BT00154,SALE,-101,38.0,-3838.0
4610,2026-07-19,20260719,P006,W01,BT00159,SALE,-21,74.0,-1554.0
4611,2026-07-19,20260719,P006,W02,BT00162,SALE,-22,74.0,-1628.0
4612,2026-07-19,20260719,P006,W03,BT00165,SALE,-27,74.0,-1998.0
4613,2026-07-19,20260719,P006,W04,BT00168,SALE,-19,74.0,-1406.0
4614,2026-07-19,20260719,P007,W01,BT00176,SALE,-112,48.0,-5376.0
4615,2026-07-19,20260719,P007,W02,BT00183,SALE,-38,48.0,-1824.0
4616,2026-07-19,20260719,P007,W02,BT00185,SALE,-75,48.0,-3600.0
4617,2026-07-19,20260719,P007,W03,BT00193,SALE,-85,48.0,-4080.0
4618,2026-07-19,20260719,P007,W04,BT00203,SALE,-90,48.0,-4320.0
4619,2026-07-19,20260719,P008,W01,BT00212,SALE,-71,66.0,-4686.0
4620,2026-07-19,20260719,P008,W02,BT00221,SALE,-13,66.0,-858.0
4621,2026-07-19,20260719,P008,W02,BT00222,SALE,-65,66.0,-4290.0
4622,2026-07-19,20260719,P008,W03,BT00231,SALE,-76,66.0,-5016.0
4623,2026-07-19,20260719,P008,W04,BT00241,SALE,-45,66.0,-2970.0
4624,2026-07-19,20260719,P009,W01,BT00250,SALE,-200,22.0,-4400.0
4625,2026-07-19,20260719,P009,W02,BT00258,SALE,-217,22.0,-4774.0
4626,2026-07-19,20260719,P009,W03,BT00266,SALE,-192,22.0,-4224.0
4627,2026-07-19,20260719,P009,W04,BT00275,SALE,-81,22.0,-1782.0
4628,2026-07-19,20260719,P009,W04,BT00276,SALE,-48,22.0,-1056.0
4629,2026-07-19,20260719,P010,W01,BT00284,SALE,-199,19.0,-3781.0
4630,2026-07-19,20260719,P010,W02,BT00293,SALE,-211,19.0,-4009.0
4631,2026-07-19,20260719,P010,W03,BT00301,SALE,-142,19.0,-2698.0
4632,2026-07-19,20260719,P010,W04,BT00310,SALE,-133,19.0,-2527.0
4633,2026-07-19,20260719,P011,W01,BT00318,SALE,-4,58.0,-232.0
4634,2026-07-19,20260719,P011,W01,BT00319,SALE,-116,58.0,-6728.0
4635,2026-07-19,20260719,P011,W02,BT00327,SALE,-145,58.0,-8410.0
4636,2026-07-19,20260719,P011,W03,BT00335,SALE,-133,58.0,-7714.0
4637,2026-07-19,20260719,P011,W04,BT00345,SALE,-95,58.0,-5510.0
4638,2026-07-19,20260719,P012,W01,BT00354,SALE,-191,45.0,-8595.0
4639,2026-07-19,20260719,P012,W02,BT00362,SALE,-175,45.0,-7875.0
4640,2026-07-19,20260719,P012,W03,BT00371,SALE,-128,45.0,-5760.0
4641,2026-07-19,20260719,P012,W04,BT00382,SALE,-71,45.0,-3195.0
4642,2026-07-19,20260719,P013,W01,BT00391,SALE,-114,62.0,-7068.0
4643,2026-07-19,20260719,P013,W02,BT00398,SALE,-123,62.0,-7626.0
4644,2026-07-19,20260719,P013,W03,BT00407,SALE,-89,62.0,-5518.0
4645,2026-07-19,20260719,P013,W04,BT00416,SALE,-82,62.0,-5084.0
4646,2026-07-19,20260719,P014,W01,BT00423,SALE,-62,84.0,-5208.0
4647,2026-07-19,20260719,P014,W02,BT00429,SALE,-84,84.0,-7056.0
4648,2026-07-19,20260719,P014,W03,BT00436,SALE,-70,84.0,-5880.0
4649,2026-07-19,20260719,P014,W04,BT00440,SALE,-47,84.0,-3948.0
4650,2026-07-19,20260719,P015,W01,BT00445,SALE,-50,36.0,-1800.0
4651,2026-07-19,20260719,P015,W02,BT00451,SALE,-62,36.0,-2232.0
4652,2026-07-19,20260719,P015,W03,BT00456,SALE,-42,36.0,-1512.0
4653,2026-07-19,20260719,P015,W04,BT00460,SALE,-8,36.0,-288.0
4654,2026-07-19,20260719,P015,W04,BT00461,SALE,-24,36.0,-864.0
4655,2026-07-19,20260719,P016,W01,BT00465,SALE,-55,88.0,-4840.0
4656,2026-07-19,20260719,P016,W02,BT00470,SALE,-49,88.0,-4312.0
4657,2026-07-19,20260719,P016,W03,BT00475,SALE,-44,88.0,-3872.0
4658,2026-07-19,20260719,P016,W04,BT00479,SALE,-36,88.0,-3168.0
4659,2026-07-19,20260719,P017,W01,BT00483,SALE,-19,95.0,-1805.0
4660,2026-07-19,20260719,P017,W02,BT00488,SALE,-21,95.0,-1995.0
4661,2026-07-19,20260719,P017,W03,BT00494,SALE,-15,95.0,-1425.0
4662,2026-07-19,20260719,P017,W04,BT00499,SALE,-14,95.0,-1330.0
4663,2026-07-19,20260719,P018,W01,BT00506,SALE,-56,72.0,-4032.0
4664,2026-07-19,20260719,P018,W02,BT00515,SALE,-77,72.0,-5544.0
4665,2026-07-19,20260719,P018,W03,BT00523,SALE,-69,72.0,-4968.0
4666,2026-07-19,20260719,P018,W04,BT00532,SALE,-47,72.0,-3384.0
4667,2026-07-19,20260719,P019,W01,BT00537,SALE,-10,210.0,-2100.0
4668,2026-07-19,20260719,P019,W02,BT00540,SALE,-19,210.0,-3990.0
4669,2026-07-19,20260719,P019,W03,BT00543,SALE,-8,210.0,-1680.0
4670,2026-07-19,20260719,P019,W04,BT00546,SALE,-17,210.0,-3570.0
4671,2026-07-19,20260719,P020,W01,BT00549,SALE,-61,42.0,-2562.0
4672,2026-07-19,20260719,P020,W02,BT00553,SALE,-21,42.0,-882.0
4673,2026-07-19,20260719,P020,W02,BT00554,SALE,-50,42.0,-2100.0
4674,2026-07-19,20260719,P020,W03,BT00557,SALE,-57,42.0,-2394.0
4675,2026-07-19,20260719,P020,W04,BT00560,SALE,-47,42.0,-1974.0
4676,2026-07-20,20260720,P016,W02,BT00471,PURCHASE,700,88.0,61600.0
4677,2026-07-20,20260720,P016,W04,BT00480,PURCHASE,700,88.0,61600.0
4678,2026-07-21,20260721,P016,W03,BT00475,RETURN,6,88.0,528.0
4679,2026-07-22,20260722,P002,W02,BT00059,RETURN,16,11.0,176.0
4680,2026-07-22,20260722,P013,W04,BT00416,RETURN,12,62.0,744.0
4681,2026-07-22,20260722,P016,W02,BT00470,RETURN,9,88.0,792.0
4682,2026-07-22,20260722,P018,W01,BT00506,RETURN,11,72.0,792.0
4683,2026-07-23,20260723,P001,W03,BT00028,RETURN,36,18.5,666.0
4684,2026-07-25,20260725,P014,W03,BT00436,RETURN,14,84.0,1176.0
4685,2026-07-26,20260726,P002,W01,BT00051,PURCHASE,940,11.0,10340.0
4686,2026-07-26,20260726,P005,W03,BT00144,RETURN,28,38.0,1064.0
4687,2026-07-26,20260726,P009,W04,BT00276,RETURN,11,22.0,242.0
4688,2026-07-26,20260726,P014,W02,BT00429,RETURN,13,84.0,1092.0
4689,2026-07-26,20260726,P001,W01,BT00007,SALE,-302,18.5,-5587.0
4690,2026-07-26,20260726,P001,W02,BT00017,SALE,-296,18.5,-5476.0
4691,2026-07-26,20260726,P001,W03,BT00028,SALE,-275,18.5,-5087.5
4692,2026-07-26,20260726,P001,W04,BT00040,SALE,-200,18.5,-3700.0
4693,2026-07-26,20260726,P002,W01,BT00049,SALE,-15,11.0,-165.0
4694,2026-07-26,20260726,P002,W01,BT00050,SALE,-104,11.0,-1144.0
4695,2026-07-26,20260726,P002,W02,BT00059,SALE,-22,11.0,-242.0
4696,2026-07-26,20260726,P002,W02,BT00060,SALE,-110,11.0,-1210.0
4697,2026-07-26,20260726,P002,W03,BT00068,SALE,-15,11.0,-165.0
4698,2026-07-26,20260726,P002,W03,BT00069,SALE,-105,11.0,-1155.0
4699,2026-07-26,20260726,P002,W04,BT00080,SALE,-84,11.0,-924.0
4700,2026-07-26,20260726,P003,W01,BT00087,SALE,-106,52.0,-5512.0
4701,2026-07-26,20260726,P003,W02,BT00093,SALE,-100,52.0,-5200.0
4702,2026-07-26,20260726,P003,W03,BT00098,SALE,-83,52.0,-4316.0
4703,2026-07-26,20260726,P003,W04,BT00103,SALE,-64,52.0,-3328.0
4704,2026-07-26,20260726,P004,W01,BT00107,SALE,-81,61.0,-4941.0
4705,2026-07-26,20260726,P004,W02,BT00111,SALE,-69,61.0,-4209.0
4706,2026-07-26,20260726,P004,W03,BT00115,SALE,-64,61.0,-3904.0
4707,2026-07-26,20260726,P004,W04,BT00118,SALE,-53,61.0,-3233.0
4708,2026-07-26,20260726,P005,W01,BT00126,SALE,-126,38.0,-4788.0
4709,2026-07-26,20260726,P005,W02,BT00135,SALE,-154,38.0,-5852.0
4710,2026-07-26,20260726,P005,W03,BT00144,SALE,-122,38.0,-4636.0
4711,2026-07-26,20260726,P005,W04,BT00154,SALE,-98,38.0,-3724.0
4712,2026-07-26,20260726,P006,W01,BT00159,SALE,-30,74.0,-2220.0
4713,2026-07-26,20260726,P006,W02,BT00162,SALE,-24,74.0,-1776.0
4714,2026-07-26,20260726,P006,W03,BT00165,SALE,-26,74.0,-1924.0
4715,2026-07-26,20260726,P006,W04,BT00168,SALE,-16,74.0,-1184.0
4716,2026-07-26,20260726,P007,W01,BT00176,SALE,-106,48.0,-5088.0
4717,2026-07-26,20260726,P007,W02,BT00185,SALE,-126,48.0,-6048.0
4718,2026-07-26,20260726,P007,W03,BT00193,SALE,-103,48.0,-4944.0
4719,2026-07-26,20260726,P007,W04,BT00203,SALE,-6,48.0,-288.0
4720,2026-07-26,20260726,P007,W04,BT00204,SALE,-81,48.0,-3888.0
4721,2026-07-26,20260726,P008,W01,BT00212,SALE,-56,66.0,-3696.0
4722,2026-07-26,20260726,P008,W01,BT00213,SALE,-12,66.0,-792.0
4723,2026-07-26,20260726,P008,W02,BT00222,SALE,-81,66.0,-5346.0
4724,2026-07-26,20260726,P008,W03,BT00231,SALE,-54,66.0,-3564.0
4725,2026-07-26,20260726,P008,W04,BT00241,SALE,-47,66.0,-3102.0
4726,2026-07-26,20260726,P009,W01,BT00250,SALE,-223,22.0,-4906.0
4727,2026-07-26,20260726,P009,W02,BT00258,SALE,-219,22.0,-4818.0
4728,2026-07-26,20260726,P009,W03,BT00266,SALE,-176,22.0,-3872.0
4729,2026-07-26,20260726,P009,W04,BT00276,SALE,-170,22.0,-3740.0
4730,2026-07-26,20260726,P010,W01,BT00284,SALE,-196,19.0,-3724.0
4731,2026-07-26,20260726,P010,W02,BT00293,SALE,-187,19.0,-3553.0
4732,2026-07-26,20260726,P010,W03,BT00301,SALE,-156,19.0,-2964.0
4733,2026-07-26,20260726,P010,W04,BT00310,SALE,-137,19.0,-2603.0
4734,2026-07-26,20260726,P011,W01,BT00319,SALE,-131,58.0,-7598.0
4735,2026-07-26,20260726,P011,W02,BT00327,SALE,-148,58.0,-8584.0
4736,2026-07-26,20260726,P011,W03,BT00335,SALE,-107,58.0,-6206.0
4737,2026-07-26,20260726,P011,W04,BT00345,SALE,-36,58.0,-2088.0
4738,2026-07-26,20260726,P012,W01,BT00354,SALE,-151,45.0,-6795.0
4739,2026-07-26,20260726,P012,W02,BT00362,SALE,-160,45.0,-7200.0
4740,2026-07-26,20260726,P012,W03,BT00371,SALE,-147,45.0,-6615.0
4741,2026-07-26,20260726,P012,W04,BT00382,SALE,-139,45.0,-6255.0
4742,2026-07-26,20260726,P013,W01,BT00391,SALE,-119,62.0,-7378.0
4743,2026-07-26,20260726,P013,W02,BT00398,SALE,-13,62.0,-806.0
4744,2026-07-26,20260726,P013,W02,BT00399,SALE,-99,62.0,-6138.0
4745,2026-07-26,20260726,P013,W03,BT00407,SALE,-80,62.0,-4960.0
4746,2026-07-26,20260726,P013,W04,BT00416,SALE,-78,62.0,-4836.0
4747,2026-07-26,20260726,P014,W01,BT00423,SALE,-46,84.0,-3864.0
4748,2026-07-26,20260726,P014,W02,BT00429,SALE,-26,84.0,-2184.0
4749,2026-07-26,20260726,P014,W02,BT00430,SALE,-50,84.0,-4200.0
4750,2026-07-26,20260726,P014,W03,BT00436,SALE,-62,84.0,-5208.0
4751,2026-07-26,20260726,P014,W04,BT00440,SALE,-48,84.0,-4032.0
4752,2026-07-26,20260726,P015,W01,BT00445,SALE,-48,36.0,-1728.0
4753,2026-07-26,20260726,P015,W02,BT00451,SALE,-58,36.0,-2088.0
4754,2026-07-26,20260726,P015,W03,BT00456,SALE,-32,36.0,-1152.0
4755,2026-07-26,20260726,P015,W04,BT00461,SALE,-37,36.0,-1332.0
4756,2026-07-26,20260726,P016,W01,BT00465,SALE,-47,88.0,-4136.0
4757,2026-07-26,20260726,P016,W02,BT00470,SALE,-9,88.0,-792.0
4758,2026-07-26,20260726,P016,W02,BT00471,SALE,-44,88.0,-3872.0
4759,2026-07-26,20260726,P016,W03,BT00475,SALE,-47,88.0,-4136.0
4760,2026-07-26,20260726,P016,W04,BT00479,SALE,-9,88.0,-792.0
4761,2026-07-26,20260726,P016,W04,BT00480,SALE,-24,88.0,-2112.0
4762,2026-07-26,20260726,P017,W01,BT00483,SALE,-22,95.0,-2090.0
4763,2026-07-26,20260726,P017,W02,BT00488,SALE,-23,95.0,-2185.0
4764,2026-07-26,20260726,P017,W03,BT00494,SALE,-10,95.0,-950.0
4765,2026-07-26,20260726,P017,W04,BT00499,SALE,-16,95.0,-1520.0
4766,2026-07-26,20260726,P018,W01,BT00506,SALE,-70,72.0,-5040.0
4767,2026-07-26,20260726,P018,W02,BT00515,SALE,-71,72.0,-5112.0
4768,2026-07-26,20260726,P018,W03,BT00523,SALE,-46,72.0,-3312.0
4769,2026-07-26,20260726,P018,W04,BT00532,SALE,-56,72.0,-4032.0
4770,2026-07-26,20260726,P019,W01,BT00537,SALE,-10,210.0,-2100.0
4771,2026-07-26,20260726,P019,W02,BT00540,SALE,-17,210.0,-3570.0
4772,2026-07-26,20260726,P019,W03,BT00543,SALE,-18,210.0,-3780.0
4773,2026-07-26,20260726,P019,W04,BT00546,SALE,-8,210.0,-1680.0
4774,2026-07-26,20260726,P020,W01,BT00549,SALE,-55,42.0,-2310.0
4775,2026-07-26,20260726,P020,W02,BT00554,SALE,-60,42.0,-2520.0
4776,2026-07-26,20260726,P020,W03,BT00557,SALE,-51,42.0,-2142.0
4777,2026-07-26,20260726,P020,W04,BT00560,SALE,-46,42.0,-1932.0
4778,2026-07-28,20260728,P005,W01,BT00127,PURCHASE,780,38.0,29640.0
4779,2026-07-28,20260728,P001,W04,BT00040,RETURN,44,18.5,814.0
4780,2026-07-28,20260728,P006,W03,BT00165,RETURN,3,74.0,222.0
4781,2026-07-29,20260729,P015,W02,BT00451,RETURN,14,36.0,504.0
4782,2026-07-29,20260729,P017,W03,BT00494,RETURN,2,95.0,190.0
4783,2026-07-30,20260730,P007,W03,BT00194,PURCHASE,680,48.0,32640.0
4784,2026-07-30,20260730,P003,W03,BT00098,RETURN,9,52.0,468.0
4785,2026-07-30,20260730,P009,W03,BT00266,RETURN,36,22.0,792.0
4786,2026-07-30,20260730,P015,W03,BT00456,RETURN,6,36.0,216.0
4787,2026-07-30,20260730,P015,W04,BT00461,RETURN,6,36.0,216.0
4788,2026-07-31,20260731,P001,W03,BT00029,PURCHASE,1530,18.5,28305.0
4789,2026-07-31,20260731,P001,W04,BT00041,PURCHASE,870,18.5,16095.0
4790,2026-07-31,20260731,P013,W04,BT00417,PURCHASE,360,62.0,22320.0
4791,2026-07-31,20260731,P017,W03,BT00495,PURCHASE,400,95.0,38000.0
4792,2026-07-31,20260731,P018,W04,BT00533,PURCHASE,260,72.0,18720.0
4793,2026-07-31,20260731,P018,W02,BT00515,RETURN,9,72.0,648.0
4794,2026-08-01,20260801,P005,W02,BT00136,PURCHASE,850,38.0,32300.0
4795,2026-08-01,20260801,P017,W01,BT00484,PURCHASE,480,95.0,45600.0
4796,2026-08-02,20260802,P002,W01,BT00050,RETURN,12,11.0,132.0
4797,2026-08-02,20260802,P001,W01,BT00007,SALE,-369,18.5,-6826.5
4798,2026-08-02,20260802,P001,W02,BT00017,SALE,-431,18.5,-7973.5
4799,2026-08-02,20260802,P001,W03,BT00028,SALE,-388,18.5,-7178.0
4800,2026-08-02,20260802,P001,W04,BT00040,SALE,-188,18.5,-3478.0
4801,2026-08-02,20260802,P001,W04,BT00041,SALE,-141,18.5,-2608.5
4802,2026-08-02,20260802,P002,W01,BT00049,SALE,-107,11.0,-1177.0
4803,2026-08-02,20260802,P002,W01,BT00050,SALE,-11,11.0,-121.0
4804,2026-08-02,20260802,P002,W02,BT00060,SALE,-134,11.0,-1474.0
4805,2026-08-02,20260802,P002,W03,BT00069,SALE,-115,11.0,-1265.0
4806,2026-08-02,20260802,P002,W04,BT00080,SALE,-79,11.0,-869.0
4807,2026-08-02,20260802,P003,W01,BT00087,SALE,-82,52.0,-4264.0
4808,2026-08-02,20260802,P003,W02,BT00093,SALE,-107,52.0,-5564.0
4809,2026-08-02,20260802,P003,W03,BT00098,SALE,-68,52.0,-3536.0
4810,2026-08-02,20260802,P003,W04,BT00103,SALE,-78,52.0,-4056.0
4811,2026-08-02,20260802,P004,W01,BT00107,SALE,-80,61.0,-4880.0
4812,2026-08-02,20260802,P004,W02,BT00111,SALE,-71,61.0,-4331.0
4813,2026-08-02,20260802,P004,W03,BT00115,SALE,-66,61.0,-4026.0
4814,2026-08-02,20260802,P004,W04,BT00118,SALE,-58,61.0,-3538.0
4815,2026-08-02,20260802,P005,W01,BT00126,SALE,-127,38.0,-4826.0
4816,2026-08-02,20260802,P005,W02,BT00135,SALE,-142,38.0,-5396.0
4817,2026-08-02,20260802,P005,W03,BT00144,SALE,-102,38.0,-3876.0
4818,2026-08-02,20260802,P005,W04,BT00153,SALE,-2,38.0,-76.0
4819,2026-08-02,20260802,P005,W04,BT00154,SALE,-86,38.0,-3268.0
4820,2026-08-02,20260802,P006,W01,BT00159,SALE,-19,74.0,-1406.0
4821,2026-08-02,20260802,P006,W02,BT00162,SALE,-21,74.0,-1554.0
4822,2026-08-02,20260802,P006,W03,BT00165,SALE,-24,74.0,-1776.0
4823,2026-08-02,20260802,P006,W04,BT00168,SALE,-14,74.0,-1036.0
4824,2026-08-02,20260802,P007,W01,BT00176,SALE,-97,48.0,-4656.0
4825,2026-08-02,20260802,P007,W02,BT00185,SALE,-117,48.0,-5616.0
4826,2026-08-02,20260802,P007,W03,BT00193,SALE,-51,48.0,-2448.0
4827,2026-08-02,20260802,P007,W03,BT00194,SALE,-45,48.0,-2160.0
4828,2026-08-02,20260802,P007,W04,BT00204,SALE,-76,48.0,-3648.0
4829,2026-08-02,20260802,P008,W01,BT00213,SALE,-69,66.0,-4554.0
4830,2026-08-02,20260802,P008,W02,BT00222,SALE,-65,66.0,-4290.0
4831,2026-08-02,20260802,P008,W03,BT00231,SALE,-61,66.0,-4026.0
4832,2026-08-02,20260802,P008,W04,BT00241,SALE,-45,66.0,-2970.0
4833,2026-08-02,20260802,P009,W01,BT00250,SALE,-221,22.0,-4862.0
4834,2026-08-02,20260802,P009,W02,BT00258,SALE,-224,22.0,-4928.0
4835,2026-08-02,20260802,P009,W03,BT00266,SALE,-205,22.0,-4510.0
4836,2026-08-02,20260802,P009,W04,BT00276,SALE,-149,22.0,-3278.0
4837,2026-08-02,20260802,P010,W01,BT00284,SALE,-148,19.0,-2812.0
4838,2026-08-02,20260802,P010,W02,BT00293,SALE,-181,19.0,-3439.0
4839,2026-08-02,20260802,P010,W03,BT00301,SALE,-155,19.0,-2945.0
4840,2026-08-02,20260802,P010,W04,BT00310,SALE,-72,19.0,-1368.0
4841,2026-08-02,20260802,P011,W01,BT00319,SALE,-142,58.0,-8236.0
4842,2026-08-02,20260802,P011,W02,BT00327,SALE,-149,58.0,-8642.0
4843,2026-08-02,20260802,P011,W03,BT00335,SALE,-119,58.0,-6902.0
4844,2026-08-02,20260802,P012,W01,BT00354,SALE,-147,45.0,-6615.0
4845,2026-08-02,20260802,P012,W02,BT00362,SALE,-172,45.0,-7740.0
4846,2026-08-02,20260802,P012,W03,BT00371,SALE,-148,45.0,-6660.0
4847,2026-08-02,20260802,P012,W04,BT00382,SALE,-132,45.0,-5940.0
4848,2026-08-02,20260802,P013,W01,BT00391,SALE,-107,62.0,-6634.0
4849,2026-08-02,20260802,P013,W02,BT00399,SALE,-132,62.0,-8184.0
4850,2026-08-02,20260802,P013,W03,BT00407,SALE,-101,62.0,-6262.0
4851,2026-08-02,20260802,P013,W04,BT00416,SALE,-10,62.0,-620.0
4852,2026-08-02,20260802,P013,W04,BT00417,SALE,-36,62.0,-2232.0
4853,2026-08-02,20260802,P014,W01,BT00423,SALE,-61,84.0,-5124.0
4854,2026-08-02,20260802,P014,W02,BT00429,SALE,-5,84.0,-420.0
4855,2026-08-02,20260802,P014,W02,BT00430,SALE,-72,84.0,-6048.0
4856,2026-08-02,20260802,P014,W03,BT00436,SALE,-52,84.0,-4368.0
4857,2026-08-02,20260802,P014,W04,BT00440,SALE,-45,84.0,-3780.0
4858,2026-08-02,20260802,P015,W01,BT00445,SALE,-46,36.0,-1656.0
4859,2026-08-02,20260802,P015,W02,BT00451,SALE,-59,36.0,-2124.0
4860,2026-08-02,20260802,P015,W03,BT00456,SALE,-31,36.0,-1116.0
4861,2026-08-02,20260802,P015,W04,BT00461,SALE,-26,36.0,-936.0
4862,2026-08-02,20260802,P016,W01,BT00465,SALE,-59,88.0,-5192.0
4863,2026-08-02,20260802,P016,W02,BT00471,SALE,-51,88.0,-4488.0
4864,2026-08-02,20260802,P016,W03,BT00475,SALE,-44,88.0,-3872.0
4865,2026-08-02,20260802,P016,W04,BT00480,SALE,-47,88.0,-4136.0
4866,2026-08-02,20260802,P017,W01,BT00483,SALE,-14,95.0,-1330.0
4867,2026-08-02,20260802,P017,W02,BT00488,SALE,-13,95.0,-1235.0
4868,2026-08-02,20260802,P017,W03,BT00494,SALE,-10,95.0,-950.0
4869,2026-08-02,20260802,P017,W04,BT00499,SALE,-6,95.0,-570.0
4870,2026-08-02,20260802,P018,W01,BT00506,SALE,-86,72.0,-6192.0
4871,2026-08-02,20260802,P018,W02,BT00515,SALE,-84,72.0,-6048.0
4872,2026-08-02,20260802,P018,W03,BT00523,SALE,-68,72.0,-4896.0
4873,2026-08-02,20260802,P018,W04,BT00532,SALE,-34,72.0,-2448.0
4874,2026-08-02,20260802,P018,W04,BT00533,SALE,-28,72.0,-2016.0
4875,2026-08-02,20260802,P019,W01,BT00537,SALE,-12,210.0,-2520.0
4876,2026-08-02,20260802,P019,W02,BT00540,SALE,-13,210.0,-2730.0
4877,2026-08-02,20260802,P019,W03,BT00543,SALE,-14,210.0,-2940.0
4878,2026-08-02,20260802,P019,W04,BT00546,SALE,-4,210.0,-840.0
4879,2026-08-02,20260802,P020,W01,BT00549,SALE,-45,42.0,-1890.0
4880,2026-08-02,20260802,P020,W02,BT00554,SALE,-63,42.0,-2646.0
4881,2026-08-02,20260802,P020,W03,BT00557,SALE,-54,42.0,-2268.0
4882,2026-08-02,20260802,P020,W04,BT00560,SALE,-38,42.0,-1596.0
4883,2026-08-03,20260803,P010,W01,BT00285,PURCHASE,1140,19.0,21660.0
4884,2026-08-04,20260804,P016,W01,BT00466,PURCHASE,700,88.0,61600.0
4885,2026-08-05,20260805,P001,W02,BT00018,PURCHASE,1920,18.5,35520.0
4886,2026-08-05,20260805,P008,W03,BT00231,RETURN,15,66.0,990.0
4887,2026-08-05,20260805,P009,W04,BT00276,RETURN,23,22.0,506.0
4888,2026-08-06,20260806,P011,W04,BT00346,PURCHASE,440,58.0,25520.0
4889,2026-08-06,20260806,P012,W03,BT00372,PURCHASE,900,45.0,40500.0
4890,2026-08-06,20260806,P019,W01,BT00537,RETURN,2,210.0,420.0
4891,2026-08-07,20260807,P010,W03,BT00302,PURCHASE,990,19.0,18810.0
4892,2026-08-08,20260808,P001,W01,BT00008,PURCHASE,1760,18.5,32560.0
4893,2026-08-08,20260808,P007,W01,BT00176,RETURN,10,48.0,480.0
4894,2026-08-08,20260808,P007,W03,BT00194,RETURN,7,48.0,336.0
4895,2026-08-08,20260808,P017,W03,BT00494,SALE,-8,95.0,-760.0
4896,2026-08-09,20260809,P001,W01,BT00008,SALE,-178,18.5,-3293.0
4897,2026-08-09,20260809,P001,W02,BT00017,SALE,-243,18.5,-4495.5
4898,2026-08-09,20260809,P001,W02,BT00018,SALE,-584,18.5,-10804.0
4899,2026-08-09,20260809,P001,W03,BT00028,SALE,-17,18.5,-314.5
4900,2026-08-09,20260809,P001,W03,BT00029,SALE,-670,18.5,-12395.0
4901,2026-08-09,20260809,P001,W04,BT00041,SALE,-561,18.5,-10378.5
4902,2026-08-09,20260809,P002,W01,BT00049,SALE,-54,11.0,-594.0
4903,2026-08-09,20260809,P002,W01,BT00050,SALE,-1,11.0,-11.0
4904,2026-08-09,20260809,P002,W01,BT00051,SALE,-85,11.0,-935.0
4905,2026-08-09,20260809,P002,W02,BT00060,SALE,-167,11.0,-1837.0
4906,2026-08-09,20260809,P002,W03,BT00069,SALE,-124,11.0,-1364.0
4907,2026-08-09,20260809,P002,W04,BT00080,SALE,-106,11.0,-1166.0
4908,2026-08-09,20260809,P003,W01,BT00087,SALE,-93,52.0,-4836.0
4909,2026-08-09,20260809,P003,W02,BT00093,SALE,-117,52.0,-6084.0
4910,2026-08-09,20260809,P003,W03,BT00098,SALE,-77,52.0,-4004.0
4911,2026-08-09,20260809,P003,W04,BT00103,SALE,-65,52.0,-3380.0
4912,2026-08-09,20260809,P004,W01,BT00107,SALE,-79,61.0,-4819.0
4913,2026-08-09,20260809,P004,W02,BT00111,SALE,-66,61.0,-4026.0
4914,2026-08-09,20260809,P004,W03,BT00115,SALE,-52,61.0,-3172.0
4915,2026-08-09,20260809,P004,W04,BT00118,SALE,-66,61.0,-4026.0
4916,2026-08-09,20260809,P005,W01,BT00126,SALE,-22,38.0,-836.0
4917,2026-08-09,20260809,P005,W01,BT00127,SALE,-106,38.0,-4028.0
4918,2026-08-09,20260809,P005,W02,BT00135,SALE,-93,38.0,-3534.0
4919,2026-08-09,20260809,P005,W02,BT00136,SALE,-28,38.0,-1064.0
4920,2026-08-09,20260809,P005,W03,BT00144,SALE,-99,38.0,-3762.0
4921,2026-08-09,20260809,P005,W04,BT00153,SALE,-15,38.0,-570.0
4922,2026-08-09,20260809,P006,W01,BT00159,SALE,-19,74.0,-1406.0
4923,2026-08-09,20260809,P006,W02,BT00162,SALE,-24,74.0,-1776.0
4924,2026-08-09,20260809,P006,W03,BT00165,SALE,-20,74.0,-1480.0
4925,2026-08-09,20260809,P006,W04,BT00168,SALE,-17,74.0,-1258.0
4926,2026-08-09,20260809,P007,W01,BT00176,SALE,-109,48.0,-5232.0
4927,2026-08-09,20260809,P007,W02,BT00185,SALE,-150,48.0,-7200.0
4928,2026-08-09,20260809,P007,W03,BT00194,SALE,-81,48.0,-3888.0
4929,2026-08-09,20260809,P007,W04,BT00204,SALE,-70,48.0,-3360.0
4930,2026-08-09,20260809,P008,W01,BT00213,SALE,-66,66.0,-4356.0
4931,2026-08-09,20260809,P008,W02,BT00222,SALE,-87,66.0,-5742.0
4932,2026-08-09,20260809,P008,W03,BT00231,SALE,-64,66.0,-4224.0
4933,2026-08-09,20260809,P008,W04,BT00241,SALE,-58,66.0,-3828.0
4934,2026-08-09,20260809,P009,W01,BT00250,SALE,-230,22.0,-5060.0
4935,2026-08-09,20260809,P009,W02,BT00258,SALE,-247,22.0,-5434.0
4936,2026-08-09,20260809,P009,W03,BT00266,SALE,-180,22.0,-3960.0
4937,2026-08-09,20260809,P009,W04,BT00276,SALE,-165,22.0,-3630.0
4938,2026-08-09,20260809,P010,W01,BT00284,SALE,-171,19.0,-3249.0
4939,2026-08-09,20260809,P010,W02,BT00293,SALE,-195,19.0,-3705.0
4940,2026-08-09,20260809,P010,W03,BT00301,SALE,-106,19.0,-2014.0
4941,2026-08-09,20260809,P010,W03,BT00302,SALE,-50,19.0,-950.0
4942,2026-08-09,20260809,P011,W01,BT00319,SALE,-114,58.0,-6612.0
4943,2026-08-09,20260809,P011,W02,BT00327,SALE,-154,58.0,-8932.0
4944,2026-08-09,20260809,P011,W03,BT00335,SALE,-116,58.0,-6728.0
4945,2026-08-09,20260809,P011,W04,BT00346,SALE,-52,58.0,-3016.0
4946,2026-08-09,20260809,P012,W01,BT00354,SALE,-149,45.0,-6705.0
4947,2026-08-09,20260809,P012,W02,BT00362,SALE,-174,45.0,-7830.0
4948,2026-08-09,20260809,P012,W03,BT00371,SALE,-119,45.0,-5355.0
4949,2026-08-09,20260809,P012,W04,BT00382,SALE,-128,45.0,-5760.0
4950,2026-08-09,20260809,P013,W01,BT00391,SALE,-120,62.0,-7440.0
4951,2026-08-09,20260809,P013,W02,BT00399,SALE,-121,62.0,-7502.0
4952,2026-08-09,20260809,P013,W03,BT00407,SALE,-97,62.0,-6014.0
4953,2026-08-09,20260809,P013,W04,BT00417,SALE,-80,62.0,-4960.0
4954,2026-08-09,20260809,P014,W01,BT00423,SALE,-45,84.0,-3780.0
4955,2026-08-09,20260809,P014,W02,BT00430,SALE,-77,84.0,-6468.0
4956,2026-08-09,20260809,P014,W03,BT00436,SALE,-50,84.0,-4200.0
4957,2026-08-09,20260809,P014,W04,BT00440,SALE,-50,84.0,-4200.0
4958,2026-08-09,20260809,P015,W01,BT00445,SALE,-48,36.0,-1728.0
4959,2026-08-09,20260809,P015,W02,BT00451,SALE,-34,36.0,-1224.0
4960,2026-08-09,20260809,P015,W03,BT00456,SALE,-34,36.0,-1224.0
4961,2026-08-09,20260809,P015,W04,BT00461,SALE,-37,36.0,-1332.0
4962,2026-08-09,20260809,P016,W01,BT00465,SALE,-47,88.0,-4136.0
4963,2026-08-09,20260809,P016,W02,BT00471,SALE,-66,88.0,-5808.0
4964,2026-08-09,20260809,P016,W03,BT00475,SALE,-37,88.0,-3256.0
4965,2026-08-09,20260809,P016,W04,BT00480,SALE,-38,88.0,-3344.0
4966,2026-08-09,20260809,P017,W01,BT00483,SALE,-13,95.0,-1235.0
4967,2026-08-09,20260809,P017,W02,BT00488,SALE,-20,95.0,-1900.0
4968,2026-08-09,20260809,P017,W03,BT00495,SALE,-3,95.0,-285.0
4969,2026-08-09,20260809,P017,W04,BT00499,SALE,-7,95.0,-665.0
4970,2026-08-09,20260809,P018,W01,BT00506,SALE,-70,72.0,-5040.0
4971,2026-08-09,20260809,P018,W02,BT00515,SALE,-75,72.0,-5400.0
4972,2026-08-09,20260809,P018,W03,BT00523,SALE,-66,72.0,-4752.0
4973,2026-08-09,20260809,P018,W04,BT00533,SALE,-55,72.0,-3960.0
4974,2026-08-09,20260809,P019,W01,BT00537,SALE,-12,210.0,-2520.0
4975,2026-08-09,20260809,P019,W02,BT00540,SALE,-11,210.0,-2310.0
4976,2026-08-09,20260809,P019,W03,BT00543,SALE,-16,210.0,-3360.0
4977,2026-08-09,20260809,P019,W04,BT00546,SALE,-11,210.0,-2310.0
4978,2026-08-09,20260809,P020,W01,BT00549,SALE,-61,42.0,-2562.0
4979,2026-08-09,20260809,P020,W02,BT00554,SALE,-66,42.0,-2772.0
4980,2026-08-09,20260809,P020,W03,BT00557,SALE,-56,42.0,-2352.0
4981,2026-08-09,20260809,P020,W04,BT00560,SALE,-35,42.0,-1470.0
4982,2026-08-09,20260809,P017,W03,BT00494,EXPIRED,-271,95.0,-25745.0
4983,2026-08-10,20260810,P002,W04,BT00081,PURCHASE,460,11.0,5060.0
4984,2026-08-10,20260810,P012,W02,BT00363,PURCHASE,1130,45.0,50850.0
4985,2026-08-10,20260810,P018,W01,BT00507,PURCHASE,520,72.0,37440.0
4986,2026-08-10,20260810,P019,W03,BT00543,RETURN,3,210.0,630.0
4987,2026-08-11,20260811,P010,W04,BT00311,PURCHASE,570,19.0,10830.0
4988,2026-08-11,20260811,P007,W01,BT00176,RETURN,23,48.0,1104.0
4989,2026-08-11,20260811,P012,W02,BT00362,RETURN,38,45.0,1710.0
4990,2026-08-12,20260812,P005,W04,BT00155,PURCHASE,390,38.0,14820.0
4991,2026-08-12,20260812,P020,W01,BT00550,PURCHASE,1400,42.0,58800.0
4992,2026-08-12,20260812,P001,W02,BT00018,RETURN,78,18.5,1443.0
4993,2026-08-12,20260812,P009,W04,BT00276,RETURN,25,22.0,550.0
4994,2026-08-12,20260812,P014,W04,BT00440,RETURN,11,84.0,924.0
4995,2026-08-13,20260813,P001,W03,BT00028,RETURN,2,18.5,37.0
4996,2026-08-13,20260813,P001,W04,BT00041,RETURN,69,18.5,1276.5
4997,2026-08-13,20260813,P003,W04,BT00103,RETURN,7,52.0,364.0
4998,2026-08-13,20260813,P005,W03,BT00144,RETURN,24,38.0,912.0
4999,2026-08-14,20260814,P011,W03,BT00336,PURCHASE,770,58.0,44660.0
5000,2026-08-14,20260814,P012,W04,BT00383,PURCHASE,510,45.0,22950.0
5001,2026-08-14,20260814,P013,W03,BT00408,PURCHASE,630,62.0,39060.0
5002,2026-08-14,20260814,P015,W01,BT00446,PURCHASE,600,36.0,21600.0
5003,2026-08-15,20260815,P005,W03,BT00145,PURCHASE,680,38.0,25840.0
5004,2026-08-15,20260815,P008,W04,BT00242,PURCHASE,260,66.0,17160.0
5005,2026-08-15,20260815,P005,W01,BT00126,RETURN,2,38.0,76.0
5006,2026-08-15,20260815,P005,W02,BT00135,RETURN,22,38.0,836.0
5007,2026-08-16,20260816,P009,W03,BT00267,PURCHASE,1260,22.0,27720.0
5008,2026-08-16,20260816,P012,W01,BT00355,PURCHASE,1040,45.0,46800.0
5009,2026-08-16,20260816,P013,W03,BT00407,RETURN,13,62.0,806.0
5010,2026-08-16,20260816,P001,W01,BT00008,SALE,-852,18.5,-15762.0
5011,2026-08-16,20260816,P001,W02,BT00018,SALE,-898,18.5,-16613.0
5012,2026-08-16,20260816,P001,W03,BT00028,SALE,-2,18.5,-37.0
5013,2026-08-16,20260816,P001,W03,BT00029,SALE,-723,18.5,-13375.5
5014,2026-08-16,20260816,P001,W04,BT00041,SALE,-237,18.5,-4384.5
5015,2026-08-16,20260816,P002,W01,BT00051,SALE,-154,11.0,-1694.0
5016,2026-08-16,20260816,P002,W02,BT00060,SALE,-158,11.0,-1738.0
5017,2026-08-16,20260816,P002,W03,BT00069,SALE,-118,11.0,-1298.0
5018,2026-08-16,20260816,P002,W04,BT00079,SALE,-15,11.0,-165.0
5019,2026-08-16,20260816,P002,W04,BT00080,SALE,-2,11.0,-22.0
5020,2026-08-16,20260816,P002,W04,BT00081,SALE,-106,11.0,-1166.0
5021,2026-08-16,20260816,P003,W01,BT00087,SALE,-92,52.0,-4784.0
5022,2026-08-16,20260816,P003,W02,BT00093,SALE,-105,52.0,-5460.0
5023,2026-08-16,20260816,P003,W03,BT00098,SALE,-87,52.0,-4524.0
5024,2026-08-16,20260816,P003,W04,BT00103,SALE,-65,52.0,-3380.0
5025,2026-08-16,20260816,P004,W01,BT00107,SALE,-70,61.0,-4270.0
5026,2026-08-16,20260816,P004,W02,BT00111,SALE,-82,61.0,-5002.0
5027,2026-08-16,20260816,P004,W03,BT00115,SALE,-65,61.0,-3965.0
5028,2026-08-16,20260816,P004,W04,BT00118,SALE,-57,61.0,-3477.0
5029,2026-08-16,20260816,P005,W01,BT00126,SALE,-2,38.0,-76.0
5030,2026-08-16,20260816,P005,W01,BT00127,SALE,-100,38.0,-3800.0
5031,2026-08-16,20260816,P005,W02,BT00135,SALE,-22,38.0,-836.0
5032,2026-08-16,20260816,P005,W02,BT00136,SALE,-107,38.0,-4066.0
5033,2026-08-16,20260816,P005,W03,BT00144,SALE,-107,38.0,-4066.0
5034,2026-08-16,20260816,P005,W04,BT00155,SALE,-44,38.0,-1672.0
5035,2026-08-16,20260816,P006,W01,BT00159,SALE,-25,74.0,-1850.0
5036,2026-08-16,20260816,P006,W02,BT00162,SALE,-26,74.0,-1924.0
5037,2026-08-16,20260816,P006,W03,BT00165,SALE,-27,74.0,-1998.0
5038,2026-08-16,20260816,P006,W04,BT00168,SALE,-15,74.0,-1110.0
5039,2026-08-16,20260816,P007,W01,BT00176,SALE,-92,48.0,-4416.0
5040,2026-08-16,20260816,P007,W02,BT00185,SALE,-120,48.0,-5760.0
5041,2026-08-16,20260816,P007,W03,BT00194,SALE,-95,48.0,-4560.0
5042,2026-08-16,20260816,P007,W04,BT00204,SALE,-80,48.0,-3840.0
5043,2026-08-16,20260816,P008,W01,BT00213,SALE,-71,66.0,-4686.0
5044,2026-08-16,20260816,P008,W02,BT00222,SALE,-75,66.0,-4950.0
5045,2026-08-16,20260816,P008,W03,BT00231,SALE,-74,66.0,-4884.0
5046,2026-08-16,20260816,P008,W04,BT00241,SALE,-39,66.0,-2574.0
5047,2026-08-16,20260816,P008,W04,BT00242,SALE,-15,66.0,-990.0
5048,2026-08-16,20260816,P009,W01,BT00250,SALE,-204,22.0,-4488.0
5049,2026-08-16,20260816,P009,W02,BT00258,SALE,-248,22.0,-5456.0
5050,2026-08-16,20260816,P009,W03,BT00266,SALE,-174,22.0,-3828.0
5051,2026-08-16,20260816,P009,W04,BT00276,SALE,-167,22.0,-3674.0
5052,2026-08-16,20260816,P010,W01,BT00284,SALE,-20,19.0,-380.0
5053,2026-08-16,20260816,P010,W01,BT00285,SALE,-152,19.0,-2888.0
5054,2026-08-16,20260816,P010,W02,BT00293,SALE,-182,19.0,-3458.0
5055,2026-08-16,20260816,P010,W03,BT00302,SALE,-128,19.0,-2432.0
5056,2026-08-16,20260816,P010,W04,BT00311,SALE,-108,19.0,-2052.0
5057,2026-08-16,20260816,P011,W01,BT00319,SALE,-123,58.0,-7134.0
5058,2026-08-16,20260816,P011,W02,BT00327,SALE,-143,58.0,-8294.0
5059,2026-08-16,20260816,P011,W03,BT00335,SALE,-116,58.0,-6728.0
5060,2026-08-16,20260816,P011,W04,BT00346,SALE,-101,58.0,-5858.0
5061,2026-08-16,20260816,P012,W01,BT00354,SALE,-171,45.0,-7695.0
5062,2026-08-16,20260816,P012,W02,BT00362,SALE,-152,45.0,-6840.0
5063,2026-08-16,20260816,P012,W03,BT00371,SALE,-58,45.0,-2610.0
5064,2026-08-16,20260816,P012,W03,BT00372,SALE,-79,45.0,-3555.0
5065,2026-08-16,20260816,P012,W04,BT00382,SALE,-40,45.0,-1800.0
5066,2026-08-16,20260816,P012,W04,BT00383,SALE,-49,45.0,-2205.0
5067,2026-08-16,20260816,P013,W01,BT00390,SALE,-20,62.0,-1240.0
5068,2026-08-16,20260816,P013,W01,BT00391,SALE,-77,62.0,-4774.0
5069,2026-08-16,20260816,P013,W02,BT00399,SALE,-106,62.0,-6572.0
5070,2026-08-16,20260816,P013,W03,BT00407,SALE,-72,62.0,-4464.0
5071,2026-08-16,20260816,P013,W03,BT00408,SALE,-29,62.0,-1798.0
5072,2026-08-16,20260816,P013,W04,BT00417,SALE,-71,62.0,-4402.0
5073,2026-08-16,20260816,P014,W01,BT00423,SALE,-49,84.0,-4116.0
5074,2026-08-16,20260816,P014,W02,BT00430,SALE,-71,84.0,-5964.0
5075,2026-08-16,20260816,P014,W03,BT00436,SALE,-47,84.0,-3948.0
5076,2026-08-16,20260816,P014,W04,BT00440,SALE,-62,84.0,-5208.0
5077,2026-08-16,20260816,P015,W01,BT00445,SALE,-29,36.0,-1044.0
5078,2026-08-16,20260816,P015,W02,BT00451,SALE,-47,36.0,-1692.0
5079,2026-08-16,20260816,P015,W03,BT00456,SALE,-40,36.0,-1440.0
5080,2026-08-16,20260816,P015,W04,BT00461,SALE,-35,36.0,-1260.0
5081,2026-08-16,20260816,P016,W01,BT00465,SALE,-9,88.0,-792.0
5082,2026-08-16,20260816,P016,W01,BT00466,SALE,-42,88.0,-3696.0
5083,2026-08-16,20260816,P016,W02,BT00471,SALE,-64,88.0,-5632.0
5084,2026-08-16,20260816,P016,W03,BT00475,SALE,-52,88.0,-4576.0
5085,2026-08-16,20260816,P016,W04,BT00480,SALE,-36,88.0,-3168.0
5086,2026-08-16,20260816,P017,W01,BT00483,SALE,-20,95.0,-1900.0
5087,2026-08-16,20260816,P017,W02,BT00488,SALE,-17,95.0,-1615.0
5088,2026-08-16,20260816,P017,W03,BT00495,SALE,-14,95.0,-1330.0
5089,2026-08-16,20260816,P017,W04,BT00499,SALE,-13,95.0,-1235.0
5090,2026-08-16,20260816,P018,W01,BT00506,SALE,-63,72.0,-4536.0
5091,2026-08-16,20260816,P018,W01,BT00507,SALE,-3,72.0,-216.0
5092,2026-08-16,20260816,P018,W02,BT00515,SALE,-84,72.0,-6048.0
5093,2026-08-16,20260816,P018,W03,BT00523,SALE,-70,72.0,-5040.0
5094,2026-08-16,20260816,P018,W04,BT00533,SALE,-53,72.0,-3816.0
5095,2026-08-16,20260816,P019,W01,BT00537,SALE,-14,210.0,-2940.0
5096,2026-08-16,20260816,P019,W02,BT00540,SALE,-17,210.0,-3570.0
5097,2026-08-16,20260816,P019,W03,BT00543,SALE,-19,210.0,-3990.0
5098,2026-08-16,20260816,P019,W04,BT00546,SALE,-7,210.0,-1470.0
5099,2026-08-16,20260816,P020,W01,BT00549,SALE,-50,42.0,-2100.0
5100,2026-08-16,20260816,P020,W02,BT00554,SALE,-56,42.0,-2352.0
5101,2026-08-16,20260816,P020,W03,BT00557,SALE,-54,42.0,-2268.0
5102,2026-08-16,20260816,P020,W04,BT00560,SALE,-44,42.0,-1848.0
5103,2026-08-17,20260817,P011,W02,BT00328,PURCHASE,960,58.0,55680.0
5104,2026-08-17,20260817,P014,W01,BT00424,PURCHASE,800,84.0,67200.0
5105,2026-08-17,20260817,P018,W03,BT00524,PURCHASE,450,72.0,32400.0
5106,2026-08-17,20260817,P003,W01,BT00087,RETURN,9,52.0,468.0
5107,2026-08-17,20260817,P010,W01,BT00285,RETURN,21,19.0,399.0
5108,2026-08-17,20260817,P013,W01,BT00390,RETURN,3,62.0,186.0
5109,2026-08-18,20260818,P009,W01,BT00251,PURCHASE,1450,22.0,31900.0
5110,2026-08-18,20260818,P013,W01,BT00392,PURCHASE,730,62.0,45260.0
5111,2026-08-18,20260818,P006,W01,BT00159,RETURN,3,74.0,222.0
5112,2026-08-18,20260818,P007,W02,BT00185,RETURN,28,48.0,1344.0
5113,2026-08-18,20260818,P012,W01,BT00354,RETURN,31,45.0,1395.0
5114,2026-08-19,20260819,P003,W04,BT00103,RETURN,13,52.0,676.0
5115,2026-08-20,20260820,P009,W04,BT00277,PURCHASE,720,22.0,15840.0
5116,2026-08-20,20260820,P011,W01,BT00319,RETURN,25,58.0,1450.0
5117,2026-08-20,20260820,P020,W04,BT00560,RETURN,10,42.0,420.0
5118,2026-08-21,20260821,P010,W02,BT00294,PURCHASE,1240,19.0,23560.0
5119,2026-08-22,20260822,P001,W03,BT00030,PURCHASE,1530,18.5,28305.0
5120,2026-08-22,20260822,P001,W04,BT00042,PURCHASE,870,18.5,16095.0
5121,2026-08-22,20260822,P003,W03,BT00099,PURCHASE,1300,52.0,67600.0
5122,2026-08-22,20260822,P009,W02,BT00259,PURCHASE,1580,22.0,34760.0
5123,2026-08-22,20260822,P019,W04,BT00546,RETURN,1,210.0,210.0
5124,2026-08-22,20260822,P020,W03,BT00557,RETURN,8,42.0,336.0
5125,2026-08-23,20260823,P001,W02,BT00019,PURCHASE,1920,18.5,35520.0
5126,2026-08-23,20260823,P008,W03,BT00232,PURCHASE,450,66.0,29700.0
5127,2026-08-23,20260823,P011,W01,BT00320,PURCHASE,880,58.0,51040.0
5128,2026-08-23,20260823,P018,W02,BT00516,PURCHASE,570,72.0,41040.0
5129,2026-08-23,20260823,P005,W01,BT00127,RETURN,25,38.0,950.0
5130,2026-08-23,20260823,P019,W01,BT00537,RETURN,2,210.0,420.0
5131,2026-08-23,20260823,P020,W01,BT00549,RETURN,12,42.0,504.0
5132,2026-08-23,20260823,P001,W01,BT00008,SALE,-730,18.5,-13505.0
5133,2026-08-23,20260823,P001,W02,BT00018,SALE,-516,18.5,-9546.0
5134,2026-08-23,20260823,P001,W02,BT00019,SALE,-86,18.5,-1591.0
5135,2026-08-23,20260823,P001,W03,BT00029,SALE,-137,18.5,-2534.5
5136,2026-08-23,20260823,P001,W03,BT00030,SALE,-150,18.5,-2775.0
5137,2026-08-23,20260823,P001,W04,BT00042,SALE,-139,18.5,-2571.5
5138,2026-08-23,20260823,P002,W01,BT00051,SALE,-132,11.0,-1452.0
5139,2026-08-23,20260823,P002,W02,BT00060,SALE,-137,11.0,-1507.0
5140,2026-08-23,20260823,P002,W03,BT00069,SALE,-104,11.0,-1144.0
5141,2026-08-23,20260823,P002,W04,BT00081,SALE,-95,11.0,-1045.0
5142,2026-08-23,20260823,P003,W01,BT00087,SALE,-102,52.0,-5304.0
5143,2026-08-23,20260823,P003,W02,BT00093,SALE,-95,52.0,-4940.0
5144,2026-08-23,20260823,P003,W03,BT00098,SALE,-86,52.0,-4472.0
5145,2026-08-23,20260823,P003,W04,BT00103,SALE,-84,52.0,-4368.0
5146,2026-08-23,20260823,P004,W01,BT00107,SALE,-82,61.0,-5002.0
5147,2026-08-23,20260823,P004,W02,BT00111,SALE,-88,61.0,-5368.0
5148,2026-08-23,20260823,P004,W03,BT00115,SALE,-52,61.0,-3172.0
5149,2026-08-23,20260823,P004,W04,BT00118,SALE,-46,61.0,-2806.0
5150,2026-08-23,20260823,P005,W01,BT00127,SALE,-131,38.0,-4978.0
5151,2026-08-23,20260823,P005,W02,BT00136,SALE,-125,38.0,-4750.0
5152,2026-08-23,20260823,P005,W03,BT00144,SALE,-83,38.0,-3154.0
5153,2026-08-23,20260823,P005,W03,BT00145,SALE,-8,38.0,-304.0
5154,2026-08-23,20260823,P005,W04,BT00155,SALE,-89,38.0,-3382.0
5155,2026-08-23,20260823,P006,W01,BT00159,SALE,-20,74.0,-1480.0
5156,2026-08-23,20260823,P006,W02,BT00162,SALE,-34,74.0,-2516.0
5157,2026-08-23,20260823,P006,W03,BT00165,SALE,-19,74.0,-1406.0
5158,2026-08-23,20260823,P006,W04,BT00168,SALE,-6,74.0,-444.0
5159,2026-08-23,20260823,P007,W01,BT00176,SALE,-120,48.0,-5760.0
5160,2026-08-23,20260823,P007,W02,BT00185,SALE,-131,48.0,-6288.0
5161,2026-08-23,20260823,P007,W03,BT00194,SALE,-103,48.0,-4944.0
5162,2026-08-23,20260823,P007,W04,BT00204,SALE,-83,48.0,-3984.0
5163,2026-08-23,20260823,P008,W01,BT00213,SALE,-83,66.0,-5478.0
5164,2026-08-23,20260823,P008,W02,BT00222,SALE,-75,66.0,-4950.0
5165,2026-08-23,20260823,P008,W03,BT00231,SALE,-59,66.0,-3894.0
5166,2026-08-23,20260823,P008,W04,BT00242,SALE,-55,66.0,-3630.0
5167,2026-08-23,20260823,P009,W01,BT00250,SALE,-211,22.0,-4642.0
5168,2026-08-23,20260823,P009,W01,BT00251,SALE,-8,22.0,-176.0
5169,2026-08-23,20260823,P009,W02,BT00258,SALE,-160,22.0,-3520.0
5170,2026-08-23,20260823,P009,W02,BT00259,SALE,-61,22.0,-1342.0
5171,2026-08-23,20260823,P009,W03,BT00266,SALE,-184,22.0,-4048.0
5172,2026-08-23,20260823,P009,W04,BT00276,SALE,-80,22.0,-1760.0
5173,2026-08-23,20260823,P009,W04,BT00277,SALE,-72,22.0,-1584.0
5174,2026-08-23,20260823,P010,W01,BT00285,SALE,-177,19.0,-3363.0
5175,2026-08-23,20260823,P010,W02,BT00293,SALE,-188,19.0,-3572.0
5176,2026-08-23,20260823,P010,W03,BT00302,SALE,-119,19.0,-2261.0
5177,2026-08-23,20260823,P010,W04,BT00311,SALE,-130,19.0,-2470.0
5178,2026-08-23,20260823,P011,W01,BT00319,SALE,-118,58.0,-6844.0
5179,2026-08-23,20260823,P011,W02,BT00327,SALE,-119,58.0,-6902.0
5180,2026-08-23,20260823,P011,W02,BT00328,SALE,-24,58.0,-1392.0
5181,2026-08-23,20260823,P011,W03,BT00335,SALE,-25,58.0,-1450.0
5182,2026-08-23,20260823,P011,W03,BT00336,SALE,-94,58.0,-5452.0
5183,2026-08-23,20260823,P011,W04,BT00346,SALE,-106,58.0,-6148.0
5184,2026-08-23,20260823,P012,W01,BT00354,SALE,-137,45.0,-6165.0
5185,2026-08-23,20260823,P012,W01,BT00355,SALE,-9,45.0,-405.0
5186,2026-08-23,20260823,P012,W02,BT00362,SALE,-6,45.0,-270.0
5187,2026-08-23,20260823,P012,W02,BT00363,SALE,-142,45.0,-6390.0
5188,2026-08-23,20260823,P012,W03,BT00372,SALE,-127,45.0,-5715.0
5189,2026-08-23,20260823,P012,W04,BT00383,SALE,-109,45.0,-4905.0
5190,2026-08-23,20260823,P013,W01,BT00390,SALE,-118,62.0,-7316.0
5191,2026-08-23,20260823,P013,W02,BT00399,SALE,-103,62.0,-6386.0
5192,2026-08-23,20260823,P013,W03,BT00408,SALE,-83,62.0,-5146.0
5193,2026-08-23,20260823,P013,W04,BT00417,SALE,-83,62.0,-5146.0
5194,2026-08-23,20260823,P014,W01,BT00422,SALE,-35,84.0,-2940.0
5195,2026-08-23,20260823,P014,W01,BT00423,SALE,-28,84.0,-2352.0
5196,2026-08-23,20260823,P014,W02,BT00430,SALE,-75,84.0,-6300.0
5197,2026-08-23,20260823,P014,W03,BT00436,SALE,-54,84.0,-4536.0
5198,2026-08-23,20260823,P014,W04,BT00440,SALE,-56,84.0,-4704.0
5199,2026-08-23,20260823,P015,W01,BT00445,SALE,-33,36.0,-1188.0
5200,2026-08-23,20260823,P015,W01,BT00446,SALE,-12,36.0,-432.0
5201,2026-08-23,20260823,P015,W02,BT00451,SALE,-43,36.0,-1548.0
5202,2026-08-23,20260823,P015,W03,BT00456,SALE,-42,36.0,-1512.0
5203,2026-08-23,20260823,P015,W04,BT00461,SALE,-35,36.0,-1260.0
5204,2026-08-23,20260823,P016,W01,BT00466,SALE,-62,88.0,-5456.0
5205,2026-08-23,20260823,P016,W02,BT00471,SALE,-64,88.0,-5632.0
5206,2026-08-23,20260823,P016,W03,BT00475,SALE,-53,88.0,-4664.0
5207,2026-08-23,20260823,P016,W04,BT00480,SALE,-46,88.0,-4048.0
5208,2026-08-23,20260823,P017,W01,BT00483,SALE,-10,95.0,-950.0
5209,2026-08-23,20260823,P017,W02,BT00488,SALE,-20,95.0,-1900.0
5210,2026-08-23,20260823,P017,W03,BT00495,SALE,-11,95.0,-1045.0
5211,2026-08-23,20260823,P017,W04,BT00499,SALE,-15,95.0,-1425.0
5212,2026-08-23,20260823,P018,W01,BT00507,SALE,-82,72.0,-5904.0
5213,2026-08-23,20260823,P018,W02,BT00515,SALE,-90,72.0,-6480.0
5214,2026-08-23,20260823,P018,W03,BT00523,SALE,-65,72.0,-4680.0
5215,2026-08-23,20260823,P018,W04,BT00533,SALE,-63,72.0,-4536.0
5216,2026-08-23,20260823,P019,W01,BT00537,SALE,-19,210.0,-3990.0
5217,2026-08-23,20260823,P019,W02,BT00540,SALE,-14,210.0,-2940.0
5218,2026-08-23,20260823,P019,W03,BT00543,SALE,-15,210.0,-3150.0
5219,2026-08-23,20260823,P019,W04,BT00546,SALE,-8,210.0,-1680.0
5220,2026-08-23,20260823,P020,W01,BT00549,SALE,-38,42.0,-1596.0
5221,2026-08-23,20260823,P020,W01,BT00550,SALE,-5,42.0,-210.0
5222,2026-08-23,20260823,P020,W02,BT00554,SALE,-64,42.0,-2688.0
5223,2026-08-23,20260823,P020,W03,BT00557,SALE,-51,42.0,-2142.0
5224,2026-08-23,20260823,P020,W04,BT00560,SALE,-52,42.0,-2184.0
5225,2026-08-24,20260824,P003,W02,BT00094,PURCHASE,1300,52.0,67600.0
5226,2026-08-24,20260824,P007,W01,BT00177,PURCHASE,780,48.0,37440.0
5227,2026-08-24,20260824,P004,W01,BT00107,RETURN,9,61.0,549.0
5228,2026-08-24,20260824,P004,W04,BT00118,EXPIRED,-383,61.0,-23363.0
5229,2026-08-25,20260825,P018,W02,BT00515,RETURN,13,72.0,936.0
5230,2026-08-25,20260825,P019,W01,BT00537,RETURN,3,210.0,630.0
5231,2026-08-26,20260826,P008,W02,BT00223,PURCHASE,570,66.0,37620.0
5232,2026-08-27,20260827,P006,W04,BT00168,RETURN,1,74.0,74.0
5233,2026-08-27,20260827,P017,W04,BT00499,RETURN,3,95.0,285.0
5234,2026-08-28,20260828,P006,W02,BT00162,RETURN,7,74.0,518.0
5235,2026-08-29,20260829,P009,W01,BT00250,RETURN,21,22.0,462.0
5236,2026-08-29,20260829,P012,W02,BT00362,RETURN,1,45.0,45.0
5237,2026-08-29,20260829,P017,W03,BT00495,RETURN,3,95.0,285.0
5238,2026-08-29,20260829,P019,W02,BT00540,RETURN,1,210.0,210.0
5239,2026-08-29,20260829,P019,W04,BT00546,RETURN,2,210.0,420.0
5240,2026-08-30,20260830,P002,W03,BT00070,PURCHASE,810,11.0,8910.0
5241,2026-08-30,20260830,P006,W01,BT00159,RETURN,4,74.0,296.0
5242,2026-08-30,20260830,P001,W02,BT00019,SALE,-876,18.5,-16206.0
5243,2026-08-30,20260830,P001,W03,BT00030,SALE,-676,18.5,-12506.0
5244,2026-08-30,20260830,P001,W04,BT00042,SALE,-572,18.5,-10582.0
5245,2026-08-30,20260830,P002,W01,BT00051,SALE,-136,11.0,-1496.0
5246,2026-08-30,20260830,P002,W02,BT00060,SALE,-156,11.0,-1716.0
5247,2026-08-30,20260830,P002,W03,BT00069,SALE,-108,11.0,-1188.0
5248,2026-08-30,20260830,P002,W04,BT00081,SALE,-109,11.0,-1199.0
5249,2026-08-30,20260830,P003,W01,BT00087,SALE,-96,52.0,-4992.0
5250,2026-08-30,20260830,P003,W02,BT00093,SALE,-110,52.0,-5720.0
5251,2026-08-30,20260830,P003,W03,BT00098,SALE,-68,52.0,-3536.0
5252,2026-08-30,20260830,P003,W03,BT00099,SALE,-16,52.0,-832.0
5253,2026-08-30,20260830,P003,W04,BT00103,SALE,-54,52.0,-2808.0
5254,2026-08-30,20260830,P004,W01,BT00107,SALE,-67,61.0,-4087.0
5255,2026-08-30,20260830,P004,W02,BT00111,SALE,-64,61.0,-3904.0
5256,2026-08-30,20260830,P004,W03,BT00115,SALE,-63,61.0,-3843.0
5257,2026-08-30,20260830,P005,W01,BT00127,SALE,-122,38.0,-4636.0
5258,2026-08-30,20260830,P005,W02,BT00136,SALE,-137,38.0,-5206.0
5259,2026-08-30,20260830,P005,W03,BT00145,SALE,-78,38.0,-2964.0
5260,2026-08-30,20260830,P005,W04,BT00155,SALE,-86,38.0,-3268.0
5261,2026-08-30,20260830,P006,W01,BT00159,SALE,-34,74.0,-2516.0
5262,2026-08-30,20260830,P006,W02,BT00162,SALE,-26,74.0,-1924.0
5263,2026-08-30,20260830,P006,W03,BT00165,SALE,-17,74.0,-1258.0
5264,2026-08-30,20260830,P006,W04,BT00168,SALE,-15,74.0,-1110.0
5265,2026-08-30,20260830,P007,W01,BT00176,SALE,-115,48.0,-5520.0
5266,2026-08-30,20260830,P007,W02,BT00185,SALE,-121,48.0,-5808.0
5267,2026-08-30,20260830,P007,W03,BT00194,SALE,-108,48.0,-5184.0
5268,2026-08-30,20260830,P008,W01,BT00213,SALE,-63,66.0,-4158.0
5269,2026-08-30,20260830,P008,W02,BT00222,SALE,-91,66.0,-6006.0
5270,2026-08-30,20260830,P008,W03,BT00231,SALE,-48,66.0,-3168.0
5271,2026-08-30,20260830,P008,W03,BT00232,SALE,-15,66.0,-990.0
5272,2026-08-30,20260830,P008,W04,BT00242,SALE,-53,66.0,-3498.0
5273,2026-08-30,20260830,P009,W01,BT00250,SALE,-21,22.0,-462.0
5274,2026-08-30,20260830,P009,W01,BT00251,SALE,-180,22.0,-3960.0
5275,2026-08-30,20260830,P009,W02,BT00259,SALE,-224,22.0,-4928.0
5276,2026-08-30,20260830,P009,W03,BT00266,SALE,-5,22.0,-110.0
5277,2026-08-30,20260830,P009,W03,BT00267,SALE,-149,22.0,-3278.0
5278,2026-08-30,20260830,P009,W04,BT00277,SALE,-154,22.0,-3388.0
5279,2026-08-30,20260830,P010,W01,BT00285,SALE,-162,19.0,-3078.0
5280,2026-08-30,20260830,P010,W02,BT00293,SALE,-41,19.0,-779.0
5281,2026-08-30,20260830,P010,W02,BT00294,SALE,-152,19.0,-2888.0
5282,2026-08-30,20260830,P010,W03,BT00302,SALE,-150,19.0,-2850.0
5283,2026-08-30,20260830,P010,W04,BT00311,SALE,-111,19.0,-2109.0
5284,2026-08-30,20260830,P011,W01,BT00319,SALE,-132,58.0,-7656.0
5285,2026-08-30,20260830,P011,W02,BT00328,SALE,-148,58.0,-8584.0
5286,2026-08-30,20260830,P011,W03,BT00336,SALE,-134,58.0,-7772.0
5287,2026-08-30,20260830,P011,W04,BT00346,SALE,-116,58.0,-6728.0
5288,2026-08-30,20260830,P012,W01,BT00355,SALE,-169,45.0,-7605.0
5289,2026-08-30,20260830,P012,W02,BT00362,SALE,-1,45.0,-45.0
5290,2026-08-30,20260830,P012,W02,BT00363,SALE,-144,45.0,-6480.0
5291,2026-08-30,20260830,P012,W03,BT00372,SALE,-130,45.0,-5850.0
5292,2026-08-30,20260830,P012,W04,BT00383,SALE,-99,45.0,-4455.0
5293,2026-08-30,20260830,P013,W01,BT00390,SALE,-8,62.0,-496.0
5294,2026-08-30,20260830,P013,W01,BT00392,SALE,-106,62.0,-6572.0
5295,2026-08-30,20260830,P013,W02,BT00399,SALE,-140,62.0,-8680.0
5296,2026-08-30,20260830,P013,W03,BT00408,SALE,-88,62.0,-5456.0
5297,2026-08-30,20260830,P013,W04,BT00417,SALE,-70,62.0,-4340.0
5298,2026-08-30,20260830,P014,W01,BT00422,SALE,-51,84.0,-4284.0
5299,2026-08-30,20260830,P014,W01,BT00424,SALE,-15,84.0,-1260.0
5300,2026-08-30,20260830,P014,W02,BT00430,SALE,-74,84.0,-6216.0
5301,2026-08-30,20260830,P014,W03,BT00436,SALE,-66,84.0,-5544.0
5302,2026-08-30,20260830,P014,W04,BT00440,SALE,-66,84.0,-5544.0
5303,2026-08-30,20260830,P015,W01,BT00446,SALE,-52,36.0,-1872.0
5304,2026-08-30,20260830,P015,W02,BT00451,SALE,-58,36.0,-2088.0
5305,2026-08-30,20260830,P015,W03,BT00456,SALE,-62,36.0,-2232.0
5306,2026-08-30,20260830,P015,W04,BT00461,SALE,-31,36.0,-1116.0
5307,2026-08-30,20260830,P016,W01,BT00466,SALE,-57,88.0,-5016.0
5308,2026-08-30,20260830,P016,W02,BT00471,SALE,-74,88.0,-6512.0
5309,2026-08-30,20260830,P016,W03,BT00475,SALE,-50,88.0,-4400.0
5310,2026-08-30,20260830,P016,W04,BT00480,SALE,-37,88.0,-3256.0
5311,2026-08-30,20260830,P017,W01,BT00483,SALE,-20,95.0,-1900.0
5312,2026-08-30,20260830,P017,W02,BT00488,SALE,-19,95.0,-1805.0
5313,2026-08-30,20260830,P017,W03,BT00495,SALE,-8,95.0,-760.0
5314,2026-08-30,20260830,P017,W04,BT00499,SALE,-12,95.0,-1140.0
5315,2026-08-30,20260830,P018,W01,BT00507,SALE,-85,72.0,-6120.0
5316,2026-08-30,20260830,P018,W02,BT00515,SALE,-83,72.0,-5976.0
5317,2026-08-30,20260830,P018,W02,BT00516,SALE,-9,72.0,-648.0
5318,2026-08-30,20260830,P018,W03,BT00523,SALE,-14,72.0,-1008.0
5319,2026-08-30,20260830,P018,W03,BT00524,SALE,-57,72.0,-4104.0
5320,2026-08-30,20260830,P018,W04,BT00533,SALE,-58,72.0,-4176.0
5321,2026-08-30,20260830,P019,W01,BT00537,SALE,-16,210.0,-3360.0
5322,2026-08-30,20260830,P019,W02,BT00540,SALE,-19,210.0,-3990.0
5323,2026-08-30,20260830,P019,W03,BT00543,SALE,-13,210.0,-2730.0
5324,2026-08-30,20260830,P019,W04,BT00546,SALE,-17,210.0,-3570.0
5325,2026-08-30,20260830,P020,W01,BT00549,SALE,-8,42.0,-336.0
5326,2026-08-30,20260830,P020,W01,BT00550,SALE,-48,42.0,-2016.0
5327,2026-08-30,20260830,P020,W02,BT00554,SALE,-59,42.0,-2478.0
5328,2026-08-30,20260830,P020,W03,BT00557,SALE,-48,42.0,-2016.0
5329,2026-08-30,20260830,P020,W04,BT00560,SALE,-47,42.0,-1974.0
5330,2026-08-31,20260831,P002,W02,BT00061,PURCHASE,1020,11.0,11220.0
5331,2026-08-31,20260831,P013,W02,BT00400,PURCHASE,790,62.0,48980.0
5332,2026-08-31,20260831,P008,W04,BT00242,RETURN,12,66.0,792.0
5333,2026-09-01,20260901,P007,W02,BT00186,PURCHASE,850,48.0,40800.0
5334,2026-09-01,20260901,P003,W03,BT00098,RETURN,12,52.0,624.0
5335,2026-09-01,20260901,P012,W01,BT00355,RETURN,36,45.0,1620.0
5336,2026-09-02,20260902,P007,W04,BT00205,PURCHASE,390,48.0,18720.0
5337,2026-09-02,20260902,P013,W01,BT00392,RETURN,12,62.0,744.0
5338,2026-09-03,20260903,P011,W04,BT00346,RETURN,12,58.0,696.0
5339,2026-09-03,20260903,P020,W01,BT00549,RETURN,1,42.0,42.0
5340,2026-09-04,20260904,P018,W04,BT00534,PURCHASE,260,72.0,18720.0
5341,2026-09-05,20260905,P001,W01,BT00009,PURCHASE,1760,18.5,32560.0
5342,2026-09-06,20260906,P001,W01,BT00009,SALE,-173,18.5,-3200.5
5343,2026-09-06,20260906,P001,W02,BT00019,SALE,-875,18.5,-16187.5
5344,2026-09-06,20260906,P001,W03,BT00030,SALE,-684,18.5,-12654.0
5345,2026-09-06,20260906,P001,W04,BT00042,SALE,-159,18.5,-2941.5
5346,2026-09-06,20260906,P002,W01,BT00051,SALE,-115,11.0,-1265.0
5347,2026-09-06,20260906,P002,W02,BT00060,SALE,-158,11.0,-1738.0
5348,2026-09-06,20260906,P002,W02,BT00061,SALE,-1,11.0,-11.0
5349,2026-09-06,20260906,P002,W03,BT00069,SALE,-124,11.0,-1364.0
5350,2026-09-06,20260906,P002,W04,BT00081,SALE,-87,11.0,-957.0
5351,2026-09-06,20260906,P003,W01,BT00087,SALE,-85,52.0,-4420.0
5352,2026-09-06,20260906,P003,W02,BT00093,SALE,-19,52.0,-988.0
5353,2026-09-06,20260906,P003,W02,BT00094,SALE,-79,52.0,-4108.0
5354,2026-09-06,20260906,P003,W03,BT00098,SALE,-12,52.0,-624.0
5355,2026-09-06,20260906,P003,W03,BT00099,SALE,-84,52.0,-4368.0
5356,2026-09-06,20260906,P003,W04,BT00103,SALE,-73,52.0,-3796.0
5357,2026-09-06,20260906,P004,W01,BT00107,SALE,-79,61.0,-4819.0
5358,2026-09-06,20260906,P004,W02,BT00111,SALE,-86,61.0,-5246.0
5359,2026-09-06,20260906,P004,W03,BT00115,SALE,-70,61.0,-4270.0
5360,2026-09-06,20260906,P005,W01,BT00127,SALE,-111,38.0,-4218.0
5361,2026-09-06,20260906,P005,W02,BT00136,SALE,-112,38.0,-4256.0
5362,2026-09-06,20260906,P005,W03,BT00145,SALE,-101,38.0,-3838.0
5363,2026-09-06,20260906,P005,W04,BT00155,SALE,-97,38.0,-3686.0
5364,2026-09-06,20260906,P006,W01,BT00159,SALE,-34,74.0,-2516.0
5365,2026-09-06,20260906,P006,W02,BT00162,SALE,-27,74.0,-1998.0
5366,2026-09-06,20260906,P006,W03,BT00165,SALE,-24,74.0,-1776.0
5367,2026-09-06,20260906,P006,W04,BT00168,SALE,-15,74.0,-1110.0
5368,2026-09-06,20260906,P007,W01,BT00176,SALE,-50,48.0,-2400.0
5369,2026-09-06,20260906,P007,W01,BT00177,SALE,-64,48.0,-3072.0
5370,2026-09-06,20260906,P007,W02,BT00185,SALE,-38,48.0,-1824.0
5371,2026-09-06,20260906,P007,W02,BT00186,SALE,-78,48.0,-3744.0
5372,2026-09-06,20260906,P007,W03,BT00194,SALE,-111,48.0,-5328.0
5373,2026-09-06,20260906,P007,W04,BT00205,SALE,-56,48.0,-2688.0
5374,2026-09-06,20260906,P008,W01,BT00213,SALE,-84,66.0,-5544.0
5375,2026-09-06,20260906,P008,W02,BT00222,SALE,-31,66.0,-2046.0
5376,2026-09-06,20260906,P008,W02,BT00223,SALE,-61,66.0,-4026.0
5377,2026-09-06,20260906,P008,W03,BT00232,SALE,-74,66.0,-4884.0
5378,2026-09-06,20260906,P008,W04,BT00242,SALE,-45,66.0,-2970.0
5379,2026-09-06,20260906,P009,W01,BT00251,SALE,-197,22.0,-4334.0
5380,2026-09-06,20260906,P009,W02,BT00259,SALE,-242,22.0,-5324.0
5381,2026-09-06,20260906,P009,W03,BT00267,SALE,-172,22.0,-3784.0
5382,2026-09-06,20260906,P009,W04,BT00277,SALE,-153,22.0,-3366.0
5383,2026-09-06,20260906,P010,W01,BT00285,SALE,-189,19.0,-3591.0
5384,2026-09-06,20260906,P010,W02,BT00294,SALE,-192,19.0,-3648.0
5385,2026-09-06,20260906,P010,W03,BT00302,SALE,-145,19.0,-2755.0
5386,2026-09-06,20260906,P010,W04,BT00311,SALE,-127,19.0,-2413.0
5387,2026-09-06,20260906,P011,W01,BT00319,SALE,-29,58.0,-1682.0
5388,2026-09-06,20260906,P011,W01,BT00320,SALE,-96,58.0,-5568.0
5389,2026-09-06,20260906,P011,W02,BT00328,SALE,-116,58.0,-6728.0
5390,2026-09-06,20260906,P011,W03,BT00336,SALE,-135,58.0,-7830.0
5391,2026-09-06,20260906,P011,W04,BT00346,SALE,-77,58.0,-4466.0
5392,2026-09-06,20260906,P012,W01,BT00355,SALE,-151,45.0,-6795.0
5393,2026-09-06,20260906,P012,W02,BT00363,SALE,-183,45.0,-8235.0
5394,2026-09-06,20260906,P012,W03,BT00372,SALE,-146,45.0,-6570.0
5395,2026-09-06,20260906,P012,W04,BT00383,SALE,-108,45.0,-4860.0
5396,2026-09-06,20260906,P013,W01,BT00392,SALE,-88,62.0,-5456.0
5397,2026-09-06,20260906,P013,W02,BT00399,SALE,-89,62.0,-5518.0
5398,2026-09-06,20260906,P013,W02,BT00400,SALE,-19,62.0,-1178.0
5399,2026-09-06,20260906,P013,W03,BT00408,SALE,-76,62.0,-4712.0
5400,2026-09-06,20260906,P013,W04,BT00417,SALE,-20,62.0,-1240.0
5401,2026-09-06,20260906,P014,W01,BT00424,SALE,-69,84.0,-5796.0
5402,2026-09-06,20260906,P014,W02,BT00430,SALE,-84,84.0,-7056.0
5403,2026-09-06,20260906,P014,W03,BT00436,SALE,-62,84.0,-5208.0
5404,2026-09-06,20260906,P014,W04,BT00440,SALE,-44,84.0,-3696.0
5405,2026-09-06,20260906,P015,W01,BT00446,SALE,-47,36.0,-1692.0
5406,2026-09-06,20260906,P015,W02,BT00451,SALE,-43,36.0,-1548.0
5407,2026-09-06,20260906,P015,W03,BT00456,SALE,-40,36.0,-1440.0
5408,2026-09-06,20260906,P015,W04,BT00461,SALE,-35,36.0,-1260.0
5409,2026-09-06,20260906,P016,W01,BT00466,SALE,-49,88.0,-4312.0
5410,2026-09-06,20260906,P016,W02,BT00471,SALE,-50,88.0,-4400.0
5411,2026-09-06,20260906,P016,W03,BT00475,SALE,-38,88.0,-3344.0
5412,2026-09-06,20260906,P016,W04,BT00480,SALE,-45,88.0,-3960.0
5413,2026-09-06,20260906,P017,W01,BT00483,SALE,-13,95.0,-1235.0
5414,2026-09-06,20260906,P017,W02,BT00488,SALE,-25,95.0,-2375.0
5415,2026-09-06,20260906,P017,W03,BT00495,SALE,-8,95.0,-760.0
5416,2026-09-06,20260906,P017,W04,BT00499,SALE,-10,95.0,-950.0
5417,2026-09-06,20260906,P018,W01,BT00507,SALE,-64,72.0,-4608.0
5418,2026-09-06,20260906,P018,W02,BT00516,SALE,-93,72.0,-6696.0
5419,2026-09-06,20260906,P018,W03,BT00524,SALE,-55,72.0,-3960.0
5420,2026-09-06,20260906,P018,W04,BT00532,SALE,-10,72.0,-720.0
5421,2026-09-06,20260906,P018,W04,BT00533,SALE,-3,72.0,-216.0
5422,2026-09-06,20260906,P018,W04,BT00534,SALE,-25,72.0,-1800.0
5423,2026-09-06,20260906,P019,W01,BT00537,SALE,-12,210.0,-2520.0
5424,2026-09-06,20260906,P019,W02,BT00540,SALE,-18,210.0,-3780.0
5425,2026-09-06,20260906,P019,W03,BT00543,SALE,-11,210.0,-2310.0
5426,2026-09-06,20260906,P019,W04,BT00546,SALE,-11,210.0,-2310.0
5427,2026-09-06,20260906,P020,W01,BT00549,SALE,-1,42.0,-42.0
5428,2026-09-06,20260906,P020,W01,BT00550,SALE,-65,42.0,-2730.0
5429,2026-09-06,20260906,P020,W02,BT00554,SALE,-71,42.0,-2982.0
5430,2026-09-06,20260906,P020,W03,BT00557,SALE,-48,42.0,-2016.0
5431,2026-09-06,20260906,P020,W04,BT00560,SALE,-50,42.0,-2100.0
5432,2026-09-07,20260907,P008,W01,BT00214,PURCHASE,520,66.0,34320.0
5433,2026-09-07,20260907,P011,W04,BT00347,PURCHASE,440,58.0,25520.0
5434,2026-09-08,20260908,P018,W04,BT00533,RETURN,1,72.0,72.0
5435,2026-09-09,20260909,P007,W03,BT00195,PURCHASE,680,48.0,32640.0
5436,2026-09-09,20260909,P013,W04,BT00418,PURCHASE,360,62.0,22320.0
5437,2026-09-09,20260909,P001,W01,BT00009,RETURN,39,18.5,721.5
5438,2026-09-09,20260909,P005,W01,BT00127,RETURN,21,38.0,798.0
5439,2026-09-09,20260909,P007,W01,BT00176,RETURN,8,48.0,384.0
5440,2026-09-10,20260910,P001,W02,BT00020,PURCHASE,1920,18.5,35520.0
5441,2026-09-10,20260910,P019,W03,BT00543,RETURN,2,210.0,420.0
5442,2026-09-11,20260911,P004,W04,BT00119,PURCHASE,1500,61.0,91500.0
5443,2026-09-11,20260911,P005,W04,BT00156,PURCHASE,390,38.0,14820.0
5444,2026-09-11,20260911,P017,W04,BT00499,RETURN,2,95.0,190.0
5445,2026-09-12,20260912,P002,W04,BT00082,PURCHASE,460,11.0,5060.0
5446,2026-09-12,20260912,P003,W02,BT00093,RETURN,2,52.0,104.0
5447,2026-09-12,20260912,P010,W04,BT00311,RETURN,22,19.0,418.0
5448,2026-09-12,20260912,P015,W04,BT00461,RETURN,7,36.0,252.0
5449,2026-09-13,20260913,P007,W01,BT00177,RETURN,15,48.0,720.0
5450,2026-09-13,20260913,P001,W01,BT00009,SALE,-774,18.5,-14319.0
5451,2026-09-13,20260913,P001,W02,BT00019,SALE,-83,18.5,-1535.5
5452,2026-09-13,20260913,P001,W02,BT00020,SALE,-429,18.5,-7936.5
5453,2026-09-13,20260913,P001,W03,BT00030,SALE,-20,18.5,-370.0
5454,2026-09-13,20260913,P002,W01,BT00051,SALE,-140,11.0,-1540.0
5455,2026-09-13,20260913,P002,W02,BT00061,SALE,-161,11.0,-1771.0
5456,2026-09-13,20260913,P002,W03,BT00069,SALE,-12,11.0,-132.0
5457,2026-09-13,20260913,P002,W03,BT00070,SALE,-107,11.0,-1177.0
5458,2026-09-13,20260913,P002,W04,BT00081,SALE,-63,11.0,-693.0
5459,2026-09-13,20260913,P002,W04,BT00082,SALE,-26,11.0,-286.0
5460,2026-09-13,20260913,P003,W01,BT00087,SALE,-101,52.0,-5252.0
5461,2026-09-13,20260913,P003,W02,BT00093,SALE,-2,52.0,-104.0
5462,2026-09-13,20260913,P003,W02,BT00094,SALE,-95,52.0,-4940.0
5463,2026-09-13,20260913,P003,W03,BT00099,SALE,-91,52.0,-4732.0
5464,2026-09-13,20260913,P003,W04,BT00103,SALE,-79,52.0,-4108.0
5465,2026-09-13,20260913,P004,W01,BT00107,SALE,-76,61.0,-4636.0
5466,2026-09-13,20260913,P004,W02,BT00111,SALE,-79,61.0,-4819.0
5467,2026-09-13,20260913,P004,W03,BT00115,SALE,-70,61.0,-4270.0
5468,2026-09-13,20260913,P004,W04,BT00119,SALE,-24,61.0,-1464.0
5469,2026-09-13,20260913,P005,W01,BT00127,SALE,-97,38.0,-3686.0
5470,2026-09-13,20260913,P005,W02,BT00136,SALE,-125,38.0,-4750.0
5471,2026-09-13,20260913,P005,W03,BT00145,SALE,-117,38.0,-4446.0
5472,2026-09-13,20260913,P005,W04,BT00155,SALE,-74,38.0,-2812.0
5473,2026-09-13,20260913,P005,W04,BT00156,SALE,-13,38.0,-494.0
5474,2026-09-13,20260913,P006,W01,BT00159,SALE,-30,74.0,-2220.0
5475,2026-09-13,20260913,P006,W02,BT00162,SALE,-26,74.0,-1924.0
5476,2026-09-13,20260913,P006,W03,BT00165,SALE,-11,74.0,-814.0
5477,2026-09-13,20260913,P006,W04,BT00168,SALE,-14,74.0,-1036.0
5478,2026-09-13,20260913,P007,W01,BT00176,SALE,-8,48.0,-384.0
5479,2026-09-13,20260913,P007,W01,BT00177,SALE,-111,48.0,-5328.0
5480,2026-09-13,20260913,P007,W02,BT00186,SALE,-122,48.0,-5856.0
5481,2026-09-13,20260913,P007,W03,BT00194,SALE,-103,48.0,-4944.0
5482,2026-09-13,20260913,P007,W04,BT00205,SALE,-85,48.0,-4080.0
5483,2026-09-13,20260913,P008,W01,BT00213,SALE,-72,66.0,-4752.0
5484,2026-09-13,20260913,P008,W01,BT00214,SALE,-17,66.0,-1122.0
5485,2026-09-13,20260913,P008,W02,BT00223,SALE,-76,66.0,-5016.0
5486,2026-09-13,20260913,P008,W03,BT00232,SALE,-66,66.0,-4356.0
5487,2026-09-13,20260913,P008,W04,BT00242,SALE,-59,66.0,-3894.0
5488,2026-09-13,20260913,P009,W01,BT00251,SALE,-220,22.0,-4840.0
5489,2026-09-13,20260913,P009,W02,BT00259,SALE,-237,22.0,-5214.0
5490,2026-09-13,20260913,P009,W03,BT00267,SALE,-189,22.0,-4158.0
5491,2026-09-13,20260913,P009,W04,BT00277,SALE,-146,22.0,-3212.0
5492,2026-09-13,20260913,P010,W01,BT00285,SALE,-171,19.0,-3249.0
5493,2026-09-13,20260913,P010,W02,BT00294,SALE,-164,19.0,-3116.0
5494,2026-09-13,20260913,P010,W03,BT00302,SALE,-131,19.0,-2489.0
5495,2026-09-13,20260913,P010,W04,BT00311,SALE,-116,19.0,-2204.0
5496,2026-09-13,20260913,P011,W01,BT00320,SALE,-133,58.0,-7714.0
5497,2026-09-13,20260913,P011,W02,BT00328,SALE,-137,58.0,-7946.0
5498,2026-09-13,20260913,P011,W03,BT00336,SALE,-121,58.0,-7018.0
5499,2026-09-13,20260913,P011,W04,BT00347,SALE,-100,58.0,-5800.0
5500,2026-09-13,20260913,P012,W01,BT00355,SALE,-144,45.0,-6480.0
5501,2026-09-13,20260913,P012,W02,BT00363,SALE,-184,45.0,-8280.0
5502,2026-09-13,20260913,P012,W03,BT00372,SALE,-140,45.0,-6300.0
5503,2026-09-13,20260913,P012,W04,BT00383,SALE,-101,45.0,-4545.0
5504,2026-09-13,20260913,P013,W01,BT00392,SALE,-109,62.0,-6758.0
5505,2026-09-13,20260913,P013,W02,BT00400,SALE,-113,62.0,-7006.0
5506,2026-09-13,20260913,P013,W03,BT00408,SALE,-105,62.0,-6510.0
5507,2026-09-13,20260913,P013,W04,BT00418,SALE,-52,62.0,-3224.0
5508,2026-09-13,20260913,P014,W01,BT00424,SALE,-83,84.0,-6972.0
5509,2026-09-13,20260913,P014,W02,BT00430,SALE,-67,84.0,-5628.0
5510,2026-09-13,20260913,P014,W03,BT00436,SALE,-53,84.0,-4452.0
5511,2026-09-13,20260913,P014,W04,BT00440,SALE,-30,84.0,-2520.0
5512,2026-09-13,20260913,P015,W01,BT00446,SALE,-33,36.0,-1188.0
5513,2026-09-13,20260913,P015,W02,BT00451,SALE,-48,36.0,-1728.0
5514,2026-09-13,20260913,P015,W03,BT00456,SALE,-38,36.0,-1368.0
5515,2026-09-13,20260913,P015,W04,BT00461,SALE,-31,36.0,-1116.0
5516,2026-09-13,20260913,P016,W01,BT00466,SALE,-45,88.0,-3960.0
5517,2026-09-13,20260913,P016,W02,BT00471,SALE,-46,88.0,-4048.0
5518,2026-09-13,20260913,P016,W03,BT00475,SALE,-47,88.0,-4136.0
5519,2026-09-13,20260913,P016,W04,BT00480,SALE,-44,88.0,-3872.0
5520,2026-09-13,20260913,P017,W01,BT00483,SALE,-15,95.0,-1425.0
5521,2026-09-13,20260913,P017,W02,BT00488,SALE,-19,95.0,-1805.0
5522,2026-09-13,20260913,P017,W03,BT00495,SALE,-12,95.0,-1140.0
5523,2026-09-13,20260913,P017,W04,BT00499,SALE,-13,95.0,-1235.0
5524,2026-09-13,20260913,P018,W01,BT00507,SALE,-81,72.0,-5832.0
5525,2026-09-13,20260913,P018,W02,BT00516,SALE,-85,72.0,-6120.0
5526,2026-09-13,20260913,P018,W03,BT00524,SALE,-69,72.0,-4968.0
5527,2026-09-13,20260913,P018,W04,BT00533,SALE,-1,72.0,-72.0
5528,2026-09-13,20260913,P018,W04,BT00534,SALE,-50,72.0,-3600.0
5529,2026-09-13,20260913,P019,W01,BT00537,SALE,-19,210.0,-3990.0
5530,2026-09-13,20260913,P019,W02,BT00540,SALE,-17,210.0,-3570.0
5531,2026-09-13,20260913,P019,W03,BT00543,SALE,-18,210.0,-3780.0
5532,2026-09-13,20260913,P019,W04,BT00546,SALE,-19,210.0,-3990.0
5533,2026-09-13,20260913,P020,W01,BT00550,SALE,-62,42.0,-2604.0
5534,2026-09-13,20260913,P020,W02,BT00554,SALE,-84,42.0,-3528.0
5535,2026-09-13,20260913,P020,W03,BT00557,SALE,-45,42.0,-1890.0
5536,2026-09-13,20260913,P020,W04,BT00560,SALE,-52,42.0,-2184.0
5537,2026-09-14,20260914,P015,W03,BT00457,PURCHASE,600,36.0,21600.0
5538,2026-09-14,20260914,P016,W03,BT00476,PURCHASE,700,88.0,61600.0
5539,2026-09-14,20260914,P018,W04,BT00534,RETURN,9,72.0,648.0
5540,2026-09-14,20260914,P017,W01,BT00483,SALE,-2,95.0,-190.0
5541,2026-09-15,20260915,P002,W01,BT00052,PURCHASE,940,11.0,10340.0
5542,2026-09-15,20260915,P010,W04,BT00312,PURCHASE,570,19.0,10830.0
5543,2026-09-15,20260915,P005,W04,BT00156,RETURN,2,38.0,76.0
5544,2026-09-15,20260915,P017,W01,BT00483,EXPIRED,-175,95.0,-16625.0
5545,2026-09-16,20260916,P001,W03,BT00031,PURCHASE,1530,18.5,28305.0
5546,2026-09-16,20260916,P005,W01,BT00128,PURCHASE,780,38.0,29640.0
5547,2026-09-16,20260916,P008,W04,BT00243,PURCHASE,260,66.0,17160.0
5548,2026-09-16,20260916,P017,W02,BT00488,SALE,-10,95.0,-950.0
5549,2026-09-17,20260917,P017,W02,BT00488,EXPIRED,-287,95.0,-27265.0
5550,2026-09-18,20260918,P005,W02,BT00137,PURCHASE,850,38.0,32300.0
5551,2026-09-18,20260918,P001,W02,BT00019,RETURN,18,18.5,333.0
5552,2026-09-18,20260918,P003,W02,BT00094,RETURN,18,52.0,936.0
5553,2026-09-18,20260918,P014,W02,BT00430,RETURN,16,84.0,1344.0
5554,2026-09-19,20260919,P010,W01,BT00286,PURCHASE,1140,19.0,21660.0
5555,2026-09-19,20260919,P012,W04,BT00384,PURCHASE,510,45.0,22950.0
5556,2026-09-19,20260919,P014,W04,BT00441,PURCHASE,800,84.0,67200.0
5557,2026-09-19,20260919,P006,W03,BT00165,RETURN,2,74.0,148.0
5558,2026-09-20,20260920,P012,W03,BT00373,PURCHASE,900,45.0,40500.0
5559,2026-09-20,20260920,P001,W01,BT00009,SALE,-765,18.5,-14152.5
5560,2026-09-20,20260920,P001,W02,BT00019,SALE,-18,18.5,-333.0
5561,2026-09-20,20260920,P001,W02,BT00020,SALE,-850,18.5,-15725.0
5562,2026-09-20,20260920,P001,W03,BT00031,SALE,-445,18.5,-8232.5
5563,2026-09-20,20260920,P002,W01,BT00051,SALE,-131,11.0,-1441.0
5564,2026-09-20,20260920,P002,W02,BT00061,SALE,-146,11.0,-1606.0
5565,2026-09-20,20260920,P002,W03,BT00070,SALE,-123,11.0,-1353.0
5566,2026-09-20,20260920,P002,W04,BT00082,SALE,-112,11.0,-1232.0
5567,2026-09-20,20260920,P003,W01,BT00087,SALE,-103,52.0,-5356.0
5568,2026-09-20,20260920,P003,W02,BT00094,SALE,-115,52.0,-5980.0
5569,2026-09-20,20260920,P003,W03,BT00099,SALE,-91,52.0,-4732.0
5570,2026-09-20,20260920,P003,W04,BT00103,SALE,-63,52.0,-3276.0
5571,2026-09-20,20260920,P004,W01,BT00107,SALE,-86,61.0,-5246.0
5572,2026-09-20,20260920,P004,W02,BT00111,SALE,-92,61.0,-5612.0
5573,2026-09-20,20260920,P004,W03,BT00115,SALE,-61,61.0,-3721.0
5574,2026-09-20,20260920,P004,W04,BT00119,SALE,-54,61.0,-3294.0
5575,2026-09-20,20260920,P005,W01,BT00127,SALE,-40,38.0,-1520.0
5576,2026-09-20,20260920,P005,W01,BT00128,SALE,-80,38.0,-3040.0
5577,2026-09-20,20260920,P005,W02,BT00136,SALE,-75,38.0,-2850.0
5578,2026-09-20,20260920,P005,W02,BT00137,SALE,-43,38.0,-1634.0
5579,2026-09-20,20260920,P005,W03,BT00145,SALE,-95,38.0,-3610.0
5580,2026-09-20,20260920,P005,W04,BT00156,SALE,-81,38.0,-3078.0
5581,2026-09-20,20260920,P006,W01,BT00159,SALE,-23,74.0,-1702.0
5582,2026-09-20,20260920,P006,W02,BT00162,SALE,-26,74.0,-1924.0
5583,2026-09-20,20260920,P006,W03,BT00165,SALE,-21,74.0,-1554.0
5584,2026-09-20,20260920,P006,W04,BT00168,SALE,-9,74.0,-666.0
5585,2026-09-20,20260920,P007,W01,BT00177,SALE,-114,48.0,-5472.0
5586,2026-09-20,20260920,P007,W02,BT00186,SALE,-116,48.0,-5568.0
5587,2026-09-20,20260920,P007,W03,BT00194,SALE,-41,48.0,-1968.0
5588,2026-09-20,20260920,P007,W03,BT00195,SALE,-65,48.0,-3120.0
5589,2026-09-20,20260920,P007,W04,BT00205,SALE,-74,48.0,-3552.0
5590,2026-09-20,20260920,P008,W01,BT00214,SALE,-67,66.0,-4422.0
5591,2026-09-20,20260920,P008,W02,BT00223,SALE,-98,66.0,-6468.0
5592,2026-09-20,20260920,P008,W03,BT00232,SALE,-54,66.0,-3564.0
5593,2026-09-20,20260920,P008,W04,BT00242,SALE,-45,66.0,-2970.0
5594,2026-09-20,20260920,P008,W04,BT00243,SALE,-20,66.0,-1320.0
5595,2026-09-20,20260920,P009,W01,BT00251,SALE,-213,22.0,-4686.0
5596,2026-09-20,20260920,P009,W02,BT00259,SALE,-215,22.0,-4730.0
5597,2026-09-20,20260920,P009,W03,BT00267,SALE,-168,22.0,-3696.0
5598,2026-09-20,20260920,P009,W04,BT00277,SALE,-158,22.0,-3476.0
5599,2026-09-20,20260920,P010,W01,BT00285,SALE,-173,19.0,-3287.0
5600,2026-09-20,20260920,P010,W02,BT00294,SALE,-169,19.0,-3211.0
5601,2026-09-20,20260920,P010,W03,BT00302,SALE,-157,19.0,-2983.0
5602,2026-09-20,20260920,P010,W04,BT00312,SALE,-102,19.0,-1938.0
5603,2026-09-20,20260920,P011,W01,BT00320,SALE,-138,58.0,-8004.0
5604,2026-09-20,20260920,P011,W02,BT00328,SALE,-181,58.0,-10498.0
5605,2026-09-20,20260920,P011,W03,BT00336,SALE,-96,58.0,-5568.0
5606,2026-09-20,20260920,P011,W04,BT00347,SALE,-102,58.0,-5916.0
5607,2026-09-20,20260920,P012,W01,BT00355,SALE,-151,45.0,-6795.0
5608,2026-09-20,20260920,P012,W02,BT00363,SALE,-165,45.0,-7425.0
5609,2026-09-20,20260920,P012,W03,BT00372,SALE,-129,45.0,-5805.0
5610,2026-09-20,20260920,P012,W04,BT00383,SALE,-44,45.0,-1980.0
5611,2026-09-20,20260920,P012,W04,BT00384,SALE,-35,45.0,-1575.0
5612,2026-09-20,20260920,P013,W01,BT00392,SALE,-101,62.0,-6262.0
5613,2026-09-20,20260920,P013,W02,BT00400,SALE,-104,62.0,-6448.0
5614,2026-09-20,20260920,P013,W03,BT00408,SALE,-91,62.0,-5642.0
5615,2026-09-20,20260920,P013,W04,BT00418,SALE,-72,62.0,-4464.0
5616,2026-09-20,20260920,P014,W01,BT00424,SALE,-63,84.0,-5292.0
5617,2026-09-20,20260920,P014,W02,BT00430,SALE,-73,84.0,-6132.0
5618,2026-09-20,20260920,P014,W03,BT00436,SALE,-52,84.0,-4368.0
5619,2026-09-20,20260920,P014,W04,BT00441,SALE,-15,84.0,-1260.0
5620,2026-09-20,20260920,P015,W01,BT00446,SALE,-39,36.0,-1404.0
5621,2026-09-20,20260920,P015,W02,BT00451,SALE,-49,36.0,-1764.0
5622,2026-09-20,20260920,P015,W03,BT00456,SALE,-33,36.0,-1188.0
5623,2026-09-20,20260920,P015,W03,BT00457,SALE,-2,36.0,-72.0
5624,2026-09-20,20260920,P015,W04,BT00461,SALE,-28,36.0,-1008.0
5625,2026-09-20,20260920,P016,W01,BT00466,SALE,-50,88.0,-4400.0
5626,2026-09-20,20260920,P016,W02,BT00471,SALE,-58,88.0,-5104.0
5627,2026-09-20,20260920,P016,W03,BT00475,SALE,-42,88.0,-3696.0
5628,2026-09-20,20260920,P016,W04,BT00480,SALE,-41,88.0,-3608.0
5629,2026-09-20,20260920,P017,W01,BT00484,SALE,-15,95.0,-1425.0
5630,2026-09-20,20260920,P017,W03,BT00495,SALE,-10,95.0,-950.0
5631,2026-09-20,20260920,P017,W04,BT00499,SALE,-12,95.0,-1140.0
5632,2026-09-20,20260920,P018,W01,BT00507,SALE,-58,72.0,-4176.0
5633,2026-09-20,20260920,P018,W02,BT00516,SALE,-75,72.0,-5400.0
5634,2026-09-20,20260920,P018,W03,BT00524,SALE,-51,72.0,-3672.0
5635,2026-09-20,20260920,P018,W04,BT00534,SALE,-54,72.0,-3888.0
5636,2026-09-20,20260920,P019,W01,BT00537,SALE,-18,210.0,-3780.0
5637,2026-09-20,20260920,P019,W02,BT00540,SALE,-18,210.0,-3780.0
5638,2026-09-20,20260920,P019,W03,BT00543,SALE,-14,210.0,-2940.0
5639,2026-09-20,20260920,P019,W04,BT00546,SALE,-15,210.0,-3150.0
5640,2026-09-20,20260920,P020,W01,BT00550,SALE,-71,42.0,-2982.0
5641,2026-09-20,20260920,P020,W02,BT00554,SALE,-73,42.0,-3066.0
5642,2026-09-20,20260920,P020,W03,BT00557,SALE,-44,42.0,-1848.0
5643,2026-09-20,20260920,P020,W04,BT00560,SALE,-47,42.0,-1974.0
5644,2026-09-21,20260921,P001,W04,BT00043,PURCHASE,870,18.5,16095.0
5645,2026-09-23,20260923,P011,W03,BT00337,PURCHASE,770,58.0,44660.0
5646,2026-09-23,20260923,P017,W02,BT00489,PURCHASE,380,95.0,36100.0
5647,2026-09-23,20260923,P003,W01,BT00087,RETURN,15,52.0,780.0
5648,2026-09-23,20260923,P015,W03,BT00457,RETURN,1,36.0,36.0
5649,2026-09-24,20260924,P015,W02,BT00452,PURCHASE,600,36.0,21600.0
5650,2026-09-24,20260924,P004,W03,BT00115,RETURN,9,61.0,549.0
5651,2026-09-24,20260924,P005,W04,BT00156,RETURN,14,38.0,532.0
5652,2026-09-24,20260924,P006,W04,BT00168,RETURN,1,74.0,74.0
5653,2026-09-24,20260924,P019,W03,BT00543,RETURN,1,210.0,210.0
5654,2026-09-25,20260925,P001,W01,BT00010,PURCHASE,1760,18.5,32560.0
5655,2026-09-25,20260925,P004,W04,BT00119,RETURN,12,61.0,732.0
5656,2026-09-25,20260925,P007,W03,BT00195,RETURN,15,48.0,720.0
5657,2026-09-26,20260926,P018,W01,BT00508,PURCHASE,520,72.0,37440.0
5658,2026-09-27,20260927,P003,W01,BT00088,PURCHASE,1300,52.0,67600.0
5659,2026-09-27,20260927,P009,W02,BT00259,RETURN,42,22.0,924.0
5660,2026-09-27,20260927,P017,W01,BT00484,RETURN,2,95.0,190.0
5661,2026-09-27,20260927,P001,W01,BT00009,SALE,-87,18.5,-1609.5
5662,2026-09-27,20260927,P001,W01,BT00010,SALE,-342,18.5,-6327.0
5663,2026-09-27,20260927,P001,W02,BT00020,SALE,-641,18.5,-11858.5
5664,2026-09-27,20260927,P001,W03,BT00031,SALE,-656,18.5,-12136.0
5665,2026-09-27,20260927,P001,W04,BT00043,SALE,-600,18.5,-11100.0
5666,2026-09-27,20260927,P002,W01,BT00051,SALE,-47,11.0,-517.0
5667,2026-09-27,20260927,P002,W01,BT00052,SALE,-91,11.0,-1001.0
5668,2026-09-27,20260927,P002,W02,BT00061,SALE,-161,11.0,-1771.0
5669,2026-09-27,20260927,P002,W03,BT00070,SALE,-148,11.0,-1628.0
5670,2026-09-27,20260927,P002,W04,BT00082,SALE,-105,11.0,-1155.0
5671,2026-09-27,20260927,P003,W01,BT00087,SALE,-88,52.0,-4576.0
5672,2026-09-27,20260927,P003,W02,BT00094,SALE,-113,52.0,-5876.0
5673,2026-09-27,20260927,P003,W03,BT00099,SALE,-87,52.0,-4524.0
5674,2026-09-27,20260927,P003,W04,BT00103,SALE,-68,52.0,-3536.0
5675,2026-09-27,20260927,P004,W01,BT00107,SALE,-81,61.0,-4941.0
5676,2026-09-27,20260927,P004,W02,BT00111,SALE,-86,61.0,-5246.0
5677,2026-09-27,20260927,P004,W03,BT00115,SALE,-75,61.0,-4575.0
5678,2026-09-27,20260927,P004,W04,BT00119,SALE,-53,61.0,-3233.0
5679,2026-09-27,20260927,P005,W01,BT00128,SALE,-108,38.0,-4104.0
5680,2026-09-27,20260927,P005,W02,BT00137,SALE,-120,38.0,-4560.0
5681,2026-09-27,20260927,P005,W03,BT00145,SALE,-89,38.0,-3382.0
5682,2026-09-27,20260927,P005,W04,BT00156,SALE,-79,38.0,-3002.0
5683,2026-09-27,20260927,P006,W01,BT00159,SALE,-21,74.0,-1554.0
5684,2026-09-27,20260927,P006,W02,BT00162,SALE,-25,74.0,-1850.0
5685,2026-09-27,20260927,P006,W03,BT00165,SALE,-26,74.0,-1924.0
5686,2026-09-27,20260927,P006,W04,BT00168,SALE,-24,74.0,-1776.0
5687,2026-09-27,20260927,P007,W01,BT00177,SALE,-128,48.0,-6144.0
5688,2026-09-27,20260927,P007,W02,BT00186,SALE,-114,48.0,-5472.0
5689,2026-09-27,20260927,P007,W03,BT00195,SALE,-91,48.0,-4368.0
5690,2026-09-27,20260927,P007,W04,BT00205,SALE,-91,48.0,-4368.0
5691,2026-09-27,20260927,P008,W01,BT00214,SALE,-79,66.0,-5214.0
5692,2026-09-27,20260927,P008,W02,BT00223,SALE,-89,66.0,-5874.0
5693,2026-09-27,20260927,P008,W03,BT00232,SALE,-82,66.0,-5412.0
5694,2026-09-27,20260927,P008,W04,BT00243,SALE,-64,66.0,-4224.0
5695,2026-09-27,20260927,P009,W01,BT00251,SALE,-220,22.0,-4840.0
5696,2026-09-27,20260927,P009,W02,BT00259,SALE,-227,22.0,-4994.0
5697,2026-09-27,20260927,P009,W03,BT00267,SALE,-203,22.0,-4466.0
5698,2026-09-27,20260927,P009,W04,BT00277,SALE,-37,22.0,-814.0
5699,2026-09-27,20260927,P010,W01,BT00285,SALE,-137,19.0,-2603.0
5700,2026-09-27,20260927,P010,W01,BT00286,SALE,-37,19.0,-703.0
5701,2026-09-27,20260927,P010,W02,BT00294,SALE,-163,19.0,-3097.0
5702,2026-09-27,20260927,P010,W03,BT00301,SALE,-13,19.0,-247.0
5703,2026-09-27,20260927,P010,W03,BT00302,SALE,-110,19.0,-2090.0
5704,2026-09-27,20260927,P010,W04,BT00312,SALE,-113,19.0,-2147.0
5705,2026-09-27,20260927,P011,W01,BT00320,SALE,-128,58.0,-7424.0
5706,2026-09-27,20260927,P011,W02,BT00328,SALE,-124,58.0,-7192.0
5707,2026-09-27,20260927,P011,W03,BT00336,SALE,-103,58.0,-5974.0
5708,2026-09-27,20260927,P011,W04,BT00347,SALE,-112,58.0,-6496.0
5709,2026-09-27,20260927,P012,W01,BT00355,SALE,-151,45.0,-6795.0
5710,2026-09-27,20260927,P012,W02,BT00363,SALE,-182,45.0,-8190.0
5711,2026-09-27,20260927,P012,W03,BT00372,SALE,-136,45.0,-6120.0
5712,2026-09-27,20260927,P012,W04,BT00384,SALE,-113,45.0,-5085.0
5713,2026-09-27,20260927,P013,W01,BT00392,SALE,-109,62.0,-6758.0
5714,2026-09-27,20260927,P013,W02,BT00400,SALE,-131,62.0,-8122.0
5715,2026-09-27,20260927,P013,W03,BT00408,SALE,-88,62.0,-5456.0
5716,2026-09-27,20260927,P013,W04,BT00418,SALE,-77,62.0,-4774.0
5717,2026-09-27,20260927,P014,W01,BT00424,SALE,-66,84.0,-5544.0
5718,2026-09-27,20260927,P014,W02,BT00430,SALE,-66,84.0,-5544.0
5719,2026-09-27,20260927,P014,W03,BT00436,SALE,-90,84.0,-7560.0
5720,2026-09-27,20260927,P014,W04,BT00441,SALE,-51,84.0,-4284.0
5721,2026-09-27,20260927,P015,W01,BT00446,SALE,-51,36.0,-1836.0
5722,2026-09-27,20260927,P015,W02,BT00451,SALE,-48,36.0,-1728.0
5723,2026-09-27,20260927,P015,W03,BT00457,SALE,-37,36.0,-1332.0
5724,2026-09-27,20260927,P015,W04,BT00461,SALE,-31,36.0,-1116.0
5725,2026-09-27,20260927,P016,W01,BT00466,SALE,-57,88.0,-5016.0
5726,2026-09-27,20260927,P016,W02,BT00471,SALE,-45,88.0,-3960.0
5727,2026-09-27,20260927,P016,W03,BT00475,SALE,-23,88.0,-2024.0
5728,2026-09-27,20260927,P016,W03,BT00476,SALE,-24,88.0,-2112.0
5729,2026-09-27,20260927,P016,W04,BT00480,SALE,-35,88.0,-3080.0
5730,2026-09-27,20260927,P017,W01,BT00484,SALE,-15,95.0,-1425.0
5731,2026-09-27,20260927,P017,W02,BT00489,SALE,-8,95.0,-760.0
5732,2026-09-27,20260927,P017,W03,BT00495,SALE,-16,95.0,-1520.0
5733,2026-09-27,20260927,P017,W04,BT00499,SALE,-13,95.0,-1235.0
5734,2026-09-27,20260927,P018,W01,BT00507,SALE,-87,72.0,-6264.0
5735,2026-09-27,20260927,P018,W02,BT00516,SALE,-82,72.0,-5904.0
5736,2026-09-27,20260927,P018,W03,BT00524,SALE,-73,72.0,-5256.0
5737,2026-09-27,20260927,P018,W04,BT00534,SALE,-53,72.0,-3816.0
5738,2026-09-27,20260927,P019,W01,BT00537,SALE,-10,210.0,-2100.0
5739,2026-09-27,20260927,P019,W02,BT00540,SALE,-17,210.0,-3570.0
5740,2026-09-27,20260927,P019,W03,BT00543,SALE,-8,210.0,-1680.0
5741,2026-09-27,20260927,P019,W04,BT00546,SALE,-12,210.0,-2520.0
5742,2026-09-27,20260927,P020,W01,BT00550,SALE,-54,42.0,-2268.0
5743,2026-09-27,20260927,P020,W02,BT00554,SALE,-70,42.0,-2940.0
5744,2026-09-27,20260927,P020,W03,BT00557,SALE,-64,42.0,-2688.0
5745,2026-09-27,20260927,P020,W04,BT00560,SALE,-38,42.0,-1596.0
5746,2026-09-28,20260928,P001,W01,BT00009,RETURN,21,18.5,388.5
5747,2026-09-28,20260928,P009,W02,BT00259,RETURN,42,22.0,924.0
5748,2026-09-29,20260929,P012,W02,BT00364,PURCHASE,1130,45.0,50850.0
5749,2026-09-29,20260929,P017,W02,BT00490,PURCHASE,500,95.0,47500.0
5750,2026-09-30,20260930,P001,W02,BT00021,PURCHASE,1920,18.5,35520.0
5751,2026-09-30,20260930,P014,W02,BT00431,PURCHASE,800,84.0,67200.0
5752,2026-09-30,20260930,P005,W03,BT00145,RETURN,19,38.0,722.0
5753,2026-09-30,20260930,P014,W03,BT00436,RETURN,16,84.0,1344.0
5754,2026-09-30,20260930,P001,W01,BT00010,SALE,-365,18.5,-6752.5
5755,2026-09-30,20260930,P001,W02,BT00021,SALE,-124,18.5,-2294.0
5756,2026-09-30,20260930,P001,W03,BT00031,SALE,-287,18.5,-5309.5
5757,2026-09-30,20260930,P001,W04,BT00043,SALE,-270,18.5,-4995.0
5758,2026-09-30,20260930,P002,W01,BT00052,SALE,-68,11.0,-748.0
5759,2026-09-30,20260930,P002,W02,BT00061,SALE,-59,11.0,-649.0
5760,2026-09-30,20260930,P002,W03,BT00070,SALE,-50,11.0,-550.0
5761,2026-09-30,20260930,P002,W04,BT00082,SALE,-55,11.0,-605.0
5762,2026-09-30,20260930,P003,W01,BT00087,SALE,-52,52.0,-2704.0
5763,2026-09-30,20260930,P003,W02,BT00094,SALE,-61,52.0,-3172.0
5764,2026-09-30,20260930,P003,W03,BT00099,SALE,-27,52.0,-1404.0
5765,2026-09-30,20260930,P003,W04,BT00103,SALE,-32,52.0,-1664.0
5766,2026-09-30,20260930,P004,W01,BT00107,SALE,-39,61.0,-2379.0
5767,2026-09-30,20260930,P004,W02,BT00111,SALE,-36,61.0,-2196.0
5768,2026-09-30,20260930,P004,W03,BT00115,SALE,-29,61.0,-1769.0
5769,2026-09-30,20260930,P004,W04,BT00119,SALE,-27,61.0,-1647.0
5770,2026-09-30,20260930,P005,W01,BT00128,SALE,-55,38.0,-2090.0
5771,2026-09-30,20260930,P005,W02,BT00137,SALE,-57,38.0,-2166.0
5772,2026-09-30,20260930,P005,W03,BT00145,SALE,-40,38.0,-1520.0
5773,2026-09-30,20260930,P005,W04,BT00156,SALE,-38,38.0,-1444.0
5774,2026-09-30,20260930,P006,W01,BT00159,SALE,-11,74.0,-814.0
5775,2026-09-30,20260930,P006,W02,BT00162,SALE,-15,74.0,-1110.0
5776,2026-09-30,20260930,P006,W03,BT00165,SALE,-7,74.0,-518.0
5777,2026-09-30,20260930,P006,W04,BT00168,SALE,-3,74.0,-222.0
5778,2026-09-30,20260930,P007,W01,BT00177,SALE,-44,48.0,-2112.0
5779,2026-09-30,20260930,P007,W02,BT00186,SALE,-68,48.0,-3264.0
5780,2026-09-30,20260930,P007,W03,BT00195,SALE,-47,48.0,-2256.0
5781,2026-09-30,20260930,P007,W04,BT00205,SALE,-35,48.0,-1680.0
5782,2026-09-30,20260930,P008,W01,BT00214,SALE,-38,66.0,-2508.0
5783,2026-09-30,20260930,P008,W02,BT00223,SALE,-32,66.0,-2112.0
5784,2026-09-30,20260930,P008,W03,BT00232,SALE,-30,66.0,-1980.0
5785,2026-09-30,20260930,P008,W04,BT00243,SALE,-25,66.0,-1650.0
5786,2026-09-30,20260930,P009,W01,BT00251,SALE,-86,22.0,-1892.0
5787,2026-09-30,20260930,P009,W02,BT00259,SALE,-99,22.0,-2178.0
5788,2026-09-30,20260930,P009,W03,BT00267,SALE,-84,22.0,-1848.0
5789,2026-09-30,20260930,P010,W01,BT00286,SALE,-73,19.0,-1387.0
5790,2026-09-30,20260930,P010,W02,BT00294,SALE,-77,19.0,-1463.0
5791,2026-09-30,20260930,P010,W03,BT00301,SALE,-62,19.0,-1178.0
5792,2026-09-30,20260930,P010,W04,BT00312,SALE,-55,19.0,-1045.0
5793,2026-09-30,20260930,P011,W01,BT00320,SALE,-49,58.0,-2842.0
5794,2026-09-30,20260930,P011,W02,BT00328,SALE,-54,58.0,-3132.0
5795,2026-09-30,20260930,P011,W03,BT00336,SALE,-54,58.0,-3132.0
5796,2026-09-30,20260930,P011,W04,BT00347,SALE,-48,58.0,-2784.0
5797,2026-09-30,20260930,P012,W01,BT00355,SALE,-70,45.0,-3150.0
5798,2026-09-30,20260930,P012,W02,BT00363,SALE,-80,45.0,-3600.0
5799,2026-09-30,20260930,P012,W03,BT00372,SALE,-13,45.0,-585.0
5800,2026-09-30,20260930,P012,W03,BT00373,SALE,-47,45.0,-2115.0
5801,2026-09-30,20260930,P012,W04,BT00384,SALE,-46,45.0,-2070.0
5802,2026-09-30,20260930,P013,W01,BT00392,SALE,-54,62.0,-3348.0
5803,2026-09-30,20260930,P013,W02,BT00400,SALE,-43,62.0,-2666.0
5804,2026-09-30,20260930,P013,W03,BT00408,SALE,-35,62.0,-2170.0
5805,2026-09-30,20260930,P013,W04,BT00418,SALE,-31,62.0,-1922.0
5806,2026-09-30,20260930,P014,W01,BT00424,SALE,-29,84.0,-2436.0
5807,2026-09-30,20260930,P014,W02,BT00430,SALE,-42,84.0,-3528.0
5808,2026-09-30,20260930,P014,W03,BT00436,SALE,-32,84.0,-2688.0
5809,2026-09-30,20260930,P014,W04,BT00441,SALE,-22,84.0,-1848.0
5810,2026-09-30,20260930,P015,W01,BT00446,SALE,-20,36.0,-720.0
5811,2026-09-30,20260930,P015,W02,BT00451,SALE,-14,36.0,-504.0
5812,2026-09-30,20260930,P015,W02,BT00452,SALE,-3,36.0,-108.0
5813,2026-09-30,20260930,P015,W03,BT00457,SALE,-17,36.0,-612.0
5814,2026-09-30,20260930,P015,W04,BT00461,SALE,-20,36.0,-720.0
5815,2026-09-30,20260930,P016,W01,BT00466,SALE,-20,88.0,-1760.0
5816,2026-09-30,20260930,P016,W02,BT00471,SALE,-25,88.0,-2200.0
5817,2026-09-30,20260930,P016,W03,BT00476,SALE,-29,88.0,-2552.0
5818,2026-09-30,20260930,P016,W04,BT00480,SALE,-17,88.0,-1496.0
5819,2026-09-30,20260930,P017,W01,BT00484,SALE,-7,95.0,-665.0
5820,2026-09-30,20260930,P017,W02,BT00489,SALE,-7,95.0,-665.0
5821,2026-09-30,20260930,P017,W03,BT00495,SALE,-11,95.0,-1045.0
5822,2026-09-30,20260930,P017,W04,BT00499,SALE,-4,95.0,-380.0
5823,2026-09-30,20260930,P018,W01,BT00507,SALE,-33,72.0,-2376.0
5824,2026-09-30,20260930,P018,W02,BT00516,SALE,-42,72.0,-3024.0
5825,2026-09-30,20260930,P018,W03,BT00524,SALE,-48,72.0,-3456.0
5826,2026-09-30,20260930,P018,W04,BT00534,SALE,-31,72.0,-2232.0
5827,2026-09-30,20260930,P019,W01,BT00537,SALE,-6,210.0,-1260.0
5828,2026-09-30,20260930,P019,W02,BT00540,SALE,-12,210.0,-2520.0
5829,2026-09-30,20260930,P019,W03,BT00543,SALE,-4,210.0,-840.0
5830,2026-09-30,20260930,P019,W04,BT00546,SALE,-3,210.0,-630.0
5831,2026-09-30,20260930,P020,W01,BT00550,SALE,-22,42.0,-924.0
5832,2026-09-30,20260930,P020,W02,BT00554,SALE,-22,42.0,-924.0
5833,2026-09-30,20260930,P020,W03,BT00557,SALE,-19,42.0,-798.0
5834,2026-09-30,20260930,P020,W04,BT00560,SALE,-22,42.0,-924.0
