date_key,product_id,warehouse_id,demand_qty,fulfilled_qty,unmet_qty
20251001,P001,W01,39,39,0
20251002,P001,W01,42,42,0
20251003,P001,W01,36,36,0
20251004,P001,W01,39,39,0
20251005,P001,W01,27,27,0
20251006,P001,W01,41,41,0
20251007,P001,W01,49,49,0
20251008,P001,W01,39,39,0
20251009,P001,W01,35,35,0
20251010,P001,W01,48,48,0
20251011,P001,W01,51,51,0
20251012,P001,W01,29,29,0
20251013,P001,W01,45,45,0
20251014,P001,W01,48,48,0
20251015,P001,W01,44,44,0
20251016,P001,W01,39,39,0
20251017,P001,W01,44,44,0
20251018,P001,W01,43,43,0
20251019,P001,W01,23,23,0
20251020,P001,W01,41,41,0
20251021,P001,W01,44,44,0
20251022,P001,W01,46,46,0
20251023,P001,W01,50,50,0
20251024,P001,W01,50,50,0
20251025,P001,W01,37,37,0
20251026,P001,W01,22,22,0
20251027,P001,W01,43,43,0
20251028,P001,W01,45,45,0
20251029,P001,W01,47,47,0
20251030,P001,W01,47,47,0
20251031,P001,W01,40,40,0
20251101,P001,W01,56,56,0
20251102,P001,W01,23,23,0
20251103,P001,W01,38,38,0
20251104,P001,W01,48,48,0
20251105,P001,W01,42,42,0
20251106,P001,W01,45,45,0
20251107,P001,W01,34,34,0
20251108,P001,W01,42,42,0
20251109,P001,W01,20,20,0
20251110,P001,W01,57,57,0
20251111,P001,W01,40,40,0
20251112,P001,W01,43,43,0
20251113,P001,W01,32,32,0
20251114,P001,W01,45,45,0
20251115,P001,W01,47,47,0
20251116,P001,W01,24,24,0
20251117,P001,W01,55,55,0
20251118,P001,W01,44,44,0
20251119,P001,W01,46,46,0
20251120,P001,W01,46,46,0
20251121,P001,W01,51,51,0
20251122,P001,W01,56,56,0
20251123,P001,W01,26,26,0
20251124,P001,W01,41,41,0
20251125,P001,W01,36,36,0
20251126,P001,W01,53,53,0
20251127,P001,W01,52,52,0
20251128,P001,W01,45,45,0
20251129,P001,W01,51,51,0
20251130,P001,W01,26,26,0
20251201,P001,W01,42,42,0
20251202,P001,W01,52,52,0
20251203,P001,W01,38,38,0
20251204,P001,W01,54,54,0
20251205,P001,W01,43,43,0
20251206,P001,W01,39,39,0
20251207,P001,W01,24,24,0
20251208,P001,W01,38,38,0
20251209,P001,W01,49,49,0
20251210,P001,W01,49,49,0
20251211,P001,W01,36,36,0
20251212,P001,W01,60,60,0
20251213,P001,W01,43,43,0
20251214,P001,W01,26,26,0
20251215,P001,W01,50,50,0
20251216,P001,W01,36,36,0
20251217,P001,W01,47,47,0
20251218,P001,W01,52,52,0
20251219,P001,W01,53,53,0
20251220,P001,W01,37,37,0
20251221,P001,W01,34,34,0
20251222,P001,W01,49,49,0
20251223,P001,W01,47,47,0
20251224,P001,W01,42,42,0
20251225,P001,W01,48,48,0
20251226,P001,W01,46,46,0
20251227,P001,W01,41,41,0
20251228,P001,W01,35,35,0
20251229,P001,W01,55,55,0
20251230,P001,W01,37,37,0
20251231,P001,W01,37,37,0
20260101,P001,W01,37,37,0
20260102,P001,W01,40,40,0
20260103,P001,W01,49,49,0
20260104,P001,W01,27,27,0
20260105,P001,W01,55,55,0
20260106,P001,W01,38,38,0
20260107,P001,W01,40,40,0
20260108,P001,W01,43,43,0
20260109,P001,W01,45,45,0
20260110,P001,W01,37,37,0
20260111,P001,W01,21,21,0
20260112,P001,W01,53,53,0
20260113,P001,W01,51,51,0
20260114,P001,W01,46,46,0
20260115,P001,W01,53,53,0
20260116,P001,W01,45,45,0
20260117,P001,W01,42,42,0
20260118,P001,W01,29,29,0
20260119,P001,W01,44,44,0
20260120,P001,W01,41,41,0
20260121,P001,W01,45,45,0
20260122,P001,W01,46,46,0
20260123,P001,W01,50,50,0
20260124,P001,W01,48,48,0
20260125,P001,W01,26,26,0
20260126,P001,W01,51,51,0
20260127,P001,W01,36,36,0
20260128,P001,W01,34,34,0
20260129,P001,W01,34,34,0
20260130,P001,W01,54,54,0
20260131,P001,W01,53,53,0
20260201,P001,W01,39,39,0
20260202,P001,W01,46,46,0
20260203,P001,W01,42,42,0
20260204,P001,W01,48,48,0
20260205,P001,W01,43,43,0
20260206,P001,W01,58,58,0
20260207,P001,W01,36,36,0
20260208,P001,W01,30,30,0
20260209,P001,W01,49,49,0
20260210,P001,W01,53,53,0
20260211,P001,W01,38,38,0
20260212,P001,W01,39,39,0
20260213,P001,W01,44,44,0
20260214,P001,W01,50,50,0
20260215,P001,W01,38,38,0
20260216,P001,W01,43,43,0
20260217,P001,W01,34,34,0
20260218,P001,W01,46,46,0
20260219,P001,W01,45,45,0
20260220,P001,W01,52,52,0
20260221,P001,W01,44,44,0
20260222,P001,W01,25,25,0
20260223,P001,W01,54,54,0
20260224,P001,W01,50,50,0
20260225,P001,W01,46,46,0
20260226,P001,W01,53,53,0
20260227,P001,W01,40,40,0
20260228,P001,W01,51,51,0
20260301,P001,W01,34,34,0
20260302,P001,W01,27,27,0
20260303,P001,W01,45,45,0
20260304,P001,W01,47,47,0
20260305,P001,W01,44,44,0
20260306,P001,W01,48,48,0
20260307,P001,W01,35,35,0
20260308,P001,W01,25,25,0
20260309,P001,W01,49,49,0
20260310,P001,W01,44,44,0
20260311,P001,W01,35,35,0
20260312,P001,W01,26,26,0
20260313,P001,W01,45,45,0
20260314,P001,W01,31,31,0
20260315,P001,W01,30,30,0
20260316,P001,W01,55,55,0
20260317,P001,W01,40,40,0
20260318,P001,W01,31,31,0
20260319,P001,W01,37,37,0
20260320,P001,W01,32,32,0
20260321,P001,W01,37,37,0
20260322,P001,W01,24,24,0
20260323,P001,W01,39,39,0
20260324,P001,W01,41,41,0
20260325,P001,W01,39,39,0
20260326,P001,W01,40,40,0
20260327,P001,W01,45,45,0
20260328,P001,W01,44,44,0
20260329,P001,W01,30,30,0
20260330,P001,W01,43,43,0
20260331,P001,W01,39,39,0
20260401,P001,W01,37,37,0
20260402,P001,W01,43,43,0
20260403,P001,W01,46,46,0
20260404,P001,W01,30,30,0
20260405,P001,W01,30,30,0
20260406,P001,W01,36,36,0
20260407,P001,W01,34,34,0
20260408,P001,W01,45,45,0
20260409,P001,W01,30,30,0
20260410,P001,W01,30,30,0
20260411,P001,W01,44,44,0
20260412,P001,W01,27,27,0
20260413,P001,W01,42,42,0
20260414,P001,W01,31,31,0
20260415,P001,W01,30,30,0
20260416,P001,W01,38,38,0
20260417,P001,W01,38,38,0
20260418,P001,W01,28,28,0
20260419,P001,W01,23,23,0
20260420,P001,W01,24,24,0
20260421,P001,W01,33,33,0
20260422,P001,W01,27,27,0
20260423,P001,W01,44,44,0
20260424,P001,W01,42,42,0
20260425,P001,W01,44,44,0
20260426,P001,W01,22,22,0
20260427,P001,W01,46,46,0
20260428,P001,W01,42,42,0
20260429,P001,W01,37,37,0
20260430,P001,W01,39,39,0
20260501,P001,W01,36,36,0
20260502,P001,W01,40,40,0
20260503,P001,W01,23,23,0
20260504,P001,W01,32,32,0
20260505,P001,W01,31,31,0
20260506,P001,W01,48,48,0
20260507,P001,W01,33,33,0
20260508,P001,W01,43,43,0
20260509,P001,W01,39,39,0
20260510,P001,W01,32,32,0
20260511,P001,W01,47,47,0
20260512,P001,W01,41,41,0
20260513,P001,W01,38,38,0
20260514,P001,W01,33,33,0
20260515,P001,W01,44,44,0
20260516,P001,W01,30,30,0
20260517,P001,W01,28,28,0
20260518,P001,W01,37,37,0
20260519,P001,W01,27,27,0
20260520,P001,W01,44,44,0
20260521,P001,W01,35,35,0
20260522,P001,W01,30,30,0
20260523,P001,W01,43,43,0
20260524,P001,W01,30,30,0
20260525,P001,W01,25,25,0
20260526,P001,W01,39,39,0
20260527,P001,W01,40,40,0
20260528,P001,W01,35,35,0
20260529,P001,W01,42,42,0
20260530,P001,W01,47,47,0
20260531,P001,W01,30,30,0
20260601,P001,W01,39,39,0
20260602,P001,W01,48,48,0
20260603,P001,W01,29,29,0
20260604,P001,W01,43,43,0
20260605,P001,W01,39,39,0
20260606,P001,W01,45,45,0
20260607,P001,W01,24,24,0
20260608,P001,W01,33,33,0
20260609,P001,W01,42,42,0
20260610,P001,W01,38,38,0
20260611,P001,W01,44,44,0
20260612,P001,W01,37,37,0
20260613,P001,W01,36,36,0
20260614,P001,W01,33,33,0
20260615,P001,W01,43,43,0
20260616,P001,W01,35,35,0
20260617,P001,W01,36,36,0
20260618,P001,W01,47,47,0
20260619,P001,W01,42,42,0
20260620,P001,W01,47,47,0
20260621,P001,W01,28,28,0
20260622,P001,W01,47,47,0
20260623,P001,W01,40,40,0
20260624,P001,W01,39,39,0
20260625,P001,W01,30,30,0
20260626,P001,W01,36,36,0
20260627,P001,W01,40,40,0
20260628,P001,W01,22,22,0
20260629,P001,W01,35,35,0
20260630,P001,W01,37,37,0
20260701,P001,W01,51,51,0
20260702,P001,W01,43,43,0
20260703,P001,W01,42,42,0
20260704,P001,W01,40,40,0
20260705,P001,W01,24,24,0
20260706,P001,W01,42,42,0
20260707,P001,W01,28,28,0
20260708,P001,W01,47,47,0
20260709,P001,W01,28,28,0
20260710,P001,W01,57,57,0
20260711,P001,W01,38,38,0
20260712,P001,W01,20,20,0
20260713,P001,W01,46,46,0
20260714,P001,W01,51,51,0
20260715,P001,W01,51,51,0
20260716,P001,W01,35,35,0
20260717,P001,W01,53,53,0
20260718,P001,W01,57,57,0
20260719,P001,W01,26,26,0
20260720,P001,W01,52,52,0
20260721,P001,W01,37,37,0
20260722,P001,W01,39,39,0
20260723,P001,W01,48,48,0
20260724,P001,W01,50,50,0
20260725,P001,W01,55,55,0
20260726,P001,W01,21,21,0
20260727,P001,W01,38,38,0
20260728,P001,W01,45,45,0
20260729,P001,W01,44,44,0
20260730,P001,W01,38,38,0
20260731,P001,W01,47,47,0
20260801,P001,W01,128,128,0
20260802,P001,W01,69,29,40
20260803,P001,W01,126,0,126
20260804,P001,W01,114,0,114
20260805,P001,W01,124,0,124
20260806,P001,W01,114,0,114
20260807,P001,W01,123,0,123
20260808,P001,W01,105,105,0
20260809,P001,W01,73,73,0
20260810,P001,W01,152,152,0
20260811,P001,W01,106,106,0
20260812,P001,W01,135,135,0
20260813,P001,W01,116,116,0
20260814,P001,W01,138,138,0
20260815,P001,W01,123,123,0
20260816,P001,W01,82,82,0
20260817,P001,W01,137,137,0
20260818,P001,W01,100,100,0
20260819,P001,W01,124,124,0
20260820,P001,W01,114,114,0
20260821,P001,W01,126,126,0
20260822,P001,W01,120,120,0
20260823,P001,W01,93,9,84
20260824,P001,W01,119,0,119
20260825,P001,W01,103,0,103
20260826,P001,W01,123,0,123
20260827,P001,W01,143,0,143
20260828,P001,W01,106,0,106
20260829,P001,W01,138,0,138
20260830,P001,W01,68,0,68
20260831,P001,W01,123,0,123
20260901,P001,W01,109,0,109
20260902,P001,W01,116,0,116
20260903,P001,W01,122,0,122
20260904,P001,W01,107,0,107
20260905,P001,W01,102,102,0
20260906,P001,W01,71,71,0
20260907,P001,W01,126,126,0
20260908,P001,W01,105,105,0
20260909,P001,W01,105,105,0
20260910,P001,W01,119,119,0
20260911,P001,W01,116,116,0
20260912,P001,W01,120,120,0
20260913,P001,W01,83,83,0
20260914,P001,W01,108,108,0
20260915,P001,W01,100,100,0
20260916,P001,W01,130,130,0
20260917,P001,W01,108,108,0
20260918,P001,W01,117,117,0
20260919,P001,W01,114,114,0
20260920,P001,W01,88,88,0
20260921,P001,W01,122,87,35
20260922,P001,W01,118,0,118
20260923,P001,W01,103,0,103
20260924,P001,W01,142,0,142
20260925,P001,W01,149,149,0
20260926,P001,W01,124,124,0
20260927,P001,W01,69,69,0
20260928,P001,W01,122,122,0
20260929,P001,W01,118,118,0
20260930,P001,W01,125,125,0
20251001,P001,W02,43,43,0
20251002,P001,W02,43,43,0
20251003,P001,W02,52,52,0
20251004,P001,W02,56,56,0
20251005,P001,W02,40,40,0
20251006,P001,W02,44,44,0
20251007,P001,W02,46,46,0
20251008,P001,W02,39,39,0
20251009,P001,W02,45,45,0
20251010,P001,W02,45,45,0
20251011,P001,W02,48,48,0
20251012,P001,W02,32,32,0
20251013,P001,W02,46,46,0
20251014,P001,W02,50,50,0
20251015,P001,W02,57,57,0
20251016,P001,W02,50,50,0
20251017,P001,W02,64,64,0
20251018,P001,W02,54,54,0
20251019,P001,W02,31,31,0
20251020,P001,W02,60,60,0
20251021,P001,W02,50,50,0
20251022,P001,W02,45,45,0
20251023,P001,W02,38,38,0
20251024,P001,W02,53,53,0
20251025,P001,W02,52,52,0
20251026,P001,W02,27,27,0
20251027,P001,W02,58,58,0
20251028,P001,W02,50,50,0
20251029,P001,W02,42,42,0
20251030,P001,W02,58,58,0
20251031,P001,W02,50,50,0
20251101,P001,W02,65,65,0
20251102,P001,W02,26,26,0
20251103,P001,W02,53,53,0
20251104,P001,W02,45,45,0
20251105,P001,W02,49,49,0
20251106,P001,W02,60,60,0
20251107,P001,W02,45,45,0
20251108,P001,W02,49,49,0
20251109,P001,W02,28,28,0
20251110,P001,W02,54,54,0
20251111,P001,W02,52,52,0
20251112,P001,W02,46,46,0
20251113,P001,W02,50,50,0
20251114,P001,W02,44,44,0
20251115,P001,W02,47,47,0
20251116,P001,W02,24,24,0
20251117,P001,W02,40,40,0
20251118,P001,W02,37,37,0
20251119,P001,W02,39,39,0
20251120,P001,W02,49,49,0
20251121,P001,W02,40,40,0
20251122,P001,W02,44,44,0
20251123,P001,W02,33,33,0
20251124,P001,W02,41,41,0
20251125,P001,W02,48,48,0
20251126,P001,W02,51,51,0
20251127,P001,W02,47,47,0
20251128,P001,W02,45,45,0
20251129,P001,W02,47,47,0
20251130,P001,W02,33,33,0
20251201,P001,W02,59,59,0
20251202,P001,W02,47,47,0
20251203,P001,W02,54,54,0
20251204,P001,W02,49,49,0
20251205,P001,W02,40,40,0
20251206,P001,W02,52,52,0
20251207,P001,W02,20,20,0
20251208,P001,W02,57,57,0
20251209,P001,W02,52,52,0
20251210,P001,W02,50,50,0
20251211,P001,W02,38,38,0
20251212,P001,W02,57,57,0
20251213,P001,W02,57,57,0
20251214,P001,W02,36,36,0
20251215,P001,W02,45,45,0
20251216,P001,W02,54,54,0
20251217,P001,W02,37,37,0
20251218,P001,W02,41,41,0
20251219,P001,W02,42,42,0
20251220,P001,W02,50,50,0
20251221,P001,W02,39,39,0
20251222,P001,W02,55,55,0
20251223,P001,W02,54,54,0
20251224,P001,W02,50,50,0
20251225,P001,W02,53,53,0
20251226,P001,W02,51,51,0
20251227,P001,W02,50,50,0
20251228,P001,W02,38,38,0
20251229,P001,W02,52,52,0
20251230,P001,W02,50,50,0
20251231,P001,W02,35,35,0
20260101,P001,W02,52,52,0
20260102,P001,W02,62,62,0
20260103,P001,W02,51,51,0
20260104,P001,W02,20,20,0
20260105,P001,W02,44,44,0
20260106,P001,W02,42,42,0
20260107,P001,W02,42,42,0
20260108,P001,W02,41,41,0
20260109,P001,W02,60,60,0
20260110,P001,W02,48,48,0
20260111,P001,W02,29,29,0
20260112,P001,W02,64,64,0
20260113,P001,W02,39,39,0
20260114,P001,W02,51,51,0
20260115,P001,W02,57,57,0
20260116,P001,W02,59,59,0
20260117,P001,W02,49,49,0
20260118,P001,W02,44,44,0
20260119,P001,W02,51,51,0
20260120,P001,W02,47,47,0
20260121,P001,W02,40,40,0
20260122,P001,W02,42,42,0
20260123,P001,W02,60,60,0
20260124,P001,W02,48,48,0
20260125,P001,W02,31,31,0
20260126,P001,W02,65,65,0
20260127,P001,W02,45,45,0
20260128,P001,W02,50,50,0
20260129,P001,W02,52,52,0
20260130,P001,W02,47,47,0
20260131,P001,W02,49,49,0
20260201,P001,W02,24,24,0
20260202,P001,W02,50,50,0
20260203,P001,W02,42,42,0
20260204,P001,W02,59,59,0
20260205,P001,W02,50,50,0
20260206,P001,W02,64,64,0
20260207,P001,W02,61,61,0
20260208,P001,W02,33,33,0
20260209,P001,W02,49,49,0
20260210,P001,W02,43,43,0
20260211,P001,W02,44,44,0
20260212,P001,W02,42,42,0
20260213,P001,W02,55,55,0
20260214,P001,W02,42,42,0
20260215,P001,W02,38,38,0
20260216,P001,W02,49,49,0
20260217,P001,W02,45,45,0
20260218,P001,W02,45,45,0
20260219,P001,W02,53,53,0
20260220,P001,W02,44,44,0
20260221,P001,W02,58,58,0
20260222,P001,W02,31,31,0
20260223,P001,W02,41,41,0
20260224,P001,W02,44,44,0
20260225,P001,W02,47,47,0
20260226,P001,W02,38,38,0
20260227,P001,W02,46,46,0
20260228,P001,W02,64,64,0
20260301,P001,W02,19,19,0
20260302,P001,W02,47,47,0
20260303,P001,W02,41,41,0
20260304,P001,W02,59,59,0
20260305,P001,W02,53,53,0
20260306,P001,W02,35,35,0
20260307,P001,W02,52,52,0
20260308,P001,W02,28,28,0
20260309,P001,W02,43,43,0
20260310,P001,W02,39,39,0
20260311,P001,W02,47,47,0
20260312,P001,W02,56,56,0
20260313,P001,W02,51,51,0
20260314,P001,W02,45,45,0
20260315,P001,W02,27,27,0
20260316,P001,W02,42,42,0
20260317,P001,W02,31,31,0
20260318,P001,W02,41,41,0
20260319,P001,W02,45,45,0
20260320,P001,W02,37,37,0
20260321,P001,W02,45,45,0
20260322,P001,W02,16,16,0
20260323,P001,W02,45,45,0
20260324,P001,W02,36,36,0
20260325,P001,W02,45,45,0
20260326,P001,W02,57,57,0
20260327,P001,W02,34,34,0
20260328,P001,W02,43,43,0
20260329,P001,W02,26,26,0
20260330,P001,W02,41,41,0
20260331,P001,W02,46,46,0
20260401,P001,W02,35,35,0
20260402,P001,W02,34,34,0
20260403,P001,W02,42,42,0
20260404,P001,W02,42,42,0
20260405,P001,W02,26,26,0
20260406,P001,W02,37,37,0
20260407,P001,W02,40,40,0
20260408,P001,W02,40,40,0
20260409,P001,W02,47,47,0
20260410,P001,W02,48,48,0
20260411,P001,W02,45,45,0
20260412,P001,W02,28,28,0
20260413,P001,W02,40,40,0
20260414,P001,W02,47,47,0
20260415,P001,W02,45,45,0
20260416,P001,W02,35,35,0
20260417,P001,W02,34,34,0
20260418,P001,W02,45,45,0
20260419,P001,W02,34,34,0
20260420,P001,W02,36,36,0
20260421,P001,W02,41,41,0
20260422,P001,W02,46,46,0
20260423,P001,W02,38,38,0
20260424,P001,W02,34,34,0
20260425,P001,W02,39,39,0
20260426,P001,W02,27,27,0
20260427,P001,W02,47,47,0
20260428,P001,W02,39,39,0
20260429,P001,W02,35,35,0
20260430,P001,W02,33,33,0
20260501,P001,W02,40,40,0
20260502,P001,W02,47,47,0
20260503,P001,W02,23,23,0
20260504,P001,W02,38,38,0
20260505,P001,W02,35,35,0
20260506,P001,W02,52,52,0
20260507,P001,W02,43,43,0
20260508,P001,W02,48,48,0
20260509,P001,W02,31,31,0
20260510,P001,W02,26,26,0
20260511,P001,W02,44,44,0
20260512,P001,W02,48,48,0
20260513,P001,W02,35,35,0
20260514,P001,W02,37,37,0
20260515,P001,W02,38,38,0
20260516,P001,W02,55,55,0
20260517,P001,W02,27,27,0
20260518,P001,W02,40,40,0
20260519,P001,W02,44,44,0
20260520,P001,W02,36,36,0
20260521,P001,W02,32,32,0
20260522,P001,W02,49,49,0
20260523,P001,W02,38,38,0
20260524,P001,W02,25,25,0
20260525,P001,W02,48,48,0
20260526,P001,W02,47,47,0
20260527,P001,W02,34,34,0
20260528,P001,W02,47,47,0
20260529,P001,W02,40,40,0
20260530,P001,W02,40,40,0
20260531,P001,W02,21,21,0
20260601,P001,W02,53,53,0
20260602,P001,W02,41,41,0
20260603,P001,W02,54,54,0
20260604,P001,W02,47,47,0
20260605,P001,W02,34,34,0
20260606,P001,W02,38,38,0
20260607,P001,W02,27,27,0
20260608,P001,W02,55,55,0
20260609,P001,W02,38,38,0
20260610,P001,W02,37,37,0
20260611,P001,W02,56,56,0
20260612,P001,W02,39,39,0
20260613,P001,W02,37,37,0
20260614,P001,W02,32,32,0
20260615,P001,W02,39,39,0
20260616,P001,W02,51,51,0
20260617,P001,W02,45,45,0
20260618,P001,W02,34,34,0
20260619,P001,W02,58,58,0
20260620,P001,W02,43,43,0
20260621,P001,W02,28,28,0
20260622,P001,W02,50,50,0
20260623,P001,W02,33,33,0
20260624,P001,W02,42,42,0
20260625,P001,W02,44,44,0
20260626,P001,W02,39,39,0
20260627,P001,W02,48,11,37
20260628,P001,W02,22,0,22
20260629,P001,W02,42,42,0
20260630,P001,W02,32,32,0
20260701,P001,W02,56,56,0
20260702,P001,W02,53,53,0
20260703,P001,W02,45,45,0
20260704,P001,W02,46,46,0
20260705,P001,W02,33,33,0
20260706,P001,W02,54,54,0
20260707,P001,W02,47,47,0
20260708,P001,W02,44,44,0
20260709,P001,W02,61,61,0
20260710,P001,W02,54,54,0
20260711,P001,W02,58,58,0
20260712,P001,W02,38,38,0
20260713,P001,W02,55,55,0
20260714,P001,W02,41,41,0
20260715,P001,W02,49,49,0
20260716,P001,W02,47,47,0
20260717,P001,W02,48,48,0
20260718,P001,W02,56,56,0
20260719,P001,W02,32,32,0
20260720,P001,W02,45,45,0
20260721,P001,W02,40,40,0
20260722,P001,W02,37,37,0
20260723,P001,W02,38,38,0
20260724,P001,W02,51,51,0
20260725,P001,W02,52,52,0
20260726,P001,W02,33,33,0
20260727,P001,W02,48,48,0
20260728,P001,W02,46,46,0
20260729,P001,W02,39,39,0
20260730,P001,W02,55,55,0
20260731,P001,W02,53,53,0
20260801,P001,W02,113,113,0
20260802,P001,W02,77,77,0
20260803,P001,W02,152,152,0
20260804,P001,W02,129,91,38
20260805,P001,W02,129,129,0
20260806,P001,W02,131,131,0
20260807,P001,W02,119,119,0
20260808,P001,W02,139,139,0
20260809,P001,W02,66,66,0
20260810,P001,W02,142,142,0
20260811,P001,W02,139,139,0
20260812,P001,W02,136,136,0
20260813,P001,W02,127,127,0
20260814,P001,W02,154,154,0
20260815,P001,W02,134,134,0
20260816,P001,W02,66,66,0
20260817,P001,W02,154,154,0
20260818,P001,W02,126,126,0
20260819,P001,W02,125,125,0
20260820,P001,W02,117,111,6
20260821,P001,W02,143,0,143
20260822,P001,W02,121,0,121
20260823,P001,W02,86,86,0
20260824,P001,W02,152,152,0
20260825,P001,W02,136,136,0
20260826,P001,W02,120,120,0
20260827,P001,W02,119,119,0
20260828,P001,W02,134,134,0
20260829,P001,W02,122,122,0
20260830,P001,W02,93,93,0
20260831,P001,W02,152,152,0
20260901,P001,W02,119,119,0
20260902,P001,W02,129,129,0
20260903,P001,W02,132,132,0
20260904,P001,W02,142,142,0
20260905,P001,W02,128,128,0
20260906,P001,W02,73,73,0
20260907,P001,W02,124,83,41
20260908,P001,W02,129,0,129
20260909,P001,W02,121,0,121
20260910,P001,W02,119,119,0
20260911,P001,W02,109,109,0
20260912,P001,W02,120,120,0
20260913,P001,W02,81,81,0
20260914,P001,W02,151,151,0
20260915,P001,W02,114,114,0
20260916,P001,W02,132,132,0
20260917,P001,W02,130,130,0
20260918,P001,W02,133,133,0
20260919,P001,W02,133,133,0
20260920,P001,W02,75,75,0
20260921,P001,W02,138,138,0
20260922,P001,W02,134,134,0
20260923,P001,W02,126,126,0
20260924,P001,W02,118,118,0
20260925,P001,W02,123,123,0
20260926,P001,W02,130,2,128
20260927,P001,W02,103,0,103
20260928,P001,W02,113,0,113
20260929,P001,W02,131,0,131
20260930,P001,W02,124,124,0
20251001,P001,W03,37,37,0
20251002,P001,W03,42,42,0
20251003,P001,W03,32,32,0
20251004,P001,W03,39,39,0
20251005,P001,W03,28,28,0
20251006,P001,W03,37,37,0
20251007,P001,W03,32,32,0
20251008,P001,W03,48,48,0
20251009,P001,W03,30,30,0
20251010,P001,W03,43,43,0
20251011,P001,W03,28,28,0
20251012,P001,W03,28,28,0
20251013,P001,W03,47,47,0
20251014,P001,W03,44,44,0
20251015,P001,W03,51,51,0
20251016,P001,W03,29,29,0
20251017,P001,W03,39,39,0
20251018,P001,W03,32,32,0
20251019,P001,W03,13,13,0
20251020,P001,W03,38,38,0
20251021,P001,W03,38,38,0
20251022,P001,W03,35,35,0
20251023,P001,W03,28,28,0
20251024,P001,W03,34,34,0
20251025,P001,W03,37,37,0
20251026,P001,W03,22,22,0
20251027,P001,W03,36,36,0
20251028,P001,W03,42,42,0
20251029,P001,W03,43,43,0
20251030,P001,W03,38,38,0
20251031,P001,W03,47,47,0
20251101,P001,W03,39,39,0
20251102,P001,W03,21,21,0
20251103,P001,W03,34,34,0
20251104,P001,W03,45,45,0
20251105,P001,W03,33,33,0
20251106,P001,W03,35,35,0
20251107,P001,W03,35,35,0
20251108,P001,W03,37,37,0
20251109,P001,W03,27,27,0
20251110,P001,W03,35,35,0
20251111,P001,W03,35,35,0
20251112,P001,W03,37,37,0
20251113,P001,W03,45,45,0
20251114,P001,W03,36,36,0
20251115,P001,W03,39,39,0
20251116,P001,W03,20,20,0
20251117,P001,W03,51,51,0
20251118,P001,W03,41,41,0
20251119,P001,W03,30,30,0
20251120,P001,W03,38,38,0
20251121,P001,W03,41,41,0
20251122,P001,W03,51,51,0
20251123,P001,W03,12,12,0
20251124,P001,W03,35,35,0
20251125,P001,W03,33,33,0
20251126,P001,W03,35,35,0
20251127,P001,W03,34,34,0
20251128,P001,W03,29,29,0
20251129,P001,W03,33,33,0
20251130,P001,W03,24,24,0
20251201,P001,W03,47,47,0
20251202,P001,W03,38,38,0
20251203,P001,W03,45,45,0
20251204,P001,W03,51,51,0
20251205,P001,W03,31,31,0
20251206,P001,W03,47,47,0
20251207,P001,W03,32,32,0
20251208,P001,W03,39,39,0
20251209,P001,W03,38,38,0
20251210,P001,W03,48,48,0
20251211,P001,W03,48,48,0
20251212,P001,W03,38,38,0
20251213,P001,W03,39,39,0
20251214,P001,W03,25,25,0
20251215,P001,W03,42,42,0
20251216,P001,W03,46,46,0
20251217,P001,W03,31,31,0
20251218,P001,W03,32,32,0
20251219,P001,W03,43,43,0
20251220,P001,W03,53,53,0
20251221,P001,W03,26,26,0
20251222,P001,W03,36,36,0
20251223,P001,W03,48,48,0
20251224,P001,W03,36,36,0
20251225,P001,W03,43,43,0
20251226,P001,W03,33,33,0
20251227,P001,W03,50,50,0
20251228,P001,W03,34,34,0
20251229,P001,W03,38,38,0
20251230,P001,W03,37,37,0
20251231,P001,W03,49,49,0
20260101,P001,W03,43,43,0
20260102,P001,W03,38,38,0
20260103,P001,W03,33,33,0
20260104,P001,W03,23,23,0
20260105,P001,W03,28,28,0
20260106,P001,W03,34,34,0
20260107,P001,W03,33,33,0
20260108,P001,W03,41,41,0
20260109,P001,W03,38,38,0
20260110,P001,W03,47,47,0
20260111,P001,W03,26,26,0
20260112,P001,W03,28,28,0
20260113,P001,W03,38,38,0
20260114,P001,W03,40,40,0
20260115,P001,W03,44,44,0
20260116,P001,W03,45,45,0
20260117,P001,W03,43,43,0
20260118,P001,W03,29,29,0
20260119,P001,W03,35,35,0
20260120,P001,W03,42,42,0
20260121,P001,W03,33,33,0
20260122,P001,W03,33,33,0
20260123,P001,W03,50,50,0
20260124,P001,W03,35,35,0
20260125,P001,W03,27,27,0
20260126,P001,W03,25,25,0
20260127,P001,W03,44,44,0
20260128,P001,W03,39,39,0
20260129,P001,W03,36,36,0
20260130,P001,W03,40,40,0
20260131,P001,W03,39,39,0
20260201,P001,W03,22,22,0
20260202,P001,W03,44,44,0
20260203,P001,W03,48,48,0
20260204,P001,W03,26,26,0
20260205,P001,W03,27,27,0
20260206,P001,W03,33,33,0
20260207,P001,W03,39,39,0
20260208,P001,W03,22,22,0
20260209,P001,W03,37,37,0
20260210,P001,W03,26,26,0
20260211,P001,W03,26,26,0
20260212,P001,W03,33,33,0
20260213,P001,W03,46,46,0
20260214,P001,W03,47,47,0
20260215,P001,W03,25,25,0
20260216,P001,W03,39,39,0
20260217,P001,W03,44,44,0
20260218,P001,W03,37,37,0
20260219,P001,W03,40,40,0
20260220,P001,W03,35,35,0
20260221,P001,W03,37,37,0
20260222,P001,W03,24,24,0
20260223,P001,W03,34,34,0
20260224,P001,W03,39,39,0
20260225,P001,W03,41,41,0
20260226,P001,W03,32,32,0
20260227,P001,W03,28,28,0
20260228,P001,W03,44,44,0
20260301,P001,W03,17,17,0
20260302,P001,W03,37,37,0
20260303,P001,W03,40,40,0
20260304,P001,W03,35,35,0
20260305,P001,W03,31,31,0
20260306,P001,W03,34,34,0
20260307,P001,W03,27,27,0
20260308,P001,W03,22,22,0
20260309,P001,W03,28,28,0
20260310,P001,W03,39,39,0
20260311,P001,W03,43,43,0
20260312,P001,W03,23,23,0
20260313,P001,W03,38,38,0
20260314,P001,W03,42,42,0
20260315,P001,W03,23,23,0
20260316,P001,W03,37,37,0
20260317,P001,W03,33,33,0
20260318,P001,W03,28,28,0
20260319,P001,W03,34,34,0
20260320,P001,W03,22,22,0
20260321,P001,W03,37,37,0
20260322,P001,W03,24,24,0
20260323,P001,W03,38,38,0
20260324,P001,W03,36,36,0
20260325,P001,W03,30,30,0
20260326,P001,W03,42,42,0
20260327,P001,W03,26,26,0
20260328,P001,W03,30,30,0
20260329,P001,W03,27,27,0
20260330,P001,W03,33,33,0
20260331,P001,W03,41,41,0
20260401,P001,W03,33,33,0
20260402,P001,W03,20,20,0
20260403,P001,W03,28,28,0
20260404,P001,W03,46,46,0
20260405,P001,W03,17,17,0
20260406,P001,W03,40,40,0
20260407,P001,W03,37,37,0
20260408,P001,W03,24,24,0
20260409,P001,W03,46,46,0
20260410,P001,W03,42,42,0
20260411,P001,W03,35,35,0
20260412,P001,W03,26,26,0
20260413,P001,W03,30,30,0
20260414,P001,W03,33,33,0
20260415,P001,W03,32,32,0
20260416,P001,W03,24,24,0
20260417,P001,W03,29,29,0
20260418,P001,W03,27,27,0
20260419,P001,W03,22,22,0
20260420,P001,W03,35,35,0
20260421,P001,W03,34,34,0
20260422,P001,W03,41,41,0
20260423,P001,W03,34,34,0
20260424,P001,W03,36,36,0
20260425,P001,W03,35,35,0
20260426,P001,W03,19,19,0
20260427,P001,W03,34,34,0
20260428,P001,W03,29,29,0
20260429,P001,W03,33,33,0
20260430,P001,W03,49,49,0
20260501,P001,W03,31,31,0
20260502,P001,W03,35,35,0
20260503,P001,W03,18,18,0
20260504,P001,W03,37,37,0
20260505,P001,W03,33,33,0
20260506,P001,W03,30,30,0
20260507,P001,W03,24,24,0
20260508,P001,W03,35,35,0
20260509,P001,W03,40,40,0
20260510,P001,W03,23,23,0
20260511,P001,W03,44,44,0
20260512,P001,W03,39,39,0
20260513,P001,W03,27,27,0
20260514,P001,W03,31,31,0
20260515,P001,W03,27,27,0
20260516,P001,W03,32,32,0
20260517,P001,W03,28,28,0
20260518,P001,W03,30,30,0
20260519,P001,W03,23,23,0
20260520,P001,W03,31,31,0
20260521,P001,W03,32,32,0
20260522,P001,W03,17,17,0
20260523,P001,W03,36,36,0
20260524,P001,W03,23,23,0
20260525,P001,W03,40,40,0
20260526,P001,W03,37,37,0
20260527,P001,W03,32,32,0
20260528,P001,W03,39,39,0
20260529,P001,W03,49,49,0
20260530,P001,W03,45,45,0
20260531,P001,W03,20,20,0
20260601,P001,W03,32,32,0
20260602,P001,W03,24,24,0
20260603,P001,W03,42,42,0
20260604,P001,W03,34,34,0
20260605,P001,W03,35,35,0
20260606,P001,W03,42,42,0
20260607,P001,W03,25,25,0
20260608,P001,W03,43,43,0
20260609,P001,W03,42,42,0
20260610,P001,W03,40,40,0
20260611,P001,W03,40,40,0
20260612,P001,W03,35,35,0
20260613,P001,W03,34,34,0
20260614,P001,W03,15,15,0
20260615,P001,W03,34,34,0
20260616,P001,W03,29,29,0
20260617,P001,W03,23,23,0
20260618,P001,W03,36,36,0
20260619,P001,W03,34,34,0
20260620,P001,W03,37,37,0
20260621,P001,W03,22,22,0
20260622,P001,W03,33,33,0
20260623,P001,W03,41,41,0
20260624,P001,W03,35,35,0
20260625,P001,W03,38,38,0
20260626,P001,W03,39,39,0
20260627,P001,W03,36,36,0
20260628,P001,W03,20,20,0
20260629,P001,W03,29,29,0
20260630,P001,W03,42,42,0
20260701,P001,W03,38,38,0
20260702,P001,W03,44,44,0
20260703,P001,W03,39,39,0
20260704,P001,W03,34,34,0
20260705,P001,W03,20,20,0
20260706,P001,W03,47,47,0
20260707,P001,W03,38,38,0
20260708,P001,W03,35,35,0
20260709,P001,W03,31,31,0
20260710,P001,W03,45,45,0
20260711,P001,W03,37,37,0
20260712,P001,W03,25,25,0
20260713,P001,W03,38,38,0
20260714,P001,W03,38,38,0
20260715,P001,W03,39,39,0
20260716,P001,W03,45,45,0
20260717,P001,W03,44,44,0
20260718,P001,W03,45,45,0
20260719,P001,W03,19,19,0
20260720,P001,W03,43,43,0
20260721,P001,W03,38,38,0
20260722,P001,W03,48,48,0
20260723,P001,W03,34,34,0
20260724,P001,W03,52,52,0
20260725,P001,W03,36,36,0
20260726,P001,W03,24,24,0
20260727,P001,W03,30,30,0
20260728,P001,W03,40,40,0
20260729,P001,W03,32,32,0
20260730,P001,W03,41,41,0
20260731,P001,W03,51,51,0
20260801,P001,W03,118,118,0
20260802,P001,W03,76,76,0
20260803,P001,W03,102,102,0
20260804,P001,W03,101,101,0
20260805,P001,W03,104,104,0
20260806,P001,W03,94,94,0
20260807,P001,W03,114,114,0
20260808,P001,W03,95,95,0
20260809,P001,W03,77,77,0
20260810,P001,W03,110,110,0
20260811,P001,W03,119,119,0
20260812,P001,W03,107,107,0
20260813,P001,W03,109,109,0
20260814,P001,W03,117,117,0
20260815,P001,W03,98,98,0
20260816,P001,W03,65,65,0
20260817,P001,W03,111,111,0
20260818,P001,W03,98,26,72
20260819,P001,W03,111,0,111
20260820,P001,W03,100,0,100
20260821,P001,W03,97,0,97
20260822,P001,W03,87,87,0
20260823,P001,W03,63,63,0
20260824,P001,W03,101,101,0
20260825,P001,W03,122,122,0
20260826,P001,W03,100,100,0
20260827,P001,W03,100,100,0
20260828,P001,W03,107,107,0
20260829,P001,W03,91,91,0
20260830,P001,W03,55,55,0
20260831,P001,W03,126,126,0
20260901,P001,W03,105,105,0
20260902,P001,W03,88,88,0
20260903,P001,W03,95,95,0
20260904,P001,W03,108,108,0
20260905,P001,W03,95,95,0
20260906,P001,W03,67,67,0
20260907,P001,W03,98,20,78
20260908,P001,W03,122,0,122
20260909,P001,W03,88,0,88
20260910,P001,W03,92,0,92
20260911,P001,W03,104,0,104
20260912,P001,W03,126,0,126
20260913,P001,W03,68,0,68
20260914,P001,W03,108,0,108
20260915,P001,W03,100,0,100
20260916,P001,W03,94,94,0
20260917,P001,W03,90,90,0
20260918,P001,W03,86,86,0
20260919,P001,W03,112,112,0
20260920,P001,W03,63,63,0
20260921,P001,W03,97,97,0
20260922,P001,W03,116,116,0
20260923,P001,W03,101,101,0
20260924,P001,W03,85,85,0
20260925,P001,W03,98,98,0
20260926,P001,W03,95,95,0
20260927,P001,W03,64,64,0
20260928,P001,W03,95,95,0
20260929,P001,W03,102,102,0
20260930,P001,W03,90,90,0
20251001,P001,W04,23,23,0
20251002,P001,W04,27,27,0
20251003,P001,W04,30,30,0
20251004,P001,W04,35,35,0
20251005,P001,W04,20,20,0
20251006,P001,W04,44,44,0
20251007,P001,W04,38,38,0
20251008,P001,W04,35,35,0
20251009,P001,W04,39,39,0
20251010,P001,W04,29,29,0
20251011,P001,W04,35,35,0
20251012,P001,W04,17,17,0
20251013,P001,W04,27,27,0
20251014,P001,W04,28,28,0
20251015,P001,W04,33,33,0
20251016,P001,W04,34,34,0
20251017,P001,W04,40,40,0
20251018,P001,W04,29,29,0
20251019,P001,W04,13,13,0
20251020,P001,W04,25,25,0
20251021,P001,W04,36,36,0
20251022,P001,W04,40,40,0
20251023,P001,W04,35,35,0
20251024,P001,W04,24,24,0
20251025,P001,W04,28,28,0
20251026,P001,W04,24,24,0
20251027,P001,W04,30,30,0
20251028,P001,W04,28,28,0
20251029,P001,W04,33,33,0
20251030,P001,W04,27,27,0
20251031,P001,W04,35,35,0
20251101,P001,W04,27,27,0
20251102,P001,W04,19,19,0
20251103,P001,W04,32,32,0
20251104,P001,W04,23,23,0
20251105,P001,W04,37,37,0
20251106,P001,W04,32,32,0
20251107,P001,W04,26,26,0
20251108,P001,W04,29,29,0
20251109,P001,W04,20,20,0
20251110,P001,W04,31,31,0
20251111,P001,W04,30,30,0
20251112,P001,W04,36,23,13
20251113,P001,W04,38,0,38
20251114,P001,W04,30,0,30
20251115,P001,W04,35,0,35
20251116,P001,W04,17,0,17
20251117,P001,W04,30,0,30
20251118,P001,W04,31,0,31
20251119,P001,W04,41,0,41
20251120,P001,W04,41,0,41
20251121,P001,W04,49,0,49
20251122,P001,W04,20,0,20
20251123,P001,W04,17,17,0
20251124,P001,W04,38,38,0
20251125,P001,W04,35,35,0
20251126,P001,W04,34,34,0
20251127,P001,W04,43,43,0
20251128,P001,W04,29,29,0
20251129,P001,W04,36,36,0
20251130,P001,W04,22,22,0
20251201,P001,W04,31,31,0
20251202,P001,W04,27,27,0
20251203,P001,W04,30,30,0
20251204,P001,W04,27,27,0
20251205,P001,W04,36,36,0
20251206,P001,W04,34,34,0
20251207,P001,W04,14,14,0
20251208,P001,W04,23,23,0
20251209,P001,W04,30,30,0
20251210,P001,W04,39,39,0
20251211,P001,W04,37,37,0
20251212,P001,W04,42,42,0
20251213,P001,W04,32,32,0
20251214,P001,W04,17,17,0
20251215,P001,W04,51,51,0
20251216,P001,W04,37,37,0
20251217,P001,W04,37,37,0
20251218,P001,W04,27,27,0
20251219,P001,W04,38,38,0
20251220,P001,W04,32,31,1
20251221,P001,W04,18,0,18
20251222,P001,W04,23,23,0
20251223,P001,W04,37,37,0
20251224,P001,W04,26,26,0
20251225,P001,W04,27,27,0
20251226,P001,W04,36,36,0
20251227,P001,W04,37,37,0
20251228,P001,W04,22,22,0
20251229,P001,W04,46,46,0
20251230,P001,W04,43,43,0
20251231,P001,W04,32,32,0
20260101,P001,W04,22,22,0
20260102,P001,W04,26,26,0
20260103,P001,W04,38,38,0
20260104,P001,W04,23,23,0
20260105,P001,W04,32,32,0
20260106,P001,W04,29,29,0
20260107,P001,W04,38,38,0
20260108,P001,W04,26,26,0
20260109,P001,W04,38,38,0
20260110,P001,W04,37,37,0
20260111,P001,W04,21,21,0
20260112,P001,W04,26,26,0
20260113,P001,W04,29,29,0
20260114,P001,W04,30,30,0
20260115,P001,W04,34,34,0
20260116,P001,W04,31,31,0
20260117,P001,W04,36,36,0
20260118,P001,W04,22,22,0
20260119,P001,W04,26,3,23
20260120,P001,W04,34,0,34
20260121,P001,W04,23,23,0
20260122,P001,W04,23,23,0
20260123,P001,W04,32,32,0
20260124,P001,W04,29,29,0
20260125,P001,W04,32,32,0
20260126,P001,W04,37,37,0
20260127,P001,W04,37,37,0
20260128,P001,W04,33,33,0
20260129,P001,W04,30,30,0
20260130,P001,W04,38,38,0
20260131,P001,W04,31,31,0
20260201,P001,W04,16,16,0
20260202,P001,W04,32,32,0
20260203,P001,W04,31,31,0
20260204,P001,W04,36,36,0
20260205,P001,W04,32,32,0
20260206,P001,W04,33,33,0
20260207,P001,W04,30,30,0
20260208,P001,W04,10,10,0
20260209,P001,W04,45,45,0
20260210,P001,W04,34,34,0
20260211,P001,W04,21,21,0
20260212,P001,W04,23,23,0
20260213,P001,W04,30,30,0
20260214,P001,W04,32,32,0
20260215,P001,W04,25,25,0
20260216,P001,W04,32,32,0
20260217,P001,W04,28,28,0
20260218,P001,W04,27,27,0
20260219,P001,W04,29,29,0
20260220,P001,W04,41,41,0
20260221,P001,W04,34,34,0
20260222,P001,W04,25,25,0
20260223,P001,W04,39,39,0
20260224,P001,W04,37,37,0
20260225,P001,W04,16,16,0
20260226,P001,W04,32,32,0
20260227,P001,W04,34,34,0
20260228,P001,W04,36,36,0
20260301,P001,W04,16,16,0
20260302,P001,W04,32,32,0
20260303,P001,W04,26,26,0
20260304,P001,W04,31,31,0
20260305,P001,W04,28,28,0
20260306,P001,W04,24,24,0
20260307,P001,W04,29,29,0
20260308,P001,W04,26,26,0
20260309,P001,W04,40,40,0
20260310,P001,W04,24,24,0
20260311,P001,W04,28,28,0
20260312,P001,W04,22,22,0
20260313,P001,W04,49,49,0
20260314,P001,W04,20,20,0
20260315,P001,W04,21,21,0
20260316,P001,W04,31,31,0
20260317,P001,W04,36,36,0
20260318,P001,W04,29,29,0
20260319,P001,W04,29,29,0
20260320,P001,W04,33,33,0
20260321,P001,W04,19,19,0
20260322,P001,W04,15,15,0
20260323,P001,W04,37,37,0
20260324,P001,W04,31,31,0
20260325,P001,W04,22,22,0
20260326,P001,W04,38,38,0
20260327,P001,W04,31,31,0
20260328,P001,W04,21,21,0
20260329,P001,W04,16,16,0
20260330,P001,W04,38,38,0
20260331,P001,W04,32,32,0
20260401,P001,W04,25,25,0
20260402,P001,W04,30,30,0
20260403,P001,W04,39,39,0
20260404,P001,W04,28,28,0
20260405,P001,W04,21,21,0
20260406,P001,W04,26,26,0
20260407,P001,W04,26,26,0
20260408,P001,W04,28,28,0
20260409,P001,W04,28,28,0
20260410,P001,W04,39,39,0
20260411,P001,W04,35,35,0
20260412,P001,W04,20,20,0
20260413,P001,W04,33,33,0
20260414,P001,W04,27,27,0
20260415,P001,W04,29,29,0
20260416,P001,W04,33,33,0
20260417,P001,W04,33,33,0
20260418,P001,W04,35,35,0
20260419,P001,W04,19,19,0
20260420,P001,W04,32,32,0
20260421,P001,W04,27,27,0
20260422,P001,W04,30,30,0
20260423,P001,W04,40,40,0
20260424,P001,W04,38,38,0
20260425,P001,W04,31,31,0
20260426,P001,W04,18,18,0
20260427,P001,W04,21,21,0
20260428,P001,W04,27,27,0
20260429,P001,W04,20,20,0
20260430,P001,W04,33,33,0
20260501,P001,W04,17,17,0
20260502,P001,W04,28,28,0
20260503,P001,W04,20,20,0
20260504,P001,W04,30,30,0
20260505,P001,W04,24,24,0
20260506,P001,W04,28,28,0
20260507,P001,W04,23,23,0
20260508,P001,W04,28,28,0
20260509,P001,W04,30,30,0
20260510,P001,W04,18,18,0
20260511,P001,W04,29,29,0
20260512,P001,W04,29,29,0
20260513,P001,W04,36,36,0
20260514,P001,W04,34,34,0
20260515,P001,W04,35,35,0
20260516,P001,W04,33,33,0
20260517,P001,W04,15,15,0
20260518,P001,W04,27,27,0
20260519,P001,W04,23,23,0
20260520,P001,W04,18,18,0
20260521,P001,W04,32,32,0
20260522,P001,W04,34,34,0
20260523,P001,W04,29,29,0
20260524,P001,W04,15,15,0
20260525,P001,W04,34,34,0
20260526,P001,W04,39,22,17
20260527,P001,W04,24,24,0
20260528,P001,W04,27,27,0
20260529,P001,W04,39,39,0
20260530,P001,W04,22,22,0
20260531,P001,W04,14,14,0
20260601,P001,W04,32,32,0
20260602,P001,W04,30,30,0
20260603,P001,W04,27,27,0
20260604,P001,W04,31,31,0
20260605,P001,W04,29,29,0
20260606,P001,W04,33,33,0
20260607,P001,W04,25,25,0
20260608,P001,W04,25,25,0
20260609,P001,W04,27,27,0
20260610,P001,W04,24,24,0
20260611,P001,W04,29,29,0
20260612,P001,W04,24,24,0
20260613,P001,W04,35,35,0
20260614,P001,W04,24,24,0
20260615,P001,W04,27,27,0
20260616,P001,W04,26,26,0
20260617,P001,W04,23,23,0
20260618,P001,W04,36,36,0
20260619,P001,W04,38,38,0
20260620,P001,W04,26,26,0
20260621,P001,W04,15,15,0
20260622,P001,W04,32,32,0
20260623,P001,W04,31,31,0
20260624,P001,W04,26,26,0
20260625,P001,W04,36,36,0
20260626,P001,W04,31,31,0
20260627,P001,W04,24,2,22
20260628,P001,W04,19,0,19
20260629,P001,W04,32,0,32
20260630,P001,W04,20,0,20
20260701,P001,W04,36,24,12
20260702,P001,W04,28,0,28
20260703,P001,W04,41,0,41
20260704,P001,W04,35,35,0
20260705,P001,W04,12,12,0
20260706,P001,W04,32,32,0
20260707,P001,W04,39,39,0
20260708,P001,W04,36,36,0
20260709,P001,W04,43,43,0
20260710,P001,W04,36,36,0
20260711,P001,W04,40,40,0
20260712,P001,W04,25,25,0
20260713,P001,W04,29,29,0
20260714,P001,W04,41,41,0
20260715,P001,W04,33,33,0
20260716,P001,W04,36,36,0
20260717,P001,W04,32,32,0
20260718,P001,W04,33,33,0
20260719,P001,W04,24,24,0
20260720,P001,W04,30,30,0
20260721,P001,W04,22,22,0
20260722,P001,W04,31,31,0
20260723,P001,W04,31,31,0
20260724,P001,W04,29,29,0
20260725,P001,W04,44,44,0
20260726,P001,W04,13,13,0
20260727,P001,W04,34,34,0
20260728,P001,W04,34,34,0
20260729,P001,W04,35,35,0
20260730,P001,W04,37,37,0
20260731,P001,W04,23,23,0
20260801,P001,W04,116,116,0
20260802,P001,W04,50,50,0
20260803,P001,W04,78,78,0
20260804,P001,W04,92,92,0
20260805,P001,W04,81,81,0
20260806,P001,W04,75,75,0
20260807,P001,W04,95,95,0
20260808,P001,W04,88,88,0
20260809,P001,W04,52,52,0
20260810,P001,W04,94,94,0
20260811,P001,W04,95,74,21
20260812,P001,W04,75,0,75
20260813,P001,W04,68,68,0
20260814,P001,W04,88,1,87
20260815,P001,W04,84,0,84
20260816,P001,W04,65,0,65
20260817,P001,W04,92,0,92
20260818,P001,W04,93,0,93
20260819,P001,W04,80,0,80
20260820,P001,W04,104,0,104
20260821,P001,W04,90,0,90
20260822,P001,W04,88,88,0
20260823,P001,W04,51,51,0
20260824,P001,W04,84,84,0
20260825,P001,W04,90,90,0
20260826,P001,W04,89,89,0
20260827,P001,W04,87,87,0
20260828,P001,W04,84,84,0
20260829,P001,W04,84,84,0
20260830,P001,W04,54,54,0
20260831,P001,W04,100,100,0
20260901,P001,W04,92,59,33
20260902,P001,W04,86,0,86
20260903,P001,W04,91,0,91
20260904,P001,W04,112,0,112
20260905,P001,W04,92,0,92
20260906,P001,W04,59,0,59
20260907,P001,W04,82,0,82
20260908,P001,W04,84,0,84
20260909,P001,W04,108,0,108
20260910,P001,W04,84,0,84
20260911,P001,W04,107,0,107
20260912,P001,W04,90,0,90
20260913,P001,W04,50,0,50
20260914,P001,W04,95,0,95
20260915,P001,W04,87,0,87
20260916,P001,W04,90,0,90
20260917,P001,W04,84,0,84
20260918,P001,W04,81,0,81
20260919,P001,W04,100,0,100
20260920,P001,W04,57,0,57
20260921,P001,W04,92,92,0
20260922,P001,W04,87,87,0
20260923,P001,W04,98,98,0
20260924,P001,W04,84,84,0
20260925,P001,W04,91,91,0
20260926,P001,W04,95,95,0
20260927,P001,W04,53,53,0
20260928,P001,W04,92,92,0
20260929,P001,W04,96,96,0
20260930,P001,W04,101,82,19
20251001,P002,W01,19,19,0
20251002,P002,W01,25,25,0
20251003,P002,W01,16,16,0
20251004,P002,W01,19,19,0
20251005,P002,W01,16,16,0
20251006,P002,W01,19,19,0
20251007,P002,W01,29,29,0
20251008,P002,W01,22,22,0
20251009,P002,W01,33,33,0
20251010,P002,W01,15,15,0
20251011,P002,W01,17,17,0
20251012,P002,W01,13,13,0
20251013,P002,W01,20,20,0
20251014,P002,W01,15,15,0
20251015,P002,W01,17,17,0
20251016,P002,W01,17,17,0
20251017,P002,W01,19,19,0
20251018,P002,W01,19,19,0
20251019,P002,W01,10,10,0
20251020,P002,W01,16,16,0
20251021,P002,W01,24,24,0
20251022,P002,W01,21,21,0
20251023,P002,W01,18,18,0
20251024,P002,W01,15,15,0
20251025,P002,W01,20,20,0
20251026,P002,W01,9,9,0
20251027,P002,W01,19,19,0
20251028,P002,W01,19,19,0
20251029,P002,W01,18,18,0
20251030,P002,W01,17,17,0
20251031,P002,W01,25,25,0
20251101,P002,W01,30,30,0
20251102,P002,W01,17,17,0
20251103,P002,W01,24,24,0
20251104,P002,W01,25,25,0
20251105,P002,W01,30,30,0
20251106,P002,W01,28,28,0
20251107,P002,W01,29,29,0
20251108,P002,W01,32,32,0
20251109,P002,W01,12,12,0
20251110,P002,W01,27,27,0
20251111,P002,W01,27,27,0
20251112,P002,W01,28,28,0
20251113,P002,W01,24,24,0
20251114,P002,W01,27,27,0
20251115,P002,W01,41,41,0
20251116,P002,W01,19,19,0
20251117,P002,W01,36,36,0
20251118,P002,W01,40,40,0
20251119,P002,W01,31,31,0
20251120,P002,W01,29,29,0
20251121,P002,W01,34,34,0
20251122,P002,W01,24,24,0
20251123,P002,W01,20,20,0
20251124,P002,W01,32,32,0
20251125,P002,W01,22,22,0
20251126,P002,W01,26,26,0
20251127,P002,W01,32,32,0
20251128,P002,W01,30,30,0
20251129,P002,W01,30,30,0
20251130,P002,W01,10,10,0
20251201,P002,W01,26,26,0
20251202,P002,W01,27,27,0
20251203,P002,W01,26,26,0
20251204,P002,W01,31,31,0
20251205,P002,W01,40,40,0
20251206,P002,W01,35,35,0
20251207,P002,W01,27,27,0
20251208,P002,W01,31,31,0
20251209,P002,W01,26,26,0
20251210,P002,W01,37,37,0
20251211,P002,W01,30,30,0
20251212,P002,W01,39,39,0
20251213,P002,W01,32,32,0
20251214,P002,W01,23,23,0
20251215,P002,W01,32,32,0
20251216,P002,W01,30,30,0
20251217,P002,W01,33,33,0
20251218,P002,W01,28,28,0
20251219,P002,W01,31,31,0
20251220,P002,W01,30,30,0
20251221,P002,W01,16,16,0
20251222,P002,W01,31,31,0
20251223,P002,W01,20,20,0
20251224,P002,W01,25,25,0
20251225,P002,W01,26,26,0
20251226,P002,W01,30,30,0
20251227,P002,W01,27,27,0
20251228,P002,W01,18,18,0
20251229,P002,W01,37,37,0
20251230,P002,W01,32,32,0
20251231,P002,W01,34,34,0
20260101,P002,W01,32,32,0
20260102,P002,W01,40,40,0
20260103,P002,W01,22,22,0
20260104,P002,W01,11,11,0
20260105,P002,W01,37,37,0
20260106,P002,W01,29,29,0
20260107,P002,W01,37,37,0
20260108,P002,W01,21,21,0
20260109,P002,W01,36,36,0
20260110,P002,W01,32,32,0
20260111,P002,W01,22,22,0
20260112,P002,W01,25,25,0
20260113,P002,W01,27,27,0
20260114,P002,W01,21,21,0
20260115,P002,W01,23,0,23
20260116,P002,W01,33,0,33
20260117,P002,W01,24,24,0
20260118,P002,W01,25,12,13
20260119,P002,W01,31,0,31
20260120,P002,W01,48,0,48
20260121,P002,W01,33,0,33
20260122,P002,W01,23,23,0
20260123,P002,W01,38,38,0
20260124,P002,W01,33,33,0
20260125,P002,W01,24,24,0
20260126,P002,W01,34,34,0
20260127,P002,W01,36,36,0
20260128,P002,W01,24,24,0
20260129,P002,W01,26,26,0
20260130,P002,W01,25,25,0
20260131,P002,W01,37,37,0
20260201,P002,W01,27,27,0
20260202,P002,W01,36,36,0
20260203,P002,W01,32,32,0
20260204,P002,W01,27,27,0
20260205,P002,W01,32,32,0
20260206,P002,W01,28,28,0
20260207,P002,W01,35,35,0
20260208,P002,W01,23,23,0
20260209,P002,W01,30,30,0
20260210,P002,W01,35,35,0
20260211,P002,W01,35,35,0
20260212,P002,W01,18,18,0
20260213,P002,W01,34,34,0
20260214,P002,W01,27,27,0
20260215,P002,W01,18,18,0
20260216,P002,W01,26,26,0
20260217,P002,W01,20,20,0
20260218,P002,W01,29,29,0
20260219,P002,W01,32,32,0
20260220,P002,W01,34,34,0
20260221,P002,W01,27,27,0
20260222,P002,W01,18,18,0
20260223,P002,W01,29,17,12
20260224,P002,W01,36,0,36
20260225,P002,W01,37,0,37
20260226,P002,W01,26,0,26
20260227,P002,W01,18,18,0
20260228,P002,W01,34,6,28
20260301,P002,W01,9,0,9
20260302,P002,W01,31,31,0
20260303,P002,W01,28,28,0
20260304,P002,W01,14,14,0
20260305,P002,W01,20,20,0
20260306,P002,W01,28,28,0
20260307,P002,W01,24,24,0
20260308,P002,W01,9,9,0
20260309,P002,W01,18,18,0
20260310,P002,W01,19,19,0
20260311,P002,W01,23,23,0
20260312,P002,W01,24,24,0
20260313,P002,W01,27,27,0
20260314,P002,W01,31,31,0
20260315,P002,W01,15,15,0
20260316,P002,W01,23,23,0
20260317,P002,W01,31,31,0
20260318,P002,W01,17,17,0
20260319,P002,W01,24,24,0
20260320,P002,W01,28,28,0
20260321,P002,W01,26,26,0
20260322,P002,W01,14,14,0
20260323,P002,W01,18,18,0
20260324,P002,W01,27,27,0
20260325,P002,W01,22,22,0
20260326,P002,W01,31,31,0
20260327,P002,W01,30,30,0
20260328,P002,W01,22,22,0
20260329,P002,W01,18,18,0
20260330,P002,W01,28,28,0
20260331,P002,W01,23,23,0
20260401,P002,W01,15,15,0
20260402,P002,W01,16,16,0
20260403,P002,W01,19,19,0
20260404,P002,W01,15,15,0
20260405,P002,W01,18,18,0
20260406,P002,W01,22,22,0
20260407,P002,W01,25,25,0
20260408,P002,W01,17,17,0
20260409,P002,W01,9,9,0
20260410,P002,W01,14,14,0
20260411,P002,W01,19,19,0
20260412,P002,W01,13,13,0
20260413,P002,W01,23,23,0
20260414,P002,W01,17,17,0
20260415,P002,W01,21,21,0
20260416,P002,W01,24,24,0
20260417,P002,W01,19,19,0
20260418,P002,W01,34,34,0
20260419,P002,W01,8,8,0
20260420,P002,W01,17,17,0
20260421,P002,W01,17,17,0
20260422,P002,W01,22,22,0
20260423,P002,W01,16,16,0
20260424,P002,W01,22,22,0
20260425,P002,W01,17,17,0
20260426,P002,W01,10,10,0
20260427,P002,W01,21,21,0
20260428,P002,W01,16,16,0
20260429,P002,W01,19,19,0
20260430,P002,W01,25,25,0
20260501,P002,W01,20,20,0
20260502,P002,W01,13,13,0
20260503,P002,W01,10,10,0
20260504,P002,W01,16,16,0
20260505,P002,W01,18,18,0
20260506,P002,W01,12,12,0
20260507,P002,W01,15,15,0
20260508,P002,W01,16,16,0
20260509,P002,W01,15,15,0
20260510,P002,W01,10,10,0
20260511,P002,W01,22,22,0
20260512,P002,W01,20,20,0
20260513,P002,W01,14,14,0
20260514,P002,W01,21,21,0
20260515,P002,W01,20,20,0
20260516,P002,W01,18,18,0
20260517,P002,W01,7,7,0
20260518,P002,W01,17,17,0
20260519,P002,W01,21,21,0
20260520,P002,W01,10,10,0
20260521,P002,W01,14,14,0
20260522,P002,W01,22,22,0
20260523,P002,W01,15,15,0
20260524,P002,W01,7,7,0
20260525,P002,W01,19,19,0
20260526,P002,W01,16,16,0
20260527,P002,W01,10,10,0
20260528,P002,W01,10,10,0
20260529,P002,W01,22,22,0
20260530,P002,W01,25,25,0
20260531,P002,W01,16,16,0
20260601,P002,W01,22,22,0
20260602,P002,W01,17,17,0
20260603,P002,W01,15,15,0
20260604,P002,W01,20,20,0
20260605,P002,W01,24,24,0
20260606,P002,W01,24,24,0
20260607,P002,W01,13,13,0
20260608,P002,W01,16,16,0
20260609,P002,W01,18,18,0
20260610,P002,W01,18,18,0
20260611,P002,W01,26,26,0
20260612,P002,W01,25,25,0
20260613,P002,W01,20,20,0
20260614,P002,W01,10,10,0
20260615,P002,W01,15,15,0
20260616,P002,W01,15,15,0
20260617,P002,W01,19,19,0
20260618,P002,W01,15,15,0
20260619,P002,W01,14,14,0
20260620,P002,W01,14,14,0
20260621,P002,W01,11,11,0
20260622,P002,W01,14,14,0
20260623,P002,W01,17,17,0
20260624,P002,W01,22,22,0
20260625,P002,W01,12,12,0
20260626,P002,W01,12,12,0
20260627,P002,W01,13,13,0
20260628,P002,W01,17,17,0
20260629,P002,W01,23,23,0
20260630,P002,W01,23,23,0
20260701,P002,W01,13,13,0
20260702,P002,W01,21,21,0
20260703,P002,W01,13,13,0
20260704,P002,W01,29,29,0
20260705,P002,W01,10,10,0
20260706,P002,W01,23,23,0
20260707,P002,W01,15,15,0
20260708,P002,W01,24,24,0
20260709,P002,W01,21,21,0
20260710,P002,W01,19,19,0
20260711,P002,W01,19,19,0
20260712,P002,W01,11,11,0
20260713,P002,W01,12,12,0
20260714,P002,W01,14,14,0
20260715,P002,W01,23,23,0
20260716,P002,W01,20,20,0
20260717,P002,W01,20,20,0
20260718,P002,W01,17,17,0
20260719,P002,W01,8,8,0
20260720,P002,W01,16,16,0
20260721,P002,W01,11,11,0
20260722,P002,W01,23,23,0
20260723,P002,W01,20,20,0
20260724,P002,W01,17,17,0
20260725,P002,W01,17,17,0
20260726,P002,W01,15,15,0
20260727,P002,W01,15,15,0
20260728,P002,W01,22,22,0
20260729,P002,W01,11,11,0
20260730,P002,W01,18,18,0
20260731,P002,W01,25,25,0
20260801,P002,W01,16,16,0
20260802,P002,W01,11,11,0
20260803,P002,W01,21,21,0
20260804,P002,W01,27,27,0
20260805,P002,W01,19,19,0
20260806,P002,W01,22,22,0
20260807,P002,W01,16,16,0
20260808,P002,W01,23,23,0
20260809,P002,W01,12,12,0
20260810,P002,W01,27,27,0
20260811,P002,W01,23,23,0
20260812,P002,W01,22,22,0
20260813,P002,W01,30,30,0
20260814,P002,W01,16,16,0
20260815,P002,W01,20,20,0
20260816,P002,W01,16,16,0
20260817,P002,W01,25,25,0
20260818,P002,W01,18,18,0
20260819,P002,W01,19,19,0
20260820,P002,W01,20,20,0
20260821,P002,W01,20,20,0
20260822,P002,W01,17,17,0
20260823,P002,W01,13,13,0
20260824,P002,W01,17,17,0
20260825,P002,W01,22,22,0
20260826,P002,W01,18,18,0
20260827,P002,W01,18,18,0
20260828,P002,W01,28,28,0
20260829,P002,W01,18,18,0
20260830,P002,W01,15,15,0
20260831,P002,W01,12,12,0
20260901,P002,W01,14,14,0
20260902,P002,W01,27,27,0
20260903,P002,W01,17,17,0
20260904,P002,W01,20,20,0
20260905,P002,W01,16,16,0
20260906,P002,W01,9,9,0
20260907,P002,W01,25,25,0
20260908,P002,W01,14,14,0
20260909,P002,W01,22,22,0
20260910,P002,W01,17,17,0
20260911,P002,W01,28,28,0
20260912,P002,W01,26,26,0
20260913,P002,W01,8,8,0
20260914,P002,W01,21,21,0
20260915,P002,W01,20,20,0
20260916,P002,W01,23,23,0
20260917,P002,W01,21,21,0
20260918,P002,W01,17,17,0
20260919,P002,W01,20,20,0
20260920,P002,W01,9,9,0
20260921,P002,W01,19,19,0
20260922,P002,W01,26,26,0
20260923,P002,W01,23,23,0
20260924,P002,W01,18,18,0
20260925,P002,W01,18,18,0
20260926,P002,W01,21,21,0
20260927,P002,W01,13,13,0
20260928,P002,W01,19,19,0
20260929,P002,W01,27,27,0
20260930,P002,W01,22,22,0
20251001,P002,W02,18,18,0
20251002,P002,W02,23,23,0
20251003,P002,W02,23,23,0
20251004,P002,W02,30,30,0
20251005,P002,W02,23,23,0
20251006,P002,W02,20,20,0
20251007,P002,W02,32,32,0
20251008,P002,W02,22,22,0
20251009,P002,W02,24,24,0
20251010,P002,W02,23,23,0
20251011,P002,W02,28,28,0
20251012,P002,W02,13,13,0
20251013,P002,W02,24,24,0
20251014,P002,W02,27,27,0
20251015,P002,W02,31,31,0
20251016,P002,W02,25,25,0
20251017,P002,W02,27,27,0
20251018,P002,W02,28,28,0
20251019,P002,W02,12,12,0
20251020,P002,W02,22,22,0
20251021,P002,W02,21,21,0
20251022,P002,W02,28,28,0
20251023,P002,W02,19,19,0
20251024,P002,W02,22,22,0
20251025,P002,W02,23,23,0
20251026,P002,W02,17,17,0
20251027,P002,W02,27,27,0
20251028,P002,W02,24,24,0
20251029,P002,W02,33,33,0
20251030,P002,W02,22,22,0
20251031,P002,W02,23,23,0
20251101,P002,W02,34,34,0
20251102,P002,W02,27,27,0
20251103,P002,W02,35,35,0
20251104,P002,W02,32,32,0
20251105,P002,W02,24,24,0
20251106,P002,W02,28,28,0
20251107,P002,W02,27,27,0
20251108,P002,W02,25,25,0
20251109,P002,W02,19,19,0
20251110,P002,W02,30,30,0
20251111,P002,W02,31,31,0
20251112,P002,W02,34,34,0
20251113,P002,W02,27,27,0
20251114,P002,W02,32,32,0
20251115,P002,W02,31,31,0
20251116,P002,W02,21,21,0
20251117,P002,W02,31,31,0
20251118,P002,W02,32,32,0
20251119,P002,W02,32,32,0
20251120,P002,W02,39,39,0
20251121,P002,W02,40,40,0
20251122,P002,W02,27,27,0
20251123,P002,W02,17,17,0
20251124,P002,W02,38,38,0
20251125,P002,W02,29,29,0
20251126,P002,W02,23,23,0
20251127,P002,W02,26,26,0
20251128,P002,W02,33,33,0
20251129,P002,W02,20,20,0
20251130,P002,W02,15,15,0
20251201,P002,W02,44,44,0
20251202,P002,W02,35,35,0
20251203,P002,W02,33,33,0
20251204,P002,W02,30,30,0
20251205,P002,W02,29,29,0
20251206,P002,W02,27,27,0
20251207,P002,W02,24,24,0
20251208,P002,W02,33,33,0
20251209,P002,W02,43,43,0
20251210,P002,W02,38,38,0
20251211,P002,W02,44,44,0
20251212,P002,W02,39,39,0
20251213,P002,W02,35,35,0
20251214,P002,W02,23,23,0
20251215,P002,W02,30,30,0
20251216,P002,W02,35,35,0
20251217,P002,W02,32,32,0
20251218,P002,W02,29,29,0
20251219,P002,W02,41,41,0
20251220,P002,W02,36,36,0
20251221,P002,W02,30,30,0
20251222,P002,W02,36,36,0
20251223,P002,W02,20,20,0
20251224,P002,W02,35,35,0
20251225,P002,W02,31,31,0
20251226,P002,W02,35,35,0
20251227,P002,W02,33,33,0
20251228,P002,W02,18,18,0
20251229,P002,W02,34,34,0
20251230,P002,W02,33,33,0
20251231,P002,W02,18,18,0
20260101,P002,W02,38,38,0
20260102,P002,W02,34,34,0
20260103,P002,W02,44,44,0
20260104,P002,W02,27,27,0
20260105,P002,W02,29,29,0
20260106,P002,W02,22,22,0
20260107,P002,W02,26,26,0
20260108,P002,W02,33,33,0
20260109,P002,W02,45,45,0
20260110,P002,W02,32,32,0
20260111,P002,W02,19,19,0
20260112,P002,W02,30,30,0
20260113,P002,W02,34,34,0
20260114,P002,W02,18,18,0
20260115,P002,W02,19,19,0
20260116,P002,W02,33,33,0
20260117,P002,W02,31,31,0
20260118,P002,W02,23,23,0
20260119,P002,W02,42,42,0
20260120,P002,W02,33,33,0
20260121,P002,W02,24,24,0
20260122,P002,W02,30,30,0
20260123,P002,W02,38,38,0
20260124,P002,W02,29,29,0
20260125,P002,W02,15,15,0
20260126,P002,W02,44,44,0
20260127,P002,W02,21,21,0
20260128,P002,W02,41,41,0
20260129,P002,W02,31,31,0
20260130,P002,W02,18,18,0
20260131,P002,W02,25,25,0
20260201,P002,W02,20,20,0
20260202,P002,W02,24,24,0
20260203,P002,W02,24,24,0
20260204,P002,W02,28,28,0
20260205,P002,W02,33,33,0
20260206,P002,W02,25,25,0
20260207,P002,W02,30,30,0
20260208,P002,W02,13,13,0
20260209,P002,W02,27,27,0
20260210,P002,W02,32,32,0
20260211,P002,W02,21,21,0
20260212,P002,W02,29,29,0
20260213,P002,W02,26,26,0
20260214,P002,W02,32,32,0
20260215,P002,W02,18,18,0
20260216,P002,W02,32,32,0
20260217,P002,W02,37,37,0
20260218,P002,W02,26,26,0
20260219,P002,W02,38,38,0
20260220,P002,W02,29,29,0
20260221,P002,W02,32,32,0
20260222,P002,W02,14,14,0
20260223,P002,W02,25,25,0
20260224,P002,W02,34,34,0
20260225,P002,W02,26,26,0
20260226,P002,W02,26,26,0
20260227,P002,W02,38,38,0
20260228,P002,W02,35,35,0
20260301,P002,W02,13,13,0
20260302,P002,W02,28,28,0
20260303,P002,W02,22,22,0
20260304,P002,W02,22,22,0
20260305,P002,W02,21,21,0
20260306,P002,W02,22,22,0
20260307,P002,W02,28,28,0
20260308,P002,W02,15,15,0
20260309,P002,W02,24,24,0
20260310,P002,W02,16,16,0
20260311,P002,W02,31,31,0
20260312,P002,W02,19,19,0
20260313,P002,W02,27,27,0
20260314,P002,W02,25,25,0
20260315,P002,W02,19,19,0
20260316,P002,W02,20,20,0
20260317,P002,W02,29,29,0
20260318,P002,W02,27,27,0
20260319,P002,W02,21,21,0
20260320,P002,W02,27,27,0
20260321,P002,W02,30,30,0
20260322,P002,W02,18,18,0
20260323,P002,W02,35,35,0
20260324,P002,W02,23,23,0
20260325,P002,W02,30,30,0
20260326,P002,W02,16,16,0
20260327,P002,W02,38,38,0
20260328,P002,W02,32,32,0
20260329,P002,W02,18,18,0
20260330,P002,W02,29,29,0
20260331,P002,W02,30,30,0
20260401,P002,W02,24,24,0
20260402,P002,W02,17,17,0
20260403,P002,W02,27,27,0
20260404,P002,W02,18,18,0
20260405,P002,W02,21,21,0
20260406,P002,W02,22,22,0
20260407,P002,W02,20,20,0
20260408,P002,W02,19,19,0
20260409,P002,W02,17,17,0
20260410,P002,W02,17,17,0
20260411,P002,W02,26,26,0
20260412,P002,W02,10,10,0
20260413,P002,W02,19,19,0
20260414,P002,W02,19,19,0
20260415,P002,W02,25,25,0
20260416,P002,W02,16,16,0
20260417,P002,W02,21,21,0
20260418,P002,W02,27,27,0
20260419,P002,W02,21,21,0
20260420,P002,W02,24,24,0
20260421,P002,W02,21,21,0
20260422,P002,W02,20,20,0
20260423,P002,W02,14,14,0
20260424,P002,W02,17,17,0
20260425,P002,W02,19,19,0
20260426,P002,W02,12,12,0
20260427,P002,W02,26,26,0
20260428,P002,W02,30,30,0
20260429,P002,W02,16,16,0
20260430,P002,W02,17,17,0
20260501,P002,W02,23,23,0
20260502,P002,W02,24,24,0
20260503,P002,W02,13,13,0
20260504,P002,W02,16,16,0
20260505,P002,W02,13,13,0
20260506,P002,W02,18,18,0
20260507,P002,W02,17,17,0
20260508,P002,W02,27,27,0
20260509,P002,W02,19,19,0
20260510,P002,W02,10,10,0
20260511,P002,W02,18,18,0
20260512,P002,W02,16,16,0
20260513,P002,W02,16,16,0
20260514,P002,W02,19,19,0
20260515,P002,W02,18,18,0
20260516,P002,W02,19,19,0
20260517,P002,W02,13,13,0
20260518,P002,W02,18,18,0
20260519,P002,W02,15,15,0
20260520,P002,W02,20,20,0
20260521,P002,W02,16,16,0
20260522,P002,W02,22,22,0
20260523,P002,W02,28,28,0
20260524,P002,W02,16,16,0
20260525,P002,W02,20,20,0
20260526,P002,W02,24,24,0
20260527,P002,W02,16,16,0
20260528,P002,W02,17,17,0
20260529,P002,W02,21,21,0
20260530,P002,W02,21,21,0
20260531,P002,W02,14,14,0
20260601,P002,W02,15,15,0
20260602,P002,W02,25,25,0
20260603,P002,W02,17,17,0
20260604,P002,W02,17,17,0
20260605,P002,W02,16,16,0
20260606,P002,W02,15,15,0
20260607,P002,W02,17,17,0
20260608,P002,W02,18,18,0
20260609,P002,W02,24,24,0
20260610,P002,W02,22,22,0
20260611,P002,W02,17,17,0
20260612,P002,W02,21,21,0
20260613,P002,W02,20,20,0
20260614,P002,W02,12,12,0
20260615,P002,W02,19,19,0
20260616,P002,W02,19,19,0
20260617,P002,W02,26,26,0
20260618,P002,W02,20,20,0
20260619,P002,W02,21,21,0
20260620,P002,W02,23,23,0
20260621,P002,W02,15,15,0
20260622,P002,W02,22,22,0
20260623,P002,W02,18,18,0
20260624,P002,W02,20,20,0
20260625,P002,W02,18,18,0
20260626,P002,W02,22,22,0
20260627,P002,W02,23,23,0
20260628,P002,W02,5,5,0
20260629,P002,W02,15,15,0
20260630,P002,W02,11,11,0
20260701,P002,W02,23,23,0
20260702,P002,W02,23,23,0
20260703,P002,W02,22,22,0
20260704,P002,W02,19,19,0
20260705,P002,W02,14,14,0
20260706,P002,W02,20,20,0
20260707,P002,W02,18,18,0
20260708,P002,W02,25,25,0
20260709,P002,W02,24,24,0
20260710,P002,W02,15,15,0
20260711,P002,W02,24,24,0
20260712,P002,W02,18,18,0
20260713,P002,W02,23,23,0
20260714,P002,W02,21,21,0
20260715,P002,W02,27,27,0
20260716,P002,W02,21,21,0
20260717,P002,W02,19,19,0
20260718,P002,W02,19,19,0
20260719,P002,W02,14,14,0
20260720,P002,W02,17,17,0
20260721,P002,W02,27,27,0
20260722,P002,W02,13,13,0
20260723,P002,W02,17,17,0
20260724,P002,W02,28,28,0
20260725,P002,W02,14,14,0
20260726,P002,W02,16,16,0
20260727,P002,W02,27,27,0
20260728,P002,W02,22,22,0
20260729,P002,W02,23,23,0
20260730,P002,W02,16,16,0
20260731,P002,W02,14,14,0
20260801,P002,W02,13,13,0
20260802,P002,W02,19,19,0
20260803,P002,W02,25,25,0
20260804,P002,W02,29,29,0
20260805,P002,W02,18,18,0
20260806,P002,W02,23,23,0
20260807,P002,W02,30,30,0
20260808,P002,W02,26,26,0
20260809,P002,W02,16,16,0
20260810,P002,W02,36,36,0
20260811,P002,W02,20,20,0
20260812,P002,W02,25,25,0
20260813,P002,W02,23,23,0
20260814,P002,W02,22,22,0
20260815,P002,W02,12,12,0
20260816,P002,W02,20,20,0
20260817,P002,W02,22,22,0
20260818,P002,W02,19,19,0
20260819,P002,W02,19,19,0
20260820,P002,W02,18,18,0
20260821,P002,W02,18,18,0
20260822,P002,W02,25,25,0
20260823,P002,W02,16,16,0
20260824,P002,W02,29,29,0
20260825,P002,W02,21,21,0
20260826,P002,W02,24,24,0
20260827,P002,W02,15,15,0
20260828,P002,W02,24,24,0
20260829,P002,W02,30,30,0
20260830,P002,W02,13,13,0
20260831,P002,W02,26,26,0
20260901,P002,W02,23,23,0
20260902,P002,W02,25,25,0
20260903,P002,W02,23,23,0
20260904,P002,W02,26,26,0
20260905,P002,W02,24,24,0
20260906,P002,W02,12,12,0
20260907,P002,W02,26,26,0
20260908,P002,W02,26,26,0
20260909,P002,W02,21,21,0
20260910,P002,W02,25,25,0
20260911,P002,W02,24,24,0
20260912,P002,W02,26,26,0
20260913,P002,W02,13,13,0
20260914,P002,W02,24,24,0
20260915,P002,W02,18,18,0
20260916,P002,W02,20,20,0
20260917,P002,W02,23,23,0
20260918,P002,W02,19,19,0
20260919,P002,W02,30,30,0
20260920,P002,W02,12,12,0
20260921,P002,W02,25,25,0
20260922,P002,W02,23,23,0
20260923,P002,W02,24,24,0
20260924,P002,W02,25,25,0
20260925,P002,W02,26,26,0
20260926,P002,W02,29,29,0
20260927,P002,W02,9,9,0
20260928,P002,W02,20,20,0
20260929,P002,W02,17,17,0
20260930,P002,W02,22,22,0
20251001,P002,W03,17,17,0
20251002,P002,W03,20,20,0
20251003,P002,W03,17,17,0
20251004,P002,W03,26,26,0
20251005,P002,W03,13,13,0
20251006,P002,W03,21,21,0
20251007,P002,W03,25,25,0
20251008,P002,W03,14,14,0
20251009,P002,W03,19,19,0
20251010,P002,W03,23,23,0
20251011,P002,W03,18,18,0
20251012,P002,W03,22,22,0
20251013,P002,W03,17,17,0
20251014,P002,W03,21,21,0
20251015,P002,W03,17,17,0
20251016,P002,W03,17,17,0
20251017,P002,W03,16,16,0
20251018,P002,W03,17,17,0
20251019,P002,W03,10,10,0
20251020,P002,W03,17,17,0
20251021,P002,W03,22,22,0
20251022,P002,W03,22,22,0
20251023,P002,W03,11,11,0
20251024,P002,W03,19,19,0
20251025,P002,W03,19,19,0
20251026,P002,W03,12,12,0
20251027,P002,W03,23,23,0
20251028,P002,W03,12,12,0
20251029,P002,W03,17,17,0
20251030,P002,W03,17,17,0
20251031,P002,W03,17,17,0
20251101,P002,W03,22,22,0
20251102,P002,W03,20,20,0
20251103,P002,W03,21,21,0
20251104,P002,W03,22,22,0
20251105,P002,W03,24,24,0
20251106,P002,W03,30,30,0
20251107,P002,W03,28,28,0
20251108,P002,W03,37,37,0
20251109,P002,W03,10,10,0
20251110,P002,W03,34,34,0
20251111,P002,W03,22,22,0
20251112,P002,W03,29,29,0
20251113,P002,W03,17,17,0
20251114,P002,W03,19,19,0
20251115,P002,W03,25,25,0
20251116,P002,W03,18,18,0
20251117,P002,W03,15,15,0
20251118,P002,W03,32,32,0
20251119,P002,W03,31,31,0
20251120,P002,W03,19,19,0
20251121,P002,W03,25,25,0
20251122,P002,W03,22,22,0
20251123,P002,W03,15,15,0
20251124,P002,W03,24,24,0
20251125,P002,W03,17,17,0
20251126,P002,W03,24,24,0
20251127,P002,W03,25,25,0
20251128,P002,W03,21,21,0
20251129,P002,W03,12,12,0
20251130,P002,W03,17,17,0
20251201,P002,W03,29,29,0
20251202,P002,W03,20,20,0
20251203,P002,W03,23,23,0
20251204,P002,W03,26,26,0
20251205,P002,W03,24,24,0
20251206,P002,W03,36,36,0
20251207,P002,W03,21,21,0
20251208,P002,W03,25,25,0
20251209,P002,W03,32,32,0
20251210,P002,W03,17,17,0
20251211,P002,W03,31,31,0
20251212,P002,W03,23,23,0
20251213,P002,W03,31,31,0
20251214,P002,W03,11,11,0
20251215,P002,W03,17,17,0
20251216,P002,W03,28,28,0
20251217,P002,W03,27,27,0
20251218,P002,W03,25,25,0
20251219,P002,W03,25,25,0
20251220,P002,W03,19,19,0
20251221,P002,W03,16,16,0
20251222,P002,W03,34,34,0
20251223,P002,W03,15,15,0
20251224,P002,W03,29,29,0
20251225,P002,W03,16,16,0
20251226,P002,W03,23,23,0
20251227,P002,W03,28,28,0
20251228,P002,W03,14,14,0
20251229,P002,W03,23,23,0
20251230,P002,W03,21,21,0
20251231,P002,W03,25,25,0
20260101,P002,W03,19,19,0
20260102,P002,W03,29,29,0
20260103,P002,W03,29,29,0
20260104,P002,W03,14,14,0
20260105,P002,W03,24,24,0
20260106,P002,W03,24,24,0
20260107,P002,W03,24,24,0
20260108,P002,W03,28,28,0
20260109,P002,W03,24,24,0
20260110,P002,W03,34,34,0
20260111,P002,W03,14,14,0
20260112,P002,W03,25,25,0
20260113,P002,W03,24,24,0
20260114,P002,W03,23,23,0
20260115,P002,W03,24,24,0
20260116,P002,W03,27,27,0
20260117,P002,W03,29,29,0
20260118,P002,W03,19,19,0
20260119,P002,W03,28,28,0
20260120,P002,W03,31,31,0
20260121,P002,W03,20,20,0
20260122,P002,W03,30,30,0
20260123,P002,W03,26,26,0
20260124,P002,W03,27,27,0
20260125,P002,W03,11,11,0
20260126,P002,W03,23,23,0
20260127,P002,W03,31,31,0
20260128,P002,W03,29,29,0
20260129,P002,W03,27,27,0
20260130,P002,W03,20,20,0
20260131,P002,W03,29,29,0
20260201,P002,W03,14,14,0
20260202,P002,W03,25,25,0
20260203,P002,W03,23,23,0
20260204,P002,W03,23,23,0
20260205,P002,W03,23,23,0
20260206,P002,W03,32,32,0
20260207,P002,W03,30,30,0
20260208,P002,W03,13,13,0
20260209,P002,W03,27,27,0
20260210,P002,W03,24,24,0
20260211,P002,W03,18,18,0
20260212,P002,W03,28,28,0
20260213,P002,W03,23,23,0
20260214,P002,W03,20,20,0
20260215,P002,W03,22,22,0
20260216,P002,W03,18,18,0
20260217,P002,W03,26,26,0
20260218,P002,W03,29,29,0
20260219,P002,W03,28,28,0
20260220,P002,W03,20,20,0
20260221,P002,W03,20,20,0
20260222,P002,W03,18,18,0
20260223,P002,W03,21,21,0
20260224,P002,W03,24,24,0
20260225,P002,W03,37,37,0
20260226,P002,W03,30,30,0
20260227,P002,W03,29,29,0
20260228,P002,W03,27,27,0
20260301,P002,W03,23,23,0
20260302,P002,W03,15,15,0
20260303,P002,W03,25,25,0
20260304,P002,W03,23,23,0
20260305,P002,W03,14,14,0
20260306,P002,W03,21,21,0
20260307,P002,W03,24,24,0
20260308,P002,W03,14,14,0
20260309,P002,W03,27,27,0
20260310,P002,W03,21,21,0
20260311,P002,W03,25,25,0
20260312,P002,W03,18,18,0
20260313,P002,W03,20,20,0
20260314,P002,W03,21,21,0
20260315,P002,W03,16,16,0
20260316,P002,W03,18,18,0
20260317,P002,W03,19,19,0
20260318,P002,W03,23,23,0
20260319,P002,W03,22,22,0
20260320,P002,W03,20,20,0
20260321,P002,W03,21,21,0
20260322,P002,W03,13,13,0
20260323,P002,W03,23,23,0
20260324,P002,W03,14,14,0
20260325,P002,W03,18,18,0
20260326,P002,W03,15,15,0
20260327,P002,W03,24,24,0
20260328,P002,W03,18,18,0
20260329,P002,W03,10,10,0
20260330,P002,W03,27,27,0
20260331,P002,W03,23,23,0
20260401,P002,W03,23,23,0
20260402,P002,W03,13,13,0
20260403,P002,W03,20,20,0
20260404,P002,W03,12,12,0
20260405,P002,W03,7,7,0
20260406,P002,W03,14,14,0
20260407,P002,W03,28,28,0
20260408,P002,W03,19,19,0
20260409,P002,W03,16,16,0
20260410,P002,W03,18,18,0
20260411,P002,W03,17,17,0
20260412,P002,W03,9,9,0
20260413,P002,W03,22,22,0
20260414,P002,W03,16,16,0
20260415,P002,W03,12,12,0
20260416,P002,W03,16,16,0
20260417,P002,W03,25,25,0
20260418,P002,W03,16,16,0
20260419,P002,W03,9,9,0
20260420,P002,W03,18,18,0
20260421,P002,W03,13,13,0
20260422,P002,W03,19,19,0
20260423,P002,W03,19,19,0
20260424,P002,W03,15,15,0
20260425,P002,W03,18,18,0
20260426,P002,W03,13,13,0
20260427,P002,W03,21,21,0
20260428,P002,W03,20,20,0
20260429,P002,W03,20,20,0
20260430,P002,W03,14,14,0
20260501,P002,W03,21,21,0
20260502,P002,W03,21,21,0
20260503,P002,W03,9,9,0
20260504,P002,W03,21,21,0
20260505,P002,W03,12,12,0
20260506,P002,W03,12,12,0
20260507,P002,W03,20,20,0
20260508,P002,W03,21,21,0
20260509,P002,W03,16,16,0
20260510,P002,W03,10,10,0
20260511,P002,W03,11,11,0
20260512,P002,W03,18,18,0
20260513,P002,W03,15,15,0
20260514,P002,W03,17,17,0
20260515,P002,W03,7,7,0
20260516,P002,W03,14,14,0
20260517,P002,W03,7,7,0
20260518,P002,W03,17,17,0
20260519,P002,W03,15,15,0
20260520,P002,W03,20,20,0
20260521,P002,W03,16,16,0
20260522,P002,W03,13,13,0
20260523,P002,W03,13,13,0
20260524,P002,W03,8,8,0
20260525,P002,W03,15,15,0
20260526,P002,W03,16,16,0
20260527,P002,W03,18,18,0
20260528,P002,W03,17,17,0
20260529,P002,W03,15,15,0
20260530,P002,W03,15,15,0
20260531,P002,W03,8,8,0
20260601,P002,W03,16,16,0
20260602,P002,W03,18,18,0
20260603,P002,W03,13,13,0
20260604,P002,W03,12,12,0
20260605,P002,W03,15,15,0
20260606,P002,W03,10,10,0
20260607,P002,W03,6,6,0
20260608,P002,W03,13,13,0
20260609,P002,W03,10,10,0
20260610,P002,W03,20,20,0
20260611,P002,W03,12,12,0
20260612,P002,W03,13,13,0
20260613,P002,W03,15,15,0
20260614,P002,W03,11,11,0
20260615,P002,W03,20,20,0
20260616,P002,W03,11,11,0
20260617,P002,W03,17,17,0
20260618,P002,W03,8,8,0
20260619,P002,W03,23,23,0
20260620,P002,W03,18,18,0
20260621,P002,W03,14,14,0
20260622,P002,W03,14,14,0
20260623,P002,W03,15,15,0
20260624,P002,W03,17,17,0
20260625,P002,W03,14,14,0
20260626,P002,W03,17,17,0
20260627,P002,W03,12,12,0
20260628,P002,W03,11,11,0
20260629,P002,W03,17,17,0
20260630,P002,W03,10,10,0
20260701,P002,W03,16,16,0
20260702,P002,W03,17,17,0
20260703,P002,W03,12,12,0
20260704,P002,W03,22,22,0
20260705,P002,W03,12,12,0
20260706,P002,W03,19,19,0
20260707,P002,W03,15,15,0
20260708,P002,W03,15,15,0
20260709,P002,W03,15,15,0
20260710,P002,W03,20,20,0
20260711,P002,W03,21,21,0
20260712,P002,W03,14,14,0
20260713,P002,W03,15,15,0
20260714,P002,W03,10,10,0
20260715,P002,W03,16,16,0
20260716,P002,W03,19,19,0
20260717,P002,W03,14,14,0
20260718,P002,W03,24,24,0
20260719,P002,W03,15,15,0
20260720,P002,W03,24,24,0
20260721,P002,W03,14,14,0
20260722,P002,W03,21,21,0
20260723,P002,W03,20,20,0
20260724,P002,W03,15,15,0
20260725,P002,W03,17,17,0
20260726,P002,W03,9,9,0
20260727,P002,W03,15,15,0
20260728,P002,W03,18,18,0
20260729,P002,W03,18,18,0
20260730,P002,W03,16,16,0
20260731,P002,W03,15,15,0
20260801,P002,W03,21,21,0
20260802,P002,W03,12,12,0
20260803,P002,W03,14,14,0
20260804,P002,W03,12,12,0
20260805,P002,W03,19,19,0
20260806,P002,W03,16,16,0
20260807,P002,W03,22,22,0
20260808,P002,W03,27,27,0
20260809,P002,W03,14,14,0
20260810,P002,W03,16,16,0
20260811,P002,W03,17,17,0
20260812,P002,W03,19,19,0
20260813,P002,W03,17,17,0
20260814,P002,W03,19,19,0
20260815,P002,W03,19,19,0
20260816,P002,W03,11,11,0
20260817,P002,W03,13,13,0
20260818,P002,W03,23,23,0
20260819,P002,W03,15,15,0
20260820,P002,W03,10,10,0
20260821,P002,W03,17,17,0
20260822,P002,W03,16,16,0
20260823,P002,W03,10,10,0
20260824,P002,W03,14,14,0
20260825,P002,W03,10,10,0
20260826,P002,W03,17,17,0
20260827,P002,W03,17,17,0
20260828,P002,W03,20,20,0
20260829,P002,W03,20,20,0
20260830,P002,W03,10,10,0
20260831,P002,W03,18,18,0
20260901,P002,W03,16,16,0
20260902,P002,W03,12,12,0
20260903,P002,W03,20,20,0
20260904,P002,W03,29,29,0
20260905,P002,W03,16,16,0
20260906,P002,W03,13,13,0
20260907,P002,W03,10,10,0
20260908,P002,W03,13,13,0
20260909,P002,W03,26,26,0
20260910,P002,W03,16,16,0
20260911,P002,W03,21,21,0
20260912,P002,W03,19,19,0
20260913,P002,W03,14,14,0
20260914,P002,W03,22,22,0
20260915,P002,W03,20,20,0
20260916,P002,W03,16,16,0
20260917,P002,W03,15,15,0
20260918,P002,W03,22,22,0
20260919,P002,W03,18,18,0
20260920,P002,W03,10,10,0
20260921,P002,W03,26,26,0
20260922,P002,W03,32,32,0
20260923,P002,W03,21,21,0
20260924,P002,W03,21,21,0
20260925,P002,W03,20,20,0
20260926,P002,W03,16,16,0
20260927,P002,W03,12,12,0
20260928,P002,W03,17,17,0
20260929,P002,W03,21,21,0
20260930,P002,W03,12,12,0
20251001,P002,W04,17,17,0
20251002,P002,W04,23,23,0
20251003,P002,W04,13,13,0
20251004,P002,W04,16,16,0
20251005,P002,W04,12,12,0
20251006,P002,W04,19,19,0
20251007,P002,W04,20,20,0
20251008,P002,W04,18,18,0
20251009,P002,W04,21,21,0
20251010,P002,W04,15,15,0
20251011,P002,W04,15,15,0
20251012,P002,W04,12,12,0
20251013,P002,W04,12,12,0
20251014,P002,W04,23,23,0
20251015,P002,W04,20,20,0
20251016,P002,W04,22,22,0
20251017,P002,W04,19,19,0
20251018,P002,W04,24,24,0
20251019,P002,W04,14,14,0
20251020,P002,W04,32,32,0
20251021,P002,W04,20,20,0
20251022,P002,W04,15,15,0
20251023,P002,W04,15,15,0
20251024,P002,W04,11,11,0
20251025,P002,W04,19,19,0
20251026,P002,W04,8,8,0
20251027,P002,W04,19,19,0
20251028,P002,W04,24,24,0
20251029,P002,W04,13,13,0
20251030,P002,W04,27,27,0
20251031,P002,W04,15,15,0
20251101,P002,W04,17,17,0
20251102,P002,W04,8,8,0
20251103,P002,W04,23,23,0
20251104,P002,W04,16,16,0
20251105,P002,W04,17,17,0
20251106,P002,W04,19,19,0
20251107,P002,W04,21,21,0
20251108,P002,W04,24,24,0
20251109,P002,W04,11,11,0
20251110,P002,W04,21,21,0
20251111,P002,W04,31,31,0
20251112,P002,W04,16,16,0
20251113,P002,W04,24,24,0
20251114,P002,W04,18,18,0
20251115,P002,W04,19,19,0
20251116,P002,W04,14,14,0
20251117,P002,W04,24,24,0
20251118,P002,W04,18,18,0
20251119,P002,W04,17,17,0
20251120,P002,W04,12,12,0
20251121,P002,W04,23,23,0
20251122,P002,W04,23,23,0
20251123,P002,W04,14,14,0
20251124,P002,W04,20,20,0
20251125,P002,W04,17,17,0
20251126,P002,W04,19,19,0
20251127,P002,W04,18,18,0
20251128,P002,W04,27,10,17
20251129,P002,W04,21,0,21
20251130,P002,W04,8,0,8
20251201,P002,W04,19,19,0
20251202,P002,W04,17,17,0
20251203,P002,W04,25,25,0
20251204,P002,W04,15,15,0
20251205,P002,W04,27,27,0
20251206,P002,W04,27,27,0
20251207,P002,W04,16,16,0
20251208,P002,W04,28,28,0
20251209,P002,W04,17,17,0
20251210,P002,W04,23,23,0
20251211,P002,W04,23,23,0
20251212,P002,W04,32,32,0
20251213,P002,W04,18,18,0
20251214,P002,W04,15,15,0
20251215,P002,W04,21,21,0
20251216,P002,W04,30,30,0
20251217,P002,W04,19,19,0
20251218,P002,W04,25,25,0
20251219,P002,W04,14,14,0
20251220,P002,W04,20,20,0
20251221,P002,W04,10,10,0
20251222,P002,W04,20,19,1
20251223,P002,W04,22,0,22
20251224,P002,W04,25,25,0
20251225,P002,W04,20,20,0
20251226,P002,W04,25,25,0
20251227,P002,W04,24,24,0
20251228,P002,W04,10,10,0
20251229,P002,W04,26,26,0
20251230,P002,W04,27,27,0
20251231,P002,W04,25,25,0
20260101,P002,W04,18,18,0
20260102,P002,W04,18,18,0
20260103,P002,W04,23,23,0
20260104,P002,W04,16,16,0
20260105,P002,W04,18,18,0
20260106,P002,W04,20,20,0
20260107,P002,W04,26,26,0
20260108,P002,W04,23,23,0
20260109,P002,W04,28,28,0
20260110,P002,W04,19,19,0
20260111,P002,W04,18,18,0
20260112,P002,W04,29,29,0
20260113,P002,W04,26,22,4
20260114,P002,W04,22,0,22
20260115,P002,W04,27,0,27
20260116,P002,W04,23,0,23
20260117,P002,W04,22,0,22
20260118,P002,W04,16,0,16
20260119,P002,W04,28,0,28
20260120,P002,W04,12,0,12
20260121,P002,W04,19,0,19
20260122,P002,W04,29,0,29
20260123,P002,W04,18,0,18
20260124,P002,W04,26,0,26
20260125,P002,W04,16,0,16
20260126,P002,W04,26,0,26
20260127,P002,W04,14,14,0
20260128,P002,W04,29,29,0
20260129,P002,W04,15,15,0
20260130,P002,W04,18,18,0
20260131,P002,W04,19,19,0
20260201,P002,W04,8,8,0
20260202,P002,W04,23,23,0
20260203,P002,W04,27,27,0
20260204,P002,W04,19,19,0
20260205,P002,W04,26,26,0
20260206,P002,W04,21,21,0
20260207,P002,W04,13,13,0
20260208,P002,W04,8,8,0
20260209,P002,W04,18,18,0
20260210,P002,W04,17,17,0
20260211,P002,W04,28,28,0
20260212,P002,W04,18,18,0
20260213,P002,W04,20,20,0
20260214,P002,W04,20,20,0
20260215,P002,W04,18,18,0
20260216,P002,W04,19,19,0
20260217,P002,W04,22,22,0
20260218,P002,W04,20,20,0
20260219,P002,W04,26,20,6
20260220,P002,W04,18,0,18
20260221,P002,W04,19,0,19
20260222,P002,W04,10,0,10
20260223,P002,W04,31,0,31
20260224,P002,W04,20,0,20
20260225,P002,W04,14,14,0
20260226,P002,W04,22,22,0
20260227,P002,W04,26,26,0
20260228,P002,W04,13,13,0
20260301,P002,W04,17,17,0
20260302,P002,W04,18,18,0
20260303,P002,W04,17,17,0
20260304,P002,W04,16,16,0
20260305,P002,W04,15,15,0
20260306,P002,W04,26,26,0
20260307,P002,W04,12,12,0
20260308,P002,W04,11,11,0
20260309,P002,W04,14,14,0
20260310,P002,W04,13,13,0
20260311,P002,W04,15,15,0
20260312,P002,W04,17,17,0
20260313,P002,W04,18,18,0
20260314,P002,W04,28,28,0
20260315,P002,W04,12,12,0
20260316,P002,W04,21,21,0
20260317,P002,W04,18,18,0
20260318,P002,W04,21,21,0
20260319,P002,W04,22,22,0
20260320,P002,W04,11,11,0
20260321,P002,W04,13,13,0
20260322,P002,W04,11,11,0
20260323,P002,W04,22,22,0
20260324,P002,W04,20,20,0
20260325,P002,W04,10,10,0
20260326,P002,W04,22,22,0
20260327,P002,W04,20,20,0
20260328,P002,W04,19,19,0
20260329,P002,W04,11,11,0
20260330,P002,W04,18,18,0
20260331,P002,W04,21,21,0
20260401,P002,W04,16,16,0
20260402,P002,W04,15,15,0
20260403,P002,W04,11,11,0
20260404,P002,W04,16,16,0
20260405,P002,W04,13,13,0
20260406,P002,W04,12,12,0
20260407,P002,W04,10,10,0
20260408,P002,W04,18,18,0
20260409,P002,W04,20,20,0
20260410,P002,W04,17,17,0
20260411,P002,W04,15,15,0
20260412,P002,W04,13,13,0
20260413,P002,W04,17,17,0
20260414,P002,W04,13,13,0
20260415,P002,W04,10,10,0
20260416,P002,W04,11,11,0
20260417,P002,W04,19,19,0
20260418,P002,W04,11,11,0
20260419,P002,W04,7,7,0
20260420,P002,W04,24,24,0
20260421,P002,W04,15,15,0
20260422,P002,W04,15,15,0
20260423,P002,W04,9,9,0
20260424,P002,W04,21,14,7
20260425,P002,W04,13,0,13
20260426,P002,W04,12,12,0
20260427,P002,W04,24,24,0
20260428,P002,W04,13,13,0
20260429,P002,W04,3,3,0
20260430,P002,W04,13,13,0
20260501,P002,W04,18,18,0
20260502,P002,W04,17,17,0
20260503,P002,W04,13,13,0
20260504,P002,W04,14,14,0
20260505,P002,W04,16,16,0
20260506,P002,W04,11,11,0
20260507,P002,W04,16,16,0
20260508,P002,W04,16,16,0
20260509,P002,W04,12,12,0
20260510,P002,W04,8,8,0
20260511,P002,W04,14,14,0
20260512,P002,W04,18,18,0
20260513,P002,W04,8,8,0
20260514,P002,W04,21,21,0
20260515,P002,W04,12,12,0
20260516,P002,W04,20,20,0
20260517,P002,W04,8,8,0
20260518,P002,W04,17,17,0
20260519,P002,W04,13,13,0
20260520,P002,W04,20,20,0
20260521,P002,W04,12,12,0
20260522,P002,W04,12,12,0
20260523,P002,W04,12,12,0
20260524,P002,W04,12,12,0
20260525,P002,W04,12,12,0
20260526,P002,W04,12,12,0
20260527,P002,W04,10,10,0
20260528,P002,W04,14,14,0
20260529,P002,W04,18,18,0
20260530,P002,W04,9,9,0
20260531,P002,W04,11,11,0
20260601,P002,W04,13,13,0
20260602,P002,W04,18,18,0
20260603,P002,W04,12,12,0
20260604,P002,W04,12,12,0
20260605,P002,W04,11,11,0
20260606,P002,W04,9,9,0
20260607,P002,W04,8,8,0
20260608,P002,W04,13,13,0
20260609,P002,W04,14,14,0
20260610,P002,W04,15,15,0
20260611,P002,W04,17,17,0
20260612,P002,W04,20,20,0
20260613,P002,W04,14,14,0
20260614,P002,W04,4,4,0
20260615,P002,W04,16,16,0
20260616,P002,W04,7,7,0
20260617,P002,W04,21,21,0
20260618,P002,W04,12,12,0
20260619,P002,W04,19,19,0
20260620,P002,W04,11,11,0
20260621,P002,W04,10,10,0
20260622,P002,W04,16,16,0
20260623,P002,W04,18,18,0
20260624,P002,W04,10,10,0
20260625,P002,W04,17,17,0
20260626,P002,W04,13,13,0
20260627,P002,W04,12,12,0
20260628,P002,W04,6,6,0
20260629,P002,W04,13,13,0
20260630,P002,W04,14,14,0
20260701,P002,W04,10,10,0
20260702,P002,W04,16,16,0
20260703,P002,W04,17,17,0
20260704,P002,W04,12,12,0
20260705,P002,W04,8,8,0
20260706,P002,W04,11,11,0
20260707,P002,W04,14,14,0
20260708,P002,W04,15,15,0
20260709,P002,W04,11,11,0
20260710,P002,W04,11,11,0
20260711,P002,W04,16,16,0
20260712,P002,W04,5,5,0
20260713,P002,W04,17,17,0
20260714,P002,W04,5,5,0
20260715,P002,W04,7,7,0
20260716,P002,W04,9,9,0
20260717,P002,W04,23,23,0
20260718,P002,W04,17,17,0
20260719,P002,W04,8,8,0
20260720,P002,W04,16,16,0
20260721,P002,W04,11,11,0
20260722,P002,W04,10,10,0
20260723,P002,W04,18,18,0
20260724,P002,W04,10,10,0
20260725,P002,W04,14,14,0
20260726,P002,W04,5,5,0
20260727,P002,W04,12,12,0
20260728,P002,W04,7,7,0
20260729,P002,W04,15,15,0
20260730,P002,W04,10,10,0
20260731,P002,W04,11,11,0
20260801,P002,W04,11,11,0
20260802,P002,W04,13,13,0
20260803,P002,W04,12,12,0
20260804,P002,W04,22,22,0
20260805,P002,W04,12,12,0
20260806,P002,W04,17,17,0
20260807,P002,W04,19,19,0
20260808,P002,W04,20,20,0
20260809,P002,W04,4,4,0
20260810,P002,W04,15,15,0
20260811,P002,W04,23,23,0
20260812,P002,W04,19,19,0
20260813,P002,W04,22,22,0
20260814,P002,W04,20,20,0
20260815,P002,W04,13,13,0
20260816,P002,W04,11,11,0
20260817,P002,W04,17,17,0
20260818,P002,W04,12,12,0
20260819,P002,W04,11,11,0
20260820,P002,W04,23,23,0
20260821,P002,W04,12,12,0
20260822,P002,W04,14,14,0
20260823,P002,W04,6,6,0
20260824,P002,W04,14,14,0
20260825,P002,W04,10,10,0
20260826,P002,W04,19,19,0
20260827,P002,W04,22,22,0
20260828,P002,W04,16,16,0
20260829,P002,W04,14,14,0
20260830,P002,W04,14,14,0
20260831,P002,W04,14,14,0
20260901,P002,W04,12,12,0
20260902,P002,W04,12,12,0
20260903,P002,W04,8,8,0
20260904,P002,W04,11,11,0
20260905,P002,W04,24,24,0
20260906,P002,W04,6,6,0
20260907,P002,W04,9,9,0
20260908,P002,W04,15,15,0
20260909,P002,W04,11,11,0
20260910,P002,W04,18,18,0
20260911,P002,W04,18,10,8
20260912,P002,W04,13,13,0
20260913,P002,W04,13,13,0
20260914,P002,W04,24,24,0
20260915,P002,W04,14,14,0
20260916,P002,W04,17,17,0
20260917,P002,W04,12,12,0
20260918,P002,W04,17,17,0
20260919,P002,W04,19,19,0
20260920,P002,W04,9,9,0
20260921,P002,W04,16,16,0
20260922,P002,W04,21,21,0
20260923,P002,W04,12,12,0
20260924,P002,W04,13,13,0
20260925,P002,W04,17,17,0
20260926,P002,W04,12,12,0
20260927,P002,W04,14,14,0
20260928,P002,W04,19,19,0
20260929,P002,W04,22,22,0
20260930,P002,W04,14,14,0
20251001,P003,W01,21,21,0
20251002,P003,W01,17,17,0
20251003,P003,W01,13,13,0
20251004,P003,W01,13,13,0
20251005,P003,W01,12,12,0
20251006,P003,W01,16,16,0
20251007,P003,W01,18,18,0
20251008,P003,W01,13,13,0
20251009,P003,W01,21,21,0
20251010,P003,W01,16,16,0
20251011,P003,W01,15,15,0
20251012,P003,W01,9,9,0
20251013,P003,W01,12,12,0
20251014,P003,W01,18,18,0
20251015,P003,W01,13,13,0
20251016,P003,W01,17,17,0
20251017,P003,W01,16,16,0
20251018,P003,W01,13,13,0
20251019,P003,W01,5,5,0
20251020,P003,W01,20,20,0
20251021,P003,W01,20,20,0
20251022,P003,W01,20,20,0
20251023,P003,W01,15,15,0
20251024,P003,W01,25,25,0
20251025,P003,W01,15,15,0
20251026,P003,W01,13,13,0
20251027,P003,W01,16,16,0
20251028,P003,W01,24,24,0
20251029,P003,W01,16,16,0
20251030,P003,W01,15,15,0
20251031,P003,W01,11,11,0
20251101,P003,W01,20,20,0
20251102,P003,W01,11,11,0
20251103,P003,W01,21,21,0
20251104,P003,W01,23,23,0
20251105,P003,W01,23,23,0
20251106,P003,W01,23,23,0
20251107,P003,W01,17,17,0
20251108,P003,W01,25,25,0
20251109,P003,W01,15,15,0
20251110,P003,W01,19,19,0
20251111,P003,W01,17,17,0
20251112,P003,W01,21,21,0
20251113,P003,W01,26,26,0
20251114,P003,W01,20,20,0
20251115,P003,W01,22,22,0
20251116,P003,W01,20,20,0
20251117,P003,W01,24,24,0
20251118,P003,W01,25,25,0
20251119,P003,W01,16,16,0
20251120,P003,W01,12,12,0
20251121,P003,W01,17,17,0
20251122,P003,W01,26,26,0
20251123,P003,W01,12,12,0
20251124,P003,W01,22,22,0
20251125,P003,W01,18,18,0
20251126,P003,W01,20,20,0
20251127,P003,W01,14,14,0
20251128,P003,W01,17,17,0
20251129,P003,W01,26,26,0
20251130,P003,W01,9,9,0
20251201,P003,W01,22,22,0
20251202,P003,W01,15,15,0
20251203,P003,W01,19,19,0
20251204,P003,W01,21,21,0
20251205,P003,W01,18,18,0
20251206,P003,W01,25,25,0
20251207,P003,W01,13,13,0
20251208,P003,W01,24,24,0
20251209,P003,W01,19,19,0
20251210,P003,W01,23,23,0
20251211,P003,W01,23,23,0
20251212,P003,W01,22,22,0
20251213,P003,W01,26,26,0
20251214,P003,W01,14,14,0
20251215,P003,W01,23,23,0
20251216,P003,W01,23,23,0
20251217,P003,W01,30,30,0
20251218,P003,W01,17,17,0
20251219,P003,W01,29,29,0
20251220,P003,W01,25,25,0
20251221,P003,W01,16,16,0
20251222,P003,W01,20,20,0
20251223,P003,W01,18,18,0
20251224,P003,W01,19,19,0
20251225,P003,W01,26,26,0
20251226,P003,W01,29,29,0
20251227,P003,W01,22,22,0
20251228,P003,W01,21,21,0
20251229,P003,W01,20,20,0
20251230,P003,W01,20,20,0
20251231,P003,W01,24,24,0
20260101,P003,W01,13,13,0
20260102,P003,W01,37,37,0
20260103,P003,W01,29,29,0
20260104,P003,W01,15,15,0
20260105,P003,W01,24,24,0
20260106,P003,W01,19,19,0
20260107,P003,W01,21,21,0
20260108,P003,W01,20,20,0
20260109,P003,W01,21,21,0
20260110,P003,W01,19,18,1
20260111,P003,W01,17,0,17
20260112,P003,W01,27,27,0
20260113,P003,W01,30,30,0
20260114,P003,W01,25,25,0
20260115,P003,W01,20,20,0
20260116,P003,W01,23,23,0
20260117,P003,W01,23,23,0
20260118,P003,W01,9,9,0
20260119,P003,W01,19,19,0
20260120,P003,W01,27,27,0
20260121,P003,W01,21,21,0
20260122,P003,W01,32,32,0
20260123,P003,W01,17,17,0
20260124,P003,W01,15,15,0
20260125,P003,W01,13,13,0
20260126,P003,W01,27,27,0
20260127,P003,W01,24,24,0
20260128,P003,W01,23,23,0
20260129,P003,W01,24,24,0
20260130,P003,W01,15,15,0
20260131,P003,W01,17,17,0
20260201,P003,W01,11,11,0
20260202,P003,W01,21,21,0
20260203,P003,W01,22,22,0
20260204,P003,W01,21,21,0
20260205,P003,W01,22,22,0
20260206,P003,W01,15,15,0
20260207,P003,W01,24,24,0
20260208,P003,W01,17,17,0
20260209,P003,W01,26,26,0
20260210,P003,W01,18,18,0
20260211,P003,W01,26,26,0
20260212,P003,W01,22,22,0
20260213,P003,W01,25,25,0
20260214,P003,W01,30,30,0
20260215,P003,W01,14,14,0
20260216,P003,W01,18,18,0
20260217,P003,W01,18,18,0
20260218,P003,W01,19,19,0
20260219,P003,W01,21,21,0
20260220,P003,W01,20,20,0
20260221,P003,W01,24,24,0
20260222,P003,W01,14,14,0
20260223,P003,W01,21,21,0
20260224,P003,W01,22,22,0
20260225,P003,W01,15,15,0
20260226,P003,W01,16,16,0
20260227,P003,W01,15,15,0
20260228,P003,W01,22,22,0
20260301,P003,W01,6,6,0
20260302,P003,W01,20,20,0
20260303,P003,W01,18,18,0
20260304,P003,W01,19,19,0
20260305,P003,W01,23,23,0
20260306,P003,W01,23,23,0
20260307,P003,W01,17,17,0
20260308,P003,W01,12,12,0
20260309,P003,W01,14,14,0
20260310,P003,W01,17,17,0
20260311,P003,W01,8,8,0
20260312,P003,W01,14,14,0
20260313,P003,W01,20,20,0
20260314,P003,W01,17,17,0
20260315,P003,W01,23,23,0
20260316,P003,W01,13,13,0
20260317,P003,W01,16,16,0
20260318,P003,W01,15,15,0
20260319,P003,W01,24,24,0
20260320,P003,W01,19,19,0
20260321,P003,W01,20,20,0
20260322,P003,W01,15,15,0
20260323,P003,W01,13,13,0
20260324,P003,W01,19,19,0
20260325,P003,W01,19,19,0
20260326,P003,W01,19,19,0
20260327,P003,W01,19,19,0
20260328,P003,W01,23,23,0
20260329,P003,W01,8,8,0
20260330,P003,W01,17,17,0
20260331,P003,W01,20,20,0
20260401,P003,W01,10,10,0
20260402,P003,W01,10,10,0
20260403,P003,W01,12,12,0
20260404,P003,W01,11,11,0
20260405,P003,W01,4,4,0
20260406,P003,W01,18,18,0
20260407,P003,W01,10,10,0
20260408,P003,W01,14,14,0
20260409,P003,W01,18,18,0
20260410,P003,W01,10,10,0
20260411,P003,W01,11,11,0
20260412,P003,W01,8,8,0
20260413,P003,W01,11,11,0
20260414,P003,W01,15,15,0
20260415,P003,W01,16,16,0
20260416,P003,W01,18,18,0
20260417,P003,W01,18,18,0
20260418,P003,W01,10,10,0
20260419,P003,W01,6,6,0
20260420,P003,W01,14,14,0
20260421,P003,W01,15,15,0
20260422,P003,W01,16,16,0
20260423,P003,W01,16,16,0
20260424,P003,W01,14,14,0
20260425,P003,W01,20,20,0
20260426,P003,W01,13,13,0
20260427,P003,W01,16,16,0
20260428,P003,W01,15,15,0
20260429,P003,W01,13,13,0
20260430,P003,W01,12,12,0
20260501,P003,W01,10,10,0
20260502,P003,W01,14,14,0
20260503,P003,W01,23,23,0
20260504,P003,W01,7,7,0
20260505,P003,W01,11,11,0
20260506,P003,W01,14,14,0
20260507,P003,W01,9,9,0
20260508,P003,W01,9,9,0
20260509,P003,W01,9,9,0
20260510,P003,W01,11,11,0
20260511,P003,W01,22,22,0
20260512,P003,W01,9,9,0
20260513,P003,W01,11,11,0
20260514,P003,W01,14,14,0
20260515,P003,W01,13,13,0
20260516,P003,W01,12,12,0
20260517,P003,W01,5,5,0
20260518,P003,W01,18,18,0
20260519,P003,W01,9,9,0
20260520,P003,W01,14,14,0
20260521,P003,W01,13,13,0
20260522,P003,W01,17,17,0
20260523,P003,W01,16,16,0
20260524,P003,W01,5,5,0
20260525,P003,W01,12,12,0
20260526,P003,W01,10,10,0
20260527,P003,W01,16,16,0
20260528,P003,W01,10,10,0
20260529,P003,W01,13,13,0
20260530,P003,W01,12,12,0
20260531,P003,W01,7,7,0
20260601,P003,W01,13,13,0
20260602,P003,W01,11,11,0
20260603,P003,W01,14,14,0
20260604,P003,W01,9,9,0
20260605,P003,W01,13,13,0
20260606,P003,W01,13,13,0
20260607,P003,W01,8,8,0
20260608,P003,W01,10,10,0
20260609,P003,W01,15,15,0
20260610,P003,W01,11,11,0
20260611,P003,W01,13,13,0
20260612,P003,W01,19,19,0
20260613,P003,W01,18,18,0
20260614,P003,W01,4,4,0
20260615,P003,W01,16,16,0
20260616,P003,W01,13,13,0
20260617,P003,W01,14,14,0
20260618,P003,W01,14,14,0
20260619,P003,W01,18,18,0
20260620,P003,W01,9,9,0
20260621,P003,W01,10,10,0
20260622,P003,W01,8,8,0
20260623,P003,W01,15,15,0
20260624,P003,W01,12,12,0
20260625,P003,W01,18,18,0
20260626,P003,W01,15,15,0
20260627,P003,W01,19,19,0
20260628,P003,W01,6,6,0
20260629,P003,W01,19,19,0
20260630,P003,W01,13,13,0
20260701,P003,W01,5,5,0
20260702,P003,W01,9,9,0
20260703,P003,W01,15,15,0
20260704,P003,W01,7,7,0
20260705,P003,W01,11,11,0
20260706,P003,W01,14,14,0
20260707,P003,W01,10,10,0
20260708,P003,W01,12,12,0
20260709,P003,W01,15,15,0
20260710,P003,W01,11,11,0
20260711,P003,W01,16,16,0
20260712,P003,W01,7,7,0
20260713,P003,W01,8,8,0
20260714,P003,W01,17,17,0
20260715,P003,W01,13,13,0
20260716,P003,W01,14,14,0
20260717,P003,W01,11,11,0
20260718,P003,W01,15,15,0
20260719,P003,W01,14,14,0
20260720,P003,W01,14,14,0
20260721,P003,W01,18,18,0
20260722,P003,W01,14,14,0
20260723,P003,W01,18,18,0
20260724,P003,W01,12,12,0
20260725,P003,W01,23,23,0
20260726,P003,W01,7,7,0
20260727,P003,W01,14,14,0
20260728,P003,W01,11,11,0
20260729,P003,W01,13,13,0
20260730,P003,W01,10,10,0
20260731,P003,W01,11,11,0
20260801,P003,W01,13,13,0
20260802,P003,W01,10,10,0
20260803,P003,W01,17,17,0
20260804,P003,W01,14,14,0
20260805,P003,W01,15,15,0
20260806,P003,W01,10,10,0
20260807,P003,W01,11,11,0
20260808,P003,W01,15,15,0
20260809,P003,W01,11,11,0
20260810,P003,W01,12,12,0
20260811,P003,W01,11,11,0
20260812,P003,W01,9,9,0
20260813,P003,W01,11,11,0
20260814,P003,W01,15,15,0
20260815,P003,W01,25,25,0
20260816,P003,W01,9,9,0
20260817,P003,W01,13,13,0
20260818,P003,W01,16,16,0
20260819,P003,W01,13,13,0
20260820,P003,W01,18,18,0
20260821,P003,W01,21,21,0
20260822,P003,W01,12,12,0
20260823,P003,W01,9,9,0
20260824,P003,W01,16,16,0
20260825,P003,W01,11,11,0
20260826,P003,W01,18,18,0
20260827,P003,W01,13,13,0
20260828,P003,W01,17,17,0
20260829,P003,W01,10,10,0
20260830,P003,W01,11,11,0
20260831,P003,W01,11,11,0
20260901,P003,W01,16,16,0
20260902,P003,W01,8,8,0
20260903,P003,W01,20,20,0
20260904,P003,W01,9,9,0
20260905,P003,W01,14,14,0
20260906,P003,W01,7,7,0
20260907,P003,W01,14,14,0
20260908,P003,W01,11,11,0
20260909,P003,W01,12,12,0
20260910,P003,W01,20,20,0
20260911,P003,W01,19,19,0
20260912,P003,W01,19,19,0
20260913,P003,W01,6,6,0
20260914,P003,W01,17,17,0
20260915,P003,W01,14,14,0
20260916,P003,W01,16,16,0
20260917,P003,W01,7,7,0
20260918,P003,W01,20,20,0
20260919,P003,W01,17,17,0
20260920,P003,W01,12,12,0
20260921,P003,W01,15,15,0
20260922,P003,W01,15,15,0
20260923,P003,W01,12,12,0
20260924,P003,W01,11,11,0
20260925,P003,W01,11,11,0
20260926,P003,W01,15,15,0
20260927,P003,W01,9,9,0
20260928,P003,W01,18,18,0
20260929,P003,W01,17,17,0
20260930,P003,W01,17,17,0
20251001,P003,W02,19,19,0
20251002,P003,W02,12,12,0
20251003,P003,W02,21,21,0
20251004,P003,W02,17,17,0
20251005,P003,W02,12,12,0
20251006,P003,W02,10,10,0
20251007,P003,W02,19,19,0
20251008,P003,W02,19,19,0
20251009,P003,W02,12,12,0
20251010,P003,W02,21,21,0
20251011,P003,W02,19,19,0
20251012,P003,W02,12,12,0
20251013,P003,W02,19,19,0
20251014,P003,W02,21,21,0
20251015,P003,W02,13,13,0
20251016,P003,W02,27,27,0
20251017,P003,W02,16,16,0
20251018,P003,W02,16,16,0
20251019,P003,W02,12,12,0
20251020,P003,W02,28,28,0
20251021,P003,W02,22,22,0
20251022,P003,W02,18,18,0
20251023,P003,W02,14,14,0
20251024,P003,W02,25,25,0
20251025,P003,W02,16,16,0
20251026,P003,W02,23,23,0
20251027,P003,W02,20,20,0
20251028,P003,W02,14,14,0
20251029,P003,W02,11,11,0
20251030,P003,W02,11,11,0
20251031,P003,W02,22,22,0
20251101,P003,W02,25,25,0
20251102,P003,W02,11,11,0
20251103,P003,W02,30,30,0
20251104,P003,W02,14,14,0
20251105,P003,W02,14,14,0
20251106,P003,W02,25,25,0
20251107,P003,W02,25,25,0
20251108,P003,W02,24,24,0
20251109,P003,W02,15,15,0
20251110,P003,W02,19,19,0
20251111,P003,W02,29,29,0
20251112,P003,W02,19,19,0
20251113,P003,W02,30,30,0
20251114,P003,W02,15,15,0
20251115,P003,W02,23,23,0
20251116,P003,W02,18,18,0
20251117,P003,W02,23,23,0
20251118,P003,W02,20,20,0
20251119,P003,W02,18,18,0
20251120,P003,W02,33,33,0
20251121,P003,W02,23,23,0
20251122,P003,W02,20,20,0
20251123,P003,W02,17,17,0
20251124,P003,W02,31,31,0
20251125,P003,W02,24,24,0
20251126,P003,W02,16,16,0
20251127,P003,W02,20,20,0
20251128,P003,W02,23,23,0
20251129,P003,W02,26,26,0
20251130,P003,W02,16,16,0
20251201,P003,W02,30,30,0
20251202,P003,W02,25,25,0
20251203,P003,W02,26,26,0
20251204,P003,W02,27,27,0
20251205,P003,W02,25,25,0
20251206,P003,W02,27,27,0
20251207,P003,W02,8,8,0
20251208,P003,W02,22,22,0
20251209,P003,W02,28,28,0
20251210,P003,W02,27,27,0
20251211,P003,W02,32,32,0
20251212,P003,W02,25,25,0
20251213,P003,W02,19,19,0
20251214,P003,W02,18,18,0
20251215,P003,W02,20,20,0
20251216,P003,W02,22,22,0
20251217,P003,W02,34,34,0
20251218,P003,W02,22,22,0
20251219,P003,W02,28,28,0
20251220,P003,W02,20,20,0
20251221,P003,W02,15,15,0
20251222,P003,W02,28,28,0
20251223,P003,W02,27,27,0
20251224,P003,W02,27,27,0
20251225,P003,W02,26,26,0
20251226,P003,W02,39,39,0
20251227,P003,W02,22,22,0
20251228,P003,W02,19,19,0
20251229,P003,W02,28,28,0
20251230,P003,W02,31,31,0
20251231,P003,W02,30,30,0
20260101,P003,W02,22,22,0
20260102,P003,W02,19,19,0
20260103,P003,W02,18,18,0
20260104,P003,W02,14,14,0
20260105,P003,W02,22,22,0
20260106,P003,W02,19,19,0
20260107,P003,W02,31,31,0
20260108,P003,W02,31,31,0
20260109,P003,W02,22,22,0
20260110,P003,W02,25,25,0
20260111,P003,W02,14,14,0
20260112,P003,W02,21,21,0
20260113,P003,W02,29,29,0
20260114,P003,W02,17,17,0
20260115,P003,W02,18,18,0
20260116,P003,W02,14,14,0
20260117,P003,W02,22,22,0
20260118,P003,W02,14,14,0
20260119,P003,W02,14,14,0
20260120,P003,W02,20,20,0
20260121,P003,W02,27,27,0
20260122,P003,W02,28,28,0
20260123,P003,W02,20,20,0
20260124,P003,W02,30,30,0
20260125,P003,W02,15,15,0
20260126,P003,W02,29,29,0
20260127,P003,W02,19,19,0
20260128,P003,W02,32,32,0
20260129,P003,W02,18,18,0
20260130,P003,W02,25,25,0
20260131,P003,W02,19,19,0
20260201,P003,W02,15,15,0
20260202,P003,W02,23,23,0
20260203,P003,W02,23,23,0
20260204,P003,W02,26,26,0
20260205,P003,W02,19,19,0
20260206,P003,W02,24,24,0
20260207,P003,W02,26,26,0
20260208,P003,W02,7,7,0
20260209,P003,W02,19,19,0
20260210,P003,W02,21,21,0
20260211,P003,W02,23,23,0
20260212,P003,W02,13,13,0
20260213,P003,W02,26,26,0
20260214,P003,W02,23,23,0
20260215,P003,W02,8,8,0
20260216,P003,W02,25,25,0
20260217,P003,W02,16,16,0
20260218,P003,W02,23,23,0
20260219,P003,W02,21,21,0
20260220,P003,W02,18,18,0
20260221,P003,W02,18,18,0
20260222,P003,W02,4,4,0
20260223,P003,W02,24,24,0
20260224,P003,W02,18,18,0
20260225,P003,W02,20,20,0
20260226,P003,W02,23,23,0
20260227,P003,W02,26,26,0
20260228,P003,W02,28,28,0
20260301,P003,W02,5,5,0
20260302,P003,W02,16,16,0
20260303,P003,W02,19,19,0
20260304,P003,W02,30,30,0
20260305,P003,W02,4,4,0
20260306,P003,W02,17,17,0
20260307,P003,W02,19,19,0
20260308,P003,W02,10,10,0
20260309,P003,W02,18,18,0
20260310,P003,W02,22,22,0
20260311,P003,W02,21,21,0
20260312,P003,W02,23,23,0
20260313,P003,W02,14,14,0
20260314,P003,W02,20,20,0
20260315,P003,W02,8,8,0
20260316,P003,W02,19,19,0
20260317,P003,W02,16,16,0
20260318,P003,W02,7,7,0
20260319,P003,W02,20,20,0
20260320,P003,W02,14,14,0
20260321,P003,W02,12,12,0
20260322,P003,W02,13,13,0
20260323,P003,W02,14,14,0
20260324,P003,W02,9,9,0
20260325,P003,W02,20,20,0
20260326,P003,W02,14,14,0
20260327,P003,W02,14,14,0
20260328,P003,W02,15,15,0
20260329,P003,W02,13,13,0
20260330,P003,W02,24,24,0
20260331,P003,W02,22,22,0
20260401,P003,W02,22,22,0
20260402,P003,W02,15,15,0
20260403,P003,W02,22,22,0
20260404,P003,W02,20,20,0
20260405,P003,W02,15,15,0
20260406,P003,W02,19,19,0
20260407,P003,W02,17,17,0
20260408,P003,W02,16,16,0
20260409,P003,W02,13,13,0
20260410,P003,W02,10,10,0
20260411,P003,W02,22,22,0
20260412,P003,W02,8,8,0
20260413,P003,W02,15,15,0
20260414,P003,W02,21,21,0
20260415,P003,W02,16,16,0
20260416,P003,W02,6,6,0
20260417,P003,W02,16,16,0
20260418,P003,W02,18,18,0
20260419,P003,W02,8,8,0
20260420,P003,W02,22,22,0
20260421,P003,W02,19,19,0
20260422,P003,W02,13,13,0
20260423,P003,W02,20,20,0
20260424,P003,W02,18,18,0
20260425,P003,W02,20,20,0
20260426,P003,W02,12,12,0
20260427,P003,W02,11,11,0
20260428,P003,W02,13,13,0
20260429,P003,W02,15,15,0
20260430,P003,W02,29,29,0
20260501,P003,W02,16,16,0
20260502,P003,W02,15,15,0
20260503,P003,W02,8,8,0
20260504,P003,W02,16,16,0
20260505,P003,W02,18,18,0
20260506,P003,W02,12,12,0
20260507,P003,W02,12,12,0
20260508,P003,W02,10,10,0
20260509,P003,W02,14,14,0
20260510,P003,W02,6,6,0
20260511,P003,W02,10,10,0
20260512,P003,W02,12,12,0
20260513,P003,W02,14,14,0
20260514,P003,W02,8,8,0
20260515,P003,W02,18,18,0
20260516,P003,W02,17,17,0
20260517,P003,W02,9,9,0
20260518,P003,W02,17,17,0
20260519,P003,W02,19,19,0
20260520,P003,W02,14,14,0
20260521,P003,W02,15,15,0
20260522,P003,W02,12,12,0
20260523,P003,W02,16,16,0
20260524,P003,W02,3,3,0
20260525,P003,W02,13,13,0
20260526,P003,W02,10,10,0
20260527,P003,W02,12,12,0
20260528,P003,W02,14,14,0
20260529,P003,W02,21,21,0
20260530,P003,W02,24,24,0
20260531,P003,W02,9,9,0
20260601,P003,W02,15,15,0
20260602,P003,W02,9,9,0
20260603,P003,W02,16,16,0
20260604,P003,W02,9,9,0
20260605,P003,W02,19,19,0
20260606,P003,W02,10,10,0
20260607,P003,W02,14,14,0
20260608,P003,W02,15,15,0
20260609,P003,W02,12,12,0
20260610,P003,W02,10,10,0
20260611,P003,W02,9,9,0
20260612,P003,W02,12,12,0
20260613,P003,W02,23,23,0
20260614,P003,W02,10,10,0
20260615,P003,W02,10,10,0
20260616,P003,W02,20,20,0
20260617,P003,W02,6,6,0
20260618,P003,W02,16,16,0
20260619,P003,W02,20,20,0
20260620,P003,W02,13,13,0
20260621,P003,W02,9,9,0
20260622,P003,W02,20,20,0
20260623,P003,W02,19,19,0
20260624,P003,W02,14,14,0
20260625,P003,W02,19,19,0
20260626,P003,W02,11,11,0
20260627,P003,W02,12,12,0
20260628,P003,W02,5,5,0
20260629,P003,W02,13,13,0
20260630,P003,W02,9,9,0
20260701,P003,W02,14,14,0
20260702,P003,W02,21,21,0
20260703,P003,W02,18,18,0
20260704,P003,W02,19,19,0
20260705,P003,W02,9,9,0
20260706,P003,W02,18,18,0
20260707,P003,W02,17,17,0
20260708,P003,W02,18,18,0
20260709,P003,W02,16,16,0
20260710,P003,W02,18,18,0
20260711,P003,W02,18,18,0
20260712,P003,W02,9,9,0
20260713,P003,W02,14,14,0
20260714,P003,W02,13,13,0
20260715,P003,W02,18,18,0
20260716,P003,W02,13,13,0
20260717,P003,W02,13,13,0
20260718,P003,W02,13,13,0
20260719,P003,W02,10,10,0
20260720,P003,W02,12,12,0
20260721,P003,W02,19,19,0
20260722,P003,W02,13,13,0
20260723,P003,W02,10,10,0
20260724,P003,W02,15,15,0
20260725,P003,W02,20,20,0
20260726,P003,W02,11,11,0
20260727,P003,W02,18,18,0
20260728,P003,W02,11,11,0
20260729,P003,W02,16,16,0
20260730,P003,W02,20,20,0
20260731,P003,W02,15,15,0
20260801,P003,W02,19,19,0
20260802,P003,W02,8,8,0
20260803,P003,W02,15,15,0
20260804,P003,W02,16,16,0
20260805,P003,W02,16,16,0
20260806,P003,W02,11,11,0
20260807,P003,W02,22,22,0
20260808,P003,W02,21,21,0
20260809,P003,W02,16,16,0
20260810,P003,W02,14,14,0
20260811,P003,W02,14,14,0
20260812,P003,W02,16,16,0
20260813,P003,W02,14,14,0
20260814,P003,W02,16,16,0
20260815,P003,W02,19,19,0
20260816,P003,W02,12,12,0
20260817,P003,W02,18,18,0
20260818,P003,W02,20,20,0
20260819,P003,W02,11,11,0
20260820,P003,W02,8,8,0
20260821,P003,W02,20,20,0
20260822,P003,W02,13,13,0
20260823,P003,W02,5,5,0
20260824,P003,W02,17,17,0
20260825,P003,W02,16,16,0
20260826,P003,W02,18,18,0
20260827,P003,W02,19,19,0
20260828,P003,W02,18,18,0
20260829,P003,W02,11,11,0
20260830,P003,W02,11,11,0
20260831,P003,W02,15,15,0
20260901,P003,W02,15,15,0
20260902,P003,W02,11,11,0
20260903,P003,W02,17,17,0
20260904,P003,W02,13,13,0
20260905,P003,W02,19,19,0
20260906,P003,W02,8,8,0
20260907,P003,W02,15,15,0
20260908,P003,W02,16,16,0
20260909,P003,W02,12,12,0
20260910,P003,W02,15,15,0
20260911,P003,W02,18,18,0
20260912,P003,W02,11,11,0
20260913,P003,W02,10,10,0
20260914,P003,W02,24,24,0
20260915,P003,W02,14,14,0
20260916,P003,W02,17,17,0
20260917,P003,W02,21,21,0
20260918,P003,W02,8,8,0
20260919,P003,W02,17,17,0
20260920,P003,W02,14,14,0
20260921,P003,W02,21,21,0
20260922,P003,W02,12,12,0
20260923,P003,W02,18,18,0
20260924,P003,W02,19,19,0
20260925,P003,W02,22,22,0
20260926,P003,W02,13,13,0
20260927,P003,W02,8,8,0
20260928,P003,W02,16,16,0
20260929,P003,W02,16,16,0
20260930,P003,W02,29,29,0
20251001,P003,W03,11,11,0
20251002,P003,W03,9,9,0
20251003,P003,W03,12,12,0
20251004,P003,W03,24,24,0
20251005,P003,W03,12,12,0
20251006,P003,W03,16,16,0
20251007,P003,W03,10,10,0
20251008,P003,W03,21,21,0
20251009,P003,W03,7,7,0
20251010,P003,W03,21,21,0
20251011,P003,W03,21,21,0
20251012,P003,W03,8,8,0
20251013,P003,W03,17,17,0
20251014,P003,W03,21,21,0
20251015,P003,W03,10,10,0
20251016,P003,W03,11,11,0
20251017,P003,W03,16,16,0
20251018,P003,W03,16,16,0
20251019,P003,W03,9,9,0
20251020,P003,W03,15,15,0
20251021,P003,W03,10,10,0
20251022,P003,W03,13,13,0
20251023,P003,W03,15,15,0
20251024,P003,W03,14,14,0
20251025,P003,W03,19,19,0
20251026,P003,W03,12,12,0
20251027,P003,W03,16,16,0
20251028,P003,W03,18,18,0
20251029,P003,W03,11,11,0
20251030,P003,W03,17,17,0
20251031,P003,W03,14,14,0
20251101,P003,W03,17,17,0
20251102,P003,W03,8,8,0
20251103,P003,W03,13,13,0
20251104,P003,W03,15,15,0
20251105,P003,W03,17,17,0
20251106,P003,W03,24,24,0
20251107,P003,W03,18,18,0
20251108,P003,W03,15,15,0
20251109,P003,W03,7,7,0
20251110,P003,W03,20,20,0
20251111,P003,W03,18,18,0
20251112,P003,W03,20,20,0
20251113,P003,W03,19,19,0
20251114,P003,W03,18,18,0
20251115,P003,W03,15,15,0
20251116,P003,W03,14,14,0
20251117,P003,W03,13,13,0
20251118,P003,W03,14,14,0
20251119,P003,W03,21,21,0
20251120,P003,W03,17,17,0
20251121,P003,W03,22,22,0
20251122,P003,W03,20,20,0
20251123,P003,W03,6,6,0
20251124,P003,W03,16,16,0
20251125,P003,W03,27,27,0
20251126,P003,W03,17,17,0
20251127,P003,W03,11,11,0
20251128,P003,W03,18,18,0
20251129,P003,W03,21,21,0
20251130,P003,W03,16,16,0
20251201,P003,W03,24,24,0
20251202,P003,W03,18,18,0
20251203,P003,W03,22,22,0
20251204,P003,W03,13,13,0
20251205,P003,W03,15,15,0
20251206,P003,W03,22,22,0
20251207,P003,W03,16,16,0
20251208,P003,W03,15,15,0
20251209,P003,W03,16,16,0
20251210,P003,W03,22,22,0
20251211,P003,W03,20,20,0
20251212,P003,W03,17,17,0
20251213,P003,W03,21,21,0
20251214,P003,W03,17,17,0
20251215,P003,W03,16,16,0
20251216,P003,W03,17,17,0
20251217,P003,W03,22,22,0
20251218,P003,W03,23,23,0
20251219,P003,W03,20,20,0
20251220,P003,W03,19,19,0
20251221,P003,W03,10,10,0
20251222,P003,W03,15,15,0
20251223,P003,W03,18,18,0
20251224,P003,W03,19,19,0
20251225,P003,W03,25,25,0
20251226,P003,W03,22,22,0
20251227,P003,W03,25,25,0
20251228,P003,W03,10,10,0
20251229,P003,W03,19,19,0
20251230,P003,W03,13,13,0
20251231,P003,W03,25,25,0
20260101,P003,W03,21,21,0
20260102,P003,W03,19,19,0
20260103,P003,W03,16,16,0
20260104,P003,W03,14,14,0
20260105,P003,W03,14,14,0
20260106,P003,W03,14,14,0
20260107,P003,W03,12,12,0
20260108,P003,W03,19,19,0
20260109,P003,W03,20,20,0
20260110,P003,W03,18,18,0
20260111,P003,W03,10,10,0
20260112,P003,W03,22,22,0
20260113,P003,W03,15,15,0
20260114,P003,W03,28,28,0
20260115,P003,W03,14,14,0
20260116,P003,W03,16,16,0
20260117,P003,W03,22,22,0
20260118,P003,W03,13,13,0
20260119,P003,W03,17,17,0
20260120,P003,W03,16,16,0
20260121,P003,W03,16,16,0
20260122,P003,W03,12,12,0
20260123,P003,W03,23,23,0
20260124,P003,W03,15,15,0
20260125,P003,W03,9,9,0
20260126,P003,W03,19,19,0
20260127,P003,W03,17,17,0
20260128,P003,W03,15,15,0
20260129,P003,W03,21,21,0
20260130,P003,W03,19,19,0
20260131,P003,W03,23,23,0
20260201,P003,W03,8,8,0
20260202,P003,W03,6,6,0
20260203,P003,W03,16,16,0
20260204,P003,W03,21,21,0
20260205,P003,W03,13,13,0
20260206,P003,W03,16,16,0
20260207,P003,W03,24,24,0
20260208,P003,W03,11,11,0
20260209,P003,W03,9,9,0
20260210,P003,W03,16,16,0
20260211,P003,W03,27,27,0
20260212,P003,W03,20,20,0
20260213,P003,W03,11,11,0
20260214,P003,W03,15,15,0
20260215,P003,W03,11,11,0
20260216,P003,W03,20,20,0
20260217,P003,W03,19,19,0
20260218,P003,W03,16,16,0
20260219,P003,W03,21,21,0
20260220,P003,W03,18,18,0
20260221,P003,W03,21,21,0
20260222,P003,W03,9,9,0
20260223,P003,W03,16,16,0
20260224,P003,W03,17,17,0
20260225,P003,W03,18,18,0
20260226,P003,W03,24,24,0
20260227,P003,W03,25,25,0
20260228,P003,W03,17,17,0
20260301,P003,W03,16,16,0
20260302,P003,W03,17,17,0
20260303,P003,W03,9,9,0
20260304,P003,W03,22,22,0
20260305,P003,W03,13,13,0
20260306,P003,W03,14,14,0
20260307,P003,W03,12,12,0
20260308,P003,W03,8,8,0
20260309,P003,W03,16,16,0
20260310,P003,W03,15,15,0
20260311,P003,W03,12,12,0
20260312,P003,W03,18,18,0
20260313,P003,W03,18,18,0
20260314,P003,W03,19,19,0
20260315,P003,W03,15,15,0
20260316,P003,W03,18,18,0
20260317,P003,W03,18,18,0
20260318,P003,W03,22,22,0
20260319,P003,W03,15,15,0
20260320,P003,W03,21,21,0
20260321,P003,W03,14,14,0
20260322,P003,W03,12,12,0
20260323,P003,W03,14,14,0
20260324,P003,W03,17,17,0
20260325,P003,W03,8,8,0
20260326,P003,W03,15,15,0
20260327,P003,W03,12,12,0
20260328,P003,W03,13,13,0
20260329,P003,W03,9,9,0
20260330,P003,W03,12,12,0
20260331,P003,W03,16,16,0
20260401,P003,W03,9,9,0
20260402,P003,W03,15,15,0
20260403,P003,W03,18,18,0
20260404,P003,W03,13,13,0
20260405,P003,W03,5,5,0
20260406,P003,W03,7,7,0
20260407,P003,W03,13,13,0
20260408,P003,W03,12,12,0
20260409,P003,W03,11,11,0
20260410,P003,W03,13,13,0
20260411,P003,W03,12,12,0
20260412,P003,W03,8,8,0
20260413,P003,W03,11,11,0
20260414,P003,W03,9,9,0
20260415,P003,W03,16,16,0
20260416,P003,W03,10,10,0
20260417,P003,W03,19,19,0
20260418,P003,W03,9,9,0
20260419,P003,W03,5,5,0
20260420,P003,W03,8,8,0
20260421,P003,W03,9,9,0
20260422,P003,W03,9,9,0
20260423,P003,W03,9,9,0
20260424,P003,W03,9,9,0
20260425,P003,W03,17,17,0
20260426,P003,W03,4,4,0
20260427,P003,W03,14,14,0
20260428,P003,W03,11,11,0
20260429,P003,W03,18,18,0
20260430,P003,W03,9,9,0
20260501,P003,W03,5,5,0
20260502,P003,W03,18,18,0
20260503,P003,W03,7,7,0
20260504,P003,W03,7,7,0
20260505,P003,W03,7,7,0
20260506,P003,W03,7,7,0
20260507,P003,W03,12,12,0
20260508,P003,W03,7,7,0
20260509,P003,W03,15,15,0
20260510,P003,W03,4,4,0
20260511,P003,W03,10,10,0
20260512,P003,W03,5,5,0
20260513,P003,W03,6,6,0
20260514,P003,W03,9,9,0
20260515,P003,W03,13,13,0
20260516,P003,W03,14,14,0
20260517,P003,W03,7,7,0
20260518,P003,W03,11,11,0
20260519,P003,W03,11,11,0
20260520,P003,W03,11,11,0
20260521,P003,W03,14,14,0
20260522,P003,W03,8,8,0
20260523,P003,W03,4,4,0
20260524,P003,W03,7,7,0
20260525,P003,W03,12,12,0
20260526,P003,W03,4,4,0
20260527,P003,W03,9,9,0
20260528,P003,W03,19,19,0
20260529,P003,W03,5,5,0
20260530,P003,W03,7,7,0
20260531,P003,W03,5,5,0
20260601,P003,W03,18,18,0
20260602,P003,W03,8,8,0
20260603,P003,W03,10,10,0
20260604,P003,W03,12,12,0
20260605,P003,W03,16,16,0
20260606,P003,W03,13,13,0
20260607,P003,W03,8,8,0
20260608,P003,W03,12,12,0
20260609,P003,W03,7,7,0
20260610,P003,W03,8,8,0
20260611,P003,W03,8,8,0
20260612,P003,W03,10,10,0
20260613,P003,W03,16,16,0
20260614,P003,W03,9,9,0
20260615,P003,W03,12,12,0
20260616,P003,W03,12,12,0
20260617,P003,W03,9,9,0
20260618,P003,W03,13,13,0
20260619,P003,W03,14,14,0
20260620,P003,W03,3,3,0
20260621,P003,W03,5,5,0
20260622,P003,W03,11,11,0
20260623,P003,W03,9,9,0
20260624,P003,W03,17,17,0
20260625,P003,W03,14,14,0
20260626,P003,W03,15,15,0
20260627,P003,W03,11,11,0
20260628,P003,W03,5,5,0
20260629,P003,W03,13,13,0
20260630,P003,W03,11,11,0
20260701,P003,W03,10,10,0
20260702,P003,W03,7,7,0
20260703,P003,W03,8,8,0
20260704,P003,W03,10,10,0
20260705,P003,W03,11,11,0
20260706,P003,W03,11,11,0
20260707,P003,W03,10,10,0
20260708,P003,W03,8,8,0
20260709,P003,W03,6,6,0
20260710,P003,W03,12,12,0
20260711,P003,W03,19,19,0
20260712,P003,W03,4,4,0
20260713,P003,W03,8,8,0
20260714,P003,W03,17,17,0
20260715,P003,W03,16,16,0
20260716,P003,W03,12,12,0
20260717,P003,W03,9,9,0
20260718,P003,W03,16,16,0
20260719,P003,W03,4,4,0
20260720,P003,W03,9,9,0
20260721,P003,W03,12,12,0
20260722,P003,W03,20,20,0
20260723,P003,W03,11,11,0
20260724,P003,W03,10,10,0
20260725,P003,W03,15,15,0
20260726,P003,W03,6,6,0
20260727,P003,W03,14,14,0
20260728,P003,W03,7,7,0
20260729,P003,W03,9,9,0
20260730,P003,W03,9,9,0
20260731,P003,W03,7,7,0
20260801,P003,W03,15,15,0
20260802,P003,W03,7,7,0
20260803,P003,W03,11,11,0
20260804,P003,W03,10,10,0
20260805,P003,W03,7,7,0
20260806,P003,W03,12,12,0
20260807,P003,W03,14,14,0
20260808,P003,W03,16,16,0
20260809,P003,W03,7,7,0
20260810,P003,W03,13,13,0
20260811,P003,W03,16,16,0
20260812,P003,W03,11,11,0
20260813,P003,W03,13,13,0
20260814,P003,W03,10,10,0
20260815,P003,W03,14,14,0
20260816,P003,W03,10,10,0
20260817,P003,W03,12,12,0
20260818,P003,W03,12,12,0
20260819,P003,W03,16,16,0
20260820,P003,W03,10,10,0
20260821,P003,W03,15,15,0
20260822,P003,W03,13,13,0
20260823,P003,W03,8,8,0
20260824,P003,W03,18,18,0
20260825,P003,W03,11,11,0
20260826,P003,W03,11,11,0
20260827,P003,W03,15,15,0
20260828,P003,W03,17,17,0
20260829,P003,W03,9,9,0
20260830,P003,W03,3,3,0
20260831,P003,W03,17,17,0
20260901,P003,W03,11,11,0
20260902,P003,W03,11,11,0
20260903,P003,W03,16,16,0
20260904,P003,W03,14,14,0
20260905,P003,W03,18,18,0
20260906,P003,W03,9,9,0
20260907,P003,W03,16,16,0
20260908,P003,W03,12,12,0
20260909,P003,W03,14,14,0
20260910,P003,W03,14,14,0
20260911,P003,W03,12,12,0
20260912,P003,W03,13,13,0
20260913,P003,W03,10,10,0
20260914,P003,W03,16,16,0
20260915,P003,W03,12,12,0
20260916,P003,W03,12,12,0
20260917,P003,W03,13,13,0
20260918,P003,W03,14,14,0
20260919,P003,W03,13,13,0
20260920,P003,W03,11,11,0
20260921,P003,W03,14,14,0
20260922,P003,W03,17,17,0
20260923,P003,W03,16,16,0
20260924,P003,W03,13,13,0
20260925,P003,W03,13,13,0
20260926,P003,W03,7,7,0
20260927,P003,W03,7,7,0
20260928,P003,W03,8,8,0
20260929,P003,W03,14,14,0
20260930,P003,W03,5,5,0
20251001,P003,W04,14,14,0
20251002,P003,W04,16,16,0
20251003,P003,W04,22,22,0
20251004,P003,W04,11,11,0
20251005,P003,W04,8,8,0
20251006,P003,W04,17,17,0
20251007,P003,W04,13,13,0
20251008,P003,W04,14,14,0
20251009,P003,W04,21,21,0
20251010,P003,W04,10,10,0
20251011,P003,W04,12,12,0
20251012,P003,W04,5,5,0
20251013,P003,W04,13,13,0
20251014,P003,W04,14,14,0
20251015,P003,W04,1,1,0
20251016,P003,W04,10,10,0
20251017,P003,W04,20,20,0
20251018,P003,W04,13,13,0
20251019,P003,W04,6,6,0
20251020,P003,W04,14,14,0
20251021,P003,W04,8,8,0
20251022,P003,W04,15,15,0
20251023,P003,W04,8,8,0
20251024,P003,W04,16,16,0
20251025,P003,W04,15,15,0
20251026,P003,W04,14,14,0
20251027,P003,W04,16,16,0
20251028,P003,W04,15,15,0
20251029,P003,W04,14,14,0
20251030,P003,W04,12,12,0
20251031,P003,W04,10,10,0
20251101,P003,W04,10,10,0
20251102,P003,W04,12,12,0
20251103,P003,W04,19,19,0
20251104,P003,W04,11,11,0
20251105,P003,W04,10,10,0
20251106,P003,W04,13,3,10
20251107,P003,W04,12,0,12
20251108,P003,W04,12,0,12
20251109,P003,W04,11,11,0
20251110,P003,W04,14,14,0
20251111,P003,W04,5,5,0
20251112,P003,W04,16,16,0
20251113,P003,W04,19,19,0
20251114,P003,W04,24,24,0
20251115,P003,W04,10,10,0
20251116,P003,W04,5,5,0
20251117,P003,W04,14,14,0
20251118,P003,W04,9,9,0
20251119,P003,W04,14,14,0
20251120,P003,W04,12,12,0
20251121,P003,W04,17,17,0
20251122,P003,W04,14,14,0
20251123,P003,W04,21,21,0
20251124,P003,W04,17,17,0
20251125,P003,W04,18,18,0
20251126,P003,W04,14,14,0
20251127,P003,W04,12,12,0
20251128,P003,W04,17,17,0
20251129,P003,W04,15,15,0
20251130,P003,W04,11,11,0
20251201,P003,W04,20,20,0
20251202,P003,W04,13,13,0
20251203,P003,W04,19,19,0
20251204,P003,W04,16,16,0
20251205,P003,W04,20,20,0
20251206,P003,W04,25,25,0
20251207,P003,W04,5,5,0
20251208,P003,W04,17,17,0
20251209,P003,W04,15,15,0
20251210,P003,W04,12,12,0
20251211,P003,W04,10,10,0
20251212,P003,W04,25,25,0
20251213,P003,W04,24,24,0
20251214,P003,W04,14,14,0
20251215,P003,W04,21,21,0
20251216,P003,W04,15,15,0
20251217,P003,W04,17,17,0
20251218,P003,W04,14,14,0
20251219,P003,W04,14,14,0
20251220,P003,W04,23,23,0
20251221,P003,W04,4,4,0
20251222,P003,W04,18,18,0
20251223,P003,W04,13,13,0
20251224,P003,W04,14,14,0
20251225,P003,W04,18,18,0
20251226,P003,W04,23,23,0
20251227,P003,W04,15,15,0
20251228,P003,W04,7,7,0
20251229,P003,W04,12,12,0
20251230,P003,W04,21,21,0
20251231,P003,W04,16,16,0
20260101,P003,W04,16,16,0
20260102,P003,W04,8,8,0
20260103,P003,W04,19,19,0
20260104,P003,W04,9,9,0
20260105,P003,W04,16,16,0
20260106,P003,W04,9,9,0
20260107,P003,W04,22,22,0
20260108,P003,W04,14,14,0
20260109,P003,W04,15,15,0
20260110,P003,W04,14,14,0
20260111,P003,W04,5,5,0
20260112,P003,W04,11,11,0
20260113,P003,W04,14,14,0
20260114,P003,W04,21,21,0
20260115,P003,W04,19,19,0
20260116,P003,W04,11,11,0
20260117,P003,W04,18,18,0
20260118,P003,W04,7,7,0
20260119,P003,W04,16,16,0
20260120,P003,W04,14,14,0
20260121,P003,W04,21,21,0
20260122,P003,W04,11,11,0
20260123,P003,W04,15,15,0
20260124,P003,W04,18,18,0
20260125,P003,W04,12,12,0
20260126,P003,W04,19,19,0
20260127,P003,W04,17,17,0
20260128,P003,W04,14,14,0
20260129,P003,W04,8,8,0
20260130,P003,W04,15,15,0
20260131,P003,W04,14,14,0
20260201,P003,W04,12,12,0
20260202,P003,W04,20,20,0
20260203,P003,W04,13,13,0
20260204,P003,W04,13,13,0
20260205,P003,W04,10,10,0
20260206,P003,W04,19,19,0
20260207,P003,W04,18,18,0
20260208,P003,W04,8,8,0
20260209,P003,W04,16,1,15
20260210,P003,W04,19,0,19
20260211,P003,W04,12,0,12
20260212,P003,W04,20,17,3
20260213,P003,W04,14,0,14
20260214,P003,W04,17,0,17
20260215,P003,W04,3,3,0
20260216,P003,W04,9,9,0
20260217,P003,W04,11,11,0
20260218,P003,W04,10,10,0
20260219,P003,W04,15,15,0
20260220,P003,W04,15,15,0
20260221,P003,W04,14,14,0
20260222,P003,W04,7,7,0
20260223,P003,W04,17,17,0
20260224,P003,W04,14,14,0
20260225,P003,W04,17,17,0
20260226,P003,W04,11,11,0
20260227,P003,W04,15,15,0
20260228,P003,W04,16,16,0
20260301,P003,W04,10,10,0
20260302,P003,W04,13,13,0
20260303,P003,W04,14,14,0
20260304,P003,W04,11,11,0
20260305,P003,W04,15,15,0
20260306,P003,W04,12,12,0
20260307,P003,W04,9,9,0
20260308,P003,W04,4,4,0
20260309,P003,W04,9,9,0
20260310,P003,W04,8,8,0
20260311,P003,W04,14,14,0
20260312,P003,W04,14,14,0
20260313,P003,W04,10,10,0
20260314,P003,W04,9,9,0
20260315,P003,W04,10,10,0
20260316,P003,W04,8,8,0
20260317,P003,W04,12,12,0
20260318,P003,W04,12,12,0
20260319,P003,W04,11,11,0
20260320,P003,W04,17,17,0
20260321,P003,W04,11,11,0
20260322,P003,W04,11,11,0
20260323,P003,W04,12,12,0
20260324,P003,W04,13,13,0
20260325,P003,W04,9,9,0
20260326,P003,W04,10,10,0
20260327,P003,W04,15,15,0
20260328,P003,W04,7,7,0
20260329,P003,W04,9,9,0
20260330,P003,W04,10,10,0
20260331,P003,W04,12,12,0
20260401,P003,W04,12,12,0
20260402,P003,W04,10,10,0
20260403,P003,W04,11,11,0
20260404,P003,W04,8,8,0
20260405,P003,W04,4,4,0
20260406,P003,W04,7,7,0
20260407,P003,W04,8,8,0
20260408,P003,W04,10,10,0
20260409,P003,W04,9,9,0
20260410,P003,W04,10,10,0
20260411,P003,W04,12,12,0
20260412,P003,W04,5,5,0
20260413,P003,W04,8,8,0
20260414,P003,W04,5,5,0
20260415,P003,W04,12,12,0
20260416,P003,W04,12,12,0
20260417,P003,W04,17,17,0
20260418,P003,W04,11,11,0
20260419,P003,W04,9,9,0
20260420,P003,W04,7,7,0
20260421,P003,W04,8,8,0
20260422,P003,W04,10,10,0
20260423,P003,W04,14,14,0
20260424,P003,W04,11,11,0
20260425,P003,W04,10,10,0
20260426,P003,W04,8,8,0
20260427,P003,W04,13,13,0
20260428,P003,W04,15,15,0
20260429,P003,W04,9,9,0
20260430,P003,W04,9,9,0
20260501,P003,W04,8,8,0
20260502,P003,W04,10,10,0
20260503,P003,W04,7,7,0
20260504,P003,W04,10,10,0
20260505,P003,W04,7,7,0
20260506,P003,W04,8,8,0
20260507,P003,W04,7,7,0
20260508,P003,W04,11,11,0
20260509,P003,W04,8,8,0
20260510,P003,W04,7,7,0
20260511,P003,W04,11,11,0
20260512,P003,W04,11,11,0
20260513,P003,W04,13,13,0
20260514,P003,W04,15,15,0
20260515,P003,W04,15,15,0
20260516,P003,W04,8,8,0
20260517,P003,W04,8,8,0
20260518,P003,W04,7,7,0
20260519,P003,W04,11,11,0
20260520,P003,W04,9,9,0
20260521,P003,W04,7,7,0
20260522,P003,W04,14,14,0
20260523,P003,W04,11,11,0
20260524,P003,W04,6,6,0
20260525,P003,W04,5,5,0
20260526,P003,W04,15,15,0
20260527,P003,W04,9,9,0
20260528,P003,W04,12,12,0
20260529,P003,W04,7,7,0
20260530,P003,W04,4,4,0
20260531,P003,W04,7,7,0
20260601,P003,W04,6,6,0
20260602,P003,W04,9,9,0
20260603,P003,W04,10,10,0
20260604,P003,W04,11,11,0
20260605,P003,W04,6,6,0
20260606,P003,W04,11,11,0
20260607,P003,W04,5,5,0
20260608,P003,W04,9,9,0
20260609,P003,W04,8,8,0
20260610,P003,W04,9,9,0
20260611,P003,W04,13,13,0
20260612,P003,W04,12,12,0
20260613,P003,W04,12,12,0
20260614,P003,W04,4,4,0
20260615,P003,W04,15,15,0
20260616,P003,W04,9,9,0
20260617,P003,W04,11,11,0
20260618,P003,W04,6,6,0
20260619,P003,W04,11,11,0
20260620,P003,W04,12,12,0
20260621,P003,W04,10,10,0
20260622,P003,W04,10,10,0
20260623,P003,W04,6,6,0
20260624,P003,W04,3,3,0
20260625,P003,W04,14,14,0
20260626,P003,W04,6,6,0
20260627,P003,W04,8,8,0
20260628,P003,W04,6,6,0
20260629,P003,W04,15,15,0
20260630,P003,W04,7,7,0
20260701,P003,W04,10,10,0
20260702,P003,W04,8,8,0
20260703,P003,W04,11,11,0
20260704,P003,W04,16,16,0
20260705,P003,W04,7,7,0
20260706,P003,W04,6,6,0
20260707,P003,W04,7,7,0
20260708,P003,W04,13,13,0
20260709,P003,W04,6,6,0
20260710,P003,W04,8,8,0
20260711,P003,W04,7,7,0
20260712,P003,W04,4,4,0
20260713,P003,W04,18,18,0
20260714,P003,W04,7,7,0
20260715,P003,W04,9,9,0
20260716,P003,W04,3,3,0
20260717,P003,W04,8,8,0
20260718,P003,W04,10,10,0
20260719,P003,W04,11,11,0
20260720,P003,W04,11,11,0
20260721,P003,W04,13,13,0
20260722,P003,W04,7,7,0
20260723,P003,W04,8,8,0
20260724,P003,W04,8,8,0
20260725,P003,W04,12,12,0
20260726,P003,W04,5,5,0
20260727,P003,W04,12,12,0
20260728,P003,W04,13,13,0
20260729,P003,W04,12,12,0
20260730,P003,W04,13,13,0
20260731,P003,W04,9,9,0
20260801,P003,W04,13,13,0
20260802,P003,W04,6,6,0
20260803,P003,W04,8,8,0
20260804,P003,W04,11,11,0
20260805,P003,W04,10,10,0
20260806,P003,W04,9,9,0
20260807,P003,W04,10,10,0
20260808,P003,W04,15,15,0
20260809,P003,W04,2,2,0
20260810,P003,W04,12,12,0
20260811,P003,W04,14,14,0
20260812,P003,W04,7,7,0
20260813,P003,W04,10,10,0
20260814,P003,W04,7,7,0
20260815,P003,W04,10,10,0
20260816,P003,W04,5,5,0
20260817,P003,W04,16,16,0
20260818,P003,W04,15,15,0
20260819,P003,W04,10,10,0
20260820,P003,W04,10,10,0
20260821,P003,W04,15,15,0
20260822,P003,W04,15,15,0
20260823,P003,W04,3,3,0
20260824,P003,W04,12,12,0
20260825,P003,W04,8,8,0
20260826,P003,W04,9,9,0
20260827,P003,W04,5,5,0
20260828,P003,W04,7,7,0
20260829,P003,W04,6,6,0
20260830,P003,W04,7,7,0
20260831,P003,W04,11,11,0
20260901,P003,W04,11,11,0
20260902,P003,W04,11,11,0
20260903,P003,W04,10,10,0
20260904,P003,W04,13,13,0
20260905,P003,W04,12,12,0
20260906,P003,W04,5,5,0
20260907,P003,W04,11,11,0
20260908,P003,W04,18,18,0
20260909,P003,W04,16,16,0
20260910,P003,W04,10,10,0
20260911,P003,W04,10,10,0
20260912,P003,W04,8,8,0
20260913,P003,W04,6,6,0
20260914,P003,W04,13,13,0
20260915,P003,W04,8,8,0
20260916,P003,W04,7,7,0
20260917,P003,W04,13,13,0
20260918,P003,W04,4,4,0
20260919,P003,W04,11,11,0
20260920,P003,W04,7,7,0
20260921,P003,W04,16,16,0
20260922,P003,W04,7,7,0
20260923,P003,W04,10,10,0
20260924,P003,W04,10,10,0
20260925,P003,W04,11,11,0
20260926,P003,W04,9,9,0
20260927,P003,W04,5,5,0
20260928,P003,W04,10,10,0
20260929,P003,W04,14,14,0
20260930,P003,W04,8,8,0
20251001,P004,W01,12,12,0
20251002,P004,W01,14,14,0
20251003,P004,W01,14,14,0
20251004,P004,W01,10,10,0
20251005,P004,W01,8,8,0
20251006,P004,W01,9,9,0
20251007,P004,W01,11,11,0
20251008,P004,W01,19,19,0
20251009,P004,W01,16,16,0
20251010,P004,W01,15,15,0
20251011,P004,W01,12,12,0
20251012,P004,W01,11,11,0
20251013,P004,W01,11,11,0
20251014,P004,W01,14,14,0
20251015,P004,W01,16,16,0
20251016,P004,W01,13,13,0
20251017,P004,W01,15,15,0
20251018,P004,W01,13,13,0
20251019,P004,W01,7,7,0
20251020,P004,W01,12,12,0
20251021,P004,W01,19,19,0
20251022,P004,W01,14,14,0
20251023,P004,W01,17,17,0
20251024,P004,W01,14,14,0
20251025,P004,W01,16,16,0
20251026,P004,W01,8,8,0
20251027,P004,W01,18,18,0
20251028,P004,W01,8,8,0
20251029,P004,W01,12,12,0
20251030,P004,W01,14,14,0
20251031,P004,W01,8,8,0
20251101,P004,W01,20,20,0
20251102,P004,W01,6,6,0
20251103,P004,W01,26,26,0
20251104,P004,W01,17,17,0
20251105,P004,W01,17,17,0
20251106,P004,W01,23,23,0
20251107,P004,W01,20,20,0
20251108,P004,W01,18,18,0
20251109,P004,W01,7,7,0
20251110,P004,W01,14,14,0
20251111,P004,W01,8,8,0
20251112,P004,W01,11,11,0
20251113,P004,W01,18,18,0
20251114,P004,W01,12,12,0
20251115,P004,W01,14,14,0
20251116,P004,W01,8,8,0
20251117,P004,W01,10,10,0
20251118,P004,W01,11,11,0
20251119,P004,W01,11,11,0
20251120,P004,W01,12,12,0
20251121,P004,W01,22,22,0
20251122,P004,W01,10,10,0
20251123,P004,W01,6,6,0
20251124,P004,W01,11,11,0
20251125,P004,W01,14,14,0
20251126,P004,W01,11,11,0
20251127,P004,W01,12,12,0
20251128,P004,W01,10,10,0
20251129,P004,W01,13,13,0
20251130,P004,W01,12,12,0
20251201,P004,W01,19,19,0
20251202,P004,W01,16,16,0
20251203,P004,W01,17,17,0
20251204,P004,W01,25,25,0
20251205,P004,W01,18,18,0
20251206,P004,W01,19,19,0
20251207,P004,W01,11,11,0
20251208,P004,W01,17,17,0
20251209,P004,W01,18,18,0
20251210,P004,W01,17,17,0
20251211,P004,W01,10,10,0
20251212,P004,W01,17,17,0
20251213,P004,W01,16,16,0
20251214,P004,W01,11,11,0
20251215,P004,W01,19,19,0
20251216,P004,W01,19,19,0
20251217,P004,W01,15,15,0
20251218,P004,W01,26,26,0
20251219,P004,W01,19,19,0
20251220,P004,W01,23,23,0
20251221,P004,W01,10,10,0
20251222,P004,W01,19,19,0
20251223,P004,W01,19,19,0
20251224,P004,W01,13,13,0
20251225,P004,W01,18,18,0
20251226,P004,W01,23,23,0
20251227,P004,W01,19,19,0
20251228,P004,W01,12,12,0
20251229,P004,W01,13,13,0
20251230,P004,W01,14,14,0
20251231,P004,W01,11,11,0
20260101,P004,W01,17,17,0
20260102,P004,W01,10,10,0
20260103,P004,W01,19,19,0
20260104,P004,W01,10,10,0
20260105,P004,W01,24,24,0
20260106,P004,W01,21,21,0
20260107,P004,W01,18,18,0
20260108,P004,W01,18,18,0
20260109,P004,W01,15,15,0
20260110,P004,W01,17,17,0
20260111,P004,W01,11,11,0
20260112,P004,W01,20,20,0
20260113,P004,W01,19,19,0
20260114,P004,W01,22,22,0
20260115,P004,W01,16,16,0
20260116,P004,W01,14,14,0
20260117,P004,W01,13,13,0
20260118,P004,W01,16,16,0
20260119,P004,W01,22,22,0
20260120,P004,W01,21,21,0
20260121,P004,W01,15,15,0
20260122,P004,W01,11,11,0
20260123,P004,W01,12,12,0
20260124,P004,W01,15,15,0
20260125,P004,W01,11,11,0
20260126,P004,W01,14,14,0
20260127,P004,W01,14,14,0
20260128,P004,W01,12,12,0
20260129,P004,W01,14,14,0
20260130,P004,W01,23,23,0
20260131,P004,W01,17,17,0
20260201,P004,W01,11,11,0
20260202,P004,W01,15,15,0
20260203,P004,W01,17,17,0
20260204,P004,W01,16,16,0
20260205,P004,W01,16,16,0
20260206,P004,W01,16,16,0
20260207,P004,W01,16,16,0
20260208,P004,W01,16,16,0
20260209,P004,W01,15,15,0
20260210,P004,W01,16,16,0
20260211,P004,W01,14,14,0
20260212,P004,W01,15,15,0
20260213,P004,W01,25,25,0
20260214,P004,W01,18,18,0
20260215,P004,W01,11,11,0
20260216,P004,W01,14,14,0
20260217,P004,W01,11,11,0
20260218,P004,W01,13,13,0
20260219,P004,W01,12,12,0
20260220,P004,W01,15,15,0
20260221,P004,W01,15,15,0
20260222,P004,W01,16,16,0
20260223,P004,W01,20,20,0
20260224,P004,W01,12,12,0
20260225,P004,W01,13,13,0
20260226,P004,W01,13,13,0
20260227,P004,W01,19,19,0
20260228,P004,W01,18,18,0
20260301,P004,W01,16,16,0
20260302,P004,W01,17,17,0
20260303,P004,W01,11,11,0
20260304,P004,W01,7,7,0
20260305,P004,W01,9,9,0
20260306,P004,W01,12,12,0
20260307,P004,W01,16,16,0
20260308,P004,W01,11,11,0
20260309,P004,W01,16,16,0
20260310,P004,W01,13,13,0
20260311,P004,W01,13,13,0
20260312,P004,W01,19,19,0
20260313,P004,W01,17,17,0
20260314,P004,W01,20,20,0
20260315,P004,W01,9,9,0
20260316,P004,W01,13,13,0
20260317,P004,W01,9,9,0
20260318,P004,W01,10,10,0
20260319,P004,W01,10,10,0
20260320,P004,W01,14,14,0
20260321,P004,W01,21,21,0
20260322,P004,W01,14,14,0
20260323,P004,W01,17,17,0
20260324,P004,W01,17,17,0
20260325,P004,W01,18,18,0
20260326,P004,W01,16,16,0
20260327,P004,W01,13,13,0
20260328,P004,W01,21,21,0
20260329,P004,W01,12,12,0
20260330,P004,W01,13,13,0
20260331,P004,W01,16,16,0
20260401,P004,W01,5,5,0
20260402,P004,W01,15,15,0
20260403,P004,W01,7,7,0
20260404,P004,W01,11,11,0
20260405,P004,W01,10,10,0
20260406,P004,W01,7,7,0
20260407,P004,W01,20,20,0
20260408,P004,W01,8,8,0
20260409,P004,W01,11,11,0
20260410,P004,W01,9,9,0
20260411,P004,W01,10,10,0
20260412,P004,W01,5,5,0
20260413,P004,W01,14,14,0
20260414,P004,W01,17,17,0
20260415,P004,W01,14,14,0
20260416,P004,W01,8,8,0
20260417,P004,W01,18,18,0
20260418,P004,W01,13,13,0
20260419,P004,W01,3,3,0
20260420,P004,W01,13,13,0
20260421,P004,W01,10,10,0
20260422,P004,W01,10,10,0
20260423,P004,W01,8,8,0
20260424,P004,W01,19,19,0
20260425,P004,W01,11,11,0
20260426,P004,W01,10,10,0
20260427,P004,W01,14,14,0
20260428,P004,W01,7,7,0
20260429,P004,W01,10,10,0
20260430,P004,W01,13,13,0
20260501,P004,W01,6,6,0
20260502,P004,W01,5,5,0
20260503,P004,W01,8,8,0
20260504,P004,W01,11,11,0
20260505,P004,W01,9,9,0
20260506,P004,W01,13,13,0
20260507,P004,W01,6,6,0
20260508,P004,W01,6,6,0
20260509,P004,W01,14,14,0
20260510,P004,W01,6,6,0
20260511,P004,W01,14,14,0
20260512,P004,W01,9,9,0
20260513,P004,W01,13,13,0
20260514,P004,W01,9,9,0
20260515,P004,W01,12,12,0
20260516,P004,W01,9,9,0
20260517,P004,W01,6,6,0
20260518,P004,W01,6,6,0
20260519,P004,W01,12,12,0
20260520,P004,W01,10,10,0
20260521,P004,W01,10,10,0
20260522,P004,W01,6,6,0
20260523,P004,W01,9,9,0
20260524,P004,W01,5,5,0
20260525,P004,W01,11,11,0
20260526,P004,W01,10,10,0
20260527,P004,W01,10,10,0
20260528,P004,W01,6,6,0
20260529,P004,W01,10,10,0
20260530,P004,W01,8,8,0
20260531,P004,W01,6,6,0
20260601,P004,W01,15,15,0
20260602,P004,W01,13,13,0
20260603,P004,W01,11,11,0
20260604,P004,W01,10,10,0
20260605,P004,W01,11,11,0
20260606,P004,W01,11,11,0
20260607,P004,W01,10,10,0
20260608,P004,W01,8,8,0
20260609,P004,W01,12,12,0
20260610,P004,W01,10,10,0
20260611,P004,W01,9,9,0
20260612,P004,W01,13,13,0
20260613,P004,W01,12,12,0
20260614,P004,W01,8,8,0
20260615,P004,W01,14,14,0
20260616,P004,W01,10,10,0
20260617,P004,W01,11,11,0
20260618,P004,W01,11,11,0
20260619,P004,W01,12,12,0
20260620,P004,W01,12,12,0
20260621,P004,W01,7,7,0
20260622,P004,W01,11,11,0
20260623,P004,W01,9,9,0
20260624,P004,W01,6,6,0
20260625,P004,W01,14,14,0
20260626,P004,W01,11,11,0
20260627,P004,W01,5,5,0
20260628,P004,W01,9,9,0
20260629,P004,W01,9,9,0
20260630,P004,W01,10,10,0
20260701,P004,W01,9,9,0
20260702,P004,W01,7,7,0
20260703,P004,W01,12,12,0
20260704,P004,W01,13,13,0
20260705,P004,W01,5,5,0
20260706,P004,W01,13,13,0
20260707,P004,W01,13,13,0
20260708,P004,W01,9,9,0
20260709,P004,W01,11,11,0
20260710,P004,W01,14,14,0
20260711,P004,W01,17,17,0
20260712,P004,W01,10,10,0
20260713,P004,W01,10,10,0
20260714,P004,W01,11,11,0
20260715,P004,W01,5,5,0
20260716,P004,W01,7,7,0
20260717,P004,W01,8,8,0
20260718,P004,W01,10,10,0
20260719,P004,W01,5,5,0
20260720,P004,W01,12,12,0
20260721,P004,W01,14,14,0
20260722,P004,W01,9,9,0
20260723,P004,W01,15,15,0
20260724,P004,W01,11,11,0
20260725,P004,W01,15,15,0
20260726,P004,W01,5,5,0
20260727,P004,W01,9,9,0
20260728,P004,W01,11,11,0
20260729,P004,W01,10,10,0
20260730,P004,W01,11,11,0
20260731,P004,W01,17,17,0
20260801,P004,W01,16,16,0
20260802,P004,W01,6,6,0
20260803,P004,W01,10,10,0
20260804,P004,W01,11,11,0
20260805,P004,W01,15,15,0
20260806,P004,W01,10,10,0
20260807,P004,W01,11,11,0
20260808,P004,W01,16,16,0
20260809,P004,W01,6,6,0
20260810,P004,W01,10,10,0
20260811,P004,W01,8,8,0
20260812,P004,W01,8,8,0
20260813,P004,W01,12,12,0
20260814,P004,W01,13,13,0
20260815,P004,W01,13,13,0
20260816,P004,W01,6,6,0
20260817,P004,W01,11,11,0
20260818,P004,W01,11,11,0
20260819,P004,W01,15,15,0
20260820,P004,W01,10,10,0
20260821,P004,W01,17,17,0
20260822,P004,W01,6,6,0
20260823,P004,W01,12,12,0
20260824,P004,W01,12,12,0
20260825,P004,W01,10,10,0
20260826,P004,W01,10,10,0
20260827,P004,W01,12,12,0
20260828,P004,W01,6,6,0
20260829,P004,W01,13,13,0
20260830,P004,W01,4,4,0
20260831,P004,W01,9,9,0
20260901,P004,W01,11,11,0
20260902,P004,W01,14,14,0
20260903,P004,W01,9,9,0
20260904,P004,W01,14,14,0
20260905,P004,W01,16,16,0
20260906,P004,W01,6,6,0
20260907,P004,W01,9,9,0
20260908,P004,W01,17,17,0
20260909,P004,W01,8,8,0
20260910,P004,W01,11,11,0
20260911,P004,W01,12,12,0
20260912,P004,W01,11,11,0
20260913,P004,W01,8,8,0
20260914,P004,W01,7,7,0
20260915,P004,W01,10,10,0
20260916,P004,W01,14,14,0
20260917,P004,W01,15,15,0
20260918,P004,W01,15,15,0
20260919,P004,W01,13,13,0
20260920,P004,W01,12,12,0
20260921,P004,W01,17,17,0
20260922,P004,W01,7,7,0
20260923,P004,W01,16,16,0
20260924,P004,W01,6,6,0
20260925,P004,W01,16,16,0
20260926,P004,W01,8,8,0
20260927,P004,W01,11,11,0
20260928,P004,W01,15,15,0
20260929,P004,W01,15,15,0
20260930,P004,W01,9,9,0
20251001,P004,W02,13,13,0
20251002,P004,W02,6,6,0
20251003,P004,W02,18,18,0
20251004,P004,W02,19,19,0
20251005,P004,W02,16,16,0
20251006,P004,W02,10,10,0
20251007,P004,W02,15,15,0
20251008,P004,W02,18,18,0
20251009,P004,W02,13,13,0
20251010,P004,W02,20,20,0
20251011,P004,W02,16,16,0
20251012,P004,W02,11,11,0
20251013,P004,W02,10,10,0
20251014,P004,W02,12,12,0
20251015,P004,W02,10,10,0
20251016,P004,W02,16,16,0
20251017,P004,W02,19,19,0
20251018,P004,W02,16,16,0
20251019,P004,W02,8,8,0
20251020,P004,W02,14,14,0
20251021,P004,W02,14,14,0
20251022,P004,W02,17,17,0
20251023,P004,W02,14,14,0
20251024,P004,W02,10,10,0
20251025,P004,W02,13,13,0
20251026,P004,W02,6,6,0
20251027,P004,W02,13,13,0
20251028,P004,W02,21,21,0
20251029,P004,W02,13,13,0
20251030,P004,W02,23,23,0
20251031,P004,W02,22,22,0
20251101,P004,W02,14,14,0
20251102,P004,W02,9,9,0
20251103,P004,W02,12,12,0
20251104,P004,W02,20,20,0
20251105,P004,W02,17,17,0
20251106,P004,W02,13,13,0
20251107,P004,W02,11,11,0
20251108,P004,W02,16,16,0
20251109,P004,W02,10,10,0
20251110,P004,W02,15,15,0
20251111,P004,W02,18,18,0
20251112,P004,W02,16,16,0
20251113,P004,W02,21,21,0
20251114,P004,W02,14,14,0
20251115,P004,W02,10,10,0
20251116,P004,W02,9,9,0
20251117,P004,W02,11,11,0
20251118,P004,W02,18,18,0
20251119,P004,W02,15,15,0
20251120,P004,W02,21,21,0
20251121,P004,W02,20,20,0
20251122,P004,W02,23,23,0
20251123,P004,W02,8,8,0
20251124,P004,W02,15,15,0
20251125,P004,W02,16,16,0
20251126,P004,W02,12,12,0
20251127,P004,W02,19,19,0
20251128,P004,W02,18,18,0
20251129,P004,W02,15,15,0
20251130,P004,W02,7,7,0
20251201,P004,W02,25,25,0
20251202,P004,W02,18,18,0
20251203,P004,W02,25,25,0
20251204,P004,W02,20,20,0
20251205,P004,W02,16,16,0
20251206,P004,W02,23,23,0
20251207,P004,W02,9,9,0
20251208,P004,W02,22,22,0
20251209,P004,W02,24,24,0
20251210,P004,W02,13,13,0
20251211,P004,W02,21,21,0
20251212,P004,W02,15,15,0
20251213,P004,W02,19,19,0
20251214,P004,W02,8,8,0
20251215,P004,W02,13,13,0
20251216,P004,W02,12,12,0
20251217,P004,W02,21,21,0
20251218,P004,W02,20,20,0
20251219,P004,W02,25,25,0
20251220,P004,W02,24,24,0
20251221,P004,W02,8,8,0
20251222,P004,W02,22,22,0
20251223,P004,W02,21,21,0
20251224,P004,W02,25,25,0
20251225,P004,W02,12,12,0
20251226,P004,W02,13,13,0
20251227,P004,W02,23,23,0
20251228,P004,W02,9,9,0
20251229,P004,W02,24,24,0
20251230,P004,W02,15,15,0
20251231,P004,W02,24,24,0
20260101,P004,W02,21,21,0
20260102,P004,W02,19,19,0
20260103,P004,W02,10,10,0
20260104,P004,W02,6,6,0
20260105,P004,W02,16,16,0
20260106,P004,W02,25,25,0
20260107,P004,W02,14,14,0
20260108,P004,W02,18,18,0
20260109,P004,W02,23,23,0
20260110,P004,W02,15,15,0
20260111,P004,W02,13,13,0
20260112,P004,W02,19,19,0
20260113,P004,W02,13,13,0
20260114,P004,W02,28,28,0
20260115,P004,W02,16,16,0
20260116,P004,W02,15,15,0
20260117,P004,W02,19,19,0
20260118,P004,W02,14,14,0
20260119,P004,W02,21,21,0
20260120,P004,W02,22,22,0
20260121,P004,W02,22,22,0
20260122,P004,W02,15,15,0
20260123,P004,W02,24,24,0
20260124,P004,W02,27,27,0
20260125,P004,W02,14,14,0
20260126,P004,W02,24,24,0
20260127,P004,W02,22,22,0
20260128,P004,W02,18,18,0
20260129,P004,W02,14,14,0
20260130,P004,W02,12,12,0
20260131,P004,W02,15,15,0
20260201,P004,W02,11,1,10
20260202,P004,W02,14,14,0
20260203,P004,W02,15,15,0
20260204,P004,W02,19,19,0
20260205,P004,W02,22,22,0
20260206,P004,W02,12,12,0
20260207,P004,W02,20,20,0
20260208,P004,W02,6,6,0
20260209,P004,W02,15,15,0
20260210,P004,W02,18,18,0
20260211,P004,W02,17,17,0
20260212,P004,W02,16,16,0
20260213,P004,W02,21,21,0
20260214,P004,W02,13,13,0
20260215,P004,W02,9,9,0
20260216,P004,W02,18,18,0
20260217,P004,W02,24,24,0
20260218,P004,W02,14,14,0
20260219,P004,W02,16,16,0
20260220,P004,W02,14,14,0
20260221,P004,W02,11,11,0
20260222,P004,W02,17,17,0
20260223,P004,W02,15,15,0
20260224,P004,W02,18,18,0
20260225,P004,W02,20,20,0
20260226,P004,W02,20,20,0
20260227,P004,W02,23,23,0
20260228,P004,W02,11,11,0
20260301,P004,W02,9,9,0
20260302,P004,W02,9,9,0
20260303,P004,W02,18,18,0
20260304,P004,W02,15,15,0
20260305,P004,W02,19,19,0
20260306,P004,W02,13,13,0
20260307,P004,W02,16,16,0
20260308,P004,W02,11,11,0
20260309,P004,W02,8,8,0
20260310,P004,W02,9,9,0
20260311,P004,W02,14,14,0
20260312,P004,W02,10,10,0
20260313,P004,W02,8,8,0
20260314,P004,W02,14,14,0
20260315,P004,W02,12,12,0
20260316,P004,W02,22,22,0
20260317,P004,W02,14,14,0
20260318,P004,W02,14,14,0
20260319,P004,W02,10,10,0
20260320,P004,W02,13,13,0
20260321,P004,W02,17,17,0
20260322,P004,W02,9,9,0
20260323,P004,W02,15,15,0
20260324,P004,W02,16,16,0
20260325,P004,W02,12,12,0
20260326,P004,W02,11,11,0
20260327,P004,W02,14,14,0
20260328,P004,W02,15,15,0
20260329,P004,W02,6,6,0
20260330,P004,W02,15,15,0
20260331,P004,W02,14,14,0
20260401,P004,W02,13,13,0
20260402,P004,W02,14,14,0
20260403,P004,W02,10,10,0
20260404,P004,W02,14,14,0
20260405,P004,W02,7,7,0
20260406,P004,W02,9,9,0
20260407,P004,W02,10,10,0
20260408,P004,W02,11,11,0
20260409,P004,W02,14,14,0
20260410,P004,W02,13,13,0
20260411,P004,W02,14,14,0
20260412,P004,W02,10,10,0
20260413,P004,W02,8,8,0
20260414,P004,W02,15,15,0
20260415,P004,W02,8,8,0
20260416,P004,W02,10,10,0
20260417,P004,W02,14,14,0
20260418,P004,W02,13,13,0
20260419,P004,W02,8,8,0
20260420,P004,W02,13,13,0
20260421,P004,W02,8,8,0
20260422,P004,W02,14,14,0
20260423,P004,W02,11,11,0
20260424,P004,W02,16,16,0
20260425,P004,W02,10,10,0
20260426,P004,W02,8,8,0
20260427,P004,W02,19,19,0
20260428,P004,W02,7,7,0
20260429,P004,W02,11,11,0
20260430,P004,W02,14,14,0
20260501,P004,W02,9,9,0
20260502,P004,W02,15,15,0
20260503,P004,W02,7,7,0
20260504,P004,W02,10,10,0
20260505,P004,W02,7,7,0
20260506,P004,W02,6,6,0
20260507,P004,W02,11,11,0
20260508,P004,W02,14,14,0
20260509,P004,W02,5,5,0
20260510,P004,W02,7,7,0
20260511,P004,W02,9,9,0
20260512,P004,W02,8,8,0
20260513,P004,W02,11,11,0
20260514,P004,W02,8,8,0
20260515,P004,W02,15,15,0
20260516,P004,W02,6,6,0
20260517,P004,W02,4,4,0
20260518,P004,W02,11,11,0
20260519,P004,W02,10,10,0
20260520,P004,W02,10,10,0
20260521,P004,W02,17,17,0
20260522,P004,W02,10,10,0
20260523,P004,W02,13,13,0
20260524,P004,W02,6,6,0
20260525,P004,W02,13,13,0
20260526,P004,W02,10,10,0
20260527,P004,W02,9,9,0
20260528,P004,W02,12,12,0
20260529,P004,W02,12,12,0
20260530,P004,W02,12,12,0
20260531,P004,W02,8,8,0
20260601,P004,W02,9,9,0
20260602,P004,W02,17,17,0
20260603,P004,W02,8,8,0
20260604,P004,W02,15,15,0
20260605,P004,W02,6,6,0
20260606,P004,W02,4,4,0
20260607,P004,W02,11,11,0
20260608,P004,W02,6,6,0
20260609,P004,W02,12,12,0
20260610,P004,W02,12,12,0
20260611,P004,W02,14,14,0
20260612,P004,W02,7,7,0
20260613,P004,W02,11,11,0
20260614,P004,W02,4,4,0
20260615,P004,W02,7,7,0
20260616,P004,W02,12,12,0
20260617,P004,W02,8,8,0
20260618,P004,W02,16,16,0
20260619,P004,W02,14,14,0
20260620,P004,W02,12,12,0
20260621,P004,W02,7,7,0
20260622,P004,W02,9,9,0
20260623,P004,W02,16,16,0
20260624,P004,W02,13,13,0
20260625,P004,W02,10,10,0
20260626,P004,W02,8,8,0
20260627,P004,W02,8,8,0
20260628,P004,W02,2,2,0
20260629,P004,W02,12,12,0
20260630,P004,W02,11,11,0
20260701,P004,W02,10,10,0
20260702,P004,W02,14,14,0
20260703,P004,W02,9,9,0
20260704,P004,W02,15,15,0
20260705,P004,W02,8,8,0
20260706,P004,W02,14,14,0
20260707,P004,W02,12,12,0
20260708,P004,W02,11,11,0
20260709,P004,W02,13,13,0
20260710,P004,W02,9,9,0
20260711,P004,W02,14,14,0
20260712,P004,W02,4,4,0
20260713,P004,W02,12,12,0
20260714,P004,W02,19,19,0
20260715,P004,W02,14,14,0
20260716,P004,W02,13,13,0
20260717,P004,W02,9,9,0
20260718,P004,W02,15,15,0
20260719,P004,W02,8,8,0
20260720,P004,W02,8,8,0
20260721,P004,W02,18,18,0
20260722,P004,W02,12,12,0
20260723,P004,W02,6,6,0
20260724,P004,W02,9,9,0
20260725,P004,W02,9,9,0
20260726,P004,W02,7,7,0
20260727,P004,W02,10,10,0
20260728,P004,W02,14,14,0
20260729,P004,W02,13,13,0
20260730,P004,W02,10,10,0
20260731,P004,W02,8,8,0
20260801,P004,W02,11,11,0
20260802,P004,W02,5,5,0
20260803,P004,W02,12,12,0
20260804,P004,W02,14,14,0
20260805,P004,W02,6,6,0
20260806,P004,W02,7,7,0
20260807,P004,W02,9,9,0
20260808,P004,W02,15,15,0
20260809,P004,W02,3,3,0
20260810,P004,W02,24,24,0
20260811,P004,W02,10,10,0
20260812,P004,W02,6,6,0
20260813,P004,W02,12,12,0
20260814,P004,W02,11,11,0
20260815,P004,W02,10,10,0
20260816,P004,W02,9,9,0
20260817,P004,W02,14,14,0
20260818,P004,W02,17,17,0
20260819,P004,W02,11,11,0
20260820,P004,W02,10,10,0
20260821,P004,W02,11,11,0
20260822,P004,W02,17,17,0
20260823,P004,W02,8,8,0
20260824,P004,W02,10,10,0
20260825,P004,W02,9,9,0
20260826,P004,W02,11,11,0
20260827,P004,W02,11,11,0
20260828,P004,W02,10,10,0
20260829,P004,W02,9,9,0
20260830,P004,W02,4,4,0
20260831,P004,W02,10,10,0
20260901,P004,W02,16,16,0
20260902,P004,W02,11,11,0
20260903,P004,W02,18,18,0
20260904,P004,W02,15,15,0
20260905,P004,W02,11,11,0
20260906,P004,W02,5,5,0
20260907,P004,W02,9,9,0
20260908,P004,W02,16,16,0
20260909,P004,W02,13,13,0
20260910,P004,W02,10,10,0
20260911,P004,W02,11,11,0
20260912,P004,W02,14,14,0
20260913,P004,W02,6,6,0
20260914,P004,W02,13,13,0
20260915,P004,W02,14,14,0
20260916,P004,W02,12,12,0
20260917,P004,W02,13,13,0
20260918,P004,W02,13,13,0
20260919,P004,W02,17,17,0
20260920,P004,W02,10,10,0
20260921,P004,W02,13,13,0
20260922,P004,W02,20,20,0
20260923,P004,W02,11,11,0
20260924,P004,W02,6,6,0
20260925,P004,W02,17,17,0
20260926,P004,W02,15,15,0
20260927,P004,W02,4,4,0
20260928,P004,W02,17,17,0
20260929,P004,W02,10,10,0
20260930,P004,W02,9,9,0
20251001,P004,W03,13,13,0
20251002,P004,W03,6,6,0
20251003,P004,W03,18,18,0
20251004,P004,W03,15,15,0
20251005,P004,W03,7,7,0
20251006,P004,W03,9,9,0
20251007,P004,W03,10,10,0
20251008,P004,W03,8,8,0
20251009,P004,W03,10,10,0
20251010,P004,W03,12,12,0
20251011,P004,W03,14,14,0
20251012,P004,W03,7,7,0
20251013,P004,W03,13,13,0
20251014,P004,W03,6,6,0
20251015,P004,W03,9,9,0
20251016,P004,W03,16,16,0
20251017,P004,W03,6,6,0
20251018,P004,W03,13,13,0
20251019,P004,W03,2,2,0
20251020,P004,W03,10,10,0
20251021,P004,W03,11,11,0
20251022,P004,W03,10,10,0
20251023,P004,W03,9,9,0
20251024,P004,W03,17,17,0
20251025,P004,W03,11,11,0
20251026,P004,W03,5,5,0
20251027,P004,W03,16,16,0
20251028,P004,W03,14,14,0
20251029,P004,W03,9,9,0
20251030,P004,W03,9,9,0
20251031,P004,W03,6,6,0
20251101,P004,W03,12,12,0
20251102,P004,W03,11,11,0
20251103,P004,W03,20,20,0
20251104,P004,W03,17,17,0
20251105,P004,W03,13,13,0
20251106,P004,W03,12,12,0
20251107,P004,W03,14,14,0
20251108,P004,W03,17,17,0
20251109,P004,W03,12,12,0
20251110,P004,W03,9,9,0
20251111,P004,W03,16,16,0
20251112,P004,W03,9,9,0
20251113,P004,W03,13,13,0
20251114,P004,W03,14,14,0
20251115,P004,W03,12,12,0
20251116,P004,W03,6,6,0
20251117,P004,W03,17,17,0
20251118,P004,W03,10,10,0
20251119,P004,W03,8,8,0
20251120,P004,W03,19,19,0
20251121,P004,W03,9,9,0
20251122,P004,W03,12,12,0
20251123,P004,W03,14,14,0
20251124,P004,W03,15,15,0
20251125,P004,W03,13,13,0
20251126,P004,W03,13,13,0
20251127,P004,W03,14,14,0
20251128,P004,W03,9,9,0
20251129,P004,W03,19,19,0
20251130,P004,W03,7,7,0
20251201,P004,W03,11,11,0
20251202,P004,W03,18,18,0
20251203,P004,W03,16,16,0
20251204,P004,W03,15,15,0
20251205,P004,W03,17,17,0
20251206,P004,W03,11,11,0
20251207,P004,W03,5,5,0
20251208,P004,W03,11,11,0
20251209,P004,W03,20,20,0
20251210,P004,W03,10,10,0
20251211,P004,W03,20,20,0
20251212,P004,W03,15,15,0
20251213,P004,W03,15,15,0
20251214,P004,W03,10,10,0
20251215,P004,W03,13,13,0
20251216,P004,W03,17,17,0
20251217,P004,W03,15,15,0
20251218,P004,W03,17,17,0
20251219,P004,W03,13,13,0
20251220,P004,W03,9,9,0
20251221,P004,W03,6,6,0
20251222,P004,W03,15,15,0
20251223,P004,W03,17,17,0
20251224,P004,W03,11,11,0
20251225,P004,W03,13,13,0
20251226,P004,W03,11,11,0
20251227,P004,W03,18,18,0
20251228,P004,W03,6,6,0
20251229,P004,W03,13,13,0
20251230,P004,W03,16,16,0
20251231,P004,W03,19,19,0
20260101,P004,W03,19,19,0
20260102,P004,W03,18,18,0
20260103,P004,W03,14,14,0
20260104,P004,W03,5,5,0
20260105,P004,W03,10,10,0
20260106,P004,W03,9,9,0
20260107,P004,W03,18,18,0
20260108,P004,W03,13,13,0
20260109,P004,W03,13,13,0
20260110,P004,W03,17,17,0
20260111,P004,W03,12,12,0
20260112,P004,W03,14,14,0
20260113,P004,W03,14,14,0
20260114,P004,W03,9,9,0
20260115,P004,W03,16,16,0
20260116,P004,W03,21,21,0
20260117,P004,W03,13,13,0
20260118,P004,W03,14,14,0
20260119,P004,W03,18,18,0
20260120,P004,W03,13,13,0
20260121,P004,W03,10,10,0
20260122,P004,W03,21,21,0
20260123,P004,W03,8,8,0
20260124,P004,W03,16,16,0
20260125,P004,W03,9,9,0
20260126,P004,W03,15,15,0
20260127,P004,W03,15,15,0
20260128,P004,W03,11,11,0
20260129,P004,W03,13,13,0
20260130,P004,W03,19,19,0
20260131,P004,W03,21,21,0
20260201,P004,W03,16,16,0
20260202,P004,W03,15,15,0
20260203,P004,W03,9,9,0
20260204,P004,W03,11,11,0
20260205,P004,W03,14,14,0
20260206,P004,W03,11,11,0
20260207,P004,W03,13,13,0
20260208,P004,W03,9,9,0
20260209,P004,W03,9,9,0
20260210,P004,W03,18,18,0
20260211,P004,W03,12,12,0
20260212,P004,W03,18,18,0
20260213,P004,W03,9,9,0
20260214,P004,W03,14,14,0
20260215,P004,W03,8,8,0
20260216,P004,W03,13,13,0
20260217,P004,W03,13,13,0
20260218,P004,W03,12,12,0
20260219,P004,W03,16,16,0
20260220,P004,W03,20,20,0
20260221,P004,W03,12,12,0
20260222,P004,W03,11,11,0
20260223,P004,W03,16,16,0
20260224,P004,W03,16,16,0
20260225,P004,W03,10,10,0
20260226,P004,W03,18,18,0
20260227,P004,W03,14,14,0
20260228,P004,W03,12,12,0
20260301,P004,W03,7,7,0
20260302,P004,W03,15,15,0
20260303,P004,W03,14,14,0
20260304,P004,W03,8,8,0
20260305,P004,W03,6,6,0
20260306,P004,W03,16,16,0
20260307,P004,W03,10,10,0
20260308,P004,W03,7,7,0
20260309,P004,W03,8,8,0
20260310,P004,W03,12,12,0
20260311,P004,W03,11,11,0
20260312,P004,W03,7,7,0
20260313,P004,W03,10,10,0
20260314,P004,W03,18,18,0
20260315,P004,W03,2,2,0
20260316,P004,W03,9,9,0
20260317,P004,W03,10,10,0
20260318,P004,W03,10,10,0
20260319,P004,W03,11,11,0
20260320,P004,W03,11,11,0
20260321,P004,W03,14,14,0
20260322,P004,W03,2,2,0
20260323,P004,W03,14,14,0
20260324,P004,W03,8,8,0
20260325,P004,W03,6,6,0
20260326,P004,W03,11,11,0
20260327,P004,W03,12,12,0
20260328,P004,W03,12,12,0
20260329,P004,W03,9,9,0
20260330,P004,W03,13,13,0
20260331,P004,W03,7,7,0
20260401,P004,W03,10,10,0
20260402,P004,W03,12,12,0
20260403,P004,W03,8,8,0
20260404,P004,W03,9,9,0
20260405,P004,W03,5,5,0
20260406,P004,W03,7,7,0
20260407,P004,W03,7,7,0
20260408,P004,W03,7,7,0
20260409,P004,W03,10,10,0
20260410,P004,W03,6,6,0
20260411,P004,W03,12,12,0
20260412,P004,W03,5,5,0
20260413,P004,W03,6,6,0
20260414,P004,W03,13,13,0
20260415,P004,W03,13,13,0
20260416,P004,W03,7,7,0
20260417,P004,W03,11,11,0
20260418,P004,W03,9,9,0
20260419,P004,W03,6,6,0
20260420,P004,W03,8,8,0
20260421,P004,W03,14,14,0
20260422,P004,W03,10,10,0
20260423,P004,W03,8,8,0
20260424,P004,W03,9,9,0
20260425,P004,W03,10,10,0
20260426,P004,W03,10,10,0
20260427,P004,W03,14,14,0
20260428,P004,W03,5,5,0
20260429,P004,W03,7,7,0
20260430,P004,W03,13,13,0
20260501,P004,W03,7,7,0
20260502,P004,W03,8,8,0
20260503,P004,W03,3,3,0
20260504,P004,W03,9,9,0
20260505,P004,W03,6,6,0
20260506,P004,W03,15,15,0
20260507,P004,W03,6,6,0
20260508,P004,W03,7,7,0
20260509,P004,W03,9,9,0
20260510,P004,W03,1,1,0
20260511,P004,W03,3,3,0
20260512,P004,W03,11,11,0
20260513,P004,W03,5,5,0
20260514,P004,W03,16,16,0
20260515,P004,W03,8,8,0
20260516,P004,W03,7,7,0
20260517,P004,W03,5,5,0
20260518,P004,W03,7,7,0
20260519,P004,W03,6,6,0
20260520,P004,W03,7,7,0
20260521,P004,W03,8,8,0
20260522,P004,W03,10,10,0
20260523,P004,W03,9,9,0
20260524,P004,W03,5,5,0
20260525,P004,W03,12,12,0
20260526,P004,W03,6,6,0
20260527,P004,W03,10,10,0
20260528,P004,W03,9,9,0
20260529,P004,W03,7,7,0
20260530,P004,W03,14,14,0
20260531,P004,W03,4,4,0
20260601,P004,W03,9,9,0
20260602,P004,W03,5,5,0
20260603,P004,W03,3,3,0
20260604,P004,W03,9,9,0
20260605,P004,W03,8,8,0
20260606,P004,W03,9,9,0
20260607,P004,W03,4,4,0
20260608,P004,W03,7,7,0
20260609,P004,W03,5,5,0
20260610,P004,W03,7,7,0
20260611,P004,W03,10,10,0
20260612,P004,W03,17,17,0
20260613,P004,W03,7,7,0
20260614,P004,W03,6,6,0
20260615,P004,W03,7,7,0
20260616,P004,W03,13,13,0
20260617,P004,W03,7,7,0
20260618,P004,W03,11,11,0
20260619,P004,W03,10,10,0
20260620,P004,W03,9,9,0
20260621,P004,W03,7,7,0
20260622,P004,W03,9,9,0
20260623,P004,W03,13,13,0
20260624,P004,W03,7,7,0
20260625,P004,W03,10,10,0
20260626,P004,W03,8,8,0
20260627,P004,W03,6,6,0
20260628,P004,W03,6,6,0
20260629,P004,W03,13,13,0
20260630,P004,W03,12,12,0
20260701,P004,W03,9,9,0
20260702,P004,W03,10,10,0
20260703,P004,W03,9,9,0
20260704,P004,W03,8,8,0
20260705,P004,W03,7,7,0
20260706,P004,W03,5,0,5
20260707,P004,W03,12,0,12
20260708,P004,W03,7,0,7
20260709,P004,W03,14,0,14
20260710,P004,W03,14,0,14
20260711,P004,W03,6,0,6
20260712,P004,W03,9,0,9
20260713,P004,W03,16,0,16
20260714,P004,W03,16,0,16
20260715,P004,W03,4,0,4
20260716,P004,W03,8,0,8
20260717,P004,W03,12,0,12
20260718,P004,W03,13,0,13
20260719,P004,W03,6,6,0
20260720,P004,W03,9,9,0
20260721,P004,W03,7,7,0
20260722,P004,W03,6,6,0
20260723,P004,W03,14,14,0
20260724,P004,W03,15,15,0
20260725,P004,W03,9,9,0
20260726,P004,W03,4,4,0
20260727,P004,W03,8,8,0
20260728,P004,W03,11,11,0
20260729,P004,W03,5,5,0
20260730,P004,W03,14,14,0
20260731,P004,W03,9,9,0
20260801,P004,W03,14,14,0
20260802,P004,W03,5,5,0
20260803,P004,W03,11,11,0
20260804,P004,W03,6,6,0
20260805,P004,W03,6,6,0
20260806,P004,W03,8,8,0
20260807,P004,W03,9,9,0
20260808,P004,W03,9,9,0
20260809,P004,W03,3,3,0
20260810,P004,W03,10,10,0
20260811,P004,W03,14,14,0
20260812,P004,W03,7,7,0
20260813,P004,W03,9,9,0
20260814,P004,W03,12,12,0
20260815,P004,W03,10,10,0
20260816,P004,W03,3,3,0
20260817,P004,W03,4,4,0
20260818,P004,W03,10,10,0
20260819,P004,W03,13,13,0
20260820,P004,W03,9,9,0
20260821,P004,W03,4,4,0
20260822,P004,W03,7,7,0
20260823,P004,W03,5,5,0
20260824,P004,W03,11,11,0
20260825,P004,W03,12,12,0
20260826,P004,W03,6,6,0
20260827,P004,W03,6,6,0
20260828,P004,W03,9,9,0
20260829,P004,W03,14,14,0
20260830,P004,W03,5,5,0
20260831,P004,W03,13,13,0
20260901,P004,W03,9,9,0
20260902,P004,W03,10,10,0
20260903,P004,W03,10,10,0
20260904,P004,W03,10,10,0
20260905,P004,W03,11,11,0
20260906,P004,W03,7,7,0
20260907,P004,W03,14,14,0
20260908,P004,W03,14,14,0
20260909,P004,W03,11,11,0
20260910,P004,W03,8,8,0
20260911,P004,W03,9,9,0
20260912,P004,W03,5,5,0
20260913,P004,W03,9,9,0
20260914,P004,W03,18,18,0
20260915,P004,W03,7,7,0
20260916,P004,W03,8,8,0
20260917,P004,W03,6,6,0
20260918,P004,W03,9,9,0
20260919,P004,W03,8,8,0
20260920,P004,W03,5,5,0
20260921,P004,W03,8,8,0
20260922,P004,W03,12,12,0
20260923,P004,W03,10,10,0
20260924,P004,W03,11,11,0
20260925,P004,W03,14,14,0
20260926,P004,W03,13,13,0
20260927,P004,W03,7,7,0
20260928,P004,W03,10,10,0
20260929,P004,W03,8,8,0
20260930,P004,W03,11,11,0
20251001,P004,W04,11,11,0
20251002,P004,W04,6,6,0
20251003,P004,W04,3,3,0
20251004,P004,W04,5,5,0
20251005,P004,W04,4,4,0
20251006,P004,W04,12,12,0
20251007,P004,W04,8,8,0
20251008,P004,W04,7,7,0
20251009,P004,W04,12,12,0
20251010,P004,W04,11,11,0
20251011,P004,W04,13,13,0
20251012,P004,W04,4,4,0
20251013,P004,W04,8,8,0
20251014,P004,W04,8,8,0
20251015,P004,W04,10,10,0
20251016,P004,W04,10,10,0
20251017,P004,W04,12,12,0
20251018,P004,W04,7,7,0
20251019,P004,W04,5,5,0
20251020,P004,W04,6,6,0
20251021,P004,W04,6,6,0
20251022,P004,W04,13,13,0
20251023,P004,W04,6,6,0
20251024,P004,W04,4,4,0
20251025,P004,W04,13,13,0
20251026,P004,W04,5,5,0
20251027,P004,W04,14,14,0
20251028,P004,W04,12,12,0
20251029,P004,W04,7,7,0
20251030,P004,W04,14,14,0
20251031,P004,W04,9,9,0
20251101,P004,W04,11,11,0
20251102,P004,W04,5,5,0
20251103,P004,W04,12,9,3
20251104,P004,W04,13,0,13
20251105,P004,W04,12,0,12
20251106,P004,W04,14,0,14
20251107,P004,W04,14,14,0
20251108,P004,W04,15,15,0
20251109,P004,W04,12,12,0
20251110,P004,W04,12,12,0
20251111,P004,W04,7,7,0
20251112,P004,W04,13,13,0
20251113,P004,W04,11,11,0
20251114,P004,W04,8,8,0
20251115,P004,W04,13,13,0
20251116,P004,W04,11,11,0
20251117,P004,W04,13,13,0
20251118,P004,W04,15,15,0
20251119,P004,W04,8,8,0
20251120,P004,W04,15,15,0
20251121,P004,W04,10,10,0
20251122,P004,W04,8,8,0
20251123,P004,W04,8,8,0
20251124,P004,W04,8,8,0
20251125,P004,W04,16,16,0
20251126,P004,W04,14,14,0
20251127,P004,W04,12,12,0
20251128,P004,W04,12,12,0
20251129,P004,W04,10,10,0
20251130,P004,W04,11,11,0
20251201,P004,W04,20,20,0
20251202,P004,W04,13,13,0
20251203,P004,W04,18,18,0
20251204,P004,W04,7,7,0
20251205,P004,W04,14,14,0
20251206,P004,W04,9,9,0
20251207,P004,W04,10,10,0
20251208,P004,W04,15,15,0
20251209,P004,W04,9,9,0
20251210,P004,W04,13,13,0
20251211,P004,W04,13,13,0
20251212,P004,W04,15,15,0
20251213,P004,W04,14,14,0
20251214,P004,W04,6,6,0
20251215,P004,W04,14,14,0
20251216,P004,W04,10,10,0
20251217,P004,W04,12,12,0
20251218,P004,W04,11,11,0
20251219,P004,W04,13,13,0
20251220,P004,W04,18,18,0
20251221,P004,W04,5,5,0
20251222,P004,W04,16,16,0
20251223,P004,W04,11,11,0
20251224,P004,W04,9,9,0
20251225,P004,W04,11,11,0
20251226,P004,W04,13,13,0
20251227,P004,W04,12,12,0
20251228,P004,W04,7,7,0
20251229,P004,W04,5,5,0
20251230,P004,W04,14,14,0
20251231,P004,W04,5,5,0
20260101,P004,W04,14,14,0
20260102,P004,W04,16,16,0
20260103,P004,W04,8,8,0
20260104,P004,W04,6,6,0
20260105,P004,W04,10,10,0
20260106,P004,W04,27,27,0
20260107,P004,W04,7,7,0
20260108,P004,W04,9,9,0
20260109,P004,W04,11,11,0
20260110,P004,W04,15,15,0
20260111,P004,W04,11,11,0
20260112,P004,W04,17,17,0
20260113,P004,W04,8,8,0
20260114,P004,W04,15,15,0
20260115,P004,W04,17,17,0
20260116,P004,W04,16,16,0
20260117,P004,W04,12,12,0
20260118,P004,W04,11,11,0
20260119,P004,W04,18,18,0
20260120,P004,W04,14,14,0
20260121,P004,W04,15,15,0
20260122,P004,W04,13,13,0
20260123,P004,W04,9,9,0
20260124,P004,W04,17,17,0
20260125,P004,W04,14,14,0
20260126,P004,W04,10,10,0
20260127,P004,W04,11,11,0
20260128,P004,W04,15,15,0
20260129,P004,W04,12,12,0
20260130,P004,W04,18,18,0
20260131,P004,W04,9,9,0
20260201,P004,W04,5,5,0
20260202,P004,W04,14,14,0
20260203,P004,W04,8,8,0
20260204,P004,W04,12,12,0
20260205,P004,W04,14,14,0
20260206,P004,W04,7,7,0
20260207,P004,W04,12,12,0
20260208,P004,W04,5,5,0
20260209,P004,W04,9,9,0
20260210,P004,W04,12,12,0
20260211,P004,W04,9,9,0
20260212,P004,W04,10,10,0
20260213,P004,W04,6,6,0
20260214,P004,W04,9,9,0
20260215,P004,W04,1,1,0
20260216,P004,W04,12,12,0
20260217,P004,W04,11,11,0
20260218,P004,W04,14,14,0
20260219,P004,W04,13,13,0
20260220,P004,W04,9,9,0
20260221,P004,W04,13,13,0
20260222,P004,W04,11,11,0
20260223,P004,W04,8,8,0
20260224,P004,W04,13,13,0
20260225,P004,W04,12,12,0
20260226,P004,W04,7,7,0
20260227,P004,W04,8,8,0
20260228,P004,W04,9,9,0
20260301,P004,W04,4,4,0
20260302,P004,W04,5,5,0
20260303,P004,W04,14,14,0
20260304,P004,W04,7,7,0
20260305,P004,W04,8,8,0
20260306,P004,W04,15,15,0
20260307,P004,W04,10,10,0
20260308,P004,W04,5,5,0
20260309,P004,W04,15,15,0
20260310,P004,W04,15,15,0
20260311,P004,W04,7,7,0
20260312,P004,W04,10,10,0
20260313,P004,W04,11,11,0
20260314,P004,W04,9,9,0
20260315,P004,W04,7,7,0
20260316,P004,W04,13,13,0
20260317,P004,W04,13,13,0
20260318,P004,W04,5,5,0
20260319,P004,W04,9,9,0
20260320,P004,W04,13,13,0
20260321,P004,W04,10,10,0
20260322,P004,W04,4,4,0
20260323,P004,W04,4,4,0
20260324,P004,W04,14,2,12
20260325,P004,W04,5,0,5
20260326,P004,W04,6,0,6
20260327,P004,W04,13,0,13
20260328,P004,W04,10,10,0
20260329,P004,W04,8,8,0
20260330,P004,W04,14,14,0
20260331,P004,W04,5,5,0
20260401,P004,W04,9,9,0
20260402,P004,W04,9,9,0
20260403,P004,W04,9,9,0
20260404,P004,W04,7,7,0
20260405,P004,W04,7,7,0
20260406,P004,W04,9,9,0
20260407,P004,W04,4,4,0
20260408,P004,W04,10,10,0
20260409,P004,W04,6,6,0
20260410,P004,W04,11,11,0
20260411,P004,W04,7,7,0
20260412,P004,W04,5,5,0
20260413,P004,W04,10,10,0
20260414,P004,W04,4,4,0
20260415,P004,W04,4,4,0
20260416,P004,W04,9,9,0
20260417,P004,W04,7,7,0
20260418,P004,W04,8,8,0
20260419,P004,W04,6,6,0
20260420,P004,W04,7,7,0
20260421,P004,W04,14,14,0
20260422,P004,W04,16,16,0
20260423,P004,W04,10,10,0
20260424,P004,W04,11,11,0
20260425,P004,W04,4,4,0
20260426,P004,W04,3,3,0
20260427,P004,W04,10,10,0
20260428,P004,W04,10,10,0
20260429,P004,W04,6,6,0
20260430,P004,W04,7,7,0
20260501,P004,W04,11,11,0
20260502,P004,W04,6,6,0
20260503,P004,W04,3,3,0
20260504,P004,W04,9,9,0
20260505,P004,W04,8,8,0
20260506,P004,W04,11,11,0
20260507,P004,W04,10,10,0
20260508,P004,W04,8,8,0
20260509,P004,W04,9,9,0
20260510,P004,W04,4,4,0
20260511,P004,W04,7,7,0
20260512,P004,W04,6,6,0
20260513,P004,W04,7,7,0
20260514,P004,W04,6,6,0
20260515,P004,W04,7,7,0
20260516,P004,W04,8,8,0
20260517,P004,W04,2,2,0
20260518,P004,W04,6,6,0
20260519,P004,W04,5,5,0
20260520,P004,W04,10,10,0
20260521,P004,W04,4,4,0
20260522,P004,W04,6,6,0
20260523,P004,W04,8,8,0
20260524,P004,W04,5,5,0
20260525,P004,W04,9,9,0
20260526,P004,W04,7,7,0
20260527,P004,W04,4,4,0
20260528,P004,W04,6,6,0
20260529,P004,W04,12,12,0
20260530,P004,W04,6,6,0
20260531,P004,W04,9,9,0
20260601,P004,W04,7,7,0
20260602,P004,W04,9,9,0
20260603,P004,W04,11,11,0
20260604,P004,W04,10,10,0
20260605,P004,W04,13,13,0
20260606,P004,W04,10,10,0
20260607,P004,W04,2,2,0
20260608,P004,W04,4,4,0
20260609,P004,W04,6,6,0
20260610,P004,W04,6,6,0
20260611,P004,W04,3,3,0
20260612,P004,W04,5,5,0
20260613,P004,W04,6,6,0
20260614,P004,W04,7,7,0
20260615,P004,W04,12,12,0
20260616,P004,W04,5,5,0
20260617,P004,W04,10,10,0
20260618,P004,W04,7,7,0
20260619,P004,W04,7,7,0
20260620,P004,W04,9,9,0
20260621,P004,W04,1,1,0
20260622,P004,W04,6,6,0
20260623,P004,W04,5,5,0
20260624,P004,W04,8,8,0
20260625,P004,W04,8,8,0
20260626,P004,W04,8,8,0
20260627,P004,W04,5,5,0
20260628,P004,W04,6,6,0
20260629,P004,W04,15,15,0
20260630,P004,W04,8,8,0
20260701,P004,W04,6,6,0
20260702,P004,W04,7,7,0
20260703,P004,W04,11,11,0
20260704,P004,W04,13,13,0
20260705,P004,W04,4,4,0
20260706,P004,W04,12,12,0
20260707,P004,W04,5,5,0
20260708,P004,W04,7,7,0
20260709,P004,W04,10,10,0
20260710,P004,W04,4,4,0
20260711,P004,W04,10,10,0
20260712,P004,W04,1,1,0
20260713,P004,W04,10,10,0
20260714,P004,W04,6,6,0
20260715,P004,W04,11,11,0
20260716,P004,W04,6,6,0
20260717,P004,W04,5,5,0
20260718,P004,W04,4,4,0
20260719,P004,W04,9,9,0
20260720,P004,W04,3,3,0
20260721,P004,W04,8,8,0
20260722,P004,W04,11,11,0
20260723,P004,W04,10,10,0
20260724,P004,W04,8,8,0
20260725,P004,W04,8,8,0
20260726,P004,W04,5,5,0
20260727,P004,W04,9,9,0
20260728,P004,W04,7,7,0
20260729,P004,W04,9,9,0
20260730,P004,W04,13,13,0
20260731,P004,W04,11,11,0
20260801,P004,W04,6,6,0
20260802,P004,W04,3,3,0
20260803,P004,W04,14,14,0
20260804,P004,W04,7,7,0
20260805,P004,W04,8,8,0
20260806,P004,W04,7,7,0
20260807,P004,W04,10,10,0
20260808,P004,W04,15,15,0
20260809,P004,W04,5,5,0
20260810,P004,W04,10,10,0
20260811,P004,W04,12,12,0
20260812,P004,W04,8,8,0
20260813,P004,W04,11,11,0
20260814,P004,W04,9,9,0
20260815,P004,W04,5,5,0
20260816,P004,W04,2,2,0
20260817,P004,W04,5,5,0
20260818,P004,W04,10,10,0
20260819,P004,W04,8,8,0
20260820,P004,W04,8,8,0
20260821,P004,W04,6,6,0
20260822,P004,W04,6,6,0
20260823,P004,W04,3,3,0
20260824,P004,W04,6,0,6
20260825,P004,W04,12,0,12
20260826,P004,W04,11,0,11
20260827,P004,W04,8,0,8
20260828,P004,W04,8,0,8
20260829,P004,W04,14,0,14
20260830,P004,W04,3,0,3
20260831,P004,W04,14,0,14
20260901,P004,W04,13,0,13
20260902,P004,W04,12,0,12
20260903,P004,W04,10,0,10
20260904,P004,W04,10,0,10
20260905,P004,W04,11,0,11
20260906,P004,W04,4,0,4
20260907,P004,W04,7,0,7
20260908,P004,W04,14,0,14
20260909,P004,W04,7,0,7
20260910,P004,W04,7,0,7
20260911,P004,W04,8,8,0
20260912,P004,W04,10,10,0
20260913,P004,W04,6,6,0
20260914,P004,W04,9,9,0
20260915,P004,W04,10,10,0
20260916,P004,W04,6,6,0
20260917,P004,W04,8,8,0
20260918,P004,W04,4,4,0
20260919,P004,W04,12,12,0
20260920,P004,W04,5,5,0
20260921,P004,W04,9,9,0
20260922,P004,W04,7,7,0
20260923,P004,W04,7,7,0
20260924,P004,W04,7,7,0
20260925,P004,W04,10,10,0
20260926,P004,W04,8,8,0
20260927,P004,W04,5,5,0
20260928,P004,W04,12,12,0
20260929,P004,W04,10,10,0
20260930,P004,W04,5,5,0
20251001,P005,W01,12,12,0
20251002,P005,W01,13,13,0
20251003,P005,W01,15,15,0
20251004,P005,W01,27,27,0
20251005,P005,W01,7,7,0
20251006,P005,W01,26,26,0
20251007,P005,W01,21,21,0
20251008,P005,W01,20,20,0
20251009,P005,W01,13,13,0
20251010,P005,W01,20,20,0
20251011,P005,W01,18,18,0
20251012,P005,W01,9,9,0
20251013,P005,W01,20,20,0
20251014,P005,W01,14,14,0
20251015,P005,W01,21,21,0
20251016,P005,W01,15,15,0
20251017,P005,W01,17,17,0
20251018,P005,W01,16,16,0
20251019,P005,W01,16,16,0
20251020,P005,W01,10,10,0
20251021,P005,W01,17,17,0
20251022,P005,W01,5,5,0
20251023,P005,W01,21,21,0
20251024,P005,W01,10,10,0
20251025,P005,W01,12,12,0
20251026,P005,W01,12,12,0
20251027,P005,W01,21,21,0
20251028,P005,W01,13,13,0
20251029,P005,W01,16,16,0
20251030,P005,W01,14,14,0
20251031,P005,W01,16,16,0
20251101,P005,W01,17,17,0
20251102,P005,W01,8,8,0
20251103,P005,W01,10,10,0
20251104,P005,W01,12,12,0
20251105,P005,W01,7,7,0
20251106,P005,W01,19,19,0
20251107,P005,W01,15,15,0
20251108,P005,W01,14,14,0
20251109,P005,W01,16,16,0
20251110,P005,W01,18,18,0
20251111,P005,W01,15,15,0
20251112,P005,W01,8,8,0
20251113,P005,W01,18,18,0
20251114,P005,W01,11,11,0
20251115,P005,W01,19,19,0
20251116,P005,W01,5,5,0
20251117,P005,W01,10,10,0
20251118,P005,W01,17,17,0
20251119,P005,W01,9,9,0
20251120,P005,W01,15,15,0
20251121,P005,W01,21,21,0
20251122,P005,W01,17,17,0
20251123,P005,W01,9,9,0
20251124,P005,W01,21,21,0
20251125,P005,W01,15,15,0
20251126,P005,W01,17,17,0
20251127,P005,W01,16,16,0
20251128,P005,W01,11,11,0
20251129,P005,W01,16,16,0
20251130,P005,W01,11,11,0
20251201,P005,W01,15,15,0
20251202,P005,W01,13,13,0
20251203,P005,W01,17,17,0
20251204,P005,W01,8,8,0
20251205,P005,W01,16,16,0
20251206,P005,W01,15,15,0
20251207,P005,W01,18,18,0
20251208,P005,W01,12,12,0
20251209,P005,W01,12,12,0
20251210,P005,W01,12,12,0
20251211,P005,W01,12,12,0
20251212,P005,W01,8,8,0
20251213,P005,W01,15,15,0
20251214,P005,W01,7,7,0
20251215,P005,W01,16,16,0
20251216,P005,W01,8,8,0
20251217,P005,W01,17,17,0
20251218,P005,W01,15,15,0
20251219,P005,W01,15,15,0
20251220,P005,W01,18,18,0
20251221,P005,W01,10,10,0
20251222,P005,W01,14,14,0
20251223,P005,W01,19,19,0
20251224,P005,W01,13,13,0
20251225,P005,W01,13,13,0
20251226,P005,W01,16,16,0
20251227,P005,W01,15,15,0
20251228,P005,W01,10,10,0
20251229,P005,W01,15,15,0
20251230,P005,W01,13,13,0
20251231,P005,W01,15,15,0
20260101,P005,W01,17,17,0
20260102,P005,W01,21,21,0
20260103,P005,W01,13,13,0
20260104,P005,W01,7,7,0
20260105,P005,W01,15,15,0
20260106,P005,W01,11,11,0
20260107,P005,W01,13,13,0
20260108,P005,W01,14,14,0
20260109,P005,W01,14,14,0
20260110,P005,W01,19,19,0
20260111,P005,W01,10,10,0
20260112,P005,W01,17,17,0
20260113,P005,W01,14,14,0
20260114,P005,W01,13,13,0
20260115,P005,W01,9,9,0
20260116,P005,W01,19,19,0
20260117,P005,W01,9,9,0
20260118,P005,W01,12,12,0
20260119,P005,W01,19,19,0
20260120,P005,W01,16,16,0
20260121,P005,W01,10,10,0
20260122,P005,W01,13,13,0
20260123,P005,W01,18,18,0
20260124,P005,W01,15,15,0
20260125,P005,W01,12,12,0
20260126,P005,W01,14,14,0
20260127,P005,W01,13,13,0
20260128,P005,W01,23,23,0
20260129,P005,W01,22,22,0
20260130,P005,W01,13,13,0
20260131,P005,W01,9,9,0
20260201,P005,W01,5,5,0
20260202,P005,W01,15,15,0
20260203,P005,W01,15,15,0
20260204,P005,W01,16,16,0
20260205,P005,W01,23,23,0
20260206,P005,W01,21,21,0
20260207,P005,W01,21,21,0
20260208,P005,W01,11,11,0
20260209,P005,W01,13,13,0
20260210,P005,W01,11,11,0
20260211,P005,W01,7,7,0
20260212,P005,W01,14,14,0
20260213,P005,W01,15,15,0
20260214,P005,W01,15,15,0
20260215,P005,W01,15,15,0
20260216,P005,W01,16,16,0
20260217,P005,W01,11,11,0
20260218,P005,W01,9,9,0
20260219,P005,W01,15,15,0
20260220,P005,W01,19,19,0
20260221,P005,W01,19,19,0
20260222,P005,W01,8,8,0
20260223,P005,W01,11,11,0
20260224,P005,W01,7,7,0
20260225,P005,W01,17,17,0
20260226,P005,W01,17,17,0
20260227,P005,W01,15,15,0
20260228,P005,W01,16,16,0
20260301,P005,W01,12,12,0
20260302,P005,W01,22,22,0
20260303,P005,W01,12,12,0
20260304,P005,W01,15,15,0
20260305,P005,W01,21,21,0
20260306,P005,W01,18,18,0
20260307,P005,W01,14,14,0
20260308,P005,W01,16,16,0
20260309,P005,W01,22,22,0
20260310,P005,W01,18,18,0
20260311,P005,W01,26,26,0
20260312,P005,W01,22,22,0
20260313,P005,W01,26,26,0
20260314,P005,W01,14,14,0
20260315,P005,W01,14,14,0
20260316,P005,W01,22,22,0
20260317,P005,W01,16,16,0
20260318,P005,W01,24,24,0
20260319,P005,W01,18,18,0
20260320,P005,W01,19,19,0
20260321,P005,W01,27,27,0
20260322,P005,W01,7,7,0
20260323,P005,W01,26,26,0
20260324,P005,W01,18,18,0
20260325,P005,W01,18,18,0
20260326,P005,W01,20,20,0
20260327,P005,W01,25,25,0
20260328,P005,W01,19,19,0
20260329,P005,W01,20,20,0
20260330,P005,W01,19,19,0
20260331,P005,W01,16,16,0
20260401,P005,W01,23,23,0
20260402,P005,W01,21,21,0
20260403,P005,W01,19,19,0
20260404,P005,W01,11,11,0
20260405,P005,W01,16,16,0
20260406,P005,W01,24,24,0
20260407,P005,W01,23,23,0
20260408,P005,W01,27,27,0
20260409,P005,W01,20,20,0
20260410,P005,W01,18,18,0
20260411,P005,W01,24,24,0
20260412,P005,W01,16,16,0
20260413,P005,W01,20,20,0
20260414,P005,W01,18,18,0
20260415,P005,W01,23,23,0
20260416,P005,W01,24,24,0
20260417,P005,W01,22,22,0
20260418,P005,W01,22,22,0
20260419,P005,W01,13,13,0
20260420,P005,W01,18,18,0
20260421,P005,W01,22,22,0
20260422,P005,W01,14,14,0
20260423,P005,W01,23,23,0
20260424,P005,W01,14,14,0
20260425,P005,W01,26,26,0
20260426,P005,W01,13,13,0
20260427,P005,W01,22,22,0
20260428,P005,W01,20,20,0
20260429,P005,W01,24,24,0
20260430,P005,W01,32,32,0
20260501,P005,W01,33,33,0
20260502,P005,W01,26,26,0
20260503,P005,W01,12,12,0
20260504,P005,W01,17,17,0
20260505,P005,W01,30,30,0
20260506,P005,W01,27,27,0
20260507,P005,W01,23,23,0
20260508,P005,W01,31,31,0
20260509,P005,W01,33,33,0
20260510,P005,W01,15,15,0
20260511,P005,W01,34,34,0
20260512,P005,W01,34,34,0
20260513,P005,W01,22,22,0
20260514,P005,W01,16,16,0
20260515,P005,W01,22,22,0
20260516,P005,W01,36,36,0
20260517,P005,W01,14,14,0
20260518,P005,W01,35,35,0
20260519,P005,W01,36,36,0
20260520,P005,W01,28,28,0
20260521,P005,W01,22,22,0
20260522,P005,W01,24,24,0
20260523,P005,W01,30,30,0
20260524,P005,W01,11,11,0
20260525,P005,W01,30,30,0
20260526,P005,W01,31,31,0
20260527,P005,W01,28,28,0
20260528,P005,W01,31,31,0
20260529,P005,W01,25,25,0
20260530,P005,W01,24,24,0
20260531,P005,W01,12,12,0
20260601,P005,W01,23,23,0
20260602,P005,W01,24,24,0
20260603,P005,W01,25,25,0
20260604,P005,W01,28,28,0
20260605,P005,W01,29,29,0
20260606,P005,W01,28,28,0
20260607,P005,W01,13,13,0
20260608,P005,W01,24,24,0
20260609,P005,W01,29,29,0
20260610,P005,W01,15,15,0
20260611,P005,W01,18,18,0
20260612,P005,W01,21,21,0
20260613,P005,W01,23,23,0
20260614,P005,W01,10,10,0
20260615,P005,W01,28,28,0
20260616,P005,W01,24,24,0
20260617,P005,W01,33,33,0
20260618,P005,W01,31,31,0
20260619,P005,W01,29,29,0
20260620,P005,W01,25,25,0
20260621,P005,W01,13,13,0
20260622,P005,W01,20,20,0
20260623,P005,W01,19,19,0
20260624,P005,W01,26,26,0
20260625,P005,W01,24,24,0
20260626,P005,W01,28,28,0
20260627,P005,W01,21,21,0
20260628,P005,W01,16,16,0
20260629,P005,W01,18,18,0
20260630,P005,W01,24,24,0
20260701,P005,W01,10,10,0
20260702,P005,W01,18,18,0
20260703,P005,W01,22,22,0
20260704,P005,W01,16,16,0
20260705,P005,W01,6,6,0
20260706,P005,W01,14,14,0
20260707,P005,W01,27,27,0
20260708,P005,W01,19,19,0
20260709,P005,W01,23,23,0
20260710,P005,W01,23,23,0
20260711,P005,W01,24,24,0
20260712,P005,W01,16,16,0
20260713,P005,W01,14,14,0
20260714,P005,W01,23,23,0
20260715,P005,W01,15,15,0
20260716,P005,W01,16,16,0
20260717,P005,W01,9,9,0
20260718,P005,W01,17,17,0
20260719,P005,W01,15,15,0
20260720,P005,W01,21,21,0
20260721,P005,W01,21,21,0
20260722,P005,W01,19,19,0
20260723,P005,W01,18,18,0
20260724,P005,W01,15,15,0
20260725,P005,W01,25,25,0
20260726,P005,W01,7,7,0
20260727,P005,W01,23,23,0
20260728,P005,W01,21,21,0
20260729,P005,W01,21,21,0
20260730,P005,W01,21,21,0
20260731,P005,W01,9,9,0
20260801,P005,W01,21,21,0
20260802,P005,W01,11,11,0
20260803,P005,W01,14,14,0
20260804,P005,W01,13,13,0
20260805,P005,W01,24,24,0
20260806,P005,W01,22,22,0
20260807,P005,W01,25,25,0
20260808,P005,W01,20,20,0
20260809,P005,W01,10,10,0
20260810,P005,W01,12,12,0
20260811,P005,W01,13,13,0
20260812,P005,W01,15,15,0
20260813,P005,W01,13,13,0
20260814,P005,W01,23,23,0
20260815,P005,W01,12,12,0
20260816,P005,W01,14,14,0
20260817,P005,W01,20,20,0
20260818,P005,W01,17,17,0
20260819,P005,W01,22,22,0
20260820,P005,W01,14,14,0
20260821,P005,W01,23,23,0
20260822,P005,W01,22,22,0
20260823,P005,W01,13,13,0
20260824,P005,W01,16,16,0
20260825,P005,W01,18,18,0
20260826,P005,W01,16,16,0
20260827,P005,W01,15,15,0
20260828,P005,W01,17,17,0
20260829,P005,W01,25,25,0
20260830,P005,W01,15,15,0
20260831,P005,W01,13,13,0
20260901,P005,W01,14,14,0
20260902,P005,W01,22,22,0
20260903,P005,W01,18,18,0
20260904,P005,W01,19,19,0
20260905,P005,W01,17,17,0
20260906,P005,W01,8,8,0
20260907,P005,W01,11,11,0
20260908,P005,W01,16,16,0
20260909,P005,W01,13,13,0
20260910,P005,W01,15,15,0
20260911,P005,W01,16,16,0
20260912,P005,W01,16,16,0
20260913,P005,W01,10,10,0
20260914,P005,W01,19,19,0
20260915,P005,W01,21,21,0
20260916,P005,W01,22,22,0
20260917,P005,W01,12,12,0
20260918,P005,W01,21,21,0
20260919,P005,W01,14,14,0
20260920,P005,W01,11,11,0
20260921,P005,W01,20,20,0
20260922,P005,W01,16,16,0
20260923,P005,W01,22,22,0
20260924,P005,W01,12,12,0
20260925,P005,W01,11,11,0
20260926,P005,W01,16,16,0
20260927,P005,W01,11,11,0
20260928,P005,W01,18,18,0
20260929,P005,W01,15,15,0
20260930,P005,W01,22,22,0
20251001,P005,W02,11,11,0
20251002,P005,W02,16,16,0
20251003,P005,W02,24,24,0
20251004,P005,W02,23,23,0
20251005,P005,W02,8,8,0
20251006,P005,W02,12,12,0
20251007,P005,W02,13,13,0
20251008,P005,W02,10,10,0
20251009,P005,W02,19,19,0
20251010,P005,W02,18,18,0
20251011,P005,W02,22,22,0
20251012,P005,W02,7,7,0
20251013,P005,W02,16,16,0
20251014,P005,W02,19,19,0
20251015,P005,W02,19,19,0
20251016,P005,W02,16,16,0
20251017,P005,W02,24,24,0
20251018,P005,W02,19,19,0
20251019,P005,W02,12,12,0
20251020,P005,W02,19,19,0
20251021,P005,W02,20,20,0
20251022,P005,W02,20,20,0
20251023,P005,W02,19,19,0
20251024,P005,W02,14,14,0
20251025,P005,W02,21,21,0
20251026,P005,W02,14,14,0
20251027,P005,W02,21,21,0
20251028,P005,W02,16,16,0
20251029,P005,W02,17,17,0
20251030,P005,W02,18,18,0
20251031,P005,W02,15,15,0
20251101,P005,W02,17,17,0
20251102,P005,W02,9,9,0
20251103,P005,W02,15,15,0
20251104,P005,W02,12,12,0
20251105,P005,W02,19,19,0
20251106,P005,W02,12,12,0
20251107,P005,W02,19,19,0
20251108,P005,W02,17,17,0
20251109,P005,W02,12,12,0
20251110,P005,W02,7,7,0
20251111,P005,W02,13,13,0
20251112,P005,W02,13,13,0
20251113,P005,W02,13,13,0
20251114,P005,W02,17,17,0
20251115,P005,W02,20,20,0
20251116,P005,W02,9,9,0
20251117,P005,W02,17,17,0
20251118,P005,W02,11,11,0
20251119,P005,W02,22,22,0
20251120,P005,W02,17,17,0
20251121,P005,W02,17,17,0
20251122,P005,W02,17,17,0
20251123,P005,W02,12,12,0
20251124,P005,W02,17,17,0
20251125,P005,W02,10,10,0
20251126,P005,W02,12,12,0
20251127,P005,W02,14,14,0
20251128,P005,W02,15,15,0
20251129,P005,W02,16,16,0
20251130,P005,W02,12,12,0
20251201,P005,W02,19,19,0
20251202,P005,W02,12,12,0
20251203,P005,W02,19,19,0
20251204,P005,W02,17,17,0
20251205,P005,W02,8,8,0
20251206,P005,W02,16,16,0
20251207,P005,W02,12,12,0
20251208,P005,W02,13,13,0
20251209,P005,W02,13,13,0
20251210,P005,W02,16,16,0
20251211,P005,W02,17,17,0
20251212,P005,W02,15,15,0
20251213,P005,W02,16,16,0
20251214,P005,W02,11,11,0
20251215,P005,W02,22,22,0
20251216,P005,W02,14,14,0
20251217,P005,W02,16,16,0
20251218,P005,W02,22,22,0
20251219,P005,W02,13,13,0
20251220,P005,W02,13,13,0
20251221,P005,W02,11,11,0
20251222,P005,W02,12,12,0
20251223,P005,W02,11,11,0
20251224,P005,W02,12,12,0
20251225,P005,W02,15,15,0
20251226,P005,W02,23,23,0
20251227,P005,W02,15,15,0
20251228,P005,W02,11,11,0
20251229,P005,W02,16,16,0
20251230,P005,W02,17,17,0
20251231,P005,W02,17,17,0
20260101,P005,W02,9,9,0
20260102,P005,W02,14,14,0
20260103,P005,W02,17,17,0
20260104,P005,W02,4,4,0
20260105,P005,W02,17,17,0
20260106,P005,W02,14,14,0
20260107,P005,W02,16,16,0
20260108,P005,W02,20,20,0
20260109,P005,W02,15,15,0
20260110,P005,W02,19,19,0
20260111,P005,W02,14,14,0
20260112,P005,W02,11,11,0
20260113,P005,W02,18,18,0
20260114,P005,W02,13,13,0
20260115,P005,W02,13,13,0
20260116,P005,W02,16,16,0
20260117,P005,W02,15,15,0
20260118,P005,W02,8,8,0
20260119,P005,W02,18,18,0
20260120,P005,W02,17,17,0
20260121,P005,W02,18,18,0
20260122,P005,W02,19,19,0
20260123,P005,W02,14,14,0
20260124,P005,W02,15,15,0
20260125,P005,W02,10,10,0
20260126,P005,W02,18,18,0
20260127,P005,W02,17,17,0
20260128,P005,W02,23,23,0
20260129,P005,W02,13,13,0
20260130,P005,W02,10,10,0
20260131,P005,W02,14,14,0
20260201,P005,W02,5,5,0
20260202,P005,W02,15,15,0
20260203,P005,W02,10,10,0
20260204,P005,W02,17,17,0
20260205,P005,W02,14,14,0
20260206,P005,W02,11,11,0
20260207,P005,W02,17,17,0
20260208,P005,W02,7,7,0
20260209,P005,W02,16,16,0
20260210,P005,W02,17,17,0
20260211,P005,W02,13,13,0
20260212,P005,W02,16,16,0
20260213,P005,W02,20,20,0
20260214,P005,W02,23,23,0
20260215,P005,W02,5,5,0
20260216,P005,W02,13,13,0
20260217,P005,W02,18,18,0
20260218,P005,W02,14,14,0
20260219,P005,W02,16,16,0
20260220,P005,W02,20,20,0
20260221,P005,W02,17,17,0
20260222,P005,W02,9,9,0
20260223,P005,W02,7,7,0
20260224,P005,W02,17,17,0
20260225,P005,W02,15,15,0
20260226,P005,W02,17,17,0
20260227,P005,W02,17,17,0
20260228,P005,W02,20,20,0
20260301,P005,W02,11,11,0
20260302,P005,W02,11,11,0
20260303,P005,W02,14,14,0
20260304,P005,W02,20,20,0
20260305,P005,W02,19,19,0
20260306,P005,W02,20,20,0
20260307,P005,W02,19,19,0
20260308,P005,W02,14,14,0
20260309,P005,W02,14,14,0
20260310,P005,W02,27,27,0
20260311,P005,W02,24,24,0
20260312,P005,W02,11,11,0
20260313,P005,W02,19,19,0
20260314,P005,W02,21,21,0
20260315,P005,W02,16,16,0
20260316,P005,W02,20,20,0
20260317,P005,W02,26,26,0
20260318,P005,W02,16,16,0
20260319,P005,W02,24,24,0
20260320,P005,W02,16,16,0
20260321,P005,W02,15,15,0
20260322,P005,W02,9,9,0
20260323,P005,W02,17,17,0
20260324,P005,W02,19,19,0
20260325,P005,W02,22,22,0
20260326,P005,W02,17,17,0
20260327,P005,W02,24,24,0
20260328,P005,W02,25,25,0
20260329,P005,W02,9,9,0
20260330,P005,W02,23,23,0
20260331,P005,W02,19,19,0
20260401,P005,W02,24,24,0
20260402,P005,W02,30,30,0
20260403,P005,W02,34,34,0
20260404,P005,W02,24,24,0
20260405,P005,W02,14,14,0
20260406,P005,W02,24,24,0
20260407,P005,W02,24,24,0
20260408,P005,W02,18,18,0
20260409,P005,W02,30,30,0
20260410,P005,W02,21,21,0
20260411,P005,W02,25,25,0
20260412,P005,W02,14,14,0
20260413,P005,W02,38,38,0
20260414,P005,W02,20,20,0
20260415,P005,W02,22,22,0
20260416,P005,W02,16,16,0
20260417,P005,W02,24,24,0
20260418,P005,W02,29,29,0
20260419,P005,W02,12,12,0
20260420,P005,W02,15,15,0
20260421,P005,W02,18,18,0
20260422,P005,W02,30,30,0
20260423,P005,W02,26,26,0
20260424,P005,W02,20,20,0
20260425,P005,W02,19,19,0
20260426,P005,W02,9,9,0
20260427,P005,W02,29,29,0
20260428,P005,W02,31,31,0
20260429,P005,W02,22,22,0
20260430,P005,W02,37,37,0
20260501,P005,W02,20,20,0
20260502,P005,W02,32,32,0
20260503,P005,W02,15,15,0
20260504,P005,W02,25,25,0
20260505,P005,W02,31,31,0
20260506,P005,W02,30,30,0
20260507,P005,W02,25,25,0
20260508,P005,W02,21,21,0
20260509,P005,W02,21,21,0
20260510,P005,W02,19,19,0
20260511,P005,W02,34,34,0
20260512,P005,W02,25,25,0
20260513,P005,W02,30,30,0
20260514,P005,W02,23,23,0
20260515,P005,W02,24,24,0
20260516,P005,W02,25,25,0
20260517,P005,W02,16,16,0
20260518,P005,W02,25,25,0
20260519,P005,W02,30,30,0
20260520,P005,W02,31,31,0
20260521,P005,W02,28,28,0
20260522,P005,W02,29,29,0
20260523,P005,W02,38,38,0
20260524,P005,W02,16,13,3
20260525,P005,W02,30,30,0
20260526,P005,W02,24,24,0
20260527,P005,W02,30,30,0
20260528,P005,W02,20,20,0
20260529,P005,W02,27,27,0
20260530,P005,W02,25,25,0
20260531,P005,W02,15,15,0
20260601,P005,W02,22,22,0
20260602,P005,W02,21,21,0
20260603,P005,W02,28,28,0
20260604,P005,W02,26,26,0
20260605,P005,W02,28,28,0
20260606,P005,W02,32,32,0
20260607,P005,W02,18,18,0
20260608,P005,W02,26,26,0
20260609,P005,W02,22,22,0
20260610,P005,W02,20,20,0
20260611,P005,W02,21,21,0
20260612,P005,W02,35,35,0
20260613,P005,W02,21,21,0
20260614,P005,W02,26,26,0
20260615,P005,W02,25,25,0
20260616,P005,W02,29,29,0
20260617,P005,W02,32,32,0
20260618,P005,W02,31,31,0
20260619,P005,W02,41,41,0
20260620,P005,W02,28,28,0
20260621,P005,W02,19,19,0
20260622,P005,W02,33,33,0
20260623,P005,W02,30,30,0
20260624,P005,W02,24,24,0
20260625,P005,W02,21,21,0
20260626,P005,W02,27,20,7
20260627,P005,W02,26,26,0
20260628,P005,W02,20,20,0
20260629,P005,W02,33,33,0
20260630,P005,W02,31,31,0
20260701,P005,W02,21,21,0
20260702,P005,W02,22,22,0
20260703,P005,W02,16,16,0
20260704,P005,W02,10,10,0
20260705,P005,W02,10,10,0
20260706,P005,W02,24,24,0
20260707,P005,W02,18,18,0
20260708,P005,W02,24,24,0
20260709,P005,W02,17,17,0
20260710,P005,W02,33,33,0
20260711,P005,W02,15,15,0
20260712,P005,W02,17,17,0
20260713,P005,W02,15,15,0
20260714,P005,W02,16,16,0
20260715,P005,W02,26,26,0
20260716,P005,W02,18,18,0
20260717,P005,W02,15,15,0
20260718,P005,W02,22,22,0
20260719,P005,W02,12,12,0
20260720,P005,W02,15,15,0
20260721,P005,W02,27,27,0
20260722,P005,W02,28,28,0
20260723,P005,W02,21,21,0
20260724,P005,W02,20,20,0
20260725,P005,W02,27,27,0
20260726,P005,W02,16,16,0
20260727,P005,W02,13,13,0
20260728,P005,W02,23,23,0
20260729,P005,W02,16,16,0
20260730,P005,W02,26,26,0
20260731,P005,W02,23,23,0
20260801,P005,W02,20,20,0
20260802,P005,W02,21,21,0
20260803,P005,W02,9,9,0
20260804,P005,W02,19,19,0
20260805,P005,W02,18,18,0
20260806,P005,W02,19,19,0
20260807,P005,W02,18,18,0
20260808,P005,W02,22,22,0
20260809,P005,W02,16,16,0
20260810,P005,W02,17,17,0
20260811,P005,W02,24,24,0
20260812,P005,W02,13,13,0
20260813,P005,W02,19,19,0
20260814,P005,W02,21,21,0
20260815,P005,W02,18,18,0
20260816,P005,W02,17,17,0
20260817,P005,W02,18,18,0
20260818,P005,W02,17,17,0
20260819,P005,W02,25,25,0
20260820,P005,W02,19,19,0
20260821,P005,W02,18,18,0
20260822,P005,W02,15,15,0
20260823,P005,W02,13,13,0
20260824,P005,W02,13,13,0
20260825,P005,W02,21,21,0
20260826,P005,W02,29,29,0
20260827,P005,W02,13,13,0
20260828,P005,W02,19,19,0
20260829,P005,W02,24,24,0
20260830,P005,W02,18,18,0
20260831,P005,W02,14,14,0
20260901,P005,W02,16,16,0
20260902,P005,W02,19,19,0
20260903,P005,W02,15,15,0
20260904,P005,W02,17,17,0
20260905,P005,W02,18,18,0
20260906,P005,W02,13,13,0
20260907,P005,W02,15,15,0
20260908,P005,W02,17,17,0
20260909,P005,W02,15,15,0
20260910,P005,W02,16,16,0
20260911,P005,W02,24,24,0
20260912,P005,W02,20,20,0
20260913,P005,W02,18,18,0
20260914,P005,W02,12,12,0
20260915,P005,W02,15,15,0
20260916,P005,W02,31,31,0
20260917,P005,W02,17,17,0
20260918,P005,W02,22,22,0
20260919,P005,W02,16,16,0
20260920,P005,W02,5,5,0
20260921,P005,W02,21,21,0
20260922,P005,W02,18,18,0
20260923,P005,W02,21,21,0
20260924,P005,W02,15,15,0
20260925,P005,W02,21,21,0
20260926,P005,W02,11,11,0
20260927,P005,W02,13,13,0
20260928,P005,W02,15,15,0
20260929,P005,W02,23,23,0
20260930,P005,W02,19,19,0
20251001,P005,W03,13,13,0
20251002,P005,W03,1,1,0
20251003,P005,W03,19,19,0
20251004,P005,W03,23,23,0
20251005,P005,W03,11,11,0
20251006,P005,W03,12,12,0
20251007,P005,W03,11,11,0
20251008,P005,W03,17,17,0
20251009,P005,W03,8,8,0
20251010,P005,W03,14,14,0
20251011,P005,W03,16,16,0
20251012,P005,W03,5,5,0
20251013,P005,W03,12,12,0
20251014,P005,W03,10,10,0
20251015,P005,W03,10,10,0
20251016,P005,W03,15,15,0
20251017,P005,W03,18,18,0
20251018,P005,W03,14,14,0
20251019,P005,W03,13,13,0
20251020,P005,W03,17,17,0
20251021,P005,W03,19,19,0
20251022,P005,W03,16,16,0
20251023,P005,W03,9,9,0
20251024,P005,W03,14,14,0
20251025,P005,W03,20,20,0
20251026,P005,W03,7,7,0
20251027,P005,W03,11,11,0
20251028,P005,W03,14,14,0
20251029,P005,W03,23,23,0
20251030,P005,W03,13,13,0
20251031,P005,W03,10,10,0
20251101,P005,W03,17,17,0
20251102,P005,W03,10,10,0
20251103,P005,W03,14,14,0
20251104,P005,W03,9,9,0
20251105,P005,W03,12,12,0
20251106,P005,W03,14,14,0
20251107,P005,W03,9,9,0
20251108,P005,W03,19,19,0
20251109,P005,W03,11,11,0
20251110,P005,W03,13,13,0
20251111,P005,W03,15,15,0
20251112,P005,W03,11,11,0
20251113,P005,W03,9,9,0
20251114,P005,W03,10,10,0
20251115,P005,W03,16,16,0
20251116,P005,W03,8,8,0
20251117,P005,W03,18,18,0
20251118,P005,W03,12,12,0
20251119,P005,W03,21,21,0
20251120,P005,W03,8,8,0
20251121,P005,W03,6,6,0
20251122,P005,W03,6,6,0
20251123,P005,W03,7,7,0
20251124,P005,W03,8,8,0
20251125,P005,W03,14,14,0
20251126,P005,W03,6,6,0
20251127,P005,W03,11,11,0
20251128,P005,W03,17,17,0
20251129,P005,W03,6,6,0
20251130,P005,W03,9,9,0
20251201,P005,W03,9,9,0
20251202,P005,W03,5,5,0
20251203,P005,W03,13,13,0
20251204,P005,W03,11,11,0
20251205,P005,W03,14,14,0
20251206,P005,W03,22,22,0
20251207,P005,W03,2,2,0
20251208,P005,W03,14,14,0
20251209,P005,W03,13,13,0
20251210,P005,W03,10,10,0
20251211,P005,W03,12,12,0
20251212,P005,W03,11,11,0
20251213,P005,W03,11,11,0
20251214,P005,W03,5,5,0
20251215,P005,W03,10,10,0
20251216,P005,W03,15,15,0
20251217,P005,W03,11,11,0
20251218,P005,W03,13,13,0
20251219,P005,W03,12,12,0
20251220,P005,W03,4,4,0
20251221,P005,W03,6,6,0
20251222,P005,W03,12,12,0
20251223,P005,W03,17,17,0
20251224,P005,W03,13,13,0
20251225,P005,W03,10,10,0
20251226,P005,W03,12,12,0
20251227,P005,W03,12,12,0
20251228,P005,W03,8,8,0
20251229,P005,W03,15,15,0
20251230,P005,W03,6,6,0
20251231,P005,W03,13,13,0
20260101,P005,W03,9,9,0
20260102,P005,W03,16,16,0
20260103,P005,W03,7,7,0
20260104,P005,W03,8,8,0
20260105,P005,W03,12,12,0
20260106,P005,W03,17,17,0
20260107,P005,W03,7,7,0
20260108,P005,W03,8,8,0
20260109,P005,W03,9,9,0
20260110,P005,W03,17,17,0
20260111,P005,W03,11,11,0
20260112,P005,W03,13,13,0
20260113,P005,W03,10,10,0
20260114,P005,W03,16,16,0
20260115,P005,W03,16,16,0
20260116,P005,W03,14,14,0
20260117,P005,W03,11,11,0
20260118,P005,W03,7,7,0
20260119,P005,W03,7,7,0
20260120,P005,W03,15,15,0
20260121,P005,W03,13,13,0
20260122,P005,W03,7,7,0
20260123,P005,W03,22,22,0
20260124,P005,W03,10,10,0
20260125,P005,W03,11,11,0
20260126,P005,W03,11,11,0
20260127,P005,W03,13,13,0
20260128,P005,W03,7,7,0
20260129,P005,W03,16,16,0
20260130,P005,W03,14,14,0
20260131,P005,W03,19,19,0
20260201,P005,W03,12,12,0
20260202,P005,W03,13,13,0
20260203,P005,W03,13,13,0
20260204,P005,W03,9,9,0
20260205,P005,W03,10,10,0
20260206,P005,W03,18,18,0
20260207,P005,W03,10,10,0
20260208,P005,W03,9,9,0
20260209,P005,W03,12,12,0
20260210,P005,W03,12,12,0
20260211,P005,W03,13,13,0
20260212,P005,W03,16,16,0
20260213,P005,W03,13,13,0
20260214,P005,W03,18,18,0
20260215,P005,W03,7,7,0
20260216,P005,W03,10,10,0
20260217,P005,W03,10,10,0
20260218,P005,W03,19,19,0
20260219,P005,W03,15,15,0
20260220,P005,W03,10,10,0
20260221,P005,W03,16,16,0
20260222,P005,W03,4,4,0
20260223,P005,W03,16,16,0
20260224,P005,W03,14,14,0
20260225,P005,W03,9,9,0
20260226,P005,W03,13,13,0
20260227,P005,W03,19,19,0
20260228,P005,W03,6,6,0
20260301,P005,W03,11,11,0
20260302,P005,W03,13,13,0
20260303,P005,W03,18,18,0
20260304,P005,W03,21,21,0
20260305,P005,W03,13,13,0
20260306,P005,W03,17,17,0
20260307,P005,W03,20,20,0
20260308,P005,W03,7,7,0
20260309,P005,W03,8,8,0
20260310,P005,W03,10,10,0
20260311,P005,W03,19,19,0
20260312,P005,W03,18,18,0
20260313,P005,W03,21,21,0
20260314,P005,W03,10,10,0
20260315,P005,W03,16,16,0
20260316,P005,W03,13,13,0
20260317,P005,W03,12,12,0
20260318,P005,W03,21,21,0
20260319,P005,W03,21,21,0
20260320,P005,W03,21,21,0
20260321,P005,W03,21,21,0
20260322,P005,W03,9,9,0
20260323,P005,W03,13,13,0
20260324,P005,W03,14,14,0
20260325,P005,W03,13,13,0
20260326,P005,W03,19,19,0
20260327,P005,W03,18,18,0
20260328,P005,W03,14,14,0
20260329,P005,W03,4,4,0
20260330,P005,W03,19,19,0
20260331,P005,W03,16,16,0
20260401,P005,W03,18,18,0
20260402,P005,W03,13,13,0
20260403,P005,W03,15,15,0
20260404,P005,W03,21,21,0
20260405,P005,W03,17,17,0
20260406,P005,W03,29,29,0
20260407,P005,W03,23,23,0
20260408,P005,W03,17,17,0
20260409,P005,W03,18,18,0
20260410,P005,W03,28,28,0
20260411,P005,W03,20,20,0
20260412,P005,W03,12,12,0
20260413,P005,W03,17,17,0
20260414,P005,W03,17,17,0
20260415,P005,W03,20,20,0
20260416,P005,W03,18,18,0
20260417,P005,W03,23,23,0
20260418,P005,W03,18,18,0
20260419,P005,W03,7,7,0
20260420,P005,W03,22,22,0
20260421,P005,W03,19,19,0
20260422,P005,W03,27,27,0
20260423,P005,W03,16,16,0
20260424,P005,W03,11,11,0
20260425,P005,W03,14,14,0
20260426,P005,W03,14,14,0
20260427,P005,W03,21,21,0
20260428,P005,W03,20,20,0
20260429,P005,W03,19,19,0
20260430,P005,W03,20,20,0
20260501,P005,W03,20,20,0
20260502,P005,W03,18,18,0
20260503,P005,W03,16,16,0
20260504,P005,W03,21,21,0
20260505,P005,W03,21,21,0
20260506,P005,W03,35,35,0
20260507,P005,W03,16,16,0
20260508,P005,W03,23,23,0
20260509,P005,W03,34,34,0
20260510,P005,W03,10,10,0
20260511,P005,W03,18,18,0
20260512,P005,W03,20,20,0
20260513,P005,W03,16,16,0
20260514,P005,W03,14,14,0
20260515,P005,W03,20,20,0
20260516,P005,W03,24,24,0
20260517,P005,W03,18,18,0
20260518,P005,W03,25,25,0
20260519,P005,W03,19,19,0
20260520,P005,W03,18,18,0
20260521,P005,W03,29,29,0
20260522,P005,W03,21,21,0
20260523,P005,W03,27,27,0
20260524,P005,W03,17,17,0
20260525,P005,W03,23,23,0
20260526,P005,W03,16,16,0
20260527,P005,W03,25,25,0
20260528,P005,W03,27,27,0
20260529,P005,W03,24,24,0
20260530,P005,W03,18,18,0
20260531,P005,W03,18,18,0
20260601,P005,W03,21,21,0
20260602,P005,W03,36,36,0
20260603,P005,W03,19,19,0
20260604,P005,W03,27,27,0
20260605,P005,W03,19,19,0
20260606,P005,W03,20,20,0
20260607,P005,W03,8,8,0
20260608,P005,W03,25,25,0
20260609,P005,W03,20,20,0
20260610,P005,W03,15,15,0
20260611,P005,W03,31,31,0
20260612,P005,W03,14,14,0
20260613,P005,W03,20,20,0
20260614,P005,W03,17,17,0
20260615,P005,W03,24,24,0
20260616,P005,W03,19,19,0
20260617,P005,W03,12,12,0
20260618,P005,W03,20,20,0
20260619,P005,W03,17,17,0
20260620,P005,W03,23,23,0
20260621,P005,W03,8,8,0
20260622,P005,W03,21,21,0
20260623,P005,W03,17,17,0
20260624,P005,W03,24,24,0
20260625,P005,W03,34,34,0
20260626,P005,W03,15,15,0
20260627,P005,W03,19,19,0
20260628,P005,W03,11,11,0
20260629,P005,W03,27,27,0
20260630,P005,W03,19,19,0
20260701,P005,W03,18,18,0
20260702,P005,W03,14,14,0
20260703,P005,W03,26,5,21
20260704,P005,W03,20,0,20
20260705,P005,W03,12,0,12
20260706,P005,W03,22,22,0
20260707,P005,W03,11,11,0
20260708,P005,W03,11,11,0
20260709,P005,W03,23,23,0
20260710,P005,W03,10,10,0
20260711,P005,W03,14,14,0
20260712,P005,W03,11,11,0
20260713,P005,W03,15,15,0
20260714,P005,W03,19,19,0
20260715,P005,W03,21,21,0
20260716,P005,W03,21,21,0
20260717,P005,W03,19,19,0
20260718,P005,W03,17,17,0
20260719,P005,W03,5,5,0
20260720,P005,W03,17,17,0
20260721,P005,W03,16,16,0
20260722,P005,W03,18,18,0
20260723,P005,W03,17,17,0
20260724,P005,W03,21,21,0
20260725,P005,W03,25,25,0
20260726,P005,W03,8,8,0
20260727,P005,W03,15,15,0
20260728,P005,W03,10,10,0
20260729,P005,W03,10,10,0
20260730,P005,W03,15,15,0
20260731,P005,W03,21,21,0
20260801,P005,W03,12,12,0
20260802,P005,W03,19,19,0
20260803,P005,W03,10,10,0
20260804,P005,W03,18,18,0
20260805,P005,W03,12,12,0
20260806,P005,W03,14,14,0
20260807,P005,W03,17,17,0
20260808,P005,W03,16,16,0
20260809,P005,W03,12,12,0
20260810,P005,W03,20,20,0
20260811,P005,W03,12,12,0
20260812,P005,W03,12,12,0
20260813,P005,W03,19,19,0
20260814,P005,W03,18,18,0
20260815,P005,W03,17,17,0
20260816,P005,W03,9,9,0
20260817,P005,W03,18,18,0
20260818,P005,W03,7,7,0
20260819,P005,W03,13,13,0
20260820,P005,W03,8,8,0
20260821,P005,W03,18,18,0
20260822,P005,W03,19,19,0
20260823,P005,W03,8,8,0
20260824,P005,W03,11,11,0
20260825,P005,W03,8,8,0
20260826,P005,W03,16,16,0
20260827,P005,W03,11,11,0
20260828,P005,W03,14,14,0
20260829,P005,W03,12,12,0
20260830,P005,W03,6,6,0
20260831,P005,W03,16,16,0
20260901,P005,W03,13,13,0
20260902,P005,W03,13,13,0
20260903,P005,W03,19,19,0
20260904,P005,W03,13,13,0
20260905,P005,W03,12,12,0
20260906,P005,W03,15,15,0
20260907,P005,W03,17,17,0
20260908,P005,W03,14,14,0
20260909,P005,W03,23,23,0
20260910,P005,W03,10,10,0
20260911,P005,W03,18,18,0
20260912,P005,W03,23,23,0
20260913,P005,W03,12,12,0
20260914,P005,W03,25,25,0
20260915,P005,W03,17,17,0
20260916,P005,W03,12,12,0
20260917,P005,W03,5,5,0
20260918,P005,W03,14,14,0
20260919,P005,W03,9,9,0
20260920,P005,W03,13,13,0
20260921,P005,W03,16,16,0
20260922,P005,W03,9,9,0
20260923,P005,W03,12,12,0
20260924,P005,W03,17,17,0
20260925,P005,W03,15,15,0
20260926,P005,W03,15,15,0
20260927,P005,W03,5,5,0
20260928,P005,W03,9,9,0
20260929,P005,W03,19,19,0
20260930,P005,W03,12,12,0
20251001,P005,W04,10,10,0
20251002,P005,W04,12,12,0
20251003,P005,W04,19,19,0
20251004,P005,W04,5,5,0
20251005,P005,W04,7,7,0
20251006,P005,W04,10,10,0
20251007,P005,W04,14,14,0
20251008,P005,W04,7,7,0
20251009,P005,W04,13,13,0
20251010,P005,W04,13,13,0
20251011,P005,W04,6,6,0
20251012,P005,W04,3,3,0
20251013,P005,W04,13,13,0
20251014,P005,W04,9,9,0
20251015,P005,W04,17,17,0
20251016,P005,W04,18,18,0
20251017,P005,W04,15,15,0
20251018,P005,W04,12,12,0
20251019,P005,W04,8,8,0
20251020,P005,W04,18,18,0
20251021,P005,W04,8,8,0
20251022,P005,W04,13,13,0
20251023,P005,W04,15,15,0
20251024,P005,W04,9,9,0
20251025,P005,W04,9,9,0
20251026,P005,W04,9,9,0
20251027,P005,W04,14,14,0
20251028,P005,W04,12,12,0
20251029,P005,W04,13,13,0
20251030,P005,W04,15,15,0
20251031,P005,W04,11,11,0
20251101,P005,W04,9,9,0
20251102,P005,W04,8,8,0
20251103,P005,W04,16,16,0
20251104,P005,W04,15,0,15
20251105,P005,W04,13,13,0
20251106,P005,W04,3,3,0
20251107,P005,W04,13,13,0
20251108,P005,W04,15,15,0
20251109,P005,W04,6,6,0
20251110,P005,W04,14,14,0
20251111,P005,W04,11,11,0
20251112,P005,W04,9,9,0
20251113,P005,W04,11,11,0
20251114,P005,W04,11,11,0
20251115,P005,W04,5,5,0
20251116,P005,W04,1,1,0
20251117,P005,W04,13,13,0
20251118,P005,W04,11,11,0
20251119,P005,W04,10,10,0
20251120,P005,W04,11,11,0
20251121,P005,W04,11,11,0
20251122,P005,W04,11,11,0
20251123,P005,W04,2,2,0
20251124,P005,W04,17,17,0
20251125,P005,W04,8,8,0
20251126,P005,W04,9,9,0
20251127,P005,W04,11,11,0
20251128,P005,W04,12,12,0
20251129,P005,W04,7,7,0
20251130,P005,W04,7,7,0
20251201,P005,W04,9,9,0
20251202,P005,W04,9,9,0
20251203,P005,W04,15,15,0
20251204,P005,W04,6,6,0
20251205,P005,W04,14,14,0
20251206,P005,W04,11,11,0
20251207,P005,W04,6,6,0
20251208,P005,W04,13,13,0
20251209,P005,W04,11,11,0
20251210,P005,W04,10,10,0
20251211,P005,W04,10,10,0
20251212,P005,W04,12,12,0
20251213,P005,W04,7,7,0
20251214,P005,W04,4,4,0
20251215,P005,W04,10,10,0
20251216,P005,W04,8,8,0
20251217,P005,W04,11,11,0
20251218,P005,W04,13,13,0
20251219,P005,W04,7,7,0
20251220,P005,W04,10,10,0
20251221,P005,W04,4,4,0
20251222,P005,W04,12,12,0
20251223,P005,W04,5,5,0
20251224,P005,W04,10,10,0
20251225,P005,W04,8,8,0
20251226,P005,W04,3,3,0
20251227,P005,W04,4,4,0
20251228,P005,W04,6,6,0
20251229,P005,W04,6,6,0
20251230,P005,W04,9,9,0
20251231,P005,W04,9,9,0
20260101,P005,W04,14,14,0
20260102,P005,W04,9,9,0
20260103,P005,W04,12,12,0
20260104,P005,W04,7,7,0
20260105,P005,W04,13,13,0
20260106,P005,W04,9,9,0
20260107,P005,W04,14,14,0
20260108,P005,W04,10,10,0
20260109,P005,W04,8,8,0
20260110,P005,W04,10,10,0
20260111,P005,W04,7,7,0
20260112,P005,W04,7,7,0
20260113,P005,W04,14,14,0
20260114,P005,W04,5,5,0
20260115,P005,W04,10,10,0
20260116,P005,W04,9,9,0
20260117,P005,W04,15,15,0
20260118,P005,W04,10,10,0
20260119,P005,W04,20,20,0
20260120,P005,W04,8,8,0
20260121,P005,W04,10,10,0
20260122,P005,W04,12,12,0
20260123,P005,W04,8,8,0
20260124,P005,W04,15,15,0
20260125,P005,W04,7,7,0
20260126,P005,W04,11,11,0
20260127,P005,W04,8,8,0
20260128,P005,W04,10,10,0
20260129,P005,W04,7,7,0
20260130,P005,W04,16,16,0
20260131,P005,W04,6,6,0
20260201,P005,W04,7,7,0
20260202,P005,W04,13,13,0
20260203,P005,W04,7,7,0
20260204,P005,W04,11,11,0
20260205,P005,W04,9,9,0
20260206,P005,W04,12,12,0
20260207,P005,W04,7,7,0
20260208,P005,W04,8,8,0
20260209,P005,W04,11,11,0
20260210,P005,W04,11,11,0
20260211,P005,W04,6,6,0
20260212,P005,W04,12,12,0
20260213,P005,W04,10,10,0
20260214,P005,W04,17,17,0
20260215,P005,W04,7,7,0
20260216,P005,W04,10,10,0
20260217,P005,W04,6,6,0
20260218,P005,W04,17,17,0
20260219,P005,W04,13,13,0
20260220,P005,W04,9,9,0
20260221,P005,W04,10,10,0
20260222,P005,W04,10,10,0
20260223,P005,W04,15,15,0
20260224,P005,W04,14,14,0
20260225,P005,W04,18,18,0
20260226,P005,W04,12,12,0
20260227,P005,W04,11,11,0
20260228,P005,W04,4,4,0
20260301,P005,W04,12,12,0
20260302,P005,W04,13,13,0
20260303,P005,W04,19,19,0
20260304,P005,W04,15,15,0
20260305,P005,W04,15,15,0
20260306,P005,W04,13,11,2
20260307,P005,W04,17,0,17
20260308,P005,W04,7,7,0
20260309,P005,W04,10,10,0
20260310,P005,W04,17,17,0
20260311,P005,W04,11,11,0
20260312,P005,W04,15,15,0
20260313,P005,W04,17,17,0
20260314,P005,W04,10,10,0
20260315,P005,W04,9,9,0
20260316,P005,W04,14,14,0
20260317,P005,W04,7,7,0
20260318,P005,W04,13,13,0
20260319,P005,W04,15,15,0
20260320,P005,W04,14,14,0
20260321,P005,W04,14,14,0
20260322,P005,W04,19,19,0
20260323,P005,W04,13,13,0
20260324,P005,W04,11,11,0
20260325,P005,W04,13,13,0
20260326,P005,W04,15,15,0
20260327,P005,W04,12,12,0
20260328,P005,W04,11,11,0
20260329,P005,W04,6,6,0
20260330,P005,W04,15,15,0
20260331,P005,W04,14,14,0
20260401,P005,W04,21,21,0
20260402,P005,W04,14,14,0
20260403,P005,W04,10,10,0
20260404,P005,W04,17,17,0
20260405,P005,W04,14,14,0
20260406,P005,W04,20,20,0
20260407,P005,W04,24,11,13
20260408,P005,W04,19,0,19
20260409,P005,W04,16,0,16
20260410,P005,W04,12,0,12
20260411,P005,W04,12,12,0
20260412,P005,W04,11,11,0
20260413,P005,W04,21,21,0
20260414,P005,W04,14,14,0
20260415,P005,W04,20,20,0
20260416,P005,W04,17,17,0
20260417,P005,W04,16,16,0
20260418,P005,W04,17,17,0
20260419,P005,W04,14,14,0
20260420,P005,W04,20,20,0
20260421,P005,W04,12,12,0
20260422,P005,W04,13,13,0
20260423,P005,W04,17,17,0
20260424,P005,W04,8,8,0
20260425,P005,W04,14,14,0
20260426,P005,W04,8,8,0
20260427,P005,W04,14,14,0
20260428,P005,W04,17,17,0
20260429,P005,W04,16,16,0
20260430,P005,W04,13,13,0
20260501,P005,W04,16,16,0
20260502,P005,W04,18,18,0
20260503,P005,W04,7,7,0
20260504,P005,W04,10,10,0
20260505,P005,W04,19,19,0
20260506,P005,W04,21,21,0
20260507,P005,W04,11,11,0
20260508,P005,W04,16,16,0
20260509,P005,W04,17,4,13
20260510,P005,W04,12,12,0
20260511,P005,W04,16,16,0
20260512,P005,W04,22,22,0
20260513,P005,W04,17,17,0
20260514,P005,W04,22,22,0
20260515,P005,W04,22,22,0
20260516,P005,W04,19,19,0
20260517,P005,W04,12,12,0
20260518,P005,W04,20,20,0
20260519,P005,W04,18,18,0
20260520,P005,W04,12,12,0
20260521,P005,W04,24,24,0
20260522,P005,W04,23,23,0
20260523,P005,W04,18,18,0
20260524,P005,W04,15,15,0
20260525,P005,W04,16,16,0
20260526,P005,W04,21,21,0
20260527,P005,W04,15,15,0
20260528,P005,W04,23,23,0
20260529,P005,W04,21,21,0
20260530,P005,W04,25,25,0
20260531,P005,W04,17,17,0
20260601,P005,W04,18,18,0
20260602,P005,W04,12,6,6
20260603,P005,W04,17,0,17
20260604,P005,W04,19,0,19
20260605,P005,W04,18,0,18
20260606,P005,W04,15,0,15
20260607,P005,W04,13,0,13
20260608,P005,W04,13,13,0
20260609,P005,W04,19,19,0
20260610,P005,W04,20,20,0
20260611,P005,W04,22,22,0
20260612,P005,W04,15,15,0
20260613,P005,W04,27,27,0
20260614,P005,W04,12,12,0
20260615,P005,W04,14,14,0
20260616,P005,W04,17,17,0
20260617,P005,W04,16,16,0
20260618,P005,W04,14,14,0
20260619,P005,W04,20,20,0
20260620,P005,W04,15,15,0
20260621,P005,W04,26,26,0
20260622,P005,W04,12,12,0
20260623,P005,W04,20,20,0
20260624,P005,W04,14,14,0
20260625,P005,W04,18,18,0
20260626,P005,W04,22,22,0
20260627,P005,W04,23,23,0
20260628,P005,W04,13,13,0
20260629,P005,W04,18,18,0
20260630,P005,W04,22,22,0
20260701,P005,W04,18,1,17
20260702,P005,W04,8,0,8
20260703,P005,W04,21,0,21
20260704,P005,W04,18,18,0
20260705,P005,W04,8,8,0
20260706,P005,W04,16,16,0
20260707,P005,W04,16,16,0
20260708,P005,W04,16,16,0
20260709,P005,W04,13,13,0
20260710,P005,W04,18,18,0
20260711,P005,W04,19,19,0
20260712,P005,W04,13,13,0
20260713,P005,W04,16,16,0
20260714,P005,W04,17,17,0
20260715,P005,W04,17,17,0
20260716,P005,W04,19,19,0
20260717,P005,W04,12,12,0
20260718,P005,W04,15,15,0
20260719,P005,W04,5,5,0
20260720,P005,W04,14,14,0
20260721,P005,W04,16,16,0
20260722,P005,W04,15,15,0
20260723,P005,W04,10,10,0
20260724,P005,W04,12,12,0
20260725,P005,W04,17,17,0
20260726,P005,W04,14,14,0
20260727,P005,W04,15,15,0
20260728,P005,W04,14,14,0
20260729,P005,W04,11,11,0
20260730,P005,W04,9,9,0
20260731,P005,W04,16,16,0
20260801,P005,W04,12,12,0
20260802,P005,W04,11,11,0
20260803,P005,W04,17,15,2
20260804,P005,W04,16,0,16
20260805,P005,W04,11,0,11
20260806,P005,W04,8,0,8
20260807,P005,W04,20,0,20
20260808,P005,W04,8,0,8
20260809,P005,W04,7,0,7
20260810,P005,W04,14,0,14
20260811,P005,W04,14,0,14
20260812,P005,W04,7,7,0
20260813,P005,W04,10,10,0
20260814,P005,W04,10,10,0
20260815,P005,W04,12,12,0
20260816,P005,W04,5,5,0
20260817,P005,W04,8,8,0
20260818,P005,W04,12,12,0
20260819,P005,W04,19,19,0
20260820,P005,W04,12,12,0
20260821,P005,W04,17,17,0
20260822,P005,W04,15,15,0
20260823,P005,W04,6,6,0
20260824,P005,W04,13,13,0
20260825,P005,W04,16,16,0
20260826,P005,W04,14,14,0
20260827,P005,W04,5,5,0
20260828,P005,W04,11,11,0
20260829,P005,W04,19,19,0
20260830,P005,W04,8,8,0
20260831,P005,W04,21,21,0
20260901,P005,W04,15,15,0
20260902,P005,W04,17,17,0
20260903,P005,W04,12,12,0
20260904,P005,W04,11,11,0
20260905,P005,W04,16,16,0
20260906,P005,W04,5,5,0
20260907,P005,W04,9,9,0
20260908,P005,W04,25,25,0
20260909,P005,W04,15,15,0
20260910,P005,W04,9,9,0
20260911,P005,W04,9,9,0
20260912,P005,W04,11,11,0
20260913,P005,W04,9,9,0
20260914,P005,W04,8,8,0
20260915,P005,W04,10,10,0
20260916,P005,W04,13,13,0
20260917,P005,W04,10,10,0
20260918,P005,W04,21,21,0
20260919,P005,W04,10,10,0
20260920,P005,W04,9,9,0
20260921,P005,W04,12,12,0
20260922,P005,W04,11,11,0
20260923,P005,W04,10,10,0
20260924,P005,W04,9,9,0
20260925,P005,W04,16,16,0
20260926,P005,W04,14,14,0
20260927,P005,W04,7,7,0
20260928,P005,W04,12,12,0
20260929,P005,W04,19,19,0
20260930,P005,W04,7,7,0
20251001,P006,W01,4,4,0
20251002,P006,W01,2,2,0
20251003,P006,W01,3,3,0
20251004,P006,W01,4,4,0
20251005,P006,W01,4,4,0
20251006,P006,W01,5,5,0
20251007,P006,W01,4,4,0
20251008,P006,W01,1,1,0
20251009,P006,W01,5,5,0
20251010,P006,W01,2,2,0
20251011,P006,W01,3,3,0
20251012,P006,W01,1,1,0
20251013,P006,W01,1,1,0
20251014,P006,W01,3,3,0
20251015,P006,W01,4,4,0
20251016,P006,W01,1,1,0
20251017,P006,W01,2,2,0
20251018,P006,W01,5,5,0
20251019,P006,W01,5,5,0
20251020,P006,W01,4,4,0
20251021,P006,W01,3,3,0
20251022,P006,W01,1,1,0
20251023,P006,W01,2,2,0
20251024,P006,W01,4,4,0
20251025,P006,W01,5,5,0
20251026,P006,W01,2,2,0
20251027,P006,W01,5,5,0
20251028,P006,W01,4,4,0
20251029,P006,W01,4,4,0
20251030,P006,W01,2,2,0
20251031,P006,W01,2,2,0
20251101,P006,W01,2,2,0
20251102,P006,W01,3,3,0
20251103,P006,W01,6,6,0
20251104,P006,W01,3,3,0
20251105,P006,W01,1,1,0
20251106,P006,W01,1,1,0
20251107,P006,W01,4,4,0
20251108,P006,W01,5,5,0
20251109,P006,W01,5,5,0
20251110,P006,W01,6,6,0
20251111,P006,W01,3,3,0
20251112,P006,W01,3,3,0
20251113,P006,W01,3,3,0
20251114,P006,W01,2,2,0
20251115,P006,W01,5,5,0
20251116,P006,W01,0,0,0
20251117,P006,W01,4,4,0
20251118,P006,W01,3,3,0
20251119,P006,W01,1,1,0
20251120,P006,W01,4,4,0
20251121,P006,W01,3,3,0
20251122,P006,W01,2,2,0
20251123,P006,W01,0,0,0
20251124,P006,W01,9,9,0
20251125,P006,W01,6,6,0
20251126,P006,W01,3,3,0
20251127,P006,W01,1,1,0
20251128,P006,W01,1,1,0
20251129,P006,W01,4,4,0
20251130,P006,W01,3,3,0
20251201,P006,W01,4,4,0
20251202,P006,W01,0,0,0
20251203,P006,W01,2,2,0
20251204,P006,W01,6,6,0
20251205,P006,W01,5,5,0
20251206,P006,W01,12,12,0
20251207,P006,W01,5,5,0
20251208,P006,W01,6,6,0
20251209,P006,W01,5,5,0
20251210,P006,W01,1,1,0
20251211,P006,W01,3,3,0
20251212,P006,W01,4,4,0
20251213,P006,W01,7,7,0
20251214,P006,W01,2,2,0
20251215,P006,W01,3,3,0
20251216,P006,W01,6,6,0
20251217,P006,W01,1,1,0
20251218,P006,W01,4,4,0
20251219,P006,W01,5,5,0
20251220,P006,W01,3,3,0
20251221,P006,W01,1,1,0
20251222,P006,W01,3,3,0
20251223,P006,W01,7,7,0
20251224,P006,W01,1,1,0
20251225,P006,W01,3,3,0
20251226,P006,W01,1,1,0
20251227,P006,W01,9,9,0
20251228,P006,W01,1,1,0
20251229,P006,W01,7,7,0
20251230,P006,W01,4,4,0
20251231,P006,W01,6,6,0
20260101,P006,W01,3,3,0
20260102,P006,W01,3,3,0
20260103,P006,W01,2,2,0
20260104,P006,W01,3,3,0
20260105,P006,W01,4,4,0
20260106,P006,W01,4,4,0
20260107,P006,W01,4,4,0
20260108,P006,W01,6,6,0
20260109,P006,W01,3,3,0
20260110,P006,W01,3,3,0
20260111,P006,W01,1,1,0
20260112,P006,W01,7,7,0
20260113,P006,W01,1,1,0
20260114,P006,W01,3,3,0
20260115,P006,W01,3,3,0
20260116,P006,W01,7,7,0
20260117,P006,W01,3,3,0
20260118,P006,W01,0,0,0
20260119,P006,W01,3,3,0
20260120,P006,W01,2,2,0
20260121,P006,W01,2,2,0
20260122,P006,W01,8,8,0
20260123,P006,W01,1,1,0
20260124,P006,W01,1,1,0
20260125,P006,W01,2,2,0
20260126,P006,W01,6,6,0
20260127,P006,W01,3,3,0
20260128,P006,W01,5,5,0
20260129,P006,W01,3,3,0
20260130,P006,W01,8,8,0
20260131,P006,W01,3,3,0
20260201,P006,W01,1,1,0
20260202,P006,W01,6,6,0
20260203,P006,W01,4,4,0
20260204,P006,W01,4,4,0
20260205,P006,W01,4,4,0
20260206,P006,W01,5,5,0
20260207,P006,W01,2,2,0
20260208,P006,W01,2,2,0
20260209,P006,W01,7,7,0
20260210,P006,W01,4,4,0
20260211,P006,W01,3,3,0
20260212,P006,W01,2,2,0
20260213,P006,W01,5,5,0
20260214,P006,W01,8,8,0
20260215,P006,W01,2,2,0
20260216,P006,W01,4,4,0
20260217,P006,W01,4,4,0
20260218,P006,W01,2,2,0
20260219,P006,W01,6,6,0
20260220,P006,W01,4,4,0
20260221,P006,W01,4,4,0
20260222,P006,W01,2,2,0
20260223,P006,W01,2,2,0
20260224,P006,W01,5,5,0
20260225,P006,W01,2,2,0
20260226,P006,W01,4,4,0
20260227,P006,W01,2,2,0
20260228,P006,W01,4,4,0
20260301,P006,W01,2,2,0
20260302,P006,W01,5,5,0
20260303,P006,W01,0,0,0
20260304,P006,W01,3,3,0
20260305,P006,W01,2,2,0
20260306,P006,W01,6,6,0
20260307,P006,W01,4,4,0
20260308,P006,W01,0,0,0
20260309,P006,W01,3,3,0
20260310,P006,W01,4,4,0
20260311,P006,W01,4,4,0
20260312,P006,W01,2,2,0
20260313,P006,W01,2,2,0
20260314,P006,W01,10,10,0
20260315,P006,W01,2,2,0
20260316,P006,W01,5,5,0
20260317,P006,W01,0,0,0
20260318,P006,W01,2,2,0
20260319,P006,W01,5,5,0
20260320,P006,W01,2,2,0
20260321,P006,W01,5,5,0
20260322,P006,W01,4,4,0
20260323,P006,W01,3,3,0
20260324,P006,W01,8,8,0
20260325,P006,W01,5,5,0
20260326,P006,W01,4,4,0
20260327,P006,W01,6,6,0
20260328,P006,W01,5,5,0
20260329,P006,W01,1,1,0
20260330,P006,W01,5,5,0
20260331,P006,W01,3,3,0
20260401,P006,W01,7,7,0
20260402,P006,W01,4,4,0
20260403,P006,W01,1,1,0
20260404,P006,W01,8,8,0
20260405,P006,W01,2,2,0
20260406,P006,W01,3,3,0
20260407,P006,W01,3,3,0
20260408,P006,W01,4,4,0
20260409,P006,W01,5,5,0
20260410,P006,W01,3,3,0
20260411,P006,W01,1,1,0
20260412,P006,W01,4,4,0
20260413,P006,W01,10,10,0
20260414,P006,W01,7,7,0
20260415,P006,W01,4,4,0
20260416,P006,W01,4,4,0
20260417,P006,W01,4,4,0
20260418,P006,W01,5,5,0
20260419,P006,W01,2,2,0
20260420,P006,W01,9,9,0
20260421,P006,W01,2,2,0
20260422,P006,W01,8,8,0
20260423,P006,W01,3,3,0
20260424,P006,W01,3,3,0
20260425,P006,W01,0,0,0
20260426,P006,W01,4,4,0
20260427,P006,W01,5,5,0
20260428,P006,W01,3,3,0
20260429,P006,W01,4,4,0
20260430,P006,W01,6,6,0
20260501,P006,W01,6,6,0
20260502,P006,W01,3,3,0
20260503,P006,W01,3,3,0
20260504,P006,W01,3,3,0
20260505,P006,W01,1,1,0
20260506,P006,W01,2,2,0
20260507,P006,W01,8,8,0
20260508,P006,W01,6,6,0
20260509,P006,W01,3,3,0
20260510,P006,W01,0,0,0
20260511,P006,W01,2,2,0
20260512,P006,W01,4,4,0
20260513,P006,W01,2,2,0
20260514,P006,W01,1,1,0
20260515,P006,W01,3,3,0
20260516,P006,W01,6,6,0
20260517,P006,W01,2,2,0
20260518,P006,W01,4,4,0
20260519,P006,W01,5,5,0
20260520,P006,W01,3,3,0
20260521,P006,W01,4,4,0
20260522,P006,W01,7,7,0
20260523,P006,W01,0,0,0
20260524,P006,W01,3,3,0
20260525,P006,W01,2,2,0
20260526,P006,W01,5,5,0
20260527,P006,W01,1,1,0
20260528,P006,W01,3,3,0
20260529,P006,W01,3,3,0
20260530,P006,W01,2,2,0
20260531,P006,W01,4,4,0
20260601,P006,W01,6,6,0
20260602,P006,W01,3,3,0
20260603,P006,W01,0,0,0
20260604,P006,W01,2,2,0
20260605,P006,W01,2,2,0
20260606,P006,W01,3,3,0
20260607,P006,W01,2,2,0
20260608,P006,W01,2,2,0
20260609,P006,W01,4,4,0
20260610,P006,W01,3,3,0
20260611,P006,W01,3,3,0
20260612,P006,W01,6,6,0
20260613,P006,W01,2,2,0
20260614,P006,W01,1,1,0
20260615,P006,W01,0,0,0
20260616,P006,W01,7,7,0
20260617,P006,W01,6,6,0
20260618,P006,W01,6,6,0
20260619,P006,W01,5,5,0
20260620,P006,W01,11,11,0
20260621,P006,W01,1,1,0
20260622,P006,W01,4,4,0
20260623,P006,W01,8,8,0
20260624,P006,W01,2,2,0
20260625,P006,W01,4,4,0
20260626,P006,W01,8,8,0
20260627,P006,W01,5,5,0
20260628,P006,W01,0,0,0
20260629,P006,W01,2,2,0
20260630,P006,W01,4,4,0
20260701,P006,W01,4,4,0
20260702,P006,W01,1,1,0
20260703,P006,W01,4,4,0
20260704,P006,W01,4,4,0
20260705,P006,W01,1,1,0
20260706,P006,W01,4,4,0
20260707,P006,W01,5,5,0
20260708,P006,W01,4,4,0
20260709,P006,W01,3,3,0
20260710,P006,W01,2,2,0
20260711,P006,W01,3,3,0
20260712,P006,W01,4,4,0
20260713,P006,W01,6,6,0
20260714,P006,W01,4,4,0
20260715,P006,W01,2,2,0
20260716,P006,W01,1,1,0
20260717,P006,W01,4,4,0
20260718,P006,W01,2,2,0
20260719,P006,W01,2,2,0
20260720,P006,W01,4,4,0
20260721,P006,W01,4,4,0
20260722,P006,W01,3,3,0
20260723,P006,W01,3,3,0
20260724,P006,W01,7,7,0
20260725,P006,W01,5,5,0
20260726,P006,W01,4,4,0
20260727,P006,W01,1,1,0
20260728,P006,W01,4,4,0
20260729,P006,W01,2,2,0
20260730,P006,W01,3,3,0
20260731,P006,W01,3,3,0
20260801,P006,W01,4,4,0
20260802,P006,W01,2,2,0
20260803,P006,W01,1,1,0
20260804,P006,W01,4,4,0
20260805,P006,W01,3,3,0
20260806,P006,W01,3,3,0
20260807,P006,W01,3,3,0
20260808,P006,W01,3,3,0
20260809,P006,W01,2,2,0
20260810,P006,W01,6,6,0
20260811,P006,W01,3,3,0
20260812,P006,W01,4,4,0
20260813,P006,W01,4,4,0
20260814,P006,W01,6,6,0
20260815,P006,W01,1,1,0
20260816,P006,W01,1,1,0
20260817,P006,W01,2,2,0
20260818,P006,W01,2,2,0
20260819,P006,W01,2,2,0
20260820,P006,W01,4,4,0
20260821,P006,W01,2,2,0
20260822,P006,W01,4,4,0
20260823,P006,W01,4,4,0
20260824,P006,W01,7,7,0
20260825,P006,W01,7,7,0
20260826,P006,W01,5,5,0
20260827,P006,W01,7,7,0
20260828,P006,W01,4,4,0
20260829,P006,W01,4,4,0
20260830,P006,W01,0,0,0
20260831,P006,W01,5,5,0
20260901,P006,W01,4,4,0
20260902,P006,W01,5,5,0
20260903,P006,W01,5,5,0
20260904,P006,W01,6,6,0
20260905,P006,W01,6,6,0
20260906,P006,W01,3,3,0
20260907,P006,W01,5,5,0
20260908,P006,W01,6,6,0
20260909,P006,W01,5,5,0
20260910,P006,W01,4,4,0
20260911,P006,W01,4,4,0
20260912,P006,W01,2,2,0
20260913,P006,W01,4,4,0
20260914,P006,W01,6,6,0
20260915,P006,W01,2,2,0
20260916,P006,W01,1,1,0
20260917,P006,W01,4,4,0
20260918,P006,W01,3,3,0
20260919,P006,W01,4,4,0
20260920,P006,W01,3,3,0
20260921,P006,W01,4,4,0
20260922,P006,W01,4,4,0
20260923,P006,W01,5,5,0
20260924,P006,W01,4,4,0
20260925,P006,W01,1,1,0
20260926,P006,W01,1,1,0
20260927,P006,W01,2,2,0
20260928,P006,W01,4,4,0
20260929,P006,W01,1,1,0
20260930,P006,W01,6,6,0
20251001,P006,W02,10,10,0
20251002,P006,W02,2,2,0
20251003,P006,W02,4,4,0
20251004,P006,W02,3,3,0
20251005,P006,W02,2,2,0
20251006,P006,W02,3,3,0
20251007,P006,W02,5,5,0
20251008,P006,W02,5,5,0
20251009,P006,W02,4,4,0
20251010,P006,W02,3,3,0
20251011,P006,W02,5,5,0
20251012,P006,W02,1,1,0
20251013,P006,W02,4,4,0
20251014,P006,W02,4,4,0
20251015,P006,W02,6,6,0
20251016,P006,W02,1,1,0
20251017,P006,W02,5,5,0
20251018,P006,W02,2,2,0
20251019,P006,W02,2,2,0
20251020,P006,W02,3,3,0
20251021,P006,W02,4,4,0
20251022,P006,W02,2,2,0
20251023,P006,W02,5,5,0
20251024,P006,W02,5,5,0
20251025,P006,W02,1,1,0
20251026,P006,W02,1,1,0
20251027,P006,W02,2,2,0
20251028,P006,W02,1,1,0
20251029,P006,W02,2,2,0
20251030,P006,W02,3,3,0
20251031,P006,W02,6,6,0
20251101,P006,W02,9,9,0
20251102,P006,W02,3,3,0
20251103,P006,W02,5,5,0
20251104,P006,W02,6,6,0
20251105,P006,W02,6,6,0
20251106,P006,W02,0,0,0
20251107,P006,W02,3,3,0
20251108,P006,W02,2,2,0
20251109,P006,W02,1,1,0
20251110,P006,W02,5,5,0
20251111,P006,W02,3,3,0
20251112,P006,W02,5,5,0
20251113,P006,W02,2,2,0
20251114,P006,W02,3,3,0
20251115,P006,W02,3,3,0
20251116,P006,W02,2,2,0
20251117,P006,W02,2,2,0
20251118,P006,W02,9,9,0
20251119,P006,W02,3,3,0
20251120,P006,W02,7,7,0
20251121,P006,W02,3,3,0
20251122,P006,W02,5,5,0
20251123,P006,W02,4,4,0
20251124,P006,W02,3,3,0
20251125,P006,W02,4,4,0
20251126,P006,W02,1,1,0
20251127,P006,W02,2,2,0
20251128,P006,W02,2,2,0
20251129,P006,W02,4,4,0
20251130,P006,W02,0,0,0
20251201,P006,W02,5,5,0
20251202,P006,W02,5,5,0
20251203,P006,W02,3,3,0
20251204,P006,W02,1,1,0
20251205,P006,W02,3,3,0
20251206,P006,W02,5,5,0
20251207,P006,W02,2,2,0
20251208,P006,W02,2,2,0
20251209,P006,W02,4,4,0
20251210,P006,W02,3,3,0
20251211,P006,W02,4,4,0
20251212,P006,W02,0,0,0
20251213,P006,W02,5,5,0
20251214,P006,W02,3,3,0
20251215,P006,W02,6,6,0
20251216,P006,W02,5,5,0
20251217,P006,W02,3,3,0
20251218,P006,W02,6,6,0
20251219,P006,W02,1,1,0
20251220,P006,W02,5,5,0
20251221,P006,W02,3,3,0
20251222,P006,W02,3,3,0
20251223,P006,W02,4,4,0
20251224,P006,W02,7,7,0
20251225,P006,W02,2,2,0
20251226,P006,W02,5,5,0
20251227,P006,W02,3,3,0
20251228,P006,W02,4,4,0
20251229,P006,W02,4,4,0
20251230,P006,W02,2,2,0
20251231,P006,W02,5,5,0
20260101,P006,W02,7,7,0
20260102,P006,W02,2,2,0
20260103,P006,W02,5,5,0
20260104,P006,W02,0,0,0
20260105,P006,W02,5,5,0
20260106,P006,W02,2,2,0
20260107,P006,W02,1,1,0
20260108,P006,W02,4,4,0
20260109,P006,W02,6,6,0
20260110,P006,W02,4,4,0
20260111,P006,W02,1,1,0
20260112,P006,W02,6,6,0
20260113,P006,W02,5,5,0
20260114,P006,W02,1,1,0
20260115,P006,W02,5,5,0
20260116,P006,W02,2,2,0
20260117,P006,W02,4,4,0
20260118,P006,W02,2,2,0
20260119,P006,W02,4,4,0
20260120,P006,W02,7,7,0
20260121,P006,W02,5,5,0
20260122,P006,W02,6,6,0
20260123,P006,W02,4,4,0
20260124,P006,W02,6,6,0
20260125,P006,W02,4,4,0
20260126,P006,W02,8,8,0
20260127,P006,W02,3,3,0
20260128,P006,W02,5,5,0
20260129,P006,W02,3,3,0
20260130,P006,W02,5,5,0
20260131,P006,W02,5,5,0
20260201,P006,W02,6,6,0
20260202,P006,W02,1,1,0
20260203,P006,W02,4,4,0
20260204,P006,W02,2,2,0
20260205,P006,W02,5,5,0
20260206,P006,W02,0,0,0
20260207,P006,W02,5,5,0
20260208,P006,W02,1,1,0
20260209,P006,W02,5,5,0
20260210,P006,W02,5,5,0
20260211,P006,W02,4,4,0
20260212,P006,W02,3,3,0
20260213,P006,W02,3,3,0
20260214,P006,W02,3,3,0
20260215,P006,W02,3,3,0
20260216,P006,W02,3,3,0
20260217,P006,W02,4,4,0
20260218,P006,W02,7,7,0
20260219,P006,W02,3,3,0
20260220,P006,W02,4,4,0
20260221,P006,W02,4,4,0
20260222,P006,W02,2,2,0
20260223,P006,W02,8,8,0
20260224,P006,W02,3,3,0
20260225,P006,W02,7,7,0
20260226,P006,W02,2,2,0
20260227,P006,W02,5,5,0
20260228,P006,W02,6,6,0
20260301,P006,W02,3,3,0
20260302,P006,W02,6,6,0
20260303,P006,W02,6,6,0
20260304,P006,W02,2,2,0
20260305,P006,W02,3,3,0
20260306,P006,W02,5,5,0
20260307,P006,W02,5,5,0
20260308,P006,W02,0,0,0
20260309,P006,W02,3,3,0
20260310,P006,W02,4,4,0
20260311,P006,W02,4,4,0
20260312,P006,W02,4,4,0
20260313,P006,W02,2,2,0
20260314,P006,W02,5,5,0
20260315,P006,W02,3,3,0
20260316,P006,W02,0,0,0
20260317,P006,W02,1,1,0
20260318,P006,W02,8,8,0
20260319,P006,W02,4,4,0
20260320,P006,W02,4,4,0
20260321,P006,W02,4,4,0
20260322,P006,W02,2,2,0
20260323,P006,W02,4,4,0
20260324,P006,W02,3,3,0
20260325,P006,W02,5,5,0
20260326,P006,W02,2,2,0
20260327,P006,W02,5,5,0
20260328,P006,W02,3,3,0
20260329,P006,W02,3,3,0
20260330,P006,W02,4,4,0
20260331,P006,W02,4,4,0
20260401,P006,W02,3,3,0
20260402,P006,W02,2,2,0
20260403,P006,W02,5,5,0
20260404,P006,W02,2,2,0
20260405,P006,W02,2,2,0
20260406,P006,W02,5,5,0
20260407,P006,W02,4,4,0
20260408,P006,W02,6,6,0
20260409,P006,W02,1,1,0
20260410,P006,W02,3,3,0
20260411,P006,W02,6,6,0
20260412,P006,W02,0,0,0
20260413,P006,W02,4,4,0
20260414,P006,W02,1,1,0
20260415,P006,W02,2,2,0
20260416,P006,W02,6,6,0
20260417,P006,W02,4,4,0
20260418,P006,W02,2,2,0
20260419,P006,W02,1,1,0
20260420,P006,W02,2,2,0
20260421,P006,W02,1,1,0
20260422,P006,W02,3,3,0
20260423,P006,W02,11,11,0
20260424,P006,W02,3,3,0
20260425,P006,W02,4,4,0
20260426,P006,W02,3,3,0
20260427,P006,W02,5,5,0
20260428,P006,W02,1,1,0
20260429,P006,W02,4,4,0
20260430,P006,W02,6,6,0
20260501,P006,W02,4,4,0
20260502,P006,W02,4,4,0
20260503,P006,W02,4,4,0
20260504,P006,W02,5,5,0
20260505,P006,W02,3,3,0
20260506,P006,W02,2,2,0
20260507,P006,W02,3,3,0
20260508,P006,W02,7,7,0
20260509,P006,W02,3,3,0
20260510,P006,W02,0,0,0
20260511,P006,W02,1,1,0
20260512,P006,W02,1,1,0
20260513,P006,W02,3,3,0
20260514,P006,W02,3,3,0
20260515,P006,W02,4,4,0
20260516,P006,W02,5,5,0
20260517,P006,W02,0,0,0
20260518,P006,W02,3,3,0
20260519,P006,W02,2,2,0
20260520,P006,W02,1,1,0
20260521,P006,W02,6,6,0
20260522,P006,W02,1,1,0
20260523,P006,W02,2,2,0
20260524,P006,W02,2,2,0
20260525,P006,W02,8,8,0
20260526,P006,W02,3,3,0
20260527,P006,W02,2,2,0
20260528,P006,W02,4,4,0
20260529,P006,W02,4,4,0
20260530,P006,W02,5,5,0
20260531,P006,W02,1,1,0
20260601,P006,W02,5,5,0
20260602,P006,W02,7,7,0
20260603,P006,W02,6,6,0
20260604,P006,W02,5,5,0
20260605,P006,W02,5,5,0
20260606,P006,W02,6,6,0
20260607,P006,W02,1,1,0
20260608,P006,W02,6,6,0
20260609,P006,W02,4,4,0
20260610,P006,W02,5,5,0
20260611,P006,W02,2,2,0
20260612,P006,W02,1,1,0
20260613,P006,W02,5,5,0
20260614,P006,W02,3,3,0
20260615,P006,W02,2,2,0
20260616,P006,W02,4,4,0
20260617,P006,W02,4,4,0
20260618,P006,W02,4,4,0
20260619,P006,W02,3,3,0
20260620,P006,W02,4,4,0
20260621,P006,W02,4,4,0
20260622,P006,W02,0,0,0
20260623,P006,W02,4,4,0
20260624,P006,W02,6,6,0
20260625,P006,W02,5,5,0
20260626,P006,W02,6,6,0
20260627,P006,W02,5,5,0
20260628,P006,W02,5,5,0
20260629,P006,W02,1,1,0
20260630,P006,W02,4,4,0
20260701,P006,W02,2,2,0
20260702,P006,W02,7,7,0
20260703,P006,W02,5,5,0
20260704,P006,W02,2,2,0
20260705,P006,W02,2,2,0
20260706,P006,W02,2,2,0
20260707,P006,W02,2,2,0
20260708,P006,W02,3,3,0
20260709,P006,W02,3,3,0
20260710,P006,W02,8,8,0
20260711,P006,W02,6,6,0
20260712,P006,W02,2,2,0
20260713,P006,W02,2,2,0
20260714,P006,W02,5,5,0
20260715,P006,W02,1,1,0
20260716,P006,W02,7,7,0
20260717,P006,W02,3,3,0
20260718,P006,W02,3,3,0
20260719,P006,W02,1,1,0
20260720,P006,W02,0,0,0
20260721,P006,W02,2,2,0
20260722,P006,W02,3,3,0
20260723,P006,W02,4,4,0
20260724,P006,W02,4,4,0
20260725,P006,W02,4,4,0
20260726,P006,W02,7,7,0
20260727,P006,W02,3,3,0
20260728,P006,W02,3,3,0
20260729,P006,W02,6,6,0
20260730,P006,W02,2,2,0
20260731,P006,W02,3,3,0
20260801,P006,W02,4,4,0
20260802,P006,W02,0,0,0
20260803,P006,W02,1,1,0
20260804,P006,W02,2,2,0
20260805,P006,W02,3,3,0
20260806,P006,W02,3,3,0
20260807,P006,W02,6,6,0
20260808,P006,W02,6,6,0
20260809,P006,W02,3,3,0
20260810,P006,W02,3,3,0
20260811,P006,W02,3,3,0
20260812,P006,W02,4,4,0
20260813,P006,W02,2,2,0
20260814,P006,W02,4,4,0
20260815,P006,W02,9,9,0
20260816,P006,W02,1,1,0
20260817,P006,W02,3,3,0
20260818,P006,W02,3,3,0
20260819,P006,W02,6,6,0
20260820,P006,W02,4,4,0
20260821,P006,W02,10,10,0
20260822,P006,W02,1,1,0
20260823,P006,W02,7,7,0
20260824,P006,W02,5,5,0
20260825,P006,W02,4,4,0
20260826,P006,W02,1,1,0
20260827,P006,W02,5,5,0
20260828,P006,W02,7,7,0
20260829,P006,W02,3,3,0
20260830,P006,W02,1,1,0
20260831,P006,W02,6,6,0
20260901,P006,W02,4,4,0
20260902,P006,W02,4,4,0
20260903,P006,W02,5,5,0
20260904,P006,W02,3,3,0
20260905,P006,W02,3,3,0
20260906,P006,W02,2,2,0
20260907,P006,W02,7,7,0
20260908,P006,W02,5,5,0
20260909,P006,W02,2,2,0
20260910,P006,W02,5,5,0
20260911,P006,W02,4,4,0
20260912,P006,W02,3,3,0
20260913,P006,W02,0,0,0
20260914,P006,W02,1,1,0
20260915,P006,W02,5,5,0
20260916,P006,W02,7,7,0
20260917,P006,W02,3,3,0
20260918,P006,W02,2,2,0
20260919,P006,W02,7,7,0
20260920,P006,W02,1,1,0
20260921,P006,W02,1,1,0
20260922,P006,W02,3,3,0
20260923,P006,W02,7,7,0
20260924,P006,W02,5,5,0
20260925,P006,W02,3,3,0
20260926,P006,W02,4,4,0
20260927,P006,W02,2,2,0
20260928,P006,W02,5,5,0
20260929,P006,W02,5,5,0
20260930,P006,W02,5,5,0
20251001,P006,W03,2,2,0
20251002,P006,W03,2,2,0
20251003,P006,W03,2,2,0
20251004,P006,W03,3,3,0
20251005,P006,W03,2,2,0
20251006,P006,W03,1,1,0
20251007,P006,W03,2,2,0
20251008,P006,W03,3,3,0
20251009,P006,W03,3,3,0
20251010,P006,W03,2,2,0
20251011,P006,W03,3,3,0
20251012,P006,W03,4,4,0
20251013,P006,W03,6,6,0
20251014,P006,W03,3,3,0
20251015,P006,W03,1,1,0
20251016,P006,W03,6,6,0
20251017,P006,W03,7,7,0
20251018,P006,W03,3,3,0
20251019,P006,W03,1,1,0
20251020,P006,W03,4,4,0
20251021,P006,W03,1,1,0
20251022,P006,W03,0,0,0
20251023,P006,W03,0,0,0
20251024,P006,W03,1,1,0
20251025,P006,W03,4,4,0
20251026,P006,W03,2,2,0
20251027,P006,W03,7,7,0
20251028,P006,W03,2,2,0
20251029,P006,W03,4,4,0
20251030,P006,W03,3,3,0
20251031,P006,W03,4,4,0
20251101,P006,W03,2,2,0
20251102,P006,W03,2,2,0
20251103,P006,W03,5,5,0
20251104,P006,W03,4,4,0
20251105,P006,W03,2,2,0
20251106,P006,W03,3,3,0
20251107,P006,W03,3,3,0
20251108,P006,W03,2,2,0
20251109,P006,W03,3,3,0
20251110,P006,W03,1,1,0
20251111,P006,W03,4,4,0
20251112,P006,W03,1,1,0
20251113,P006,W03,3,3,0
20251114,P006,W03,5,5,0
20251115,P006,W03,2,2,0
20251116,P006,W03,4,4,0
20251117,P006,W03,3,3,0
20251118,P006,W03,2,2,0
20251119,P006,W03,3,3,0
20251120,P006,W03,3,3,0
20251121,P006,W03,5,5,0
20251122,P006,W03,4,4,0
20251123,P006,W03,4,4,0
20251124,P006,W03,3,3,0
20251125,P006,W03,3,3,0
20251126,P006,W03,2,2,0
20251127,P006,W03,4,4,0
20251128,P006,W03,0,0,0
20251129,P006,W03,1,1,0
20251130,P006,W03,1,1,0
20251201,P006,W03,5,5,0
20251202,P006,W03,0,0,0
20251203,P006,W03,6,6,0
20251204,P006,W03,5,5,0
20251205,P006,W03,5,5,0
20251206,P006,W03,1,1,0
20251207,P006,W03,1,1,0
20251208,P006,W03,2,2,0
20251209,P006,W03,7,7,0
20251210,P006,W03,6,6,0
20251211,P006,W03,2,2,0
20251212,P006,W03,2,2,0
20251213,P006,W03,3,3,0
20251214,P006,W03,1,1,0
20251215,P006,W03,3,3,0
20251216,P006,W03,0,0,0
20251217,P006,W03,5,5,0
20251218,P006,W03,4,4,0
20251219,P006,W03,3,3,0
20251220,P006,W03,4,4,0
20251221,P006,W03,2,2,0
20251222,P006,W03,2,2,0
20251223,P006,W03,0,0,0
20251224,P006,W03,2,2,0
20251225,P006,W03,0,0,0
20251226,P006,W03,5,5,0
20251227,P006,W03,2,2,0
20251228,P006,W03,1,1,0
20251229,P006,W03,4,4,0
20251230,P006,W03,3,3,0
20251231,P006,W03,1,1,0
20260101,P006,W03,2,2,0
20260102,P006,W03,0,0,0
20260103,P006,W03,2,2,0
20260104,P006,W03,2,2,0
20260105,P006,W03,5,5,0
20260106,P006,W03,6,6,0
20260107,P006,W03,3,3,0
20260108,P006,W03,1,1,0
20260109,P006,W03,2,2,0
20260110,P006,W03,4,4,0
20260111,P006,W03,2,2,0
20260112,P006,W03,2,2,0
20260113,P006,W03,5,5,0
20260114,P006,W03,5,5,0
20260115,P006,W03,1,1,0
20260116,P006,W03,5,5,0
20260117,P006,W03,1,1,0
20260118,P006,W03,1,1,0
20260119,P006,W03,4,4,0
20260120,P006,W03,5,5,0
20260121,P006,W03,4,4,0
20260122,P006,W03,1,1,0
20260123,P006,W03,2,2,0
20260124,P006,W03,1,1,0
20260125,P006,W03,0,0,0
20260126,P006,W03,3,3,0
20260127,P006,W03,3,3,0
20260128,P006,W03,3,3,0
20260129,P006,W03,1,1,0
20260130,P006,W03,2,2,0
20260131,P006,W03,3,3,0
20260201,P006,W03,3,3,0
20260202,P006,W03,7,7,0
20260203,P006,W03,5,5,0
20260204,P006,W03,2,2,0
20260205,P006,W03,1,1,0
20260206,P006,W03,6,6,0
20260207,P006,W03,3,3,0
20260208,P006,W03,2,2,0
20260209,P006,W03,4,4,0
20260210,P006,W03,8,8,0
20260211,P006,W03,3,3,0
20260212,P006,W03,1,1,0
20260213,P006,W03,3,3,0
20260214,P006,W03,1,1,0
20260215,P006,W03,3,3,0
20260216,P006,W03,2,2,0
20260217,P006,W03,0,0,0
20260218,P006,W03,5,5,0
20260219,P006,W03,4,4,0
20260220,P006,W03,2,2,0
20260221,P006,W03,4,4,0
20260222,P006,W03,4,4,0
20260223,P006,W03,5,5,0
20260224,P006,W03,4,4,0
20260225,P006,W03,4,4,0
20260226,P006,W03,4,4,0
20260227,P006,W03,3,3,0
20260228,P006,W03,2,2,0
20260301,P006,W03,5,5,0
20260302,P006,W03,4,4,0
20260303,P006,W03,5,5,0
20260304,P006,W03,1,1,0
20260305,P006,W03,0,0,0
20260306,P006,W03,4,4,0
20260307,P006,W03,5,5,0
20260308,P006,W03,1,1,0
20260309,P006,W03,4,4,0
20260310,P006,W03,4,4,0
20260311,P006,W03,4,4,0
20260312,P006,W03,3,3,0
20260313,P006,W03,4,4,0
20260314,P006,W03,3,3,0
20260315,P006,W03,0,0,0
20260316,P006,W03,2,2,0
20260317,P006,W03,0,0,0
20260318,P006,W03,4,4,0
20260319,P006,W03,2,2,0
20260320,P006,W03,5,5,0
20260321,P006,W03,1,1,0
20260322,P006,W03,2,2,0
20260323,P006,W03,4,4,0
20260324,P006,W03,4,4,0
20260325,P006,W03,2,2,0
20260326,P006,W03,1,1,0
20260327,P006,W03,4,4,0
20260328,P006,W03,1,1,0
20260329,P006,W03,4,4,0
20260330,P006,W03,4,4,0
20260331,P006,W03,5,5,0
20260401,P006,W03,3,3,0
20260402,P006,W03,3,3,0
20260403,P006,W03,3,3,0
20260404,P006,W03,6,6,0
20260405,P006,W03,2,2,0
20260406,P006,W03,3,3,0
20260407,P006,W03,3,3,0
20260408,P006,W03,8,8,0
20260409,P006,W03,2,2,0
20260410,P006,W03,2,2,0
20260411,P006,W03,1,1,0
20260412,P006,W03,1,1,0
20260413,P006,W03,4,4,0
20260414,P006,W03,2,2,0
20260415,P006,W03,2,2,0
20260416,P006,W03,1,1,0
20260417,P006,W03,3,3,0
20260418,P006,W03,1,1,0
20260419,P006,W03,3,3,0
20260420,P006,W03,6,6,0
20260421,P006,W03,4,4,0
20260422,P006,W03,4,4,0
20260423,P006,W03,6,6,0
20260424,P006,W03,2,2,0
20260425,P006,W03,5,5,0
20260426,P006,W03,3,3,0
20260427,P006,W03,5,5,0
20260428,P006,W03,3,3,0
20260429,P006,W03,3,3,0
20260430,P006,W03,3,3,0
20260501,P006,W03,3,3,0
20260502,P006,W03,4,4,0
20260503,P006,W03,5,5,0
20260504,P006,W03,3,3,0
20260505,P006,W03,3,3,0
20260506,P006,W03,1,1,0
20260507,P006,W03,7,7,0
20260508,P006,W03,4,4,0
20260509,P006,W03,4,4,0
20260510,P006,W03,3,3,0
20260511,P006,W03,4,4,0
20260512,P006,W03,1,1,0
20260513,P006,W03,6,6,0
20260514,P006,W03,5,5,0
20260515,P006,W03,5,5,0
20260516,P006,W03,2,2,0
20260517,P006,W03,2,2,0
20260518,P006,W03,5,5,0
20260519,P006,W03,3,3,0
20260520,P006,W03,3,3,0
20260521,P006,W03,3,3,0
20260522,P006,W03,3,3,0
20260523,P006,W03,4,4,0
20260524,P006,W03,1,1,0
20260525,P006,W03,4,4,0
20260526,P006,W03,5,5,0
20260527,P006,W03,2,2,0
20260528,P006,W03,4,4,0
20260529,P006,W03,2,2,0
20260530,P006,W03,2,2,0
20260531,P006,W03,1,1,0
20260601,P006,W03,3,3,0
20260602,P006,W03,5,5,0
20260603,P006,W03,3,3,0
20260604,P006,W03,3,3,0
20260605,P006,W03,2,2,0
20260606,P006,W03,7,7,0
20260607,P006,W03,4,4,0
20260608,P006,W03,0,0,0
20260609,P006,W03,4,4,0
20260610,P006,W03,2,2,0
20260611,P006,W03,2,2,0
20260612,P006,W03,2,2,0
20260613,P006,W03,6,6,0
20260614,P006,W03,3,3,0
20260615,P006,W03,2,2,0
20260616,P006,W03,3,3,0
20260617,P006,W03,1,1,0
20260618,P006,W03,4,4,0
20260619,P006,W03,2,2,0
20260620,P006,W03,1,1,0
20260621,P006,W03,4,4,0
20260622,P006,W03,2,2,0
20260623,P006,W03,2,2,0
20260624,P006,W03,2,2,0
20260625,P006,W03,1,1,0
20260626,P006,W03,4,4,0
20260627,P006,W03,3,3,0
20260628,P006,W03,0,0,0
20260629,P006,W03,2,2,0
20260630,P006,W03,2,2,0
20260701,P006,W03,1,1,0
20260702,P006,W03,2,2,0
20260703,P006,W03,4,4,0
20260704,P006,W03,3,3,0
20260705,P006,W03,0,0,0
20260706,P006,W03,2,2,0
20260707,P006,W03,3,3,0
20260708,P006,W03,0,0,0
20260709,P006,W03,4,4,0
20260710,P006,W03,1,1,0
20260711,P006,W03,3,3,0
20260712,P006,W03,1,1,0
20260713,P006,W03,1,1,0
20260714,P006,W03,3,3,0
20260715,P006,W03,5,5,0
20260716,P006,W03,3,3,0
20260717,P006,W03,7,7,0
20260718,P006,W03,2,2,0
20260719,P006,W03,6,6,0
20260720,P006,W03,6,6,0
20260721,P006,W03,4,4,0
20260722,P006,W03,3,3,0
20260723,P006,W03,3,3,0
20260724,P006,W03,4,4,0
20260725,P006,W03,3,3,0
20260726,P006,W03,3,3,0
20260727,P006,W03,5,5,0
20260728,P006,W03,5,5,0
20260729,P006,W03,3,3,0
20260730,P006,W03,2,2,0
20260731,P006,W03,3,3,0
20260801,P006,W03,5,5,0
20260802,P006,W03,1,1,0
20260803,P006,W03,2,2,0
20260804,P006,W03,3,3,0
20260805,P006,W03,5,5,0
20260806,P006,W03,2,2,0
20260807,P006,W03,3,3,0
20260808,P006,W03,4,4,0
20260809,P006,W03,1,1,0
20260810,P006,W03,4,4,0
20260811,P006,W03,6,6,0
20260812,P006,W03,2,2,0
20260813,P006,W03,4,4,0
20260814,P006,W03,6,6,0
20260815,P006,W03,3,3,0
20260816,P006,W03,2,2,0
20260817,P006,W03,1,1,0
20260818,P006,W03,6,6,0
20260819,P006,W03,3,3,0
20260820,P006,W03,3,3,0
20260821,P006,W03,4,4,0
20260822,P006,W03,1,1,0
20260823,P006,W03,1,1,0
20260824,P006,W03,4,4,0
20260825,P006,W03,1,1,0
20260826,P006,W03,2,2,0
20260827,P006,W03,2,2,0
20260828,P006,W03,2,2,0
20260829,P006,W03,4,4,0
20260830,P006,W03,2,2,0
20260831,P006,W03,3,3,0
20260901,P006,W03,9,9,0
20260902,P006,W03,2,2,0
20260903,P006,W03,2,2,0
20260904,P006,W03,2,2,0
20260905,P006,W03,3,3,0
20260906,P006,W03,3,3,0
20260907,P006,W03,0,0,0
20260908,P006,W03,6,6,0
20260909,P006,W03,0,0,0
20260910,P006,W03,1,1,0
20260911,P006,W03,1,1,0
20260912,P006,W03,1,1,0
20260913,P006,W03,2,2,0
20260914,P006,W03,2,2,0
20260915,P006,W03,4,4,0
20260916,P006,W03,2,2,0
20260917,P006,W03,4,4,0
20260918,P006,W03,4,4,0
20260919,P006,W03,3,3,0
20260920,P006,W03,2,2,0
20260921,P006,W03,6,6,0
20260922,P006,W03,2,2,0
20260923,P006,W03,4,4,0
20260924,P006,W03,5,5,0
20260925,P006,W03,4,4,0
20260926,P006,W03,4,4,0
20260927,P006,W03,1,1,0
20260928,P006,W03,4,4,0
20260929,P006,W03,1,1,0
20260930,P006,W03,2,2,0
20251001,P006,W04,2,2,0
20251002,P006,W04,1,1,0
20251003,P006,W04,0,0,0
20251004,P006,W04,3,3,0
20251005,P006,W04,0,0,0
20251006,P006,W04,2,2,0
20251007,P006,W04,1,1,0
20251008,P006,W04,1,1,0
20251009,P006,W04,2,2,0
20251010,P006,W04,2,2,0
20251011,P006,W04,1,1,0
20251012,P006,W04,0,0,0
20251013,P006,W04,0,0,0
20251014,P006,W04,2,2,0
20251015,P006,W04,2,2,0
20251016,P006,W04,1,1,0
20251017,P006,W04,0,0,0
20251018,P006,W04,2,2,0
20251019,P006,W04,3,3,0
20251020,P006,W04,2,2,0
20251021,P006,W04,3,3,0
20251022,P006,W04,6,6,0
20251023,P006,W04,4,4,0
20251024,P006,W04,4,4,0
20251025,P006,W04,3,3,0
20251026,P006,W04,3,3,0
20251027,P006,W04,2,2,0
20251028,P006,W04,4,4,0
20251029,P006,W04,6,6,0
20251030,P006,W04,2,2,0
20251031,P006,W04,0,0,0
20251101,P006,W04,3,3,0
20251102,P006,W04,3,3,0
20251103,P006,W04,2,2,0
20251104,P006,W04,2,2,0
20251105,P006,W04,1,1,0
20251106,P006,W04,4,4,0
20251107,P006,W04,2,2,0
20251108,P006,W04,4,2,2
20251109,P006,W04,1,0,1
20251110,P006,W04,2,2,0
20251111,P006,W04,4,4,0
20251112,P006,W04,4,4,0
20251113,P006,W04,4,4,0
20251114,P006,W04,0,0,0
20251115,P006,W04,5,5,0
20251116,P006,W04,1,1,0
20251117,P006,W04,4,4,0
20251118,P006,W04,1,1,0
20251119,P006,W04,2,2,0
20251120,P006,W04,1,1,0
20251121,P006,W04,1,1,0
20251122,P006,W04,4,4,0
20251123,P006,W04,0,0,0
20251124,P006,W04,4,4,0
20251125,P006,W04,2,2,0
20251126,P006,W04,1,1,0
20251127,P006,W04,4,4,0
20251128,P006,W04,6,6,0
20251129,P006,W04,4,4,0
20251130,P006,W04,0,0,0
20251201,P006,W04,4,4,0
20251202,P006,W04,0,0,0
20251203,P006,W04,2,2,0
20251204,P006,W04,1,1,0
20251205,P006,W04,5,5,0
20251206,P006,W04,2,2,0
20251207,P006,W04,0,0,0
20251208,P006,W04,4,4,0
20251209,P006,W04,1,1,0
20251210,P006,W04,3,3,0
20251211,P006,W04,4,4,0
20251212,P006,W04,3,3,0
20251213,P006,W04,4,4,0
20251214,P006,W04,2,2,0
20251215,P006,W04,3,3,0
20251216,P006,W04,2,2,0
20251217,P006,W04,2,2,0
20251218,P006,W04,1,1,0
20251219,P006,W04,2,2,0
20251220,P006,W04,2,2,0
20251221,P006,W04,1,1,0
20251222,P006,W04,1,1,0
20251223,P006,W04,0,0,0
20251224,P006,W04,3,3,0
20251225,P006,W04,4,4,0
20251226,P006,W04,3,3,0
20251227,P006,W04,4,4,0
20251228,P006,W04,2,2,0
20251229,P006,W04,4,4,0
20251230,P006,W04,1,1,0
20251231,P006,W04,2,2,0
20260101,P006,W04,4,4,0
20260102,P006,W04,5,5,0
20260103,P006,W04,2,2,0
20260104,P006,W04,1,1,0
20260105,P006,W04,5,5,0
20260106,P006,W04,1,1,0
20260107,P006,W04,1,1,0
20260108,P006,W04,1,1,0
20260109,P006,W04,6,6,0
20260110,P006,W04,4,4,0
20260111,P006,W04,4,4,0
20260112,P006,W04,3,3,0
20260113,P006,W04,5,5,0
20260114,P006,W04,4,4,0
20260115,P006,W04,1,1,0
20260116,P006,W04,2,2,0
20260117,P006,W04,2,2,0
20260118,P006,W04,2,2,0
20260119,P006,W04,5,5,0
20260120,P006,W04,3,3,0
20260121,P006,W04,2,2,0
20260122,P006,W04,3,3,0
20260123,P006,W04,1,1,0
20260124,P006,W04,3,3,0
20260125,P006,W04,1,1,0
20260126,P006,W04,1,1,0
20260127,P006,W04,4,4,0
20260128,P006,W04,4,4,0
20260129,P006,W04,4,4,0
20260130,P006,W04,1,1,0
20260131,P006,W04,1,1,0
20260201,P006,W04,2,2,0
20260202,P006,W04,1,1,0
20260203,P006,W04,2,2,0
20260204,P006,W04,2,2,0
20260205,P006,W04,1,1,0
20260206,P006,W04,2,2,0
20260207,P006,W04,3,3,0
20260208,P006,W04,1,1,0
20260209,P006,W04,5,5,0
20260210,P006,W04,2,2,0
20260211,P006,W04,2,2,0
20260212,P006,W04,1,1,0
20260213,P006,W04,2,2,0
20260214,P006,W04,3,3,0
20260215,P006,W04,1,1,0
20260216,P006,W04,2,2,0
20260217,P006,W04,0,0,0
20260218,P006,W04,3,3,0
20260219,P006,W04,2,2,0
20260220,P006,W04,2,2,0
20260221,P006,W04,1,1,0
20260222,P006,W04,2,2,0
20260223,P006,W04,2,2,0
20260224,P006,W04,2,2,0
20260225,P006,W04,2,2,0
20260226,P006,W04,5,5,0
20260227,P006,W04,1,1,0
20260228,P006,W04,0,0,0
20260301,P006,W04,0,0,0
20260302,P006,W04,0,0,0
20260303,P006,W04,1,1,0
20260304,P006,W04,1,1,0
20260305,P006,W04,2,2,0
20260306,P006,W04,5,5,0
20260307,P006,W04,2,2,0
20260308,P006,W04,1,1,0
20260309,P006,W04,3,3,0
20260310,P006,W04,1,1,0
20260311,P006,W04,6,6,0
20260312,P006,W04,4,4,0
20260313,P006,W04,2,2,0
20260314,P006,W04,1,1,0
20260315,P006,W04,1,1,0
20260316,P006,W04,2,2,0
20260317,P006,W04,1,1,0
20260318,P006,W04,3,3,0
20260319,P006,W04,0,0,0
20260320,P006,W04,4,4,0
20260321,P006,W04,3,3,0
20260322,P006,W04,1,1,0
20260323,P006,W04,0,0,0
20260324,P006,W04,3,3,0
20260325,P006,W04,1,1,0
20260326,P006,W04,5,5,0
20260327,P006,W04,5,5,0
20260328,P006,W04,4,4,0
20260329,P006,W04,1,1,0
20260330,P006,W04,5,5,0
20260331,P006,W04,1,1,0
20260401,P006,W04,5,5,0
20260402,P006,W04,1,1,0
20260403,P006,W04,0,0,0
20260404,P006,W04,4,4,0
20260405,P006,W04,5,5,0
20260406,P006,W04,3,3,0
20260407,P006,W04,2,2,0
20260408,P006,W04,2,2,0
20260409,P006,W04,2,2,0
20260410,P006,W04,3,3,0
20260411,P006,W04,4,4,0
20260412,P006,W04,4,4,0
20260413,P006,W04,4,4,0
20260414,P006,W04,2,2,0
20260415,P006,W04,1,1,0
20260416,P006,W04,3,3,0
20260417,P006,W04,1,1,0
20260418,P006,W04,6,6,0
20260419,P006,W04,1,1,0
20260420,P006,W04,3,3,0
20260421,P006,W04,3,3,0
20260422,P006,W04,4,4,0
20260423,P006,W04,3,3,0
20260424,P006,W04,1,1,0
20260425,P006,W04,3,3,0
20260426,P006,W04,2,2,0
20260427,P006,W04,4,4,0
20260428,P006,W04,2,2,0
20260429,P006,W04,1,1,0
20260430,P006,W04,7,7,0
20260501,P006,W04,6,6,0
20260502,P006,W04,2,2,0
20260503,P006,W04,1,1,0
20260504,P006,W04,4,4,0
20260505,P006,W04,2,2,0
20260506,P006,W04,0,0,0
20260507,P006,W04,3,3,0
20260508,P006,W04,5,5,0
20260509,P006,W04,4,4,0
20260510,P006,W04,3,3,0
20260511,P006,W04,3,3,0
20260512,P006,W04,1,1,0
20260513,P006,W04,7,7,0
20260514,P006,W04,1,1,0
20260515,P006,W04,2,2,0
20260516,P006,W04,4,4,0
20260517,P006,W04,1,1,0
20260518,P006,W04,1,1,0
20260519,P006,W04,2,2,0
20260520,P006,W04,6,6,0
20260521,P006,W04,3,3,0
20260522,P006,W04,4,4,0
20260523,P006,W04,4,4,0
20260524,P006,W04,4,4,0
20260525,P006,W04,1,1,0
20260526,P006,W04,3,3,0
20260527,P006,W04,3,3,0
20260528,P006,W04,4,4,0
20260529,P006,W04,4,4,0
20260530,P006,W04,4,4,0
20260531,P006,W04,1,1,0
20260601,P006,W04,2,2,0
20260602,P006,W04,8,8,0
20260603,P006,W04,2,2,0
20260604,P006,W04,1,1,0
20260605,P006,W04,2,2,0
20260606,P006,W04,3,3,0
20260607,P006,W04,2,2,0
20260608,P006,W04,4,4,0
20260609,P006,W04,1,1,0
20260610,P006,W04,3,3,0
20260611,P006,W04,1,1,0
20260612,P006,W04,0,0,0
20260613,P006,W04,1,1,0
20260614,P006,W04,2,2,0
20260615,P006,W04,3,3,0
20260616,P006,W04,3,3,0
20260617,P006,W04,3,3,0
20260618,P006,W04,3,3,0
20260619,P006,W04,4,4,0
20260620,P006,W04,3,3,0
20260621,P006,W04,2,2,0
20260622,P006,W04,4,4,0
20260623,P006,W04,1,1,0
20260624,P006,W04,2,2,0
20260625,P006,W04,1,1,0
20260626,P006,W04,3,3,0
20260627,P006,W04,3,3,0
20260628,P006,W04,1,1,0
20260629,P006,W04,5,5,0
20260630,P006,W04,1,1,0
20260701,P006,W04,7,7,0
20260702,P006,W04,1,1,0
20260703,P006,W04,1,1,0
20260704,P006,W04,4,4,0
20260705,P006,W04,1,1,0
20260706,P006,W04,0,0,0
20260707,P006,W04,4,4,0
20260708,P006,W04,5,5,0
20260709,P006,W04,2,2,0
20260710,P006,W04,2,2,0
20260711,P006,W04,3,3,0
20260712,P006,W04,2,2,0
20260713,P006,W04,3,3,0
20260714,P006,W04,2,2,0
20260715,P006,W04,2,2,0
20260716,P006,W04,2,2,0
20260717,P006,W04,3,3,0
20260718,P006,W04,4,4,0
20260719,P006,W04,3,3,0
20260720,P006,W04,0,0,0
20260721,P006,W04,4,4,0
20260722,P006,W04,2,2,0
20260723,P006,W04,2,2,0
20260724,P006,W04,1,1,0
20260725,P006,W04,4,4,0
20260726,P006,W04,3,3,0
20260727,P006,W04,3,3,0
20260728,P006,W04,2,2,0
20260729,P006,W04,2,2,0
20260730,P006,W04,1,1,0
20260731,P006,W04,2,2,0
20260801,P006,W04,4,4,0
20260802,P006,W04,0,0,0
20260803,P006,W04,2,2,0
20260804,P006,W04,3,3,0
20260805,P006,W04,2,2,0
20260806,P006,W04,3,3,0
20260807,P006,W04,1,1,0
20260808,P006,W04,6,6,0
20260809,P006,W04,0,0,0
20260810,P006,W04,1,1,0
20260811,P006,W04,0,0,0
20260812,P006,W04,0,0,0
20260813,P006,W04,7,7,0
20260814,P006,W04,5,5,0
20260815,P006,W04,1,1,0
20260816,P006,W04,1,1,0
20260817,P006,W04,1,1,0
20260818,P006,W04,0,0,0
20260819,P006,W04,2,2,0
20260820,P006,W04,0,0,0
20260821,P006,W04,3,3,0
20260822,P006,W04,0,0,0
20260823,P006,W04,0,0,0
20260824,P006,W04,5,5,0
20260825,P006,W04,2,2,0
20260826,P006,W04,2,2,0
20260827,P006,W04,2,2,0
20260828,P006,W04,1,1,0
20260829,P006,W04,2,2,0
20260830,P006,W04,1,1,0
20260831,P006,W04,2,2,0
20260901,P006,W04,5,5,0
20260902,P006,W04,2,2,0
20260903,P006,W04,1,1,0
20260904,P006,W04,2,2,0
20260905,P006,W04,1,1,0
20260906,P006,W04,2,2,0
20260907,P006,W04,3,3,0
20260908,P006,W04,2,2,0
20260909,P006,W04,1,1,0
20260910,P006,W04,5,5,0
20260911,P006,W04,1,1,0
20260912,P006,W04,1,1,0
20260913,P006,W04,1,1,0
20260914,P006,W04,1,1,0
20260915,P006,W04,0,0,0
20260916,P006,W04,2,2,0
20260917,P006,W04,0,0,0
20260918,P006,W04,2,2,0
20260919,P006,W04,2,2,0
20260920,P006,W04,2,2,0
20260921,P006,W04,5,5,0
20260922,P006,W04,0,0,0
20260923,P006,W04,2,2,0
20260924,P006,W04,3,3,0
20260925,P006,W04,6,6,0
20260926,P006,W04,4,4,0
20260927,P006,W04,4,4,0
20260928,P006,W04,1,1,0
20260929,P006,W04,1,1,0
20260930,P006,W04,1,1,0
20251001,P007,W01,20,20,0
20251002,P007,W01,14,14,0
20251003,P007,W01,9,9,0
20251004,P007,W01,11,11,0
20251005,P007,W01,13,13,0
20251006,P007,W01,23,23,0
20251007,P007,W01,21,21,0
20251008,P007,W01,19,19,0
20251009,P007,W01,22,22,0
20251010,P007,W01,20,20,0
20251011,P007,W01,25,25,0
20251012,P007,W01,11,11,0
20251013,P007,W01,22,22,0
20251014,P007,W01,12,12,0
20251015,P007,W01,24,24,0
20251016,P007,W01,16,16,0
20251017,P007,W01,14,14,0
20251018,P007,W01,24,24,0
20251019,P007,W01,12,12,0
20251020,P007,W01,33,33,0
20251021,P007,W01,13,13,0
20251022,P007,W01,23,23,0
20251023,P007,W01,20,20,0
20251024,P007,W01,16,16,0
20251025,P007,W01,17,17,0
20251026,P007,W01,17,17,0
20251027,P007,W01,16,16,0
20251028,P007,W01,16,16,0
20251029,P007,W01,13,13,0
20251030,P007,W01,15,15,0
20251031,P007,W01,23,23,0
20251101,P007,W01,13,13,0
20251102,P007,W01,17,17,0
20251103,P007,W01,25,25,0
20251104,P007,W01,24,24,0
20251105,P007,W01,21,21,0
20251106,P007,W01,20,20,0
20251107,P007,W01,23,23,0
20251108,P007,W01,22,22,0
20251109,P007,W01,11,11,0
20251110,P007,W01,34,34,0
20251111,P007,W01,25,25,0
20251112,P007,W01,18,18,0
20251113,P007,W01,22,22,0
20251114,P007,W01,19,19,0
20251115,P007,W01,19,19,0
20251116,P007,W01,10,10,0
20251117,P007,W01,24,24,0
20251118,P007,W01,27,27,0
20251119,P007,W01,19,19,0
20251120,P007,W01,21,21,0
20251121,P007,W01,25,25,0
20251122,P007,W01,30,30,0
20251123,P007,W01,15,15,0
20251124,P007,W01,25,25,0
20251125,P007,W01,27,27,0
20251126,P007,W01,21,21,0
20251127,P007,W01,23,23,0
20251128,P007,W01,26,26,0
20251129,P007,W01,16,16,0
20251130,P007,W01,14,14,0
20251201,P007,W01,28,28,0
20251202,P007,W01,20,20,0
20251203,P007,W01,27,27,0
20251204,P007,W01,32,32,0
20251205,P007,W01,28,28,0
20251206,P007,W01,29,29,0
20251207,P007,W01,15,15,0
20251208,P007,W01,30,30,0
20251209,P007,W01,24,24,0
20251210,P007,W01,27,27,0
20251211,P007,W01,23,23,0
20251212,P007,W01,24,24,0
20251213,P007,W01,32,32,0
20251214,P007,W01,19,19,0
20251215,P007,W01,36,36,0
20251216,P007,W01,28,28,0
20251217,P007,W01,27,27,0
20251218,P007,W01,17,17,0
20251219,P007,W01,20,20,0
20251220,P007,W01,26,26,0
20251221,P007,W01,10,10,0
20251222,P007,W01,36,36,0
20251223,P007,W01,28,28,0
20251224,P007,W01,27,27,0
20251225,P007,W01,31,31,0
20251226,P007,W01,29,29,0
20251227,P007,W01,32,32,0
20251228,P007,W01,17,17,0
20251229,P007,W01,32,32,0
20251230,P007,W01,29,29,0
20251231,P007,W01,26,26,0
20260101,P007,W01,25,25,0
20260102,P007,W01,19,19,0
20260103,P007,W01,34,34,0
20260104,P007,W01,11,11,0
20260105,P007,W01,25,25,0
20260106,P007,W01,24,24,0
20260107,P007,W01,31,31,0
20260108,P007,W01,37,37,0
20260109,P007,W01,21,21,0
20260110,P007,W01,26,26,0
20260111,P007,W01,14,14,0
20260112,P007,W01,23,11,12
20260113,P007,W01,30,30,0
20260114,P007,W01,24,24,0
20260115,P007,W01,24,24,0
20260116,P007,W01,30,30,0
20260117,P007,W01,17,17,0
20260118,P007,W01,17,17,0
20260119,P007,W01,24,24,0
20260120,P007,W01,24,24,0
20260121,P007,W01,20,20,0
20260122,P007,W01,26,26,0
20260123,P007,W01,20,20,0
20260124,P007,W01,23,23,0
20260125,P007,W01,14,14,0
20260126,P007,W01,21,21,0
20260127,P007,W01,18,18,0
20260128,P007,W01,24,24,0
20260129,P007,W01,28,28,0
20260130,P007,W01,26,26,0
20260131,P007,W01,35,35,0
20260201,P007,W01,20,20,0
20260202,P007,W01,17,17,0
20260203,P007,W01,21,21,0
20260204,P007,W01,27,27,0
20260205,P007,W01,26,26,0
20260206,P007,W01,26,26,0
20260207,P007,W01,28,28,0
20260208,P007,W01,13,13,0
20260209,P007,W01,21,21,0
20260210,P007,W01,26,26,0
20260211,P007,W01,26,26,0
20260212,P007,W01,21,21,0
20260213,P007,W01,17,17,0
20260214,P007,W01,24,24,0
20260215,P007,W01,8,8,0
20260216,P007,W01,25,25,0
20260217,P007,W01,23,23,0
20260218,P007,W01,19,19,0
20260219,P007,W01,25,25,0
20260220,P007,W01,23,23,0
20260221,P007,W01,23,23,0
20260222,P007,W01,14,14,0
20260223,P007,W01,23,23,0
20260224,P007,W01,26,26,0
20260225,P007,W01,26,26,0
20260226,P007,W01,17,17,0
20260227,P007,W01,21,21,0
20260228,P007,W01,17,17,0
20260301,P007,W01,11,11,0
20260302,P007,W01,13,13,0
20260303,P007,W01,25,25,0
20260304,P007,W01,25,25,0
20260305,P007,W01,18,18,0
20260306,P007,W01,17,17,0
20260307,P007,W01,24,24,0
20260308,P007,W01,15,15,0
20260309,P007,W01,15,15,0
20260310,P007,W01,23,23,0
20260311,P007,W01,18,18,0
20260312,P007,W01,20,20,0
20260313,P007,W01,20,20,0
20260314,P007,W01,18,18,0
20260315,P007,W01,13,13,0
20260316,P007,W01,18,18,0
20260317,P007,W01,14,14,0
20260318,P007,W01,22,22,0
20260319,P007,W01,18,18,0
20260320,P007,W01,21,21,0
20260321,P007,W01,21,21,0
20260322,P007,W01,13,13,0
20260323,P007,W01,24,24,0
20260324,P007,W01,25,25,0
20260325,P007,W01,23,23,0
20260326,P007,W01,20,20,0
20260327,P007,W01,23,23,0
20260328,P007,W01,27,27,0
20260329,P007,W01,10,10,0
20260330,P007,W01,17,17,0
20260331,P007,W01,15,15,0
20260401,P007,W01,18,18,0
20260402,P007,W01,13,13,0
20260403,P007,W01,20,20,0
20260404,P007,W01,27,27,0
20260405,P007,W01,7,7,0
20260406,P007,W01,11,11,0
20260407,P007,W01,14,14,0
20260408,P007,W01,10,10,0
20260409,P007,W01,22,22,0
20260410,P007,W01,10,10,0
20260411,P007,W01,19,19,0
20260412,P007,W01,11,11,0
20260413,P007,W01,13,13,0
20260414,P007,W01,20,20,0
20260415,P007,W01,7,7,0
20260416,P007,W01,15,15,0
20260417,P007,W01,25,25,0
20260418,P007,W01,22,22,0
20260419,P007,W01,5,5,0
20260420,P007,W01,23,23,0
20260421,P007,W01,16,16,0
20260422,P007,W01,14,14,0
20260423,P007,W01,11,11,0
20260424,P007,W01,17,17,0
20260425,P007,W01,16,16,0
20260426,P007,W01,12,12,0
20260427,P007,W01,18,18,0
20260428,P007,W01,15,15,0
20260429,P007,W01,21,21,0
20260430,P007,W01,9,9,0
20260501,P007,W01,21,21,0
20260502,P007,W01,13,13,0
20260503,P007,W01,6,6,0
20260504,P007,W01,14,14,0
20260505,P007,W01,10,10,0
20260506,P007,W01,12,12,0
20260507,P007,W01,17,17,0
20260508,P007,W01,23,23,0
20260509,P007,W01,13,13,0
20260510,P007,W01,6,6,0
20260511,P007,W01,16,16,0
20260512,P007,W01,16,16,0
20260513,P007,W01,19,19,0
20260514,P007,W01,12,12,0
20260515,P007,W01,17,17,0
20260516,P007,W01,21,21,0
20260517,P007,W01,8,8,0
20260518,P007,W01,19,19,0
20260519,P007,W01,12,12,0
20260520,P007,W01,20,20,0
20260521,P007,W01,14,14,0
20260522,P007,W01,16,16,0
20260523,P007,W01,17,17,0
20260524,P007,W01,9,9,0
20260525,P007,W01,21,21,0
20260526,P007,W01,19,19,0
20260527,P007,W01,11,11,0
20260528,P007,W01,15,15,0
20260529,P007,W01,14,14,0
20260530,P007,W01,18,18,0
20260531,P007,W01,9,9,0
20260601,P007,W01,9,9,0
20260602,P007,W01,13,13,0
20260603,P007,W01,10,10,0
20260604,P007,W01,15,15,0
20260605,P007,W01,14,14,0
20260606,P007,W01,14,14,0
20260607,P007,W01,8,8,0
20260608,P007,W01,17,17,0
20260609,P007,W01,9,9,0
20260610,P007,W01,10,10,0
20260611,P007,W01,14,14,0
20260612,P007,W01,11,11,0
20260613,P007,W01,16,16,0
20260614,P007,W01,10,10,0
20260615,P007,W01,10,10,0
20260616,P007,W01,13,13,0
20260617,P007,W01,18,18,0
20260618,P007,W01,14,14,0
20260619,P007,W01,12,12,0
20260620,P007,W01,17,17,0
20260621,P007,W01,12,12,0
20260622,P007,W01,17,17,0
20260623,P007,W01,12,12,0
20260624,P007,W01,15,15,0
20260625,P007,W01,14,14,0
20260626,P007,W01,19,19,0
20260627,P007,W01,22,22,0
20260628,P007,W01,9,9,0
20260629,P007,W01,12,12,0
20260630,P007,W01,10,10,0
20260701,P007,W01,9,9,0
20260702,P007,W01,19,19,0
20260703,P007,W01,19,19,0
20260704,P007,W01,16,16,0
20260705,P007,W01,8,8,0
20260706,P007,W01,21,21,0
20260707,P007,W01,12,12,0
20260708,P007,W01,17,17,0
20260709,P007,W01,16,16,0
20260710,P007,W01,16,16,0
20260711,P007,W01,19,19,0
20260712,P007,W01,11,11,0
20260713,P007,W01,14,14,0
20260714,P007,W01,10,10,0
20260715,P007,W01,14,14,0
20260716,P007,W01,20,20,0
20260717,P007,W01,21,21,0
20260718,P007,W01,16,16,0
20260719,P007,W01,17,17,0
20260720,P007,W01,16,16,0
20260721,P007,W01,10,10,0
20260722,P007,W01,20,20,0
20260723,P007,W01,17,17,0
20260724,P007,W01,18,18,0
20260725,P007,W01,23,23,0
20260726,P007,W01,2,2,0
20260727,P007,W01,20,20,0
20260728,P007,W01,15,15,0
20260729,P007,W01,15,15,0
20260730,P007,W01,12,12,0
20260731,P007,W01,9,9,0
20260801,P007,W01,18,18,0
20260802,P007,W01,8,8,0
20260803,P007,W01,15,15,0
20260804,P007,W01,15,15,0
20260805,P007,W01,17,17,0
20260806,P007,W01,23,23,0
20260807,P007,W01,15,15,0
20260808,P007,W01,17,17,0
20260809,P007,W01,7,7,0
20260810,P007,W01,11,11,0
20260811,P007,W01,17,17,0
20260812,P007,W01,24,24,0
20260813,P007,W01,15,15,0
20260814,P007,W01,8,8,0
20260815,P007,W01,11,11,0
20260816,P007,W01,6,6,0
20260817,P007,W01,21,21,0
20260818,P007,W01,23,23,0
20260819,P007,W01,14,14,0
20260820,P007,W01,14,14,0
20260821,P007,W01,18,18,0
20260822,P007,W01,19,19,0
20260823,P007,W01,11,11,0
20260824,P007,W01,27,27,0
20260825,P007,W01,21,21,0
20260826,P007,W01,20,20,0
20260827,P007,W01,11,11,0
20260828,P007,W01,15,15,0
20260829,P007,W01,15,15,0
20260830,P007,W01,6,6,0
20260831,P007,W01,18,18,0
20260901,P007,W01,21,21,0
20260902,P007,W01,18,18,0
20260903,P007,W01,11,11,0
20260904,P007,W01,22,22,0
20260905,P007,W01,17,17,0
20260906,P007,W01,7,7,0
20260907,P007,W01,14,14,0
20260908,P007,W01,14,14,0
20260909,P007,W01,20,20,0
20260910,P007,W01,18,18,0
20260911,P007,W01,22,22,0
20260912,P007,W01,19,19,0
20260913,P007,W01,12,12,0
20260914,P007,W01,13,13,0
20260915,P007,W01,20,20,0
20260916,P007,W01,26,26,0
20260917,P007,W01,15,15,0
20260918,P007,W01,14,14,0
20260919,P007,W01,20,20,0
20260920,P007,W01,6,6,0
20260921,P007,W01,17,17,0
20260922,P007,W01,20,20,0
20260923,P007,W01,18,18,0
20260924,P007,W01,17,17,0
20260925,P007,W01,22,22,0
20260926,P007,W01,20,20,0
20260927,P007,W01,14,14,0
20260928,P007,W01,13,13,0
20260929,P007,W01,14,14,0
20260930,P007,W01,17,17,0
20251001,P007,W02,22,22,0
20251002,P007,W02,17,17,0
20251003,P007,W02,26,26,0
20251004,P007,W02,19,19,0
20251005,P007,W02,18,18,0
20251006,P007,W02,20,20,0
20251007,P007,W02,20,20,0
20251008,P007,W02,30,30,0
20251009,P007,W02,31,31,0
20251010,P007,W02,16,16,0
20251011,P007,W02,22,22,0
20251012,P007,W02,14,14,0
20251013,P007,W02,32,32,0
20251014,P007,W02,22,22,0
20251015,P007,W02,14,14,0
20251016,P007,W02,21,21,0
20251017,P007,W02,25,25,0
20251018,P007,W02,26,26,0
20251019,P007,W02,13,13,0
20251020,P007,W02,16,16,0
20251021,P007,W02,16,16,0
20251022,P007,W02,25,25,0
20251023,P007,W02,13,13,0
20251024,P007,W02,18,18,0
20251025,P007,W02,23,23,0
20251026,P007,W02,13,13,0
20251027,P007,W02,22,22,0
20251028,P007,W02,20,20,0
20251029,P007,W02,23,23,0
20251030,P007,W02,19,19,0
20251031,P007,W02,17,17,0
20251101,P007,W02,26,26,0
20251102,P007,W02,25,25,0
20251103,P007,W02,32,32,0
20251104,P007,W02,32,32,0
20251105,P007,W02,35,35,0
20251106,P007,W02,29,29,0
20251107,P007,W02,29,29,0
20251108,P007,W02,20,20,0
20251109,P007,W02,17,17,0
20251110,P007,W02,25,25,0
20251111,P007,W02,33,33,0
20251112,P007,W02,17,17,0
20251113,P007,W02,18,18,0
20251114,P007,W02,25,25,0
20251115,P007,W02,30,30,0
20251116,P007,W02,15,15,0
20251117,P007,W02,27,27,0
20251118,P007,W02,17,17,0
20251119,P007,W02,31,31,0
20251120,P007,W02,26,26,0
20251121,P007,W02,30,30,0
20251122,P007,W02,41,41,0
20251123,P007,W02,8,8,0
20251124,P007,W02,22,22,0
20251125,P007,W02,28,28,0
20251126,P007,W02,27,27,0
20251127,P007,W02,19,19,0
20251128,P007,W02,30,30,0
20251129,P007,W02,28,28,0
20251130,P007,W02,9,9,0
20251201,P007,W02,25,25,0
20251202,P007,W02,29,29,0
20251203,P007,W02,22,22,0
20251204,P007,W02,30,30,0
20251205,P007,W02,32,32,0
20251206,P007,W02,34,34,0
20251207,P007,W02,16,16,0
20251208,P007,W02,27,27,0
20251209,P007,W02,32,32,0
20251210,P007,W02,29,29,0
20251211,P007,W02,34,34,0
20251212,P007,W02,27,27,0
20251213,P007,W02,27,27,0
20251214,P007,W02,22,22,0
20251215,P007,W02,30,30,0
20251216,P007,W02,37,37,0
20251217,P007,W02,34,34,0
20251218,P007,W02,27,27,0
20251219,P007,W02,38,38,0
20251220,P007,W02,29,29,0
20251221,P007,W02,23,23,0
20251222,P007,W02,38,38,0
20251223,P007,W02,31,31,0
20251224,P007,W02,26,26,0
20251225,P007,W02,29,29,0
20251226,P007,W02,27,27,0
20251227,P007,W02,18,18,0
20251228,P007,W02,27,27,0
20251229,P007,W02,39,39,0
20251230,P007,W02,28,28,0
20251231,P007,W02,29,29,0
20260101,P007,W02,30,30,0
20260102,P007,W02,21,21,0
20260103,P007,W02,25,25,0
20260104,P007,W02,12,12,0
20260105,P007,W02,20,20,0
20260106,P007,W02,27,27,0
20260107,P007,W02,22,22,0
20260108,P007,W02,29,29,0
20260109,P007,W02,31,31,0
20260110,P007,W02,25,25,0
20260111,P007,W02,21,21,0
20260112,P007,W02,24,24,0
20260113,P007,W02,22,22,0
20260114,P007,W02,26,26,0
20260115,P007,W02,26,26,0
20260116,P007,W02,22,22,0
20260117,P007,W02,24,24,0
20260118,P007,W02,10,10,0
20260119,P007,W02,30,30,0
20260120,P007,W02,27,27,0
20260121,P007,W02,31,31,0
20260122,P007,W02,27,27,0
20260123,P007,W02,27,27,0
20260124,P007,W02,30,30,0
20260125,P007,W02,15,15,0
20260126,P007,W02,18,18,0
20260127,P007,W02,14,14,0
20260128,P007,W02,16,16,0
20260129,P007,W02,28,28,0
20260130,P007,W02,25,25,0
20260131,P007,W02,26,26,0
20260201,P007,W02,12,12,0
20260202,P007,W02,21,21,0
20260203,P007,W02,17,17,0
20260204,P007,W02,26,26,0
20260205,P007,W02,19,19,0
20260206,P007,W02,29,29,0
20260207,P007,W02,19,19,0
20260208,P007,W02,13,13,0
20260209,P007,W02,30,30,0
20260210,P007,W02,12,12,0
20260211,P007,W02,26,26,0
20260212,P007,W02,27,27,0
20260213,P007,W02,25,25,0
20260214,P007,W02,24,24,0
20260215,P007,W02,14,14,0
20260216,P007,W02,28,28,0
20260217,P007,W02,18,18,0
20260218,P007,W02,25,25,0
20260219,P007,W02,28,28,0
20260220,P007,W02,26,26,0
20260221,P007,W02,20,20,0
20260222,P007,W02,17,17,0
20260223,P007,W02,26,26,0
20260224,P007,W02,29,29,0
20260225,P007,W02,26,26,0
20260226,P007,W02,24,24,0
20260227,P007,W02,25,25,0
20260228,P007,W02,24,24,0
20260301,P007,W02,16,16,0
20260302,P007,W02,23,23,0
20260303,P007,W02,20,20,0
20260304,P007,W02,21,21,0
20260305,P007,W02,15,15,0
20260306,P007,W02,28,28,0
20260307,P007,W02,22,22,0
20260308,P007,W02,17,17,0
20260309,P007,W02,20,20,0
20260310,P007,W02,22,22,0
20260311,P007,W02,19,19,0
20260312,P007,W02,21,21,0
20260313,P007,W02,23,23,0
20260314,P007,W02,22,22,0
20260315,P007,W02,7,7,0
20260316,P007,W02,26,26,0
20260317,P007,W02,22,22,0
20260318,P007,W02,25,25,0
20260319,P007,W02,19,19,0
20260320,P007,W02,27,27,0
20260321,P007,W02,19,19,0
20260322,P007,W02,10,10,0
20260323,P007,W02,23,23,0
20260324,P007,W02,22,22,0
20260325,P007,W02,16,16,0
20260326,P007,W02,27,27,0
20260327,P007,W02,23,23,0
20260328,P007,W02,18,18,0
20260329,P007,W02,13,13,0
20260330,P007,W02,15,15,0
20260331,P007,W02,21,21,0
20260401,P007,W02,15,15,0
20260402,P007,W02,31,31,0
20260403,P007,W02,20,20,0
20260404,P007,W02,16,16,0
20260405,P007,W02,13,13,0
20260406,P007,W02,18,18,0
20260407,P007,W02,17,17,0
20260408,P007,W02,10,10,0
20260409,P007,W02,9,9,0
20260410,P007,W02,15,15,0
20260411,P007,W02,20,20,0
20260412,P007,W02,17,17,0
20260413,P007,W02,14,14,0
20260414,P007,W02,19,19,0
20260415,P007,W02,22,22,0
20260416,P007,W02,24,24,0
20260417,P007,W02,23,23,0
20260418,P007,W02,19,19,0
20260419,P007,W02,6,6,0
20260420,P007,W02,20,20,0
20260421,P007,W02,18,18,0
20260422,P007,W02,15,15,0
20260423,P007,W02,25,25,0
20260424,P007,W02,17,17,0
20260425,P007,W02,15,15,0
20260426,P007,W02,7,7,0
20260427,P007,W02,18,18,0
20260428,P007,W02,20,20,0
20260429,P007,W02,19,19,0
20260430,P007,W02,14,14,0
20260501,P007,W02,24,24,0
20260502,P007,W02,17,17,0
20260503,P007,W02,9,9,0
20260504,P007,W02,18,18,0
20260505,P007,W02,12,12,0
20260506,P007,W02,15,15,0
20260507,P007,W02,12,12,0
20260508,P007,W02,11,11,0
20260509,P007,W02,15,15,0
20260510,P007,W02,11,11,0
20260511,P007,W02,15,15,0
20260512,P007,W02,16,16,0
20260513,P007,W02,18,18,0
20260514,P007,W02,16,16,0
20260515,P007,W02,13,13,0
20260516,P007,W02,18,18,0
20260517,P007,W02,14,14,0
20260518,P007,W02,11,11,0
20260519,P007,W02,14,14,0
20260520,P007,W02,26,26,0
20260521,P007,W02,21,21,0
20260522,P007,W02,18,18,0
20260523,P007,W02,15,15,0
20260524,P007,W02,9,9,0
20260525,P007,W02,15,15,0
20260526,P007,W02,13,13,0
20260527,P007,W02,17,17,0
20260528,P007,W02,20,20,0
20260529,P007,W02,16,16,0
20260530,P007,W02,23,23,0
20260531,P007,W02,15,15,0
20260601,P007,W02,16,16,0
20260602,P007,W02,18,18,0
20260603,P007,W02,16,16,0
20260604,P007,W02,15,15,0
20260605,P007,W02,13,13,0
20260606,P007,W02,18,18,0
20260607,P007,W02,7,7,0
20260608,P007,W02,21,21,0
20260609,P007,W02,14,14,0
20260610,P007,W02,16,16,0
20260611,P007,W02,14,14,0
20260612,P007,W02,16,16,0
20260613,P007,W02,13,13,0
20260614,P007,W02,8,8,0
20260615,P007,W02,17,17,0
20260616,P007,W02,24,24,0
20260617,P007,W02,19,19,0
20260618,P007,W02,17,17,0
20260619,P007,W02,16,16,0
20260620,P007,W02,20,20,0
20260621,P007,W02,7,7,0
20260622,P007,W02,18,18,0
20260623,P007,W02,10,10,0
20260624,P007,W02,15,15,0
20260625,P007,W02,14,14,0
20260626,P007,W02,12,12,0
20260627,P007,W02,14,14,0
20260628,P007,W02,10,10,0
20260629,P007,W02,21,21,0
20260630,P007,W02,18,18,0
20260701,P007,W02,19,19,0
20260702,P007,W02,25,25,0
20260703,P007,W02,23,23,0
20260704,P007,W02,20,20,0
20260705,P007,W02,10,10,0
20260706,P007,W02,12,12,0
20260707,P007,W02,20,20,0
20260708,P007,W02,18,18,0
20260709,P007,W02,15,15,0
20260710,P007,W02,19,19,0
20260711,P007,W02,26,26,0
20260712,P007,W02,10,10,0
20260713,P007,W02,21,21,0
20260714,P007,W02,10,10,0
20260715,P007,W02,23,23,0
20260716,P007,W02,17,17,0
20260717,P007,W02,18,18,0
20260718,P007,W02,14,14,0
20260719,P007,W02,10,10,0
20260720,P007,W02,16,16,0
20260721,P007,W02,17,17,0
20260722,P007,W02,21,21,0
20260723,P007,W02,20,20,0
20260724,P007,W02,21,21,0
20260725,P007,W02,15,15,0
20260726,P007,W02,16,16,0
20260727,P007,W02,12,12,0
20260728,P007,W02,15,15,0
20260729,P007,W02,20,20,0
20260730,P007,W02,18,18,0
20260731,P007,W02,22,22,0
20260801,P007,W02,16,16,0
20260802,P007,W02,14,14,0
20260803,P007,W02,30,30,0
20260804,P007,W02,22,22,0
20260805,P007,W02,23,23,0
20260806,P007,W02,22,22,0
20260807,P007,W02,18,18,0
20260808,P007,W02,23,23,0
20260809,P007,W02,12,12,0
20260810,P007,W02,19,19,0
20260811,P007,W02,11,11,0
20260812,P007,W02,24,24,0
20260813,P007,W02,14,14,0
20260814,P007,W02,25,25,0
20260815,P007,W02,15,15,0
20260816,P007,W02,12,12,0
20260817,P007,W02,22,22,0
20260818,P007,W02,21,21,0
20260819,P007,W02,11,11,0
20260820,P007,W02,22,22,0
20260821,P007,W02,22,22,0
20260822,P007,W02,24,24,0
20260823,P007,W02,9,9,0
20260824,P007,W02,22,22,0
20260825,P007,W02,14,14,0
20260826,P007,W02,20,20,0
20260827,P007,W02,10,10,0
20260828,P007,W02,23,23,0
20260829,P007,W02,20,20,0
20260830,P007,W02,12,12,0
20260831,P007,W02,22,22,0
20260901,P007,W02,16,16,0
20260902,P007,W02,23,23,0
20260903,P007,W02,11,11,0
20260904,P007,W02,17,17,0
20260905,P007,W02,14,14,0
20260906,P007,W02,13,13,0
20260907,P007,W02,21,21,0
20260908,P007,W02,16,16,0
20260909,P007,W02,13,13,0
20260910,P007,W02,17,17,0
20260911,P007,W02,14,14,0
20260912,P007,W02,27,27,0
20260913,P007,W02,14,14,0
20260914,P007,W02,20,20,0
20260915,P007,W02,19,19,0
20260916,P007,W02,18,18,0
20260917,P007,W02,15,15,0
20260918,P007,W02,21,21,0
20260919,P007,W02,11,11,0
20260920,P007,W02,12,12,0
20260921,P007,W02,16,16,0
20260922,P007,W02,21,21,0
20260923,P007,W02,24,24,0
20260924,P007,W02,12,12,0
20260925,P007,W02,10,10,0
20260926,P007,W02,14,14,0
20260927,P007,W02,17,17,0
20260928,P007,W02,19,19,0
20260929,P007,W02,21,21,0
20260930,P007,W02,28,28,0
20251001,P007,W03,25,25,0
20251002,P007,W03,15,15,0
20251003,P007,W03,16,16,0
20251004,P007,W03,15,15,0
20251005,P007,W03,18,18,0
20251006,P007,W03,26,26,0
20251007,P007,W03,15,15,0
20251008,P007,W03,21,21,0
20251009,P007,W03,24,24,0
20251010,P007,W03,19,19,0
20251011,P007,W03,17,17,0
20251012,P007,W03,16,16,0
20251013,P007,W03,21,21,0
20251014,P007,W03,8,8,0
20251015,P007,W03,15,15,0
20251016,P007,W03,13,13,0
20251017,P007,W03,15,15,0
20251018,P007,W03,16,16,0
20251019,P007,W03,12,12,0
20251020,P007,W03,14,14,0
20251021,P007,W03,14,14,0
20251022,P007,W03,20,20,0
20251023,P007,W03,18,18,0
20251024,P007,W03,13,13,0
20251025,P007,W03,12,12,0
20251026,P007,W03,16,16,0
20251027,P007,W03,14,14,0
20251028,P007,W03,20,20,0
20251029,P007,W03,11,11,0
20251030,P007,W03,12,12,0
20251031,P007,W03,12,12,0
20251101,P007,W03,19,19,0
20251102,P007,W03,7,7,0
20251103,P007,W03,21,21,0
20251104,P007,W03,13,13,0
20251105,P007,W03,17,17,0
20251106,P007,W03,21,21,0
20251107,P007,W03,19,19,0
20251108,P007,W03,20,20,0
20251109,P007,W03,17,17,0
20251110,P007,W03,24,24,0
20251111,P007,W03,27,27,0
20251112,P007,W03,17,17,0
20251113,P007,W03,16,16,0
20251114,P007,W03,21,21,0
20251115,P007,W03,13,13,0
20251116,P007,W03,12,12,0
20251117,P007,W03,19,19,0
20251118,P007,W03,16,16,0
20251119,P007,W03,14,14,0
20251120,P007,W03,27,27,0
20251121,P007,W03,23,23,0
20251122,P007,W03,23,23,0
20251123,P007,W03,18,18,0
20251124,P007,W03,15,15,0
20251125,P007,W03,14,14,0
20251126,P007,W03,19,19,0
20251127,P007,W03,19,19,0
20251128,P007,W03,12,12,0
20251129,P007,W03,32,32,0
20251130,P007,W03,9,9,0
20251201,P007,W03,29,29,0
20251202,P007,W03,22,22,0
20251203,P007,W03,18,18,0
20251204,P007,W03,18,18,0
20251205,P007,W03,22,22,0
20251206,P007,W03,26,26,0
20251207,P007,W03,19,19,0
20251208,P007,W03,36,36,0
20251209,P007,W03,19,19,0
20251210,P007,W03,21,21,0
20251211,P007,W03,20,20,0
20251212,P007,W03,29,29,0
20251213,P007,W03,33,3,30
20251214,P007,W03,18,0,18
20251215,P007,W03,28,0,28
20251216,P007,W03,17,17,0
20251217,P007,W03,19,19,0
20251218,P007,W03,27,27,0
20251219,P007,W03,21,21,0
20251220,P007,W03,18,18,0
20251221,P007,W03,13,13,0
20251222,P007,W03,23,23,0
20251223,P007,W03,24,24,0
20251224,P007,W03,19,19,0
20251225,P007,W03,21,21,0
20251226,P007,W03,24,24,0
20251227,P007,W03,23,23,0
20251228,P007,W03,14,14,0
20251229,P007,W03,17,17,0
20251230,P007,W03,29,29,0
20251231,P007,W03,19,19,0
20260101,P007,W03,11,11,0
20260102,P007,W03,26,26,0
20260103,P007,W03,20,20,0
20260104,P007,W03,14,14,0
20260105,P007,W03,23,23,0
20260106,P007,W03,20,20,0
20260107,P007,W03,20,20,0
20260108,P007,W03,23,23,0
20260109,P007,W03,16,16,0
20260110,P007,W03,19,19,0
20260111,P007,W03,21,21,0
20260112,P007,W03,21,21,0
20260113,P007,W03,24,24,0
20260114,P007,W03,21,21,0
20260115,P007,W03,27,27,0
20260116,P007,W03,26,26,0
20260117,P007,W03,22,22,0
20260118,P007,W03,11,11,0
20260119,P007,W03,25,25,0
20260120,P007,W03,21,21,0
20260121,P007,W03,25,25,0
20260122,P007,W03,22,22,0
20260123,P007,W03,25,25,0
20260124,P007,W03,23,23,0
20260125,P007,W03,8,8,0
20260126,P007,W03,16,16,0
20260127,P007,W03,27,27,0
20260128,P007,W03,23,23,0
20260129,P007,W03,23,23,0
20260130,P007,W03,28,28,0
20260131,P007,W03,18,18,0
20260201,P007,W03,7,7,0
20260202,P007,W03,17,17,0
20260203,P007,W03,35,35,0
20260204,P007,W03,15,15,0
20260205,P007,W03,8,8,0
20260206,P007,W03,27,27,0
20260207,P007,W03,25,25,0
20260208,P007,W03,15,15,0
20260209,P007,W03,21,21,0
20260210,P007,W03,19,19,0
20260211,P007,W03,18,18,0
20260212,P007,W03,23,23,0
20260213,P007,W03,21,21,0
20260214,P007,W03,23,23,0
20260215,P007,W03,20,20,0
20260216,P007,W03,18,18,0
20260217,P007,W03,20,20,0
20260218,P007,W03,18,18,0
20260219,P007,W03,19,19,0
20260220,P007,W03,19,19,0
20260221,P007,W03,24,24,0
20260222,P007,W03,16,16,0
20260223,P007,W03,20,20,0
20260224,P007,W03,13,13,0
20260225,P007,W03,12,12,0
20260226,P007,W03,21,21,0
20260227,P007,W03,12,12,0
20260228,P007,W03,19,19,0
20260301,P007,W03,13,13,0
20260302,P007,W03,21,21,0
20260303,P007,W03,16,16,0
20260304,P007,W03,20,20,0
20260305,P007,W03,19,19,0
20260306,P007,W03,14,14,0
20260307,P007,W03,18,18,0
20260308,P007,W03,7,7,0
20260309,P007,W03,26,26,0
20260310,P007,W03,18,18,0
20260311,P007,W03,10,10,0
20260312,P007,W03,18,18,0
20260313,P007,W03,17,17,0
20260314,P007,W03,14,14,0
20260315,P007,W03,9,9,0
20260316,P007,W03,22,22,0
20260317,P007,W03,20,20,0
20260318,P007,W03,24,24,0
20260319,P007,W03,16,16,0
20260320,P007,W03,18,18,0
20260321,P007,W03,17,17,0
20260322,P007,W03,9,9,0
20260323,P007,W03,14,14,0
20260324,P007,W03,19,19,0
20260325,P007,W03,11,11,0
20260326,P007,W03,18,18,0
20260327,P007,W03,15,15,0
20260328,P007,W03,19,19,0
20260329,P007,W03,10,10,0
20260330,P007,W03,12,12,0
20260331,P007,W03,14,14,0
20260401,P007,W03,13,13,0
20260402,P007,W03,22,22,0
20260403,P007,W03,17,17,0
20260404,P007,W03,8,8,0
20260405,P007,W03,12,12,0
20260406,P007,W03,12,12,0
20260407,P007,W03,9,9,0
20260408,P007,W03,16,16,0
20260409,P007,W03,20,20,0
20260410,P007,W03,13,13,0
20260411,P007,W03,12,12,0
20260412,P007,W03,10,10,0
20260413,P007,W03,14,14,0
20260414,P007,W03,12,12,0
20260415,P007,W03,9,9,0
20260416,P007,W03,12,12,0
20260417,P007,W03,17,17,0
20260418,P007,W03,14,14,0
20260419,P007,W03,12,12,0
20260420,P007,W03,10,10,0
20260421,P007,W03,15,15,0
20260422,P007,W03,16,16,0
20260423,P007,W03,10,10,0
20260424,P007,W03,13,13,0
20260425,P007,W03,16,16,0
20260426,P007,W03,9,9,0
20260427,P007,W03,16,16,0
20260428,P007,W03,16,16,0
20260429,P007,W03,14,14,0
20260430,P007,W03,15,15,0
20260501,P007,W03,7,7,0
20260502,P007,W03,8,8,0
20260503,P007,W03,7,7,0
20260504,P007,W03,12,12,0
20260505,P007,W03,9,9,0
20260506,P007,W03,13,13,0
20260507,P007,W03,14,14,0
20260508,P007,W03,11,11,0
20260509,P007,W03,19,19,0
20260510,P007,W03,3,3,0
20260511,P007,W03,13,13,0
20260512,P007,W03,18,18,0
20260513,P007,W03,11,11,0
20260514,P007,W03,13,13,0
20260515,P007,W03,15,15,0
20260516,P007,W03,16,16,0
20260517,P007,W03,3,3,0
20260518,P007,W03,13,13,0
20260519,P007,W03,13,13,0
20260520,P007,W03,15,15,0
20260521,P007,W03,7,7,0
20260522,P007,W03,16,16,0
20260523,P007,W03,14,14,0
20260524,P007,W03,8,8,0
20260525,P007,W03,13,13,0
20260526,P007,W03,17,17,0
20260527,P007,W03,7,7,0
20260528,P007,W03,15,15,0
20260529,P007,W03,16,16,0
20260530,P007,W03,14,14,0
20260531,P007,W03,4,4,0
20260601,P007,W03,11,11,0
20260602,P007,W03,16,16,0
20260603,P007,W03,11,11,0
20260604,P007,W03,13,13,0
20260605,P007,W03,21,21,0
20260606,P007,W03,5,5,0
20260607,P007,W03,9,9,0
20260608,P007,W03,16,16,0
20260609,P007,W03,13,13,0
20260610,P007,W03,10,10,0
20260611,P007,W03,14,14,0
20260612,P007,W03,11,11,0
20260613,P007,W03,5,5,0
20260614,P007,W03,8,8,0
20260615,P007,W03,12,12,0
20260616,P007,W03,10,10,0
20260617,P007,W03,13,13,0
20260618,P007,W03,7,7,0
20260619,P007,W03,16,16,0
20260620,P007,W03,6,6,0
20260621,P007,W03,10,10,0
20260622,P007,W03,16,16,0
20260623,P007,W03,9,9,0
20260624,P007,W03,8,8,0
20260625,P007,W03,10,10,0
20260626,P007,W03,12,12,0
20260627,P007,W03,10,10,0
20260628,P007,W03,10,10,0
20260629,P007,W03,14,14,0
20260630,P007,W03,9,9,0
20260701,P007,W03,16,16,0
20260702,P007,W03,10,10,0
20260703,P007,W03,17,17,0
20260704,P007,W03,13,13,0
20260705,P007,W03,10,10,0
20260706,P007,W03,11,11,0
20260707,P007,W03,14,14,0
20260708,P007,W03,12,12,0
20260709,P007,W03,12,12,0
20260710,P007,W03,11,11,0
20260711,P007,W03,16,16,0
20260712,P007,W03,5,5,0
20260713,P007,W03,13,13,0
20260714,P007,W03,11,11,0
20260715,P007,W03,14,14,0
20260716,P007,W03,12,12,0
20260717,P007,W03,14,14,0
20260718,P007,W03,13,13,0
20260719,P007,W03,8,8,0
20260720,P007,W03,16,16,0
20260721,P007,W03,12,12,0
20260722,P007,W03,21,21,0
20260723,P007,W03,12,12,0
20260724,P007,W03,18,18,0
20260725,P007,W03,14,14,0
20260726,P007,W03,10,10,0
20260727,P007,W03,17,17,0
20260728,P007,W03,18,18,0
20260729,P007,W03,15,15,0
20260730,P007,W03,12,12,0
20260731,P007,W03,12,12,0
20260801,P007,W03,14,14,0
20260802,P007,W03,8,8,0
20260803,P007,W03,16,16,0
20260804,P007,W03,7,7,0
20260805,P007,W03,13,13,0
20260806,P007,W03,5,5,0
20260807,P007,W03,17,17,0
20260808,P007,W03,13,13,0
20260809,P007,W03,10,10,0
20260810,P007,W03,12,12,0
20260811,P007,W03,15,15,0
20260812,P007,W03,13,13,0
20260813,P007,W03,11,11,0
20260814,P007,W03,21,21,0
20260815,P007,W03,16,16,0
20260816,P007,W03,7,7,0
20260817,P007,W03,13,13,0
20260818,P007,W03,14,14,0
20260819,P007,W03,15,15,0
20260820,P007,W03,13,13,0
20260821,P007,W03,17,17,0
20260822,P007,W03,16,16,0
20260823,P007,W03,15,15,0
20260824,P007,W03,15,15,0
20260825,P007,W03,18,18,0
20260826,P007,W03,11,11,0
20260827,P007,W03,16,16,0
20260828,P007,W03,20,20,0
20260829,P007,W03,18,18,0
20260830,P007,W03,10,10,0
20260831,P007,W03,23,23,0
20260901,P007,W03,19,19,0
20260902,P007,W03,14,14,0
20260903,P007,W03,13,13,0
20260904,P007,W03,18,18,0
20260905,P007,W03,16,16,0
20260906,P007,W03,8,8,0
20260907,P007,W03,14,14,0
20260908,P007,W03,21,21,0
20260909,P007,W03,19,19,0
20260910,P007,W03,10,10,0
20260911,P007,W03,11,11,0
20260912,P007,W03,17,17,0
20260913,P007,W03,11,11,0
20260914,P007,W03,13,13,0
20260915,P007,W03,15,15,0
20260916,P007,W03,14,14,0
20260917,P007,W03,16,16,0
20260918,P007,W03,22,22,0
20260919,P007,W03,16,16,0
20260920,P007,W03,10,10,0
20260921,P007,W03,16,16,0
20260922,P007,W03,18,18,0
20260923,P007,W03,10,10,0
20260924,P007,W03,10,10,0
20260925,P007,W03,17,17,0
20260926,P007,W03,11,11,0
20260927,P007,W03,9,9,0
20260928,P007,W03,16,16,0
20260929,P007,W03,21,21,0
20260930,P007,W03,10,10,0
20251001,P007,W04,11,11,0
20251002,P007,W04,16,16,0
20251003,P007,W04,11,11,0
20251004,P007,W04,13,13,0
20251005,P007,W04,10,10,0
20251006,P007,W04,18,18,0
20251007,P007,W04,12,12,0
20251008,P007,W04,16,16,0
20251009,P007,W04,14,14,0
20251010,P007,W04,16,16,0
20251011,P007,W04,13,13,0
20251012,P007,W04,16,16,0
20251013,P007,W04,10,10,0
20251014,P007,W04,9,9,0
20251015,P007,W04,13,13,0
20251016,P007,W04,15,15,0
20251017,P007,W04,26,26,0
20251018,P007,W04,20,20,0
20251019,P007,W04,15,15,0
20251020,P007,W04,11,11,0
20251021,P007,W04,21,21,0
20251022,P007,W04,10,10,0
20251023,P007,W04,14,14,0
20251024,P007,W04,17,17,0
20251025,P007,W04,18,18,0
20251026,P007,W04,15,15,0
20251027,P007,W04,13,13,0
20251028,P007,W04,14,14,0
20251029,P007,W04,10,10,0
20251030,P007,W04,18,18,0
20251031,P007,W04,13,13,0
20251101,P007,W04,25,25,0
20251102,P007,W04,15,15,0
20251103,P007,W04,20,20,0
20251104,P007,W04,15,15,0
20251105,P007,W04,17,17,0
20251106,P007,W04,13,10,3
20251107,P007,W04,17,0,17
20251108,P007,W04,26,0,26
20251109,P007,W04,7,0,7
20251110,P007,W04,18,0,18
20251111,P007,W04,17,0,17
20251112,P007,W04,20,0,20
20251113,P007,W04,13,0,13
20251114,P007,W04,15,0,15
20251115,P007,W04,11,0,11
20251116,P007,W04,14,0,14
20251117,P007,W04,17,0,17
20251118,P007,W04,13,0,13
20251119,P007,W04,14,0,14
20251120,P007,W04,20,0,20
20251121,P007,W04,20,0,20
20251122,P007,W04,20,0,20
20251123,P007,W04,17,17,0
20251124,P007,W04,12,12,0
20251125,P007,W04,15,15,0
20251126,P007,W04,21,21,0
20251127,P007,W04,16,16,0
20251128,P007,W04,12,12,0
20251129,P007,W04,26,26,0
20251130,P007,W04,10,10,0
20251201,P007,W04,18,18,0
20251202,P007,W04,21,21,0
20251203,P007,W04,13,13,0
20251204,P007,W04,22,22,0
20251205,P007,W04,21,21,0
20251206,P007,W04,24,24,0
20251207,P007,W04,7,7,0
20251208,P007,W04,15,15,0
20251209,P007,W04,15,15,0
20251210,P007,W04,27,27,0
20251211,P007,W04,14,14,0
20251212,P007,W04,11,11,0
20251213,P007,W04,21,21,0
20251214,P007,W04,11,11,0
20251215,P007,W04,16,16,0
20251216,P007,W04,18,5,13
20251217,P007,W04,15,0,15
20251218,P007,W04,22,0,22
20251219,P007,W04,18,0,18
20251220,P007,W04,20,0,20
20251221,P007,W04,11,0,11
20251222,P007,W04,19,0,19
20251223,P007,W04,12,0,12
20251224,P007,W04,13,3,10
20251225,P007,W04,29,29,0
20251226,P007,W04,24,24,0
20251227,P007,W04,19,19,0
20251228,P007,W04,11,11,0
20251229,P007,W04,16,16,0
20251230,P007,W04,20,20,0
20251231,P007,W04,18,18,0
20260101,P007,W04,16,16,0
20260102,P007,W04,19,19,0
20260103,P007,W04,16,16,0
20260104,P007,W04,11,11,0
20260105,P007,W04,11,11,0
20260106,P007,W04,18,18,0
20260107,P007,W04,16,16,0
20260108,P007,W04,16,16,0
20260109,P007,W04,20,20,0
20260110,P007,W04,26,26,0
20260111,P007,W04,11,11,0
20260112,P007,W04,27,27,0
20260113,P007,W04,18,18,0
20260114,P007,W04,10,10,0
20260115,P007,W04,16,16,0
20260116,P007,W04,18,2,16
20260117,P007,W04,20,0,20
20260118,P007,W04,10,0,10
20260119,P007,W04,12,0,12
20260120,P007,W04,18,18,0
20260121,P007,W04,19,19,0
20260122,P007,W04,16,16,0
20260123,P007,W04,19,19,0
20260124,P007,W04,23,23,0
20260125,P007,W04,14,14,0
20260126,P007,W04,24,24,0
20260127,P007,W04,18,18,0
20260128,P007,W04,15,15,0
20260129,P007,W04,14,14,0
20260130,P007,W04,18,18,0
20260131,P007,W04,17,17,0
20260201,P007,W04,8,8,0
20260202,P007,W04,23,23,0
20260203,P007,W04,15,15,0
20260204,P007,W04,17,17,0
20260205,P007,W04,16,16,0
20260206,P007,W04,18,18,0
20260207,P007,W04,22,22,0
20260208,P007,W04,16,16,0
20260209,P007,W04,19,19,0
20260210,P007,W04,19,19,0
20260211,P007,W04,15,2,13
20260212,P007,W04,16,0,16
20260213,P007,W04,23,0,23
20260214,P007,W04,23,0,23
20260215,P007,W04,14,0,14
20260216,P007,W04,19,0,19
20260217,P007,W04,18,0,18
20260218,P007,W04,15,0,15
20260219,P007,W04,10,0,10
20260220,P007,W04,23,0,23
20260221,P007,W04,21,0,21
20260222,P007,W04,10,0,10
20260223,P007,W04,23,0,23
20260224,P007,W04,13,0,13
20260225,P007,W04,17,17,0
20260226,P007,W04,16,16,0
20260227,P007,W04,18,18,0
20260228,P007,W04,23,23,0
20260301,P007,W04,5,5,0
20260302,P007,W04,10,10,0
20260303,P007,W04,17,17,0
20260304,P007,W04,17,17,0
20260305,P007,W04,11,11,0
20260306,P007,W04,21,21,0
20260307,P007,W04,16,16,0
20260308,P007,W04,15,15,0
20260309,P007,W04,12,12,0
20260310,P007,W04,10,10,0
20260311,P007,W04,18,18,0
20260312,P007,W04,21,21,0
20260313,P007,W04,15,15,0
20260314,P007,W04,9,9,0
20260315,P007,W04,9,9,0
20260316,P007,W04,15,15,0
20260317,P007,W04,19,19,0
20260318,P007,W04,13,13,0
20260319,P007,W04,13,13,0
20260320,P007,W04,11,11,0
20260321,P007,W04,16,16,0
20260322,P007,W04,11,11,0
20260323,P007,W04,10,10,0
20260324,P007,W04,11,2,9
20260325,P007,W04,11,0,11
20260326,P007,W04,10,0,10
20260327,P007,W04,9,0,9
20260328,P007,W04,13,0,13
20260329,P007,W04,12,0,12
20260330,P007,W04,13,13,0
20260331,P007,W04,17,17,0
20260401,P007,W04,14,14,0
20260402,P007,W04,11,11,0
20260403,P007,W04,12,12,0
20260404,P007,W04,14,14,0
20260405,P007,W04,7,7,0
20260406,P007,W04,15,15,0
20260407,P007,W04,10,10,0
20260408,P007,W04,8,8,0
20260409,P007,W04,17,17,0
20260410,P007,W04,16,16,0
20260411,P007,W04,11,11,0
20260412,P007,W04,6,6,0
20260413,P007,W04,14,14,0
20260414,P007,W04,14,14,0
20260415,P007,W04,12,12,0
20260416,P007,W04,9,9,0
20260417,P007,W04,16,16,0
20260418,P007,W04,12,12,0
20260419,P007,W04,6,6,0
20260420,P007,W04,11,11,0
20260421,P007,W04,13,13,0
20260422,P007,W04,7,7,0
20260423,P007,W04,13,13,0
20260424,P007,W04,20,20,0
20260425,P007,W04,17,17,0
20260426,P007,W04,8,8,0
20260427,P007,W04,14,14,0
20260428,P007,W04,11,11,0
20260429,P007,W04,12,12,0
20260430,P007,W04,5,5,0
20260501,P007,W04,7,6,1
20260502,P007,W04,14,0,14
20260503,P007,W04,2,2,0
20260504,P007,W04,10,10,0
20260505,P007,W04,10,10,0
20260506,P007,W04,13,13,0
20260507,P007,W04,8,8,0
20260508,P007,W04,11,11,0
20260509,P007,W04,15,15,0
20260510,P007,W04,7,7,0
20260511,P007,W04,8,8,0
20260512,P007,W04,8,8,0
20260513,P007,W04,13,13,0
20260514,P007,W04,11,11,0
20260515,P007,W04,14,14,0
20260516,P007,W04,15,15,0
20260517,P007,W04,7,7,0
20260518,P007,W04,9,9,0
20260519,P007,W04,11,11,0
20260520,P007,W04,8,8,0
20260521,P007,W04,12,12,0
20260522,P007,W04,18,18,0
20260523,P007,W04,7,7,0
20260524,P007,W04,5,5,0
20260525,P007,W04,12,12,0
20260526,P007,W04,8,8,0
20260527,P007,W04,11,11,0
20260528,P007,W04,9,9,0
20260529,P007,W04,11,11,0
20260530,P007,W04,11,11,0
20260531,P007,W04,6,6,0
20260601,P007,W04,11,11,0
20260602,P007,W04,10,10,0
20260603,P007,W04,11,11,0
20260604,P007,W04,11,11,0
20260605,P007,W04,12,12,0
20260606,P007,W04,21,21,0
20260607,P007,W04,7,7,0
20260608,P007,W04,13,13,0
20260609,P007,W04,7,7,0
20260610,P007,W04,7,7,0
20260611,P007,W04,8,8,0
20260612,P007,W04,10,10,0
20260613,P007,W04,12,12,0
20260614,P007,W04,7,7,0
20260615,P007,W04,7,7,0
20260616,P007,W04,12,12,0
20260617,P007,W04,15,15,0
20260618,P007,W04,9,9,0
20260619,P007,W04,8,8,0
20260620,P007,W04,11,11,0
20260621,P007,W04,8,8,0
20260622,P007,W04,6,6,0
20260623,P007,W04,9,9,0
20260624,P007,W04,10,10,0
20260625,P007,W04,8,8,0
20260626,P007,W04,10,10,0
20260627,P007,W04,9,9,0
20260628,P007,W04,9,9,0
20260629,P007,W04,12,12,0
20260630,P007,W04,13,13,0
20260701,P007,W04,7,7,0
20260702,P007,W04,11,11,0
20260703,P007,W04,9,9,0
20260704,P007,W04,14,14,0
20260705,P007,W04,8,8,0
20260706,P007,W04,19,19,0
20260707,P007,W04,6,6,0
20260708,P007,W04,12,12,0
20260709,P007,W04,10,10,0
20260710,P007,W04,15,15,0
20260711,P007,W04,4,4,0
20260712,P007,W04,11,11,0
20260713,P007,W04,12,12,0
20260714,P007,W04,13,13,0
20260715,P007,W04,10,10,0
20260716,P007,W04,12,12,0
20260717,P007,W04,15,15,0
20260718,P007,W04,17,17,0
20260719,P007,W04,11,11,0
20260720,P007,W04,18,18,0
20260721,P007,W04,10,10,0
20260722,P007,W04,11,11,0
20260723,P007,W04,17,17,0
20260724,P007,W04,19,19,0
20260725,P007,W04,7,7,0
20260726,P007,W04,5,5,0
20260727,P007,W04,13,13,0
20260728,P007,W04,9,9,0
20260729,P007,W04,17,17,0
20260730,P007,W04,6,6,0
20260731,P007,W04,9,9,0
20260801,P007,W04,15,15,0
20260802,P007,W04,7,7,0
20260803,P007,W04,7,7,0
20260804,P007,W04,10,10,0
20260805,P007,W04,12,12,0
20260806,P007,W04,13,13,0
20260807,P007,W04,8,8,0
20260808,P007,W04,13,13,0
20260809,P007,W04,7,7,0
20260810,P007,W04,11,11,0
20260811,P007,W04,12,12,0
20260812,P007,W04,15,15,0
20260813,P007,W04,6,6,0
20260814,P007,W04,15,15,0
20260815,P007,W04,7,7,0
20260816,P007,W04,14,14,0
20260817,P007,W04,18,18,0
20260818,P007,W04,13,13,0
20260819,P007,W04,16,16,0
20260820,P007,W04,12,12,0
20260821,P007,W04,13,13,0
20260822,P007,W04,17,11,6
20260823,P007,W04,10,0,10
20260824,P007,W04,14,0,14
20260825,P007,W04,15,0,15
20260826,P007,W04,19,0,19
20260827,P007,W04,20,0,20
20260828,P007,W04,9,0,9
20260829,P007,W04,17,0,17
20260830,P007,W04,5,0,5
20260831,P007,W04,11,0,11
20260901,P007,W04,23,0,23
20260902,P007,W04,15,15,0
20260903,P007,W04,16,16,0
20260904,P007,W04,9,9,0
20260905,P007,W04,8,8,0
20260906,P007,W04,8,8,0
20260907,P007,W04,15,15,0
20260908,P007,W04,11,11,0
20260909,P007,W04,13,13,0
20260910,P007,W04,11,11,0
20260911,P007,W04,6,6,0
20260912,P007,W04,18,18,0
20260913,P007,W04,11,11,0
20260914,P007,W04,10,10,0
20260915,P007,W04,8,8,0
20260916,P007,W04,7,7,0
20260917,P007,W04,15,15,0
20260918,P007,W04,13,13,0
20260919,P007,W04,12,12,0
20260920,P007,W04,9,9,0
20260921,P007,W04,13,13,0
20260922,P007,W04,18,18,0
20260923,P007,W04,20,20,0
20260924,P007,W04,14,14,0
20260925,P007,W04,12,12,0
20260926,P007,W04,10,10,0
20260927,P007,W04,4,4,0
20260928,P007,W04,10,10,0
20260929,P007,W04,12,12,0
20260930,P007,W04,13,13,0
20251001,P008,W01,11,11,0
20251002,P008,W01,13,13,0
20251003,P008,W01,15,15,0
20251004,P008,W01,14,14,0
20251005,P008,W01,7,7,0
20251006,P008,W01,11,11,0
20251007,P008,W01,14,14,0
20251008,P008,W01,16,16,0
20251009,P008,W01,18,18,0
20251010,P008,W01,17,17,0
20251011,P008,W01,15,15,0
20251012,P008,W01,8,8,0
20251013,P008,W01,14,14,0
20251014,P008,W01,14,14,0
20251015,P008,W01,10,10,0
20251016,P008,W01,15,15,0
20251017,P008,W01,21,21,0
20251018,P008,W01,20,20,0
20251019,P008,W01,4,4,0
20251020,P008,W01,17,17,0
20251021,P008,W01,25,25,0
20251022,P008,W01,12,12,0
20251023,P008,W01,12,12,0
20251024,P008,W01,18,18,0
20251025,P008,W01,10,10,0
20251026,P008,W01,6,6,0
20251027,P008,W01,10,10,0
20251028,P008,W01,18,3,15
20251029,P008,W01,9,0,9
20251030,P008,W01,10,0,10
20251031,P008,W01,14,0,14
20251101,P008,W01,17,0,17
20251102,P008,W01,7,0,7
20251103,P008,W01,23,0,23
20251104,P008,W01,20,0,20
20251105,P008,W01,25,0,25
20251106,P008,W01,17,17,0
20251107,P008,W01,19,19,0
20251108,P008,W01,15,15,0
20251109,P008,W01,6,6,0
20251110,P008,W01,18,18,0
20251111,P008,W01,15,15,0
20251112,P008,W01,19,19,0
20251113,P008,W01,17,17,0
20251114,P008,W01,13,13,0
20251115,P008,W01,14,14,0
20251116,P008,W01,10,10,0
20251117,P008,W01,21,21,0
20251118,P008,W01,13,13,0
20251119,P008,W01,21,21,0
20251120,P008,W01,18,18,0
20251121,P008,W01,13,13,0
20251122,P008,W01,7,7,0
20251123,P008,W01,1,1,0
20251124,P008,W01,16,16,0
20251125,P008,W01,15,15,0
20251126,P008,W01,15,15,0
20251127,P008,W01,13,13,0
20251128,P008,W01,16,16,0
20251129,P008,W01,16,16,0
20251130,P008,W01,12,12,0
20251201,P008,W01,22,22,0
20251202,P008,W01,14,14,0
20251203,P008,W01,15,15,0
20251204,P008,W01,18,18,0
20251205,P008,W01,14,14,0
20251206,P008,W01,17,17,0
20251207,P008,W01,9,9,0
20251208,P008,W01,15,15,0
20251209,P008,W01,20,20,0
20251210,P008,W01,12,12,0
20251211,P008,W01,20,20,0
20251212,P008,W01,13,13,0
20251213,P008,W01,17,17,0
20251214,P008,W01,8,8,0
20251215,P008,W01,19,19,0
20251216,P008,W01,24,24,0
20251217,P008,W01,19,19,0
20251218,P008,W01,13,13,0
20251219,P008,W01,10,10,0
20251220,P008,W01,16,16,0
20251221,P008,W01,12,12,0
20251222,P008,W01,14,14,0
20251223,P008,W01,17,17,0
20251224,P008,W01,17,17,0
20251225,P008,W01,14,14,0
20251226,P008,W01,18,18,0
20251227,P008,W01,13,13,0
20251228,P008,W01,10,10,0
20251229,P008,W01,8,8,0
20251230,P008,W01,14,14,0
20251231,P008,W01,10,10,0
20260101,P008,W01,20,20,0
20260102,P008,W01,19,19,0
20260103,P008,W01,11,11,0
20260104,P008,W01,6,6,0
20260105,P008,W01,19,19,0
20260106,P008,W01,13,13,0
20260107,P008,W01,13,13,0
20260108,P008,W01,16,16,0
20260109,P008,W01,21,21,0
20260110,P008,W01,13,13,0
20260111,P008,W01,17,17,0
20260112,P008,W01,25,25,0
20260113,P008,W01,17,17,0
20260114,P008,W01,20,20,0
20260115,P008,W01,17,12,5
20260116,P008,W01,23,0,23
20260117,P008,W01,20,20,0
20260118,P008,W01,14,14,0
20260119,P008,W01,20,20,0
20260120,P008,W01,17,17,0
20260121,P008,W01,19,19,0
20260122,P008,W01,16,16,0
20260123,P008,W01,17,17,0
20260124,P008,W01,10,10,0
20260125,P008,W01,8,8,0
20260126,P008,W01,16,16,0
20260127,P008,W01,24,24,0
20260128,P008,W01,8,8,0
20260129,P008,W01,12,12,0
20260130,P008,W01,16,16,0
20260131,P008,W01,18,18,0
20260201,P008,W01,16,16,0
20260202,P008,W01,10,10,0
20260203,P008,W01,18,18,0
20260204,P008,W01,18,18,0
20260205,P008,W01,18,18,0
20260206,P008,W01,14,14,0
20260207,P008,W01,26,26,0
20260208,P008,W01,12,12,0
20260209,P008,W01,18,18,0
20260210,P008,W01,13,13,0
20260211,P008,W01,12,12,0
20260212,P008,W01,11,11,0
20260213,P008,W01,20,20,0
20260214,P008,W01,13,13,0
20260215,P008,W01,13,13,0
20260216,P008,W01,19,19,0
20260217,P008,W01,19,19,0
20260218,P008,W01,25,25,0
20260219,P008,W01,5,5,0
20260220,P008,W01,15,15,0
20260221,P008,W01,12,12,0
20260222,P008,W01,6,6,0
20260223,P008,W01,11,11,0
20260224,P008,W01,17,17,0
20260225,P008,W01,15,15,0
20260226,P008,W01,13,13,0
20260227,P008,W01,16,16,0
20260228,P008,W01,18,18,0
20260301,P008,W01,8,8,0
20260302,P008,W01,6,6,0
20260303,P008,W01,10,10,0
20260304,P008,W01,16,16,0
20260305,P008,W01,12,12,0
20260306,P008,W01,21,21,0
20260307,P008,W01,12,12,0
20260308,P008,W01,10,10,0
20260309,P008,W01,12,12,0
20260310,P008,W01,10,10,0
20260311,P008,W01,10,10,0
20260312,P008,W01,10,10,0
20260313,P008,W01,11,11,0
20260314,P008,W01,11,11,0
20260315,P008,W01,5,5,0
20260316,P008,W01,13,13,0
20260317,P008,W01,5,5,0
20260318,P008,W01,10,10,0
20260319,P008,W01,14,14,0
20260320,P008,W01,7,7,0
20260321,P008,W01,12,12,0
20260322,P008,W01,8,8,0
20260323,P008,W01,12,12,0
20260324,P008,W01,9,9,0
20260325,P008,W01,14,14,0
20260326,P008,W01,10,10,0
20260327,P008,W01,10,10,0
20260328,P008,W01,12,12,0
20260329,P008,W01,8,8,0
20260330,P008,W01,16,16,0
20260331,P008,W01,4,4,0
20260401,P008,W01,10,10,0
20260402,P008,W01,6,6,0
20260403,P008,W01,15,15,0
20260404,P008,W01,7,7,0
20260405,P008,W01,8,8,0
20260406,P008,W01,13,13,0
20260407,P008,W01,9,9,0
20260408,P008,W01,7,7,0
20260409,P008,W01,8,8,0
20260410,P008,W01,11,11,0
20260411,P008,W01,9,9,0
20260412,P008,W01,8,8,0
20260413,P008,W01,14,14,0
20260414,P008,W01,16,16,0
20260415,P008,W01,10,10,0
20260416,P008,W01,6,6,0
20260417,P008,W01,8,8,0
20260418,P008,W01,11,11,0
20260419,P008,W01,8,8,0
20260420,P008,W01,12,12,0
20260421,P008,W01,12,12,0
20260422,P008,W01,13,13,0
20260423,P008,W01,10,10,0
20260424,P008,W01,12,12,0
20260425,P008,W01,12,12,0
20260426,P008,W01,6,6,0
20260427,P008,W01,15,15,0
20260428,P008,W01,12,12,0
20260429,P008,W01,5,5,0
20260430,P008,W01,12,12,0
20260501,P008,W01,16,16,0
20260502,P008,W01,12,12,0
20260503,P008,W01,6,6,0
20260504,P008,W01,9,9,0
20260505,P008,W01,9,9,0
20260506,P008,W01,8,8,0
20260507,P008,W01,17,17,0
20260508,P008,W01,9,9,0
20260509,P008,W01,11,11,0
20260510,P008,W01,10,10,0
20260511,P008,W01,8,8,0
20260512,P008,W01,8,8,0
20260513,P008,W01,12,12,0
20260514,P008,W01,9,9,0
20260515,P008,W01,9,9,0
20260516,P008,W01,16,16,0
20260517,P008,W01,8,8,0
20260518,P008,W01,5,5,0
20260519,P008,W01,14,14,0
20260520,P008,W01,7,7,0
20260521,P008,W01,8,8,0
20260522,P008,W01,8,8,0
20260523,P008,W01,15,15,0
20260524,P008,W01,9,9,0
20260525,P008,W01,7,7,0
20260526,P008,W01,10,10,0
20260527,P008,W01,10,10,0
20260528,P008,W01,8,8,0
20260529,P008,W01,5,5,0
20260530,P008,W01,12,12,0
20260531,P008,W01,4,4,0
20260601,P008,W01,10,10,0
20260602,P008,W01,7,7,0
20260603,P008,W01,7,7,0
20260604,P008,W01,8,8,0
20260605,P008,W01,22,22,0
20260606,P008,W01,5,5,0
20260607,P008,W01,7,7,0
20260608,P008,W01,11,11,0
20260609,P008,W01,13,13,0
20260610,P008,W01,6,6,0
20260611,P008,W01,5,5,0
20260612,P008,W01,11,11,0
20260613,P008,W01,9,9,0
20260614,P008,W01,7,7,0
20260615,P008,W01,9,9,0
20260616,P008,W01,13,13,0
20260617,P008,W01,11,11,0
20260618,P008,W01,5,5,0
20260619,P008,W01,14,14,0
20260620,P008,W01,13,13,0
20260621,P008,W01,8,8,0
20260622,P008,W01,7,7,0
20260623,P008,W01,11,11,0
20260624,P008,W01,14,14,0
20260625,P008,W01,14,14,0
20260626,P008,W01,4,4,0
20260627,P008,W01,9,9,0
20260628,P008,W01,6,6,0
20260629,P008,W01,9,9,0
20260630,P008,W01,11,11,0
20260701,P008,W01,9,9,0
20260702,P008,W01,14,14,0
20260703,P008,W01,12,12,0
20260704,P008,W01,20,20,0
20260705,P008,W01,7,7,0
20260706,P008,W01,6,6,0
20260707,P008,W01,10,10,0
20260708,P008,W01,11,11,0
20260709,P008,W01,13,13,0
20260710,P008,W01,12,12,0
20260711,P008,W01,10,10,0
20260712,P008,W01,11,11,0
20260713,P008,W01,11,11,0
20260714,P008,W01,7,7,0
20260715,P008,W01,12,12,0
20260716,P008,W01,10,10,0
20260717,P008,W01,13,13,0
20260718,P008,W01,13,13,0
20260719,P008,W01,5,5,0
20260720,P008,W01,9,9,0
20260721,P008,W01,6,6,0
20260722,P008,W01,14,14,0
20260723,P008,W01,5,5,0
20260724,P008,W01,16,16,0
20260725,P008,W01,12,12,0
20260726,P008,W01,6,6,0
20260727,P008,W01,7,7,0
20260728,P008,W01,8,8,0
20260729,P008,W01,8,8,0
20260730,P008,W01,10,10,0
20260731,P008,W01,10,10,0
20260801,P008,W01,18,18,0
20260802,P008,W01,8,8,0
20260803,P008,W01,9,9,0
20260804,P008,W01,11,11,0
20260805,P008,W01,14,14,0
20260806,P008,W01,13,13,0
20260807,P008,W01,5,5,0
20260808,P008,W01,9,9,0
20260809,P008,W01,5,5,0
20260810,P008,W01,11,11,0
20260811,P008,W01,12,12,0
20260812,P008,W01,9,9,0
20260813,P008,W01,11,11,0
20260814,P008,W01,8,8,0
20260815,P008,W01,12,12,0
20260816,P008,W01,8,8,0
20260817,P008,W01,13,13,0
20260818,P008,W01,11,11,0
20260819,P008,W01,15,15,0
20260820,P008,W01,11,11,0
20260821,P008,W01,14,14,0
20260822,P008,W01,15,15,0
20260823,P008,W01,4,4,0
20260824,P008,W01,12,12,0
20260825,P008,W01,10,10,0
20260826,P008,W01,7,7,0
20260827,P008,W01,11,11,0
20260828,P008,W01,5,5,0
20260829,P008,W01,13,13,0
20260830,P008,W01,5,5,0
20260831,P008,W01,9,9,0
20260901,P008,W01,15,15,0
20260902,P008,W01,14,14,0
20260903,P008,W01,15,15,0
20260904,P008,W01,11,11,0
20260905,P008,W01,13,13,0
20260906,P008,W01,7,7,0
20260907,P008,W01,14,14,0
20260908,P008,W01,19,19,0
20260909,P008,W01,7,7,0
20260910,P008,W01,11,11,0
20260911,P008,W01,13,13,0
20260912,P008,W01,16,16,0
20260913,P008,W01,9,9,0
20260914,P008,W01,13,13,0
20260915,P008,W01,9,9,0
20260916,P008,W01,7,7,0
20260917,P008,W01,8,8,0
20260918,P008,W01,11,11,0
20260919,P008,W01,11,11,0
20260920,P008,W01,8,8,0
20260921,P008,W01,11,11,0
20260922,P008,W01,15,15,0
20260923,P008,W01,10,10,0
20260924,P008,W01,10,10,0
20260925,P008,W01,14,14,0
20260926,P008,W01,12,12,0
20260927,P008,W01,7,7,0
20260928,P008,W01,15,15,0
20260929,P008,W01,11,11,0
20260930,P008,W01,12,12,0
20251001,P008,W02,14,14,0
20251002,P008,W02,12,12,0
20251003,P008,W02,12,12,0
20251004,P008,W02,13,13,0
20251005,P008,W02,11,11,0
20251006,P008,W02,13,13,0
20251007,P008,W02,10,10,0
20251008,P008,W02,18,18,0
20251009,P008,W02,9,9,0
20251010,P008,W02,16,16,0
20251011,P008,W02,15,15,0
20251012,P008,W02,10,10,0
20251013,P008,W02,12,12,0
20251014,P008,W02,17,17,0
20251015,P008,W02,9,9,0
20251016,P008,W02,16,16,0
20251017,P008,W02,17,17,0
20251018,P008,W02,23,23,0
20251019,P008,W02,6,6,0
20251020,P008,W02,20,20,0
20251021,P008,W02,12,12,0
20251022,P008,W02,15,15,0
20251023,P008,W02,17,17,0
20251024,P008,W02,13,13,0
20251025,P008,W02,14,14,0
20251026,P008,W02,12,12,0
20251027,P008,W02,12,12,0
20251028,P008,W02,10,10,0
20251029,P008,W02,12,12,0
20251030,P008,W02,11,11,0
20251031,P008,W02,18,18,0
20251101,P008,W02,24,24,0
20251102,P008,W02,3,3,0
20251103,P008,W02,17,17,0
20251104,P008,W02,22,22,0
20251105,P008,W02,14,14,0
20251106,P008,W02,25,25,0
20251107,P008,W02,19,19,0
20251108,P008,W02,21,21,0
20251109,P008,W02,6,6,0
20251110,P008,W02,18,18,0
20251111,P008,W02,9,9,0
20251112,P008,W02,16,16,0
20251113,P008,W02,18,18,0
20251114,P008,W02,16,16,0
20251115,P008,W02,14,14,0
20251116,P008,W02,12,12,0
20251117,P008,W02,11,11,0
20251118,P008,W02,13,13,0
20251119,P008,W02,12,12,0
20251120,P008,W02,17,17,0
20251121,P008,W02,18,18,0
20251122,P008,W02,21,21,0
20251123,P008,W02,11,11,0
20251124,P008,W02,23,23,0
20251125,P008,W02,14,14,0
20251126,P008,W02,16,16,0
20251127,P008,W02,26,26,0
20251128,P008,W02,12,12,0
20251129,P008,W02,20,20,0
20251130,P008,W02,11,11,0
20251201,P008,W02,20,20,0
20251202,P008,W02,18,18,0
20251203,P008,W02,22,22,0
20251204,P008,W02,14,14,0
20251205,P008,W02,12,12,0
20251206,P008,W02,17,17,0
20251207,P008,W02,13,13,0
20251208,P008,W02,16,16,0
20251209,P008,W02,17,17,0
20251210,P008,W02,16,16,0
20251211,P008,W02,18,18,0
20251212,P008,W02,14,14,0
20251213,P008,W02,6,6,0
20251214,P008,W02,10,10,0
20251215,P008,W02,12,12,0
20251216,P008,W02,18,18,0
20251217,P008,W02,19,19,0
20251218,P008,W02,17,17,0
20251219,P008,W02,17,17,0
20251220,P008,W02,14,14,0
20251221,P008,W02,16,16,0
20251222,P008,W02,17,17,0
20251223,P008,W02,15,15,0
20251224,P008,W02,17,17,0
20251225,P008,W02,18,18,0
20251226,P008,W02,13,13,0
20251227,P008,W02,30,30,0
20251228,P008,W02,10,10,0
20251229,P008,W02,26,26,0
20251230,P008,W02,19,19,0
20251231,P008,W02,15,15,0
20260101,P008,W02,14,14,0
20260102,P008,W02,18,18,0
20260103,P008,W02,18,18,0
20260104,P008,W02,12,12,0
20260105,P008,W02,22,22,0
20260106,P008,W02,27,27,0
20260107,P008,W02,22,22,0
20260108,P008,W02,16,16,0
20260109,P008,W02,19,19,0
20260110,P008,W02,21,21,0
20260111,P008,W02,12,12,0
20260112,P008,W02,29,29,0
20260113,P008,W02,13,13,0
20260114,P008,W02,17,17,0
20260115,P008,W02,22,22,0
20260116,P008,W02,24,24,0
20260117,P008,W02,24,24,0
20260118,P008,W02,12,12,0
20260119,P008,W02,21,21,0
20260120,P008,W02,19,19,0
20260121,P008,W02,22,22,0
20260122,P008,W02,16,16,0
20260123,P008,W02,19,19,0
20260124,P008,W02,28,28,0
20260125,P008,W02,13,13,0
20260126,P008,W02,16,16,0
20260127,P008,W02,16,16,0
20260128,P008,W02,23,23,0
20260129,P008,W02,19,19,0
20260130,P008,W02,17,17,0
20260131,P008,W02,20,20,0
20260201,P008,W02,7,7,0
20260202,P008,W02,19,19,0
20260203,P008,W02,20,20,0
20260204,P008,W02,22,22,0
20260205,P008,W02,19,19,0
20260206,P008,W02,15,15,0
20260207,P008,W02,17,17,0
20260208,P008,W02,11,11,0
20260209,P008,W02,16,16,0
20260210,P008,W02,17,17,0
20260211,P008,W02,9,9,0
20260212,P008,W02,23,23,0
20260213,P008,W02,25,25,0
20260214,P008,W02,22,5,17
20260215,P008,W02,14,0,14
20260216,P008,W02,23,0,23
20260217,P008,W02,23,23,0
20260218,P008,W02,25,25,0
20260219,P008,W02,15,15,0
20260220,P008,W02,16,16,0
20260221,P008,W02,20,20,0
20260222,P008,W02,8,8,0
20260223,P008,W02,19,19,0
20260224,P008,W02,13,13,0
20260225,P008,W02,18,18,0
20260226,P008,W02,11,11,0
20260227,P008,W02,17,17,0
20260228,P008,W02,14,14,0
20260301,P008,W02,10,10,0
20260302,P008,W02,15,15,0
20260303,P008,W02,21,21,0
20260304,P008,W02,13,13,0
20260305,P008,W02,8,8,0
20260306,P008,W02,11,11,0
20260307,P008,W02,16,16,0
20260308,P008,W02,10,10,0
20260309,P008,W02,18,18,0
20260310,P008,W02,14,14,0
20260311,P008,W02,16,16,0
20260312,P008,W02,15,15,0
20260313,P008,W02,23,23,0
20260314,P008,W02,13,13,0
20260315,P008,W02,9,9,0
20260316,P008,W02,13,13,0
20260317,P008,W02,13,13,0
20260318,P008,W02,13,13,0
20260319,P008,W02,17,17,0
20260320,P008,W02,20,20,0
20260321,P008,W02,15,15,0
20260322,P008,W02,9,9,0
20260323,P008,W02,12,12,0
20260324,P008,W02,7,7,0
20260325,P008,W02,13,13,0
20260326,P008,W02,13,13,0
20260327,P008,W02,20,20,0
20260328,P008,W02,16,16,0
20260329,P008,W02,7,7,0
20260330,P008,W02,19,19,0
20260331,P008,W02,15,15,0
20260401,P008,W02,5,5,0
20260402,P008,W02,10,10,0
20260403,P008,W02,15,15,0
20260404,P008,W02,10,10,0
20260405,P008,W02,4,4,0
20260406,P008,W02,16,16,0
20260407,P008,W02,12,12,0
20260408,P008,W02,15,15,0
20260409,P008,W02,9,9,0
20260410,P008,W02,15,15,0
20260411,P008,W02,6,6,0
20260412,P008,W02,8,8,0
20260413,P008,W02,11,11,0
20260414,P008,W02,13,13,0
20260415,P008,W02,10,10,0
20260416,P008,W02,11,11,0
20260417,P008,W02,13,13,0
20260418,P008,W02,18,18,0
20260419,P008,W02,11,11,0
20260420,P008,W02,12,12,0
20260421,P008,W02,16,16,0
20260422,P008,W02,9,9,0
20260423,P008,W02,13,13,0
20260424,P008,W02,11,11,0
20260425,P008,W02,4,4,0
20260426,P008,W02,13,13,0
20260427,P008,W02,10,10,0
20260428,P008,W02,14,14,0
20260429,P008,W02,19,19,0
20260430,P008,W02,12,12,0
20260501,P008,W02,12,12,0
20260502,P008,W02,12,12,0
20260503,P008,W02,7,7,0
20260504,P008,W02,10,10,0
20260505,P008,W02,6,6,0
20260506,P008,W02,13,13,0
20260507,P008,W02,8,8,0
20260508,P008,W02,14,14,0
20260509,P008,W02,13,13,0
20260510,P008,W02,8,8,0
20260511,P008,W02,11,11,0
20260512,P008,W02,12,12,0
20260513,P008,W02,7,7,0
20260514,P008,W02,8,8,0
20260515,P008,W02,11,11,0
20260516,P008,W02,16,16,0
20260517,P008,W02,8,8,0
20260518,P008,W02,11,11,0
20260519,P008,W02,9,9,0
20260520,P008,W02,10,10,0
20260521,P008,W02,10,10,0
20260522,P008,W02,8,8,0
20260523,P008,W02,9,9,0
20260524,P008,W02,8,8,0
20260525,P008,W02,14,14,0
20260526,P008,W02,15,15,0
20260527,P008,W02,19,19,0
20260528,P008,W02,14,14,0
20260529,P008,W02,14,14,0
20260530,P008,W02,12,12,0
20260531,P008,W02,4,4,0
20260601,P008,W02,10,10,0
20260602,P008,W02,11,11,0
20260603,P008,W02,12,12,0
20260604,P008,W02,12,12,0
20260605,P008,W02,14,14,0
20260606,P008,W02,5,5,0
20260607,P008,W02,11,11,0
20260608,P008,W02,3,3,0
20260609,P008,W02,5,5,0
20260610,P008,W02,12,12,0
20260611,P008,W02,15,15,0
20260612,P008,W02,10,10,0
20260613,P008,W02,12,12,0
20260614,P008,W02,7,7,0
20260615,P008,W02,13,13,0
20260616,P008,W02,17,17,0
20260617,P008,W02,13,13,0
20260618,P008,W02,7,7,0
20260619,P008,W02,16,16,0
20260620,P008,W02,11,11,0
20260621,P008,W02,6,6,0
20260622,P008,W02,8,8,0
20260623,P008,W02,15,15,0
20260624,P008,W02,15,15,0
20260625,P008,W02,7,7,0
20260626,P008,W02,11,11,0
20260627,P008,W02,10,10,0
20260628,P008,W02,3,3,0
20260629,P008,W02,11,11,0
20260630,P008,W02,8,8,0
20260701,P008,W02,16,16,0
20260702,P008,W02,12,12,0
20260703,P008,W02,11,11,0
20260704,P008,W02,7,7,0
20260705,P008,W02,10,10,0
20260706,P008,W02,6,6,0
20260707,P008,W02,5,5,0
20260708,P008,W02,13,13,0
20260709,P008,W02,8,8,0
20260710,P008,W02,17,17,0
20260711,P008,W02,9,9,0
20260712,P008,W02,8,8,0
20260713,P008,W02,11,11,0
20260714,P008,W02,11,11,0
20260715,P008,W02,13,13,0
20260716,P008,W02,12,12,0
20260717,P008,W02,7,7,0
20260718,P008,W02,15,15,0
20260719,P008,W02,9,9,0
20260720,P008,W02,6,6,0
20260721,P008,W02,23,23,0
20260722,P008,W02,8,8,0
20260723,P008,W02,8,8,0
20260724,P008,W02,10,10,0
20260725,P008,W02,12,12,0
20260726,P008,W02,14,14,0
20260727,P008,W02,13,13,0
20260728,P008,W02,4,4,0
20260729,P008,W02,11,11,0
20260730,P008,W02,10,10,0
20260731,P008,W02,10,10,0
20260801,P008,W02,8,8,0
20260802,P008,W02,9,9,0
20260803,P008,W02,12,12,0
20260804,P008,W02,14,14,0
20260805,P008,W02,14,14,0
20260806,P008,W02,13,13,0
20260807,P008,W02,10,10,0
20260808,P008,W02,15,15,0
20260809,P008,W02,9,9,0
20260810,P008,W02,17,17,0
20260811,P008,W02,5,5,0
20260812,P008,W02,12,12,0
20260813,P008,W02,15,15,0
20260814,P008,W02,14,14,0
20260815,P008,W02,8,8,0
20260816,P008,W02,4,4,0
20260817,P008,W02,9,9,0
20260818,P008,W02,14,14,0
20260819,P008,W02,13,13,0
20260820,P008,W02,9,9,0
20260821,P008,W02,12,12,0
20260822,P008,W02,8,8,0
20260823,P008,W02,10,10,0
20260824,P008,W02,15,15,0
20260825,P008,W02,10,10,0
20260826,P008,W02,12,12,0
20260827,P008,W02,9,9,0
20260828,P008,W02,18,18,0
20260829,P008,W02,23,23,0
20260830,P008,W02,4,4,0
20260831,P008,W02,9,9,0
20260901,P008,W02,22,22,0
20260902,P008,W02,11,11,0
20260903,P008,W02,15,15,0
20260904,P008,W02,13,13,0
20260905,P008,W02,15,15,0
20260906,P008,W02,7,7,0
20260907,P008,W02,7,7,0
20260908,P008,W02,16,16,0
20260909,P008,W02,10,10,0
20260910,P008,W02,9,9,0
20260911,P008,W02,12,12,0
20260912,P008,W02,17,17,0
20260913,P008,W02,5,5,0
20260914,P008,W02,13,13,0
20260915,P008,W02,9,9,0
20260916,P008,W02,18,18,0
20260917,P008,W02,12,12,0
20260918,P008,W02,13,13,0
20260919,P008,W02,20,20,0
20260920,P008,W02,13,13,0
20260921,P008,W02,11,11,0
20260922,P008,W02,12,12,0
20260923,P008,W02,15,15,0
20260924,P008,W02,12,12,0
20260925,P008,W02,8,8,0
20260926,P008,W02,22,22,0
20260927,P008,W02,9,9,0
20260928,P008,W02,9,9,0
20260929,P008,W02,12,12,0
20260930,P008,W02,11,11,0
20251001,P008,W03,15,15,0
20251002,P008,W03,11,11,0
20251003,P008,W03,15,15,0
20251004,P008,W03,10,10,0
20251005,P008,W03,7,7,0
20251006,P008,W03,6,6,0
20251007,P008,W03,21,21,0
20251008,P008,W03,11,11,0
20251009,P008,W03,10,10,0
20251010,P008,W03,20,20,0
20251011,P008,W03,10,10,0
20251012,P008,W03,8,8,0
20251013,P008,W03,5,5,0
20251014,P008,W03,14,14,0
20251015,P008,W03,16,16,0
20251016,P008,W03,18,18,0
20251017,P008,W03,10,10,0
20251018,P008,W03,10,10,0
20251019,P008,W03,7,7,0
20251020,P008,W03,8,8,0
20251021,P008,W03,16,16,0
20251022,P008,W03,7,7,0
20251023,P008,W03,11,11,0
20251024,P008,W03,9,9,0
20251025,P008,W03,7,7,0
20251026,P008,W03,3,3,0
20251027,P008,W03,15,15,0
20251028,P008,W03,7,7,0
20251029,P008,W03,13,13,0
20251030,P008,W03,7,7,0
20251031,P008,W03,13,13,0
20251101,P008,W03,15,15,0
20251102,P008,W03,7,7,0
20251103,P008,W03,9,9,0
20251104,P008,W03,11,11,0
20251105,P008,W03,15,15,0
20251106,P008,W03,9,9,0
20251107,P008,W03,9,9,0
20251108,P008,W03,14,14,0
20251109,P008,W03,8,8,0
20251110,P008,W03,18,18,0
20251111,P008,W03,10,10,0
20251112,P008,W03,16,16,0
20251113,P008,W03,15,15,0
20251114,P008,W03,12,12,0
20251115,P008,W03,9,9,0
20251116,P008,W03,11,11,0
20251117,P008,W03,10,10,0
20251118,P008,W03,18,18,0
20251119,P008,W03,14,14,0
20251120,P008,W03,9,9,0
20251121,P008,W03,12,12,0
20251122,P008,W03,13,13,0
20251123,P008,W03,15,15,0
20251124,P008,W03,14,14,0
20251125,P008,W03,5,5,0
20251126,P008,W03,11,11,0
20251127,P008,W03,9,9,0
20251128,P008,W03,17,17,0
20251129,P008,W03,12,12,0
20251130,P008,W03,11,11,0
20251201,P008,W03,15,15,0
20251202,P008,W03,8,8,0
20251203,P008,W03,14,14,0
20251204,P008,W03,23,23,0
20251205,P008,W03,21,21,0
20251206,P008,W03,15,15,0
20251207,P008,W03,13,13,0
20251208,P008,W03,19,19,0
20251209,P008,W03,16,16,0
20251210,P008,W03,9,9,0
20251211,P008,W03,16,16,0
20251212,P008,W03,16,16,0
20251213,P008,W03,11,11,0
20251214,P008,W03,9,9,0
20251215,P008,W03,15,15,0
20251216,P008,W03,12,12,0
20251217,P008,W03,22,22,0
20251218,P008,W03,15,15,0
20251219,P008,W03,11,11,0
20251220,P008,W03,17,17,0
20251221,P008,W03,7,7,0
20251222,P008,W03,12,12,0
20251223,P008,W03,16,16,0
20251224,P008,W03,13,13,0
20251225,P008,W03,14,14,0
20251226,P008,W03,16,16,0
20251227,P008,W03,18,18,0
20251228,P008,W03,9,9,0
20251229,P008,W03,15,15,0
20251230,P008,W03,10,10,0
20251231,P008,W03,16,16,0
20260101,P008,W03,14,14,0
20260102,P008,W03,10,10,0
20260103,P008,W03,15,15,0
20260104,P008,W03,7,7,0
20260105,P008,W03,22,22,0
20260106,P008,W03,18,18,0
20260107,P008,W03,14,14,0
20260108,P008,W03,14,14,0
20260109,P008,W03,11,11,0
20260110,P008,W03,10,10,0
20260111,P008,W03,14,14,0
20260112,P008,W03,14,14,0
20260113,P008,W03,15,15,0
20260114,P008,W03,9,9,0
20260115,P008,W03,11,11,0
20260116,P008,W03,15,15,0
20260117,P008,W03,13,13,0
20260118,P008,W03,6,6,0
20260119,P008,W03,15,15,0
20260120,P008,W03,13,13,0
20260121,P008,W03,7,7,0
20260122,P008,W03,12,12,0
20260123,P008,W03,11,11,0
20260124,P008,W03,13,13,0
20260125,P008,W03,12,12,0
20260126,P008,W03,14,14,0
20260127,P008,W03,14,14,0
20260128,P008,W03,10,10,0
20260129,P008,W03,12,12,0
20260130,P008,W03,13,13,0
20260131,P008,W03,10,10,0
20260201,P008,W03,7,7,0
20260202,P008,W03,9,9,0
20260203,P008,W03,8,8,0
20260204,P008,W03,9,9,0
20260205,P008,W03,6,6,0
20260206,P008,W03,17,17,0
20260207,P008,W03,16,16,0
20260208,P008,W03,9,9,0
20260209,P008,W03,11,11,0
20260210,P008,W03,11,11,0
20260211,P008,W03,19,19,0
20260212,P008,W03,23,23,0
20260213,P008,W03,17,17,0
20260214,P008,W03,12,12,0
20260215,P008,W03,9,9,0
20260216,P008,W03,18,18,0
20260217,P008,W03,6,6,0
20260218,P008,W03,18,18,0
20260219,P008,W03,16,16,0
20260220,P008,W03,20,20,0
20260221,P008,W03,14,14,0
20260222,P008,W03,9,9,0
20260223,P008,W03,15,15,0
20260224,P008,W03,12,12,0
20260225,P008,W03,6,6,0
20260226,P008,W03,14,14,0
20260227,P008,W03,6,6,0
20260228,P008,W03,13,13,0
20260301,P008,W03,6,6,0
20260302,P008,W03,9,9,0
20260303,P008,W03,13,13,0
20260304,P008,W03,15,15,0
20260305,P008,W03,14,14,0
20260306,P008,W03,10,10,0
20260307,P008,W03,9,9,0
20260308,P008,W03,6,6,0
20260309,P008,W03,15,15,0
20260310,P008,W03,13,13,0
20260311,P008,W03,10,10,0
20260312,P008,W03,8,8,0
20260313,P008,W03,13,13,0
20260314,P008,W03,13,13,0
20260315,P008,W03,6,6,0
20260316,P008,W03,8,8,0
20260317,P008,W03,12,12,0
20260318,P008,W03,13,13,0
20260319,P008,W03,12,12,0
20260320,P008,W03,13,13,0
20260321,P008,W03,11,11,0
20260322,P008,W03,7,7,0
20260323,P008,W03,15,15,0
20260324,P008,W03,9,9,0
20260325,P008,W03,12,12,0
20260326,P008,W03,12,12,0
20260327,P008,W03,17,17,0
20260328,P008,W03,9,9,0
20260329,P008,W03,5,5,0
20260330,P008,W03,7,7,0
20260331,P008,W03,13,13,0
20260401,P008,W03,9,9,0
20260402,P008,W03,10,10,0
20260403,P008,W03,11,11,0
20260404,P008,W03,11,11,0
20260405,P008,W03,6,6,0
20260406,P008,W03,9,9,0
20260407,P008,W03,9,9,0
20260408,P008,W03,8,8,0
20260409,P008,W03,10,10,0
20260410,P008,W03,7,7,0
20260411,P008,W03,10,10,0
20260412,P008,W03,6,6,0
20260413,P008,W03,15,15,0
20260414,P008,W03,8,8,0
20260415,P008,W03,9,9,0
20260416,P008,W03,6,6,0
20260417,P008,W03,13,13,0
20260418,P008,W03,11,11,0
20260419,P008,W03,9,9,0
20260420,P008,W03,9,9,0
20260421,P008,W03,11,11,0
20260422,P008,W03,10,10,0
20260423,P008,W03,14,14,0
20260424,P008,W03,7,7,0
20260425,P008,W03,9,9,0
20260426,P008,W03,7,7,0
20260427,P008,W03,10,10,0
20260428,P008,W03,9,9,0
20260429,P008,W03,11,11,0
20260430,P008,W03,9,9,0
20260501,P008,W03,13,13,0
20260502,P008,W03,11,11,0
20260503,P008,W03,5,5,0
20260504,P008,W03,10,10,0
20260505,P008,W03,8,8,0
20260506,P008,W03,3,3,0
20260507,P008,W03,11,11,0
20260508,P008,W03,12,12,0
20260509,P008,W03,10,10,0
20260510,P008,W03,3,3,0
20260511,P008,W03,5,5,0
20260512,P008,W03,10,10,0
20260513,P008,W03,7,7,0
20260514,P008,W03,5,5,0
20260515,P008,W03,14,14,0
20260516,P008,W03,14,14,0
20260517,P008,W03,3,3,0
20260518,P008,W03,10,10,0
20260519,P008,W03,3,3,0
20260520,P008,W03,10,10,0
20260521,P008,W03,5,5,0
20260522,P008,W03,10,10,0
20260523,P008,W03,13,13,0
20260524,P008,W03,6,6,0
20260525,P008,W03,10,10,0
20260526,P008,W03,9,9,0
20260527,P008,W03,10,10,0
20260528,P008,W03,12,12,0
20260529,P008,W03,8,8,0
20260530,P008,W03,4,4,0
20260531,P008,W03,8,8,0
20260601,P008,W03,8,8,0
20260602,P008,W03,10,10,0
20260603,P008,W03,6,6,0
20260604,P008,W03,9,9,0
20260605,P008,W03,9,9,0
20260606,P008,W03,5,5,0
20260607,P008,W03,7,7,0
20260608,P008,W03,5,5,0
20260609,P008,W03,11,11,0
20260610,P008,W03,8,8,0
20260611,P008,W03,7,7,0
20260612,P008,W03,8,8,0
20260613,P008,W03,11,11,0
20260614,P008,W03,7,7,0
20260615,P008,W03,8,8,0
20260616,P008,W03,4,4,0
20260617,P008,W03,12,12,0
20260618,P008,W03,5,5,0
20260619,P008,W03,5,5,0
20260620,P008,W03,7,7,0
20260621,P008,W03,4,4,0
20260622,P008,W03,5,5,0
20260623,P008,W03,7,7,0
20260624,P008,W03,9,9,0
20260625,P008,W03,6,6,0
20260626,P008,W03,5,5,0
20260627,P008,W03,8,8,0
20260628,P008,W03,6,6,0
20260629,P008,W03,8,8,0
20260630,P008,W03,12,12,0
20260701,P008,W03,8,8,0
20260702,P008,W03,6,6,0
20260703,P008,W03,7,7,0
20260704,P008,W03,10,10,0
20260705,P008,W03,7,7,0
20260706,P008,W03,10,10,0
20260707,P008,W03,8,8,0
20260708,P008,W03,7,7,0
20260709,P008,W03,16,16,0
20260710,P008,W03,10,10,0
20260711,P008,W03,10,10,0
20260712,P008,W03,6,6,0
20260713,P008,W03,8,8,0
20260714,P008,W03,8,8,0
20260715,P008,W03,17,17,0
20260716,P008,W03,14,14,0
20260717,P008,W03,17,17,0
20260718,P008,W03,9,9,0
20260719,P008,W03,3,3,0
20260720,P008,W03,6,6,0
20260721,P008,W03,9,9,0
20260722,P008,W03,11,11,0
20260723,P008,W03,9,9,0
20260724,P008,W03,7,7,0
20260725,P008,W03,7,7,0
20260726,P008,W03,5,5,0
20260727,P008,W03,9,9,0
20260728,P008,W03,10,10,0
20260729,P008,W03,11,11,0
20260730,P008,W03,9,9,0
20260731,P008,W03,11,11,0
20260801,P008,W03,7,7,0
20260802,P008,W03,4,4,0
20260803,P008,W03,9,9,0
20260804,P008,W03,11,11,0
20260805,P008,W03,6,6,0
20260806,P008,W03,11,11,0
20260807,P008,W03,9,9,0
20260808,P008,W03,15,15,0
20260809,P008,W03,3,3,0
20260810,P008,W03,12,12,0
20260811,P008,W03,9,9,0
20260812,P008,W03,8,8,0
20260813,P008,W03,11,11,0
20260814,P008,W03,13,13,0
20260815,P008,W03,15,15,0
20260816,P008,W03,6,6,0
20260817,P008,W03,11,11,0
20260818,P008,W03,11,11,0
20260819,P008,W03,9,9,0
20260820,P008,W03,9,9,0
20260821,P008,W03,10,10,0
20260822,P008,W03,7,7,0
20260823,P008,W03,2,2,0
20260824,P008,W03,12,12,0
20260825,P008,W03,12,12,0
20260826,P008,W03,8,8,0
20260827,P008,W03,7,7,0
20260828,P008,W03,11,11,0
20260829,P008,W03,6,6,0
20260830,P008,W03,7,7,0
20260831,P008,W03,7,7,0
20260901,P008,W03,8,8,0
20260902,P008,W03,16,16,0
20260903,P008,W03,10,10,0
20260904,P008,W03,14,14,0
20260905,P008,W03,13,13,0
20260906,P008,W03,6,6,0
20260907,P008,W03,11,11,0
20260908,P008,W03,4,4,0
20260909,P008,W03,11,11,0
20260910,P008,W03,3,3,0
20260911,P008,W03,16,16,0
20260912,P008,W03,13,13,0
20260913,P008,W03,8,8,0
20260914,P008,W03,5,5,0
20260915,P008,W03,6,6,0
20260916,P008,W03,6,6,0
20260917,P008,W03,11,11,0
20260918,P008,W03,8,8,0
20260919,P008,W03,13,13,0
20260920,P008,W03,5,5,0
20260921,P008,W03,15,15,0
20260922,P008,W03,12,12,0
20260923,P008,W03,8,8,0
20260924,P008,W03,10,10,0
20260925,P008,W03,12,12,0
20260926,P008,W03,16,16,0
20260927,P008,W03,9,9,0
20260928,P008,W03,15,15,0
20260929,P008,W03,9,9,0
20260930,P008,W03,6,6,0
20251001,P008,W04,8,8,0
20251002,P008,W04,16,16,0
20251003,P008,W04,11,11,0
20251004,P008,W04,8,8,0
20251005,P008,W04,7,7,0
20251006,P008,W04,8,8,0
20251007,P008,W04,10,10,0
20251008,P008,W04,9,9,0
20251009,P008,W04,10,10,0
20251010,P008,W04,10,10,0
20251011,P008,W04,9,9,0
20251012,P008,W04,6,6,0
20251013,P008,W04,8,8,0
20251014,P008,W04,10,10,0
20251015,P008,W04,7,7,0
20251016,P008,W04,11,11,0
20251017,P008,W04,11,11,0
20251018,P008,W04,13,13,0
20251019,P008,W04,8,8,0
20251020,P008,W04,10,10,0
20251021,P008,W04,9,9,0
20251022,P008,W04,6,6,0
20251023,P008,W04,11,11,0
20251024,P008,W04,10,10,0
20251025,P008,W04,13,13,0
20251026,P008,W04,9,9,0
20251027,P008,W04,8,8,0
20251028,P008,W04,8,8,0
20251029,P008,W04,6,6,0
20251030,P008,W04,7,7,0
20251031,P008,W04,6,6,0
20251101,P008,W04,11,11,0
20251102,P008,W04,3,3,0
20251103,P008,W04,16,3,13
20251104,P008,W04,6,0,6
20251105,P008,W04,11,0,11
20251106,P008,W04,10,0,10
20251107,P008,W04,19,0,19
20251108,P008,W04,9,0,9
20251109,P008,W04,9,0,9
20251110,P008,W04,4,0,4
20251111,P008,W04,11,0,11
20251112,P008,W04,4,0,4
20251113,P008,W04,11,0,11
20251114,P008,W04,11,0,11
20251115,P008,W04,18,0,18
20251116,P008,W04,13,0,13
20251117,P008,W04,11,11,0
20251118,P008,W04,14,14,0
20251119,P008,W04,15,15,0
20251120,P008,W04,10,10,0
20251121,P008,W04,15,15,0
20251122,P008,W04,7,7,0
20251123,P008,W04,7,7,0
20251124,P008,W04,13,13,0
20251125,P008,W04,16,16,0
20251126,P008,W04,15,15,0
20251127,P008,W04,7,7,0
20251128,P008,W04,9,9,0
20251129,P008,W04,10,10,0
20251130,P008,W04,3,3,0
20251201,P008,W04,13,13,0
20251202,P008,W04,12,12,0
20251203,P008,W04,15,15,0
20251204,P008,W04,25,25,0
20251205,P008,W04,16,16,0
20251206,P008,W04,11,11,0
20251207,P008,W04,7,7,0
20251208,P008,W04,13,9,4
20251209,P008,W04,13,0,13
20251210,P008,W04,7,0,7
20251211,P008,W04,15,0,15
20251212,P008,W04,14,0,14
20251213,P008,W04,13,0,13
20251214,P008,W04,7,0,7
20251215,P008,W04,19,0,19
20251216,P008,W04,13,2,11
20251217,P008,W04,8,0,8
20251218,P008,W04,10,0,10
20251219,P008,W04,15,15,0
20251220,P008,W04,13,13,0
20251221,P008,W04,13,13,0
20251222,P008,W04,16,16,0
20251223,P008,W04,14,14,0
20251224,P008,W04,12,12,0
20251225,P008,W04,9,9,0
20251226,P008,W04,9,9,0
20251227,P008,W04,15,15,0
20251228,P008,W04,6,6,0
20251229,P008,W04,16,16,0
20251230,P008,W04,9,9,0
20251231,P008,W04,6,6,0
20260101,P008,W04,11,11,0
20260102,P008,W04,5,5,0
20260103,P008,W04,11,11,0
20260104,P008,W04,8,8,0
20260105,P008,W04,22,22,0
20260106,P008,W04,8,8,0
20260107,P008,W04,16,16,0
20260108,P008,W04,9,9,0
20260109,P008,W04,7,7,0
20260110,P008,W04,20,10,10
20260111,P008,W04,8,0,8
20260112,P008,W04,19,0,19
20260113,P008,W04,8,0,8
20260114,P008,W04,16,16,0
20260115,P008,W04,7,7,0
20260116,P008,W04,17,17,0
20260117,P008,W04,15,15,0
20260118,P008,W04,7,7,0
20260119,P008,W04,19,19,0
20260120,P008,W04,12,12,0
20260121,P008,W04,11,11,0
20260122,P008,W04,13,13,0
20260123,P008,W04,18,18,0
20260124,P008,W04,7,7,0
20260125,P008,W04,6,6,0
20260126,P008,W04,7,7,0
20260127,P008,W04,11,11,0
20260128,P008,W04,14,14,0
20260129,P008,W04,14,14,0
20260130,P008,W04,9,9,0
20260131,P008,W04,10,10,0
20260201,P008,W04,13,13,0
20260202,P008,W04,12,12,0
20260203,P008,W04,8,8,0
20260204,P008,W04,9,9,0
20260205,P008,W04,12,5,7
20260206,P008,W04,7,0,7
20260207,P008,W04,12,0,12
20260208,P008,W04,7,0,7
20260209,P008,W04,11,0,11
20260210,P008,W04,18,0,18
20260211,P008,W04,12,0,12
20260212,P008,W04,15,0,15
20260213,P008,W04,16,16,0
20260214,P008,W04,10,10,0
20260215,P008,W04,11,11,0
20260216,P008,W04,8,8,0
20260217,P008,W04,2,2,0
20260218,P008,W04,12,12,0
20260219,P008,W04,12,12,0
20260220,P008,W04,16,16,0
20260221,P008,W04,8,8,0
20260222,P008,W04,9,9,0
20260223,P008,W04,7,7,0
20260224,P008,W04,12,12,0
20260225,P008,W04,14,14,0
20260226,P008,W04,9,9,0
20260227,P008,W04,15,15,0
20260228,P008,W04,15,15,0
20260301,P008,W04,5,5,0
20260302,P008,W04,10,10,0
20260303,P008,W04,13,13,0
20260304,P008,W04,7,7,0
20260305,P008,W04,4,4,0
20260306,P008,W04,14,14,0
20260307,P008,W04,12,12,0
20260308,P008,W04,8,8,0
20260309,P008,W04,7,7,0
20260310,P008,W04,9,4,5
20260311,P008,W04,9,0,9
20260312,P008,W04,8,0,8
20260313,P008,W04,4,0,4
20260314,P008,W04,5,0,5
20260315,P008,W04,6,6,0
20260316,P008,W04,11,11,0
20260317,P008,W04,10,10,0
20260318,P008,W04,16,16,0
20260319,P008,W04,7,7,0
20260320,P008,W04,13,13,0
20260321,P008,W04,8,8,0
20260322,P008,W04,7,7,0
20260323,P008,W04,12,12,0
20260324,P008,W04,10,10,0
20260325,P008,W04,4,4,0
20260326,P008,W04,7,7,0
20260327,P008,W04,8,8,0
20260328,P008,W04,13,13,0
20260329,P008,W04,5,5,0
20260330,P008,W04,6,6,0
20260331,P008,W04,7,7,0
20260401,P008,W04,9,9,0
20260402,P008,W04,12,12,0
20260403,P008,W04,10,10,0
20260404,P008,W04,6,6,0
20260405,P008,W04,4,4,0
20260406,P008,W04,4,4,0
20260407,P008,W04,6,6,0
20260408,P008,W04,7,7,0
20260409,P008,W04,10,10,0
20260410,P008,W04,6,6,0
20260411,P008,W04,15,15,0
20260412,P008,W04,3,3,0
20260413,P008,W04,13,13,0
20260414,P008,W04,3,3,0
20260415,P008,W04,11,8,3
20260416,P008,W04,10,0,10
20260417,P008,W04,15,15,0
20260418,P008,W04,5,5,0
20260419,P008,W04,4,4,0
20260420,P008,W04,5,5,0
20260421,P008,W04,5,5,0
20260422,P008,W04,8,8,0
20260423,P008,W04,8,8,0
20260424,P008,W04,7,7,0
20260425,P008,W04,11,11,0
20260426,P008,W04,6,6,0
20260427,P008,W04,9,9,0
20260428,P008,W04,6,6,0
20260429,P008,W04,8,8,0
20260430,P008,W04,5,5,0
20260501,P008,W04,5,5,0
20260502,P008,W04,13,13,0
20260503,P008,W04,5,5,0
20260504,P008,W04,4,4,0
20260505,P008,W04,8,8,0
20260506,P008,W04,5,5,0
20260507,P008,W04,7,7,0
20260508,P008,W04,7,7,0
20260509,P008,W04,5,5,0
20260510,P008,W04,8,8,0
20260511,P008,W04,8,8,0
20260512,P008,W04,9,9,0
20260513,P008,W04,8,8,0
20260514,P008,W04,8,8,0
20260515,P008,W04,6,6,0
20260516,P008,W04,4,4,0
20260517,P008,W04,0,0,0
20260518,P008,W04,13,13,0
20260519,P008,W04,9,9,0
20260520,P008,W04,11,11,0
20260521,P008,W04,10,10,0
20260522,P008,W04,8,8,0
20260523,P008,W04,5,5,0
20260524,P008,W04,7,1,6
20260525,P008,W04,7,0,7
20260526,P008,W04,12,0,12
20260527,P008,W04,3,0,3
20260528,P008,W04,6,0,6
20260529,P008,W04,8,0,8
20260530,P008,W04,5,0,5
20260531,P008,W04,6,0,6
20260601,P008,W04,7,7,0
20260602,P008,W04,4,4,0
20260603,P008,W04,5,5,0
20260604,P008,W04,3,3,0
20260605,P008,W04,10,10,0
20260606,P008,W04,8,8,0
20260607,P008,W04,4,4,0
20260608,P008,W04,6,6,0
20260609,P008,W04,6,6,0
20260610,P008,W04,11,11,0
20260611,P008,W04,6,6,0
20260612,P008,W04,8,8,0
20260613,P008,W04,4,4,0
20260614,P008,W04,4,4,0
20260615,P008,W04,9,9,0
20260616,P008,W04,14,14,0
20260617,P008,W04,8,8,0
20260618,P008,W04,3,3,0
20260619,P008,W04,6,6,0
20260620,P008,W04,10,10,0
20260621,P008,W04,5,5,0
20260622,P008,W04,5,5,0
20260623,P008,W04,6,6,0
20260624,P008,W04,6,6,0
20260625,P008,W04,8,8,0
20260626,P008,W04,5,5,0
20260627,P008,W04,2,2,0
20260628,P008,W04,6,6,0
20260629,P008,W04,10,10,0
20260630,P008,W04,8,8,0
20260701,P008,W04,7,7,0
20260702,P008,W04,8,8,0
20260703,P008,W04,9,9,0
20260704,P008,W04,7,7,0
20260705,P008,W04,2,2,0
20260706,P008,W04,2,2,0
20260707,P008,W04,9,9,0
20260708,P008,W04,13,13,0
20260709,P008,W04,5,5,0
20260710,P008,W04,12,12,0
20260711,P008,W04,5,5,0
20260712,P008,W04,10,10,0
20260713,P008,W04,9,9,0
20260714,P008,W04,3,3,0
20260715,P008,W04,6,6,0
20260716,P008,W04,9,9,0
20260717,P008,W04,8,8,0
20260718,P008,W04,8,8,0
20260719,P008,W04,2,2,0
20260720,P008,W04,7,7,0
20260721,P008,W04,7,7,0
20260722,P008,W04,9,9,0
20260723,P008,W04,9,9,0
20260724,P008,W04,7,7,0
20260725,P008,W04,7,7,0
20260726,P008,W04,1,1,0
20260727,P008,W04,8,8,0
20260728,P008,W04,7,7,0
20260729,P008,W04,4,4,0
20260730,P008,W04,7,7,0
20260731,P008,W04,7,7,0
20260801,P008,W04,10,10,0
20260802,P008,W04,2,2,0
20260803,P008,W04,12,12,0
20260804,P008,W04,7,7,0
20260805,P008,W04,10,10,0
20260806,P008,W04,5,5,0
20260807,P008,W04,8,8,0
20260808,P008,W04,10,10,0
20260809,P008,W04,6,6,0
20260810,P008,W04,8,8,0
20260811,P008,W04,12,12,0
20260812,P008,W04,8,8,0
20260813,P008,W04,6,6,0
20260814,P008,W04,7,5,2
20260815,P008,W04,15,15,0
20260816,P008,W04,0,0,0
20260817,P008,W04,9,9,0
20260818,P008,W04,5,5,0
20260819,P008,W04,7,7,0
20260820,P008,W04,15,15,0
20260821,P008,W04,8,8,0
20260822,P008,W04,8,8,0
20260823,P008,W04,3,3,0
20260824,P008,W04,10,10,0
20260825,P008,W04,12,12,0
20260826,P008,W04,5,5,0
20260827,P008,W04,9,9,0
20260828,P008,W04,9,9,0
20260829,P008,W04,6,6,0
20260830,P008,W04,2,2,0
20260831,P008,W04,8,8,0
20260901,P008,W04,5,5,0
20260902,P008,W04,6,6,0
20260903,P008,W04,5,5,0
20260904,P008,W04,9,9,0
20260905,P008,W04,6,6,0
20260906,P008,W04,6,6,0
20260907,P008,W04,14,14,0
20260908,P008,W04,7,7,0
20260909,P008,W04,9,9,0
20260910,P008,W04,8,8,0
20260911,P008,W04,9,9,0
20260912,P008,W04,6,6,0
20260913,P008,W04,6,6,0
20260914,P008,W04,13,13,0
20260915,P008,W04,6,6,0
20260916,P008,W04,8,8,0
20260917,P008,W04,8,8,0
20260918,P008,W04,16,16,0
20260919,P008,W04,11,11,0
20260920,P008,W04,3,3,0
20260921,P008,W04,10,10,0
20260922,P008,W04,7,7,0
20260923,P008,W04,8,8,0
20260924,P008,W04,14,14,0
20260925,P008,W04,9,9,0
20260926,P008,W04,10,10,0
20260927,P008,W04,6,6,0
20260928,P008,W04,8,8,0
20260929,P008,W04,5,5,0
20260930,P008,W04,12,12,0
20251001,P009,W01,29,29,0
20251002,P009,W01,34,34,0
20251003,P009,W01,33,33,0
20251004,P009,W01,37,37,0
20251005,P009,W01,19,19,0
20251006,P009,W01,22,22,0
20251007,P009,W01,28,28,0
20251008,P009,W01,27,27,0
20251009,P009,W01,39,39,0
20251010,P009,W01,32,32,0
20251011,P009,W01,34,34,0
20251012,P009,W01,19,19,0
20251013,P009,W01,30,30,0
20251014,P009,W01,34,34,0
20251015,P009,W01,25,25,0
20251016,P009,W01,19,19,0
20251017,P009,W01,34,34,0
20251018,P009,W01,32,32,0
20251019,P009,W01,23,23,0
20251020,P009,W01,28,28,0
20251021,P009,W01,33,33,0
20251022,P009,W01,27,27,0
20251023,P009,W01,34,34,0
20251024,P009,W01,31,31,0
20251025,P009,W01,26,26,0
20251026,P009,W01,23,23,0
20251027,P009,W01,30,30,0
20251028,P009,W01,24,24,0
20251029,P009,W01,41,41,0
20251030,P009,W01,36,36,0
20251031,P009,W01,34,34,0
20251101,P009,W01,23,23,0
20251102,P009,W01,26,26,0
20251103,P009,W01,25,25,0
20251104,P009,W01,35,35,0
20251105,P009,W01,36,36,0
20251106,P009,W01,28,28,0
20251107,P009,W01,36,36,0
20251108,P009,W01,32,32,0
20251109,P009,W01,24,24,0
20251110,P009,W01,25,25,0
20251111,P009,W01,34,34,0
20251112,P009,W01,29,29,0
20251113,P009,W01,26,26,0
20251114,P009,W01,32,32,0
20251115,P009,W01,24,24,0
20251116,P009,W01,18,18,0
20251117,P009,W01,29,29,0
20251118,P009,W01,31,31,0
20251119,P009,W01,29,29,0
20251120,P009,W01,23,23,0
20251121,P009,W01,39,39,0
20251122,P009,W01,29,29,0
20251123,P009,W01,28,28,0
20251124,P009,W01,33,33,0
20251125,P009,W01,33,33,0
20251126,P009,W01,27,27,0
20251127,P009,W01,29,29,0
20251128,P009,W01,40,40,0
20251129,P009,W01,34,34,0
20251130,P009,W01,20,20,0
20251201,P009,W01,23,23,0
20251202,P009,W01,34,34,0
20251203,P009,W01,34,34,0
20251204,P009,W01,28,28,0
20251205,P009,W01,37,37,0
20251206,P009,W01,40,40,0
20251207,P009,W01,23,23,0
20251208,P009,W01,27,27,0
20251209,P009,W01,23,23,0
20251210,P009,W01,28,28,0
20251211,P009,W01,28,28,0
20251212,P009,W01,41,41,0
20251213,P009,W01,31,31,0
20251214,P009,W01,24,24,0
20251215,P009,W01,41,41,0
20251216,P009,W01,36,36,0
20251217,P009,W01,26,26,0
20251218,P009,W01,40,40,0
20251219,P009,W01,31,31,0
20251220,P009,W01,32,32,0
20251221,P009,W01,22,22,0
20251222,P009,W01,29,29,0
20251223,P009,W01,33,33,0
20251224,P009,W01,37,37,0
20251225,P009,W01,32,32,0
20251226,P009,W01,35,35,0
20251227,P009,W01,38,38,0
20251228,P009,W01,24,24,0
20251229,P009,W01,28,28,0
20251230,P009,W01,30,30,0
20251231,P009,W01,24,24,0
20260101,P009,W01,28,28,0
20260102,P009,W01,34,34,0
20260103,P009,W01,32,32,0
20260104,P009,W01,18,18,0
20260105,P009,W01,38,38,0
20260106,P009,W01,45,45,0
20260107,P009,W01,36,36,0
20260108,P009,W01,22,22,0
20260109,P009,W01,27,27,0
20260110,P009,W01,35,35,0
20260111,P009,W01,23,23,0
20260112,P009,W01,29,29,0
20260113,P009,W01,28,28,0
20260114,P009,W01,38,38,0
20260115,P009,W01,32,32,0
20260116,P009,W01,35,35,0
20260117,P009,W01,26,26,0
20260118,P009,W01,22,22,0
20260119,P009,W01,40,40,0
20260120,P009,W01,21,21,0
20260121,P009,W01,35,35,0
20260122,P009,W01,29,29,0
20260123,P009,W01,29,29,0
20260124,P009,W01,36,36,0
20260125,P009,W01,25,25,0
20260126,P009,W01,44,44,0
20260127,P009,W01,42,42,0
20260128,P009,W01,40,40,0
20260129,P009,W01,39,39,0
20260130,P009,W01,46,46,0
20260131,P009,W01,34,34,0
20260201,P009,W01,20,20,0
20260202,P009,W01,34,34,0
20260203,P009,W01,24,24,0
20260204,P009,W01,39,39,0
20260205,P009,W01,26,26,0
20260206,P009,W01,24,24,0
20260207,P009,W01,41,41,0
20260208,P009,W01,21,21,0
20260209,P009,W01,40,40,0
20260210,P009,W01,31,31,0
20260211,P009,W01,31,31,0
20260212,P009,W01,39,39,0
20260213,P009,W01,38,38,0
20260214,P009,W01,39,39,0
20260215,P009,W01,19,19,0
20260216,P009,W01,27,27,0
20260217,P009,W01,30,30,0
20260218,P009,W01,29,29,0
20260219,P009,W01,41,41,0
20260220,P009,W01,36,36,0
20260221,P009,W01,33,33,0
20260222,P009,W01,29,29,0
20260223,P009,W01,40,40,0
20260224,P009,W01,39,39,0
20260225,P009,W01,41,41,0
20260226,P009,W01,29,29,0
20260227,P009,W01,37,37,0
20260228,P009,W01,26,26,0
20260301,P009,W01,19,19,0
20260302,P009,W01,28,28,0
20260303,P009,W01,28,28,0
20260304,P009,W01,31,31,0
20260305,P009,W01,28,28,0
20260306,P009,W01,41,41,0
20260307,P009,W01,35,35,0
20260308,P009,W01,21,21,0
20260309,P009,W01,43,43,0
20260310,P009,W01,34,34,0
20260311,P009,W01,34,34,0
20260312,P009,W01,31,31,0
20260313,P009,W01,37,37,0
20260314,P009,W01,37,37,0
20260315,P009,W01,23,23,0
20260316,P009,W01,29,29,0
20260317,P009,W01,32,32,0
20260318,P009,W01,40,40,0
20260319,P009,W01,37,37,0
20260320,P009,W01,38,38,0
20260321,P009,W01,38,38,0
20260322,P009,W01,21,21,0
20260323,P009,W01,38,38,0
20260324,P009,W01,38,38,0
20260325,P009,W01,37,37,0
20260326,P009,W01,28,28,0
20260327,P009,W01,36,36,0
20260328,P009,W01,42,42,0
20260329,P009,W01,20,20,0
20260330,P009,W01,36,36,0
20260331,P009,W01,33,33,0
20260401,P009,W01,26,26,0
20260402,P009,W01,29,29,0
20260403,P009,W01,36,36,0
20260404,P009,W01,30,30,0
20260405,P009,W01,31,31,0
20260406,P009,W01,37,37,0
20260407,P009,W01,28,28,0
20260408,P009,W01,27,27,0
20260409,P009,W01,20,20,0
20260410,P009,W01,40,40,0
20260411,P009,W01,37,37,0
20260412,P009,W01,22,22,0
20260413,P009,W01,30,30,0
20260414,P009,W01,40,40,0
20260415,P009,W01,21,21,0
20260416,P009,W01,36,36,0
20260417,P009,W01,34,34,0
20260418,P009,W01,27,27,0
20260419,P009,W01,21,21,0
20260420,P009,W01,43,43,0
20260421,P009,W01,31,31,0
20260422,P009,W01,25,25,0
20260423,P009,W01,33,33,0
20260424,P009,W01,39,39,0
20260425,P009,W01,40,40,0
20260426,P009,W01,20,20,0
20260427,P009,W01,27,27,0
20260428,P009,W01,34,34,0
20260429,P009,W01,40,40,0
20260430,P009,W01,33,33,0
20260501,P009,W01,31,31,0
20260502,P009,W01,28,28,0
20260503,P009,W01,31,31,0
20260504,P009,W01,40,40,0
20260505,P009,W01,36,36,0
20260506,P009,W01,36,36,0
20260507,P009,W01,41,41,0
20260508,P009,W01,29,29,0
20260509,P009,W01,39,39,0
20260510,P009,W01,16,16,0
20260511,P009,W01,34,34,0
20260512,P009,W01,37,37,0
20260513,P009,W01,27,27,0
20260514,P009,W01,32,32,0
20260515,P009,W01,46,46,0
20260516,P009,W01,41,41,0
20260517,P009,W01,18,18,0
20260518,P009,W01,40,40,0
20260519,P009,W01,31,31,0
20260520,P009,W01,36,36,0
20260521,P009,W01,24,24,0
20260522,P009,W01,33,33,0
20260523,P009,W01,31,31,0
20260524,P009,W01,26,26,0
20260525,P009,W01,25,25,0
20260526,P009,W01,29,29,0
20260527,P009,W01,33,33,0
20260528,P009,W01,34,34,0
20260529,P009,W01,35,35,0
20260530,P009,W01,44,44,0
20260531,P009,W01,13,13,0
20260601,P009,W01,42,42,0
20260602,P009,W01,35,35,0
20260603,P009,W01,23,23,0
20260604,P009,W01,24,24,0
20260605,P009,W01,33,33,0
20260606,P009,W01,39,39,0
20260607,P009,W01,19,19,0
20260608,P009,W01,29,29,0
20260609,P009,W01,38,38,0
20260610,P009,W01,25,25,0
20260611,P009,W01,43,43,0
20260612,P009,W01,40,40,0
20260613,P009,W01,41,41,0
20260614,P009,W01,31,31,0
20260615,P009,W01,37,37,0
20260616,P009,W01,27,27,0
20260617,P009,W01,35,35,0
20260618,P009,W01,34,34,0
20260619,P009,W01,35,35,0
20260620,P009,W01,27,27,0
20260621,P009,W01,16,16,0
20260622,P009,W01,39,39,0
20260623,P009,W01,34,34,0
20260624,P009,W01,35,35,0
20260625,P009,W01,34,34,0
20260626,P009,W01,28,28,0
20260627,P009,W01,34,34,0
20260628,P009,W01,22,22,0
20260629,P009,W01,32,32,0
20260630,P009,W01,32,32,0
20260701,P009,W01,36,36,0
20260702,P009,W01,32,32,0
20260703,P009,W01,36,36,0
20260704,P009,W01,23,23,0
20260705,P009,W01,21,21,0
20260706,P009,W01,29,29,0
20260707,P009,W01,39,39,0
20260708,P009,W01,30,30,0
20260709,P009,W01,35,35,0
20260710,P009,W01,33,33,0
20260711,P009,W01,35,35,0
20260712,P009,W01,21,21,0
20260713,P009,W01,32,32,0
20260714,P009,W01,28,28,0
20260715,P009,W01,34,34,0
20260716,P009,W01,31,31,0
20260717,P009,W01,33,33,0
20260718,P009,W01,27,27,0
20260719,P009,W01,15,15,0
20260720,P009,W01,35,35,0
20260721,P009,W01,42,42,0
20260722,P009,W01,31,31,0
20260723,P009,W01,33,33,0
20260724,P009,W01,34,34,0
20260725,P009,W01,27,27,0
20260726,P009,W01,21,21,0
20260727,P009,W01,23,23,0
20260728,P009,W01,35,35,0
20260729,P009,W01,36,36,0
20260730,P009,W01,33,33,0
20260731,P009,W01,39,39,0
20260801,P009,W01,37,37,0
20260802,P009,W01,18,18,0
20260803,P009,W01,33,33,0
20260804,P009,W01,35,35,0
20260805,P009,W01,44,44,0
20260806,P009,W01,27,27,0
20260807,P009,W01,34,34,0
20260808,P009,W01,36,36,0
20260809,P009,W01,21,21,0
20260810,P009,W01,28,28,0
20260811,P009,W01,36,36,0
20260812,P009,W01,34,34,0
20260813,P009,W01,18,18,0
20260814,P009,W01,30,30,0
20260815,P009,W01,41,41,0
20260816,P009,W01,17,17,0
20260817,P009,W01,29,29,0
20260818,P009,W01,28,28,0
20260819,P009,W01,30,30,0
20260820,P009,W01,39,39,0
20260821,P009,W01,34,34,0
20260822,P009,W01,38,38,0
20260823,P009,W01,21,21,0
20260824,P009,W01,34,34,0
20260825,P009,W01,36,36,0
20260826,P009,W01,28,28,0
20260827,P009,W01,27,27,0
20260828,P009,W01,32,32,0
20260829,P009,W01,25,25,0
20260830,P009,W01,19,19,0
20260831,P009,W01,29,29,0
20260901,P009,W01,28,28,0
20260902,P009,W01,29,29,0
20260903,P009,W01,29,29,0
20260904,P009,W01,34,34,0
20260905,P009,W01,26,26,0
20260906,P009,W01,22,22,0
20260907,P009,W01,30,30,0
20260908,P009,W01,29,29,0
20260909,P009,W01,35,35,0
20260910,P009,W01,40,40,0
20260911,P009,W01,40,40,0
20260912,P009,W01,29,29,0
20260913,P009,W01,17,17,0
20260914,P009,W01,35,35,0
20260915,P009,W01,33,33,0
20260916,P009,W01,26,26,0
20260917,P009,W01,33,33,0
20260918,P009,W01,35,35,0
20260919,P009,W01,36,36,0
20260920,P009,W01,15,15,0
20260921,P009,W01,30,30,0
20260922,P009,W01,26,26,0
20260923,P009,W01,39,39,0
20260924,P009,W01,25,25,0
20260925,P009,W01,44,44,0
20260926,P009,W01,34,34,0
20260927,P009,W01,22,22,0
20260928,P009,W01,30,30,0
20260929,P009,W01,22,22,0
20260930,P009,W01,34,34,0
20251001,P009,W02,30,30,0
20251002,P009,W02,35,35,0
20251003,P009,W02,30,30,0
20251004,P009,W02,29,29,0
20251005,P009,W02,22,22,0
20251006,P009,W02,32,32,0
20251007,P009,W02,33,33,0
20251008,P009,W02,37,37,0
20251009,P009,W02,33,33,0
20251010,P009,W02,31,31,0
20251011,P009,W02,39,39,0
20251012,P009,W02,24,24,0
20251013,P009,W02,37,37,0
20251014,P009,W02,37,37,0
20251015,P009,W02,31,31,0
20251016,P009,W02,37,37,0
20251017,P009,W02,42,42,0
20251018,P009,W02,27,27,0
20251019,P009,W02,20,20,0
20251020,P009,W02,25,25,0
20251021,P009,W02,37,37,0
20251022,P009,W02,38,38,0
20251023,P009,W02,38,38,0
20251024,P009,W02,29,29,0
20251025,P009,W02,39,39,0
20251026,P009,W02,16,16,0
20251027,P009,W02,38,38,0
20251028,P009,W02,28,28,0
20251029,P009,W02,39,39,0
20251030,P009,W02,23,23,0
20251031,P009,W02,42,42,0
20251101,P009,W02,42,42,0
20251102,P009,W02,14,14,0
20251103,P009,W02,29,29,0
20251104,P009,W02,43,43,0
20251105,P009,W02,44,44,0
20251106,P009,W02,34,34,0
20251107,P009,W02,29,29,0
20251108,P009,W02,28,28,0
20251109,P009,W02,25,25,0
20251110,P009,W02,38,38,0
20251111,P009,W02,31,31,0
20251112,P009,W02,27,27,0
20251113,P009,W02,29,29,0
20251114,P009,W02,39,39,0
20251115,P009,W02,32,32,0
20251116,P009,W02,21,21,0
20251117,P009,W02,35,35,0
20251118,P009,W02,35,35,0
20251119,P009,W02,29,29,0
20251120,P009,W02,33,33,0
20251121,P009,W02,35,35,0
20251122,P009,W02,38,38,0
20251123,P009,W02,18,18,0
20251124,P009,W02,32,32,0
20251125,P009,W02,31,31,0
20251126,P009,W02,34,34,0
20251127,P009,W02,26,26,0
20251128,P009,W02,35,35,0
20251129,P009,W02,24,24,0
20251130,P009,W02,20,20,0
20251201,P009,W02,51,51,0
20251202,P009,W02,25,25,0
20251203,P009,W02,39,39,0
20251204,P009,W02,39,39,0
20251205,P009,W02,33,33,0
20251206,P009,W02,22,22,0
20251207,P009,W02,31,31,0
20251208,P009,W02,34,34,0
20251209,P009,W02,40,40,0
20251210,P009,W02,34,34,0
20251211,P009,W02,33,33,0
20251212,P009,W02,33,33,0
20251213,P009,W02,32,32,0
20251214,P009,W02,30,30,0
20251215,P009,W02,52,52,0
20251216,P009,W02,40,40,0
20251217,P009,W02,28,28,0
20251218,P009,W02,37,37,0
20251219,P009,W02,28,28,0
20251220,P009,W02,34,34,0
20251221,P009,W02,19,19,0
20251222,P009,W02,26,26,0
20251223,P009,W02,33,33,0
20251224,P009,W02,40,40,0
20251225,P009,W02,29,29,0
20251226,P009,W02,40,40,0
20251227,P009,W02,35,35,0
20251228,P009,W02,26,26,0
20251229,P009,W02,33,33,0
20251230,P009,W02,32,32,0
20251231,P009,W02,36,36,0
20260101,P009,W02,30,30,0
20260102,P009,W02,42,42,0
20260103,P009,W02,46,46,0
20260104,P009,W02,21,21,0
20260105,P009,W02,41,41,0
20260106,P009,W02,41,41,0
20260107,P009,W02,42,42,0
20260108,P009,W02,38,38,0
20260109,P009,W02,43,43,0
20260110,P009,W02,43,43,0
20260111,P009,W02,24,24,0
20260112,P009,W02,41,41,0
20260113,P009,W02,37,37,0
20260114,P009,W02,37,37,0
20260115,P009,W02,42,42,0
20260116,P009,W02,39,39,0
20260117,P009,W02,39,39,0
20260118,P009,W02,27,27,0
20260119,P009,W02,35,35,0
20260120,P009,W02,30,30,0
20260121,P009,W02,27,27,0
20260122,P009,W02,33,33,0
20260123,P009,W02,31,31,0
20260124,P009,W02,34,34,0
20260125,P009,W02,18,18,0
20260126,P009,W02,37,37,0
20260127,P009,W02,36,36,0
20260128,P009,W02,45,45,0
20260129,P009,W02,43,43,0
20260130,P009,W02,27,27,0
20260131,P009,W02,37,37,0
20260201,P009,W02,21,21,0
20260202,P009,W02,38,38,0
20260203,P009,W02,44,44,0
20260204,P009,W02,40,40,0
20260205,P009,W02,34,34,0
20260206,P009,W02,25,25,0
20260207,P009,W02,41,41,0
20260208,P009,W02,22,22,0
20260209,P009,W02,39,39,0
20260210,P009,W02,23,23,0
20260211,P009,W02,42,42,0
20260212,P009,W02,29,29,0
20260213,P009,W02,45,45,0
20260214,P009,W02,33,33,0
20260215,P009,W02,21,21,0
20260216,P009,W02,43,43,0
20260217,P009,W02,36,36,0
20260218,P009,W02,36,36,0
20260219,P009,W02,42,42,0
20260220,P009,W02,43,43,0
20260221,P009,W02,51,51,0
20260222,P009,W02,20,20,0
20260223,P009,W02,28,28,0
20260224,P009,W02,36,36,0
20260225,P009,W02,41,41,0
20260226,P009,W02,31,31,0
20260227,P009,W02,33,33,0
20260228,P009,W02,43,43,0
20260301,P009,W02,13,13,0
20260302,P009,W02,48,48,0
20260303,P009,W02,32,32,0
20260304,P009,W02,36,36,0
20260305,P009,W02,40,40,0
20260306,P009,W02,49,49,0
20260307,P009,W02,37,37,0
20260308,P009,W02,29,29,0
20260309,P009,W02,41,41,0
20260310,P009,W02,35,35,0
20260311,P009,W02,43,43,0
20260312,P009,W02,35,35,0
20260313,P009,W02,46,46,0
20260314,P009,W02,46,46,0
20260315,P009,W02,29,29,0
20260316,P009,W02,51,51,0
20260317,P009,W02,30,30,0
20260318,P009,W02,37,37,0
20260319,P009,W02,37,37,0
20260320,P009,W02,42,42,0
20260321,P009,W02,44,44,0
20260322,P009,W02,29,29,0
20260323,P009,W02,34,34,0
20260324,P009,W02,35,35,0
20260325,P009,W02,45,45,0
20260326,P009,W02,40,40,0
20260327,P009,W02,51,51,0
20260328,P009,W02,35,35,0
20260329,P009,W02,14,14,0
20260330,P009,W02,32,32,0
20260331,P009,W02,33,33,0
20260401,P009,W02,46,46,0
20260402,P009,W02,26,26,0
20260403,P009,W02,34,34,0
20260404,P009,W02,51,46,5
20260405,P009,W02,14,0,14
20260406,P009,W02,36,0,36
20260407,P009,W02,43,0,43
20260408,P009,W02,29,0,29
20260409,P009,W02,31,0,31
20260410,P009,W02,43,0,43
20260411,P009,W02,41,41,0
20260412,P009,W02,16,16,0
20260413,P009,W02,38,38,0
20260414,P009,W02,33,33,0
20260415,P009,W02,32,32,0
20260416,P009,W02,41,41,0
20260417,P009,W02,42,42,0
20260418,P009,W02,35,35,0
20260419,P009,W02,25,25,0
20260420,P009,W02,43,43,0
20260421,P009,W02,43,43,0
20260422,P009,W02,49,49,0
20260423,P009,W02,29,29,0
20260424,P009,W02,37,37,0
20260425,P009,W02,43,43,0
20260426,P009,W02,24,24,0
20260427,P009,W02,41,41,0
20260428,P009,W02,32,32,0
20260429,P009,W02,47,47,0
20260430,P009,W02,33,33,0
20260501,P009,W02,35,35,0
20260502,P009,W02,35,35,0
20260503,P009,W02,33,33,0
20260504,P009,W02,50,50,0
20260505,P009,W02,32,32,0
20260506,P009,W02,30,30,0
20260507,P009,W02,47,47,0
20260508,P009,W02,32,32,0
20260509,P009,W02,41,41,0
20260510,P009,W02,26,26,0
20260511,P009,W02,36,36,0
20260512,P009,W02,35,35,0
20260513,P009,W02,43,43,0
20260514,P009,W02,35,35,0
20260515,P009,W02,33,33,0
20260516,P009,W02,36,36,0
20260517,P009,W02,18,18,0
20260518,P009,W02,34,34,0
20260519,P009,W02,36,36,0
20260520,P009,W02,25,25,0
20260521,P009,W02,32,32,0
20260522,P009,W02,39,39,0
20260523,P009,W02,34,34,0
20260524,P009,W02,26,26,0
20260525,P009,W02,55,55,0
20260526,P009,W02,39,39,0
20260527,P009,W02,40,40,0
20260528,P009,W02,41,41,0
20260529,P009,W02,30,30,0
20260530,P009,W02,33,33,0
20260531,P009,W02,20,20,0
20260601,P009,W02,35,35,0
20260602,P009,W02,52,52,0
20260603,P009,W02,46,46,0
20260604,P009,W02,31,31,0
20260605,P009,W02,35,35,0
20260606,P009,W02,47,47,0
20260607,P009,W02,25,25,0
20260608,P009,W02,37,37,0
20260609,P009,W02,42,42,0
20260610,P009,W02,28,28,0
20260611,P009,W02,34,34,0
20260612,P009,W02,36,36,0
20260613,P009,W02,37,37,0
20260614,P009,W02,23,23,0
20260615,P009,W02,38,38,0
20260616,P009,W02,35,35,0
20260617,P009,W02,31,31,0
20260618,P009,W02,46,46,0
20260619,P009,W02,33,33,0
20260620,P009,W02,33,33,0
20260621,P009,W02,24,24,0
20260622,P009,W02,27,27,0
20260623,P009,W02,44,44,0
20260624,P009,W02,36,36,0
20260625,P009,W02,26,26,0
20260626,P009,W02,53,53,0
20260627,P009,W02,27,27,0
20260628,P009,W02,24,24,0
20260629,P009,W02,35,35,0
20260630,P009,W02,43,43,0
20260701,P009,W02,32,32,0
20260702,P009,W02,35,35,0
20260703,P009,W02,51,51,0
20260704,P009,W02,35,35,0
20260705,P009,W02,21,21,0
20260706,P009,W02,44,44,0
20260707,P009,W02,28,28,0
20260708,P009,W02,32,32,0
20260709,P009,W02,32,32,0
20260710,P009,W02,30,30,0
20260711,P009,W02,38,38,0
20260712,P009,W02,28,28,0
20260713,P009,W02,37,37,0
20260714,P009,W02,32,32,0
20260715,P009,W02,34,34,0
20260716,P009,W02,31,31,0
20260717,P009,W02,32,32,0
20260718,P009,W02,33,33,0
20260719,P009,W02,18,18,0
20260720,P009,W02,38,38,0
20260721,P009,W02,38,38,0
20260722,P009,W02,29,29,0
20260723,P009,W02,31,31,0
20260724,P009,W02,31,31,0
20260725,P009,W02,34,34,0
20260726,P009,W02,18,18,0
20260727,P009,W02,36,36,0
20260728,P009,W02,35,35,0
20260729,P009,W02,20,20,0
20260730,P009,W02,40,40,0
20260731,P009,W02,31,31,0
20260801,P009,W02,35,35,0
20260802,P009,W02,27,27,0
20260803,P009,W02,45,45,0
20260804,P009,W02,37,37,0
20260805,P009,W02,41,41,0
20260806,P009,W02,30,30,0
20260807,P009,W02,41,41,0
20260808,P009,W02,34,34,0
20260809,P009,W02,19,19,0
20260810,P009,W02,35,35,0
20260811,P009,W02,40,40,0
20260812,P009,W02,36,36,0
20260813,P009,W02,35,35,0
20260814,P009,W02,39,39,0
20260815,P009,W02,42,42,0
20260816,P009,W02,21,21,0
20260817,P009,W02,33,33,0
20260818,P009,W02,38,38,0
20260819,P009,W02,29,29,0
20260820,P009,W02,30,30,0
20260821,P009,W02,30,30,0
20260822,P009,W02,35,35,0
20260823,P009,W02,26,26,0
20260824,P009,W02,29,29,0
20260825,P009,W02,30,30,0
20260826,P009,W02,30,30,0
20260827,P009,W02,35,35,0
20260828,P009,W02,41,41,0
20260829,P009,W02,38,38,0
20260830,P009,W02,21,21,0
20260831,P009,W02,33,33,0
20260901,P009,W02,35,35,0
20260902,P009,W02,32,32,0
20260903,P009,W02,43,43,0
20260904,P009,W02,39,39,0
20260905,P009,W02,40,40,0
20260906,P009,W02,20,20,0
20260907,P009,W02,31,31,0
20260908,P009,W02,42,42,0
20260909,P009,W02,28,28,0
20260910,P009,W02,36,36,0
20260911,P009,W02,34,34,0
20260912,P009,W02,41,41,0
20260913,P009,W02,25,25,0
20260914,P009,W02,41,41,0
20260915,P009,W02,29,29,0
20260916,P009,W02,26,26,0
20260917,P009,W02,31,31,0
20260918,P009,W02,33,33,0
20260919,P009,W02,28,28,0
20260920,P009,W02,27,27,0
20260921,P009,W02,30,30,0
20260922,P009,W02,32,32,0
20260923,P009,W02,37,37,0
20260924,P009,W02,32,32,0
20260925,P009,W02,36,36,0
20260926,P009,W02,36,36,0
20260927,P009,W02,24,24,0
20260928,P009,W02,34,34,0
20260929,P009,W02,37,37,0
20260930,P009,W02,28,28,0
20251001,P009,W03,35,35,0
20251002,P009,W03,21,21,0
20251003,P009,W03,33,33,0
20251004,P009,W03,30,30,0
20251005,P009,W03,17,17,0
20251006,P009,W03,25,25,0
20251007,P009,W03,28,28,0
20251008,P009,W03,30,30,0
20251009,P009,W03,18,18,0
20251010,P009,W03,24,24,0
20251011,P009,W03,31,31,0
20251012,P009,W03,14,14,0
20251013,P009,W03,19,19,0
20251014,P009,W03,30,30,0
20251015,P009,W03,23,23,0
20251016,P009,W03,29,29,0
20251017,P009,W03,30,30,0
20251018,P009,W03,33,33,0
20251019,P009,W03,21,21,0
20251020,P009,W03,25,25,0
20251021,P009,W03,20,20,0
20251022,P009,W03,19,19,0
20251023,P009,W03,28,28,0
20251024,P009,W03,30,30,0
20251025,P009,W03,26,26,0
20251026,P009,W03,20,20,0
20251027,P009,W03,23,23,0
20251028,P009,W03,31,31,0
20251029,P009,W03,22,22,0
20251030,P009,W03,25,25,0
20251031,P009,W03,32,32,0
20251101,P009,W03,28,28,0
20251102,P009,W03,20,20,0
20251103,P009,W03,22,22,0
20251104,P009,W03,31,31,0
20251105,P009,W03,23,23,0
20251106,P009,W03,38,38,0
20251107,P009,W03,26,26,0
20251108,P009,W03,22,22,0
20251109,P009,W03,12,12,0
20251110,P009,W03,37,37,0
20251111,P009,W03,20,20,0
20251112,P009,W03,38,38,0
20251113,P009,W03,30,30,0
20251114,P009,W03,31,31,0
20251115,P009,W03,23,23,0
20251116,P009,W03,18,18,0
20251117,P009,W03,22,22,0
20251118,P009,W03,21,21,0
20251119,P009,W03,23,23,0
20251120,P009,W03,32,32,0
20251121,P009,W03,29,29,0
20251122,P009,W03,23,23,0
20251123,P009,W03,30,30,0
20251124,P009,W03,26,26,0
20251125,P009,W03,28,28,0
20251126,P009,W03,32,32,0
20251127,P009,W03,27,27,0
20251128,P009,W03,36,36,0
20251129,P009,W03,25,25,0
20251130,P009,W03,15,15,0
20251201,P009,W03,31,31,0
20251202,P009,W03,19,19,0
20251203,P009,W03,21,21,0
20251204,P009,W03,26,26,0
20251205,P009,W03,30,30,0
20251206,P009,W03,26,26,0
20251207,P009,W03,19,19,0
20251208,P009,W03,40,40,0
20251209,P009,W03,32,32,0
20251210,P009,W03,24,24,0
20251211,P009,W03,24,24,0
20251212,P009,W03,31,31,0
20251213,P009,W03,31,31,0
20251214,P009,W03,14,14,0
20251215,P009,W03,31,31,0
20251216,P009,W03,30,30,0
20251217,P009,W03,28,28,0
20251218,P009,W03,34,34,0
20251219,P009,W03,38,38,0
20251220,P009,W03,27,27,0
20251221,P009,W03,20,20,0
20251222,P009,W03,24,24,0
20251223,P009,W03,27,27,0
20251224,P009,W03,25,25,0
20251225,P009,W03,28,28,0
20251226,P009,W03,33,33,0
20251227,P009,W03,29,29,0
20251228,P009,W03,15,15,0
20251229,P009,W03,21,21,0
20251230,P009,W03,33,33,0
20251231,P009,W03,35,35,0
20260101,P009,W03,25,25,0
20260102,P009,W03,39,39,0
20260103,P009,W03,42,42,0
20260104,P009,W03,25,25,0
20260105,P009,W03,28,28,0
20260106,P009,W03,27,27,0
20260107,P009,W03,25,25,0
20260108,P009,W03,19,19,0
20260109,P009,W03,23,23,0
20260110,P009,W03,30,30,0
20260111,P009,W03,22,22,0
20260112,P009,W03,41,41,0
20260113,P009,W03,29,29,0
20260114,P009,W03,24,24,0
20260115,P009,W03,24,24,0
20260116,P009,W03,33,33,0
20260117,P009,W03,39,39,0
20260118,P009,W03,16,16,0
20260119,P009,W03,36,36,0
20260120,P009,W03,26,26,0
20260121,P009,W03,26,26,0
20260122,P009,W03,23,23,0
20260123,P009,W03,27,27,0
20260124,P009,W03,26,26,0
20260125,P009,W03,15,15,0
20260126,P009,W03,27,27,0
20260127,P009,W03,36,36,0
20260128,P009,W03,21,21,0
20260129,P009,W03,35,35,0
20260130,P009,W03,26,26,0
20260131,P009,W03,33,33,0
20260201,P009,W03,16,16,0
20260202,P009,W03,28,28,0
20260203,P009,W03,36,36,0
20260204,P009,W03,22,22,0
20260205,P009,W03,18,18,0
20260206,P009,W03,33,33,0
20260207,P009,W03,41,41,0
20260208,P009,W03,16,16,0
20260209,P009,W03,26,26,0
20260210,P009,W03,24,24,0
20260211,P009,W03,31,31,0
20260212,P009,W03,31,31,0
20260213,P009,W03,23,23,0
20260214,P009,W03,41,41,0
20260215,P009,W03,18,18,0
20260216,P009,W03,27,27,0
20260217,P009,W03,25,25,0
20260218,P009,W03,27,27,0
20260219,P009,W03,20,20,0
20260220,P009,W03,39,39,0
20260221,P009,W03,29,29,0
20260222,P009,W03,15,15,0
20260223,P009,W03,25,25,0
20260224,P009,W03,32,32,0
20260225,P009,W03,31,31,0
20260226,P009,W03,22,22,0
20260227,P009,W03,24,24,0
20260228,P009,W03,28,28,0
20260301,P009,W03,24,24,0
20260302,P009,W03,39,39,0
20260303,P009,W03,32,32,0
20260304,P009,W03,22,22,0
20260305,P009,W03,19,19,0
20260306,P009,W03,25,25,0
20260307,P009,W03,29,29,0
20260308,P009,W03,26,26,0
20260309,P009,W03,24,24,0
20260310,P009,W03,28,28,0
20260311,P009,W03,32,32,0
20260312,P009,W03,34,34,0
20260313,P009,W03,28,28,0
20260314,P009,W03,30,30,0
20260315,P009,W03,23,23,0
20260316,P009,W03,25,25,0
20260317,P009,W03,23,23,0
20260318,P009,W03,24,24,0
20260319,P009,W03,37,37,0
20260320,P009,W03,28,28,0
20260321,P009,W03,26,26,0
20260322,P009,W03,16,16,0
20260323,P009,W03,25,25,0
20260324,P009,W03,20,20,0
20260325,P009,W03,18,18,0
20260326,P009,W03,28,28,0
20260327,P009,W03,35,35,0
20260328,P009,W03,36,36,0
20260329,P009,W03,14,14,0
20260330,P009,W03,23,23,0
20260331,P009,W03,25,25,0
20260401,P009,W03,30,30,0
20260402,P009,W03,33,33,0
20260403,P009,W03,26,26,0
20260404,P009,W03,29,29,0
20260405,P009,W03,17,17,0
20260406,P009,W03,27,27,0
20260407,P009,W03,35,35,0
20260408,P009,W03,32,32,0
20260409,P009,W03,32,32,0
20260410,P009,W03,27,27,0
20260411,P009,W03,35,35,0
20260412,P009,W03,27,27,0
20260413,P009,W03,34,34,0
20260414,P009,W03,43,43,0
20260415,P009,W03,28,28,0
20260416,P009,W03,22,22,0
20260417,P009,W03,32,32,0
20260418,P009,W03,41,41,0
20260419,P009,W03,17,17,0
20260420,P009,W03,25,25,0
20260421,P009,W03,22,22,0
20260422,P009,W03,22,22,0
20260423,P009,W03,33,33,0
20260424,P009,W03,28,28,0
20260425,P009,W03,35,35,0
20260426,P009,W03,18,18,0
20260427,P009,W03,30,30,0
20260428,P009,W03,26,26,0
20260429,P009,W03,38,38,0
20260430,P009,W03,31,31,0
20260501,P009,W03,40,40,0
20260502,P009,W03,32,32,0
20260503,P009,W03,13,13,0
20260504,P009,W03,29,29,0
20260505,P009,W03,22,22,0
20260506,P009,W03,26,26,0
20260507,P009,W03,27,27,0
20260508,P009,W03,32,32,0
20260509,P009,W03,33,33,0
20260510,P009,W03,23,23,0
20260511,P009,W03,26,26,0
20260512,P009,W03,27,27,0
20260513,P009,W03,32,32,0
20260514,P009,W03,27,27,0
20260515,P009,W03,29,29,0
20260516,P009,W03,43,43,0
20260517,P009,W03,15,15,0
20260518,P009,W03,28,28,0
20260519,P009,W03,18,18,0
20260520,P009,W03,24,24,0
20260521,P009,W03,32,32,0
20260522,P009,W03,22,22,0
20260523,P009,W03,24,24,0
20260524,P009,W03,16,16,0
20260525,P009,W03,28,28,0
20260526,P009,W03,32,32,0
20260527,P009,W03,33,33,0
20260528,P009,W03,34,34,0
20260529,P009,W03,36,36,0
20260530,P009,W03,26,26,0
20260531,P009,W03,17,17,0
20260601,P009,W03,42,42,0
20260602,P009,W03,23,23,0
20260603,P009,W03,26,26,0
20260604,P009,W03,25,25,0
20260605,P009,W03,24,24,0
20260606,P009,W03,33,33,0
20260607,P009,W03,19,19,0
20260608,P009,W03,30,30,0
20260609,P009,W03,26,26,0
20260610,P009,W03,25,25,0
20260611,P009,W03,33,33,0
20260612,P009,W03,25,25,0
20260613,P009,W03,26,26,0
20260614,P009,W03,24,24,0
20260615,P009,W03,27,27,0
20260616,P009,W03,36,36,0
20260617,P009,W03,26,26,0
20260618,P009,W03,23,23,0
20260619,P009,W03,36,36,0
20260620,P009,W03,28,28,0
20260621,P009,W03,28,28,0
20260622,P009,W03,36,36,0
20260623,P009,W03,29,29,0
20260624,P009,W03,25,25,0
20260625,P009,W03,27,27,0
20260626,P009,W03,31,31,0
20260627,P009,W03,24,24,0
20260628,P009,W03,23,23,0
20260629,P009,W03,27,27,0
20260630,P009,W03,29,29,0
20260701,P009,W03,20,20,0
20260702,P009,W03,26,26,0
20260703,P009,W03,23,23,0
20260704,P009,W03,19,19,0
20260705,P009,W03,18,18,0
20260706,P009,W03,31,31,0
20260707,P009,W03,25,25,0
20260708,P009,W03,37,37,0
20260709,P009,W03,33,33,0
20260710,P009,W03,35,35,0
20260711,P009,W03,21,21,0
20260712,P009,W03,13,13,0
20260713,P009,W03,31,31,0
20260714,P009,W03,27,27,0
20260715,P009,W03,25,25,0
20260716,P009,W03,25,25,0
20260717,P009,W03,29,29,0
20260718,P009,W03,38,38,0
20260719,P009,W03,17,17,0
20260720,P009,W03,31,31,0
20260721,P009,W03,25,25,0
20260722,P009,W03,27,27,0
20260723,P009,W03,29,29,0
20260724,P009,W03,27,27,0
20260725,P009,W03,23,23,0
20260726,P009,W03,14,14,0
20260727,P009,W03,28,28,0
20260728,P009,W03,29,29,0
20260729,P009,W03,31,31,0
20260730,P009,W03,26,26,0
20260731,P009,W03,33,33,0
20260801,P009,W03,38,38,0
20260802,P009,W03,20,20,0
20260803,P009,W03,27,27,0
20260804,P009,W03,21,21,0
20260805,P009,W03,23,23,0
20260806,P009,W03,24,24,0
20260807,P009,W03,33,33,0
20260808,P009,W03,30,30,0
20260809,P009,W03,22,22,0
20260810,P009,W03,27,27,0
20260811,P009,W03,16,16,0
20260812,P009,W03,33,33,0
20260813,P009,W03,25,25,0
20260814,P009,W03,27,27,0
20260815,P009,W03,32,32,0
20260816,P009,W03,14,14,0
20260817,P009,W03,21,21,0
20260818,P009,W03,23,23,0
20260819,P009,W03,32,32,0
20260820,P009,W03,32,32,0
20260821,P009,W03,22,22,0
20260822,P009,W03,32,32,0
20260823,P009,W03,22,22,0
20260824,P009,W03,21,21,0
20260825,P009,W03,27,27,0
20260826,P009,W03,24,24,0
20260827,P009,W03,24,24,0
20260828,P009,W03,22,22,0
20260829,P009,W03,22,22,0
20260830,P009,W03,14,14,0
20260831,P009,W03,22,22,0
20260901,P009,W03,23,23,0
20260902,P009,W03,24,24,0
20260903,P009,W03,27,27,0
20260904,P009,W03,37,37,0
20260905,P009,W03,23,23,0
20260906,P009,W03,16,16,0
20260907,P009,W03,31,31,0
20260908,P009,W03,21,21,0
20260909,P009,W03,34,34,0
20260910,P009,W03,29,29,0
20260911,P009,W03,31,31,0
20260912,P009,W03,33,33,0
20260913,P009,W03,10,10,0
20260914,P009,W03,28,28,0
20260915,P009,W03,27,27,0
20260916,P009,W03,24,24,0
20260917,P009,W03,24,24,0
20260918,P009,W03,31,31,0
20260919,P009,W03,25,25,0
20260920,P009,W03,9,9,0
20260921,P009,W03,30,30,0
20260922,P009,W03,35,35,0
20260923,P009,W03,28,28,0
20260924,P009,W03,41,41,0
20260925,P009,W03,20,20,0
20260926,P009,W03,31,31,0
20260927,P009,W03,18,18,0
20260928,P009,W03,26,26,0
20260929,P009,W03,28,28,0
20260930,P009,W03,30,30,0
20251001,P009,W04,14,14,0
20251002,P009,W04,16,16,0
20251003,P009,W04,15,15,0
20251004,P009,W04,22,22,0
20251005,P009,W04,16,16,0
20251006,P009,W04,28,28,0
20251007,P009,W04,21,21,0
20251008,P009,W04,19,19,0
20251009,P009,W04,24,24,0
20251010,P009,W04,37,37,0
20251011,P009,W04,24,24,0
20251012,P009,W04,12,12,0
20251013,P009,W04,22,22,0
20251014,P009,W04,30,30,0
20251015,P009,W04,13,13,0
20251016,P009,W04,34,34,0
20251017,P009,W04,27,27,0
20251018,P009,W04,27,27,0
20251019,P009,W04,10,10,0
20251020,P009,W04,27,27,0
20251021,P009,W04,25,25,0
20251022,P009,W04,30,30,0
20251023,P009,W04,23,23,0
20251024,P009,W04,22,22,0
20251025,P009,W04,31,31,0
20251026,P009,W04,18,18,0
20251027,P009,W04,22,22,0
20251028,P009,W04,21,21,0
20251029,P009,W04,23,23,0
20251030,P009,W04,25,25,0
20251031,P009,W04,19,19,0
20251101,P009,W04,23,23,0
20251102,P009,W04,22,22,0
20251103,P009,W04,12,12,0
20251104,P009,W04,24,24,0
20251105,P009,W04,25,25,0
20251106,P009,W04,25,25,0
20251107,P009,W04,25,25,0
20251108,P009,W04,18,18,0
20251109,P009,W04,15,15,0
20251110,P009,W04,28,28,0
20251111,P009,W04,25,25,0
20251112,P009,W04,22,22,0
20251113,P009,W04,23,15,8
20251114,P009,W04,34,34,0
20251115,P009,W04,25,25,0
20251116,P009,W04,15,15,0
20251117,P009,W04,22,22,0
20251118,P009,W04,26,26,0
20251119,P009,W04,17,17,0
20251120,P009,W04,23,23,0
20251121,P009,W04,21,21,0
20251122,P009,W04,21,21,0
20251123,P009,W04,14,14,0
20251124,P009,W04,13,13,0
20251125,P009,W04,19,19,0
20251126,P009,W04,23,23,0
20251127,P009,W04,11,11,0
20251128,P009,W04,23,23,0
20251129,P009,W04,22,22,0
20251130,P009,W04,24,24,0
20251201,P009,W04,25,25,0
20251202,P009,W04,21,21,0
20251203,P009,W04,25,25,0
20251204,P009,W04,22,22,0
20251205,P009,W04,14,14,0
20251206,P009,W04,26,26,0
20251207,P009,W04,14,14,0
20251208,P009,W04,20,20,0
20251209,P009,W04,20,20,0
20251210,P009,W04,26,26,0
20251211,P009,W04,21,21,0
20251212,P009,W04,23,23,0
20251213,P009,W04,24,24,0
20251214,P009,W04,11,11,0
20251215,P009,W04,32,32,0
20251216,P009,W04,20,20,0
20251217,P009,W04,23,23,0
20251218,P009,W04,18,18,0
20251219,P009,W04,19,19,0
20251220,P009,W04,19,5,14
20251221,P009,W04,14,14,0
20251222,P009,W04,28,28,0
20251223,P009,W04,21,21,0
20251224,P009,W04,22,22,0
20251225,P009,W04,20,20,0
20251226,P009,W04,17,17,0
20251227,P009,W04,22,22,0
20251228,P009,W04,12,12,0
20251229,P009,W04,25,25,0
20251230,P009,W04,34,34,0
20251231,P009,W04,28,28,0
20260101,P009,W04,22,22,0
20260102,P009,W04,33,33,0
20260103,P009,W04,17,17,0
20260104,P009,W04,18,18,0
20260105,P009,W04,26,26,0
20260106,P009,W04,30,30,0
20260107,P009,W04,23,23,0
20260108,P009,W04,25,25,0
20260109,P009,W04,24,24,0
20260110,P009,W04,27,27,0
20260111,P009,W04,18,18,0
20260112,P009,W04,22,22,0
20260113,P009,W04,25,25,0
20260114,P009,W04,21,21,0
20260115,P009,W04,27,27,0
20260116,P009,W04,21,21,0
20260117,P009,W04,26,26,0
20260118,P009,W04,14,14,0
20260119,P009,W04,26,26,0
20260120,P009,W04,24,24,0
20260121,P009,W04,22,22,0
20260122,P009,W04,21,9,12
20260123,P009,W04,26,0,26
20260124,P009,W04,33,0,33
20260125,P009,W04,19,0,19
20260126,P009,W04,28,0,28
20260127,P009,W04,19,19,0
20260128,P009,W04,28,28,0
20260129,P009,W04,19,19,0
20260130,P009,W04,22,22,0
20260131,P009,W04,22,22,0
20260201,P009,W04,18,18,0
20260202,P009,W04,26,26,0
20260203,P009,W04,17,17,0
20260204,P009,W04,26,26,0
20260205,P009,W04,21,21,0
20260206,P009,W04,20,20,0
20260207,P009,W04,34,34,0
20260208,P009,W04,13,13,0
20260209,P009,W04,27,27,0
20260210,P009,W04,22,22,0
20260211,P009,W04,20,20,0
20260212,P009,W04,20,20,0
20260213,P009,W04,27,27,0
20260214,P009,W04,29,29,0
20260215,P009,W04,17,17,0
20260216,P009,W04,22,22,0
20260217,P009,W04,22,22,0
20260218,P009,W04,30,30,0
20260219,P009,W04,21,21,0
20260220,P009,W04,27,27,0
20260221,P009,W04,20,20,0
20260222,P009,W04,14,14,0
20260223,P009,W04,27,27,0
20260224,P009,W04,24,24,0
20260225,P009,W04,32,32,0
20260226,P009,W04,25,25,0
20260227,P009,W04,23,9,14
20260228,P009,W04,37,37,0
20260301,P009,W04,13,13,0
20260302,P009,W04,32,32,0
20260303,P009,W04,32,32,0
20260304,P009,W04,31,31,0
20260305,P009,W04,22,22,0
20260306,P009,W04,25,25,0
20260307,P009,W04,22,22,0
20260308,P009,W04,18,18,0
20260309,P009,W04,27,27,0
20260310,P009,W04,26,26,0
20260311,P009,W04,22,22,0
20260312,P009,W04,24,24,0
20260313,P009,W04,28,28,0
20260314,P009,W04,21,21,0
20260315,P009,W04,12,12,0
20260316,P009,W04,14,14,0
20260317,P009,W04,17,17,0
20260318,P009,W04,23,23,0
20260319,P009,W04,21,21,0
20260320,P009,W04,24,24,0
20260321,P009,W04,29,29,0
20260322,P009,W04,19,19,0
20260323,P009,W04,25,25,0
20260324,P009,W04,29,29,0
20260325,P009,W04,23,23,0
20260326,P009,W04,25,25,0
20260327,P009,W04,26,26,0
20260328,P009,W04,24,24,0
20260329,P009,W04,14,14,0
20260330,P009,W04,33,29,4
20260331,P009,W04,22,0,22
20260401,P009,W04,20,0,20
20260402,P009,W04,24,24,0
20260403,P009,W04,35,35,0
20260404,P009,W04,28,28,0
20260405,P009,W04,11,11,0
20260406,P009,W04,21,21,0
20260407,P009,W04,20,20,0
20260408,P009,W04,22,22,0
20260409,P009,W04,26,26,0
20260410,P009,W04,34,34,0
20260411,P009,W04,21,21,0
20260412,P009,W04,13,13,0
20260413,P009,W04,27,27,0
20260414,P009,W04,24,24,0
20260415,P009,W04,28,28,0
20260416,P009,W04,23,23,0
20260417,P009,W04,23,23,0
20260418,P009,W04,21,21,0
20260419,P009,W04,20,20,0
20260420,P009,W04,21,21,0
20260421,P009,W04,24,24,0
20260422,P009,W04,25,25,0
20260423,P009,W04,17,17,0
20260424,P009,W04,19,19,0
20260425,P009,W04,23,23,0
20260426,P009,W04,20,20,0
20260427,P009,W04,15,15,0
20260428,P009,W04,25,25,0
20260429,P009,W04,19,19,0
20260430,P009,W04,33,33,0
20260501,P009,W04,33,33,0
20260502,P009,W04,32,25,7
20260503,P009,W04,12,12,0
20260504,P009,W04,24,24,0
20260505,P009,W04,18,18,0
20260506,P009,W04,27,27,0
20260507,P009,W04,26,26,0
20260508,P009,W04,28,28,0
20260509,P009,W04,38,38,0
20260510,P009,W04,17,17,0
20260511,P009,W04,27,27,0
20260512,P009,W04,25,25,0
20260513,P009,W04,20,20,0
20260514,P009,W04,22,22,0
20260515,P009,W04,27,27,0
20260516,P009,W04,28,28,0
20260517,P009,W04,26,26,0
20260518,P009,W04,29,29,0
20260519,P009,W04,27,27,0
20260520,P009,W04,25,25,0
20260521,P009,W04,22,22,0
20260522,P009,W04,28,28,0
20260523,P009,W04,18,18,0
20260524,P009,W04,15,15,0
20260525,P009,W04,23,23,0
20260526,P009,W04,26,26,0
20260527,P009,W04,29,29,0
20260528,P009,W04,22,22,0
20260529,P009,W04,21,21,0
20260530,P009,W04,29,29,0
20260531,P009,W04,17,17,0
20260601,P009,W04,29,24,5
20260602,P009,W04,24,0,24
20260603,P009,W04,16,0,16
20260604,P009,W04,28,0,28
20260605,P009,W04,29,0,29
20260606,P009,W04,25,0,25
20260607,P009,W04,14,0,14
20260608,P009,W04,25,0,25
20260609,P009,W04,21,0,21
20260610,P009,W04,23,0,23
20260611,P009,W04,24,0,24
20260612,P009,W04,17,0,17
20260613,P009,W04,21,0,21
20260614,P009,W04,16,0,16
20260615,P009,W04,23,23,0
20260616,P009,W04,29,29,0
20260617,P009,W04,29,29,0
20260618,P009,W04,27,27,0
20260619,P009,W04,34,34,0
20260620,P009,W04,29,29,0
20260621,P009,W04,20,20,0
20260622,P009,W04,25,25,0
20260623,P009,W04,22,22,0
20260624,P009,W04,24,24,0
20260625,P009,W04,24,24,0
20260626,P009,W04,19,19,0
20260627,P009,W04,29,29,0
20260628,P009,W04,17,17,0
20260629,P009,W04,29,29,0
20260630,P009,W04,25,25,0
20260701,P009,W04,29,29,0
20260702,P009,W04,27,27,0
20260703,P009,W04,19,19,0
20260704,P009,W04,14,14,0
20260705,P009,W04,16,16,0
20260706,P009,W04,18,18,0
20260707,P009,W04,29,29,0
20260708,P009,W04,21,21,0
20260709,P009,W04,24,24,0
20260710,P009,W04,25,25,0
20260711,P009,W04,34,34,0
20260712,P009,W04,10,10,0
20260713,P009,W04,17,17,0
20260714,P009,W04,31,31,0
20260715,P009,W04,23,23,0
20260716,P009,W04,23,10,13
20260717,P009,W04,36,0,36
20260718,P009,W04,22,22,0
20260719,P009,W04,26,26,0
20260720,P009,W04,22,22,0
20260721,P009,W04,22,22,0
20260722,P009,W04,28,28,0
20260723,P009,W04,25,25,0
20260724,P009,W04,27,27,0
20260725,P009,W04,31,31,0
20260726,P009,W04,15,15,0
20260727,P009,W04,19,19,0
20260728,P009,W04,21,21,0
20260729,P009,W04,18,18,0
20260730,P009,W04,34,34,0
20260731,P009,W04,28,28,0
20260801,P009,W04,21,21,0
20260802,P009,W04,8,8,0
20260803,P009,W04,27,27,0
20260804,P009,W04,28,28,0
20260805,P009,W04,19,19,0
20260806,P009,W04,25,25,0
20260807,P009,W04,29,29,0
20260808,P009,W04,21,21,0
20260809,P009,W04,16,16,0
20260810,P009,W04,24,24,0
20260811,P009,W04,23,23,0
20260812,P009,W04,26,26,0
20260813,P009,W04,27,27,0
20260814,P009,W04,24,24,0
20260815,P009,W04,27,27,0
20260816,P009,W04,16,16,0
20260817,P009,W04,27,27,0
20260818,P009,W04,22,22,0
20260819,P009,W04,22,22,0
20260820,P009,W04,22,22,0
20260821,P009,W04,20,20,0
20260822,P009,W04,23,23,0
20260823,P009,W04,16,16,0
20260824,P009,W04,24,24,0
20260825,P009,W04,15,15,0
20260826,P009,W04,25,25,0
20260827,P009,W04,31,31,0
20260828,P009,W04,26,26,0
20260829,P009,W04,22,22,0
20260830,P009,W04,11,11,0
20260831,P009,W04,28,28,0
20260901,P009,W04,21,21,0
20260902,P009,W04,22,22,0
20260903,P009,W04,29,29,0
20260904,P009,W04,22,22,0
20260905,P009,W04,24,24,0
20260906,P009,W04,7,7,0
20260907,P009,W04,27,27,0
20260908,P009,W04,21,21,0
20260909,P009,W04,13,13,0
20260910,P009,W04,24,24,0
20260911,P009,W04,24,24,0
20260912,P009,W04,21,21,0
20260913,P009,W04,16,16,0
20260914,P009,W04,22,22,0
20260915,P009,W04,24,24,0
20260916,P009,W04,22,22,0
20260917,P009,W04,22,22,0
20260918,P009,W04,28,28,0
20260919,P009,W04,28,28,0
20260920,P009,W04,12,12,0
20260921,P009,W04,17,17,0
20260922,P009,W04,22,20,2
20260923,P009,W04,28,0,28
20260924,P009,W04,23,0,23
20260925,P009,W04,35,0,35
20260926,P009,W04,23,0,23
20260927,P009,W04,10,0,10
20260928,P009,W04,22,0,22
20260929,P009,W04,19,0,19
20260930,P009,W04,21,0,21
20251001,P010,W01,28,28,0
20251002,P010,W01,27,27,0
20251003,P010,W01,30,30,0
20251004,P010,W01,29,29,0
20251005,P010,W01,15,15,0
20251006,P010,W01,31,31,0
20251007,P010,W01,26,26,0
20251008,P010,W01,16,16,0
20251009,P010,W01,22,22,0
20251010,P010,W01,27,27,0
20251011,P010,W01,23,23,0
20251012,P010,W01,14,14,0
20251013,P010,W01,20,20,0
20251014,P010,W01,24,24,0
20251015,P010,W01,23,23,0
20251016,P010,W01,26,26,0
20251017,P010,W01,21,21,0
20251018,P010,W01,24,24,0
20251019,P010,W01,21,21,0
20251020,P010,W01,30,30,0
20251021,P010,W01,27,27,0
20251022,P010,W01,39,39,0
20251023,P010,W01,26,26,0
20251024,P010,W01,21,21,0
20251025,P010,W01,29,29,0
20251026,P010,W01,20,20,0
20251027,P010,W01,22,22,0
20251028,P010,W01,21,21,0
20251029,P010,W01,24,24,0
20251030,P010,W01,32,32,0
20251031,P010,W01,27,27,0
20251101,P010,W01,32,32,0
20251102,P010,W01,24,24,0
20251103,P010,W01,34,34,0
20251104,P010,W01,20,20,0
20251105,P010,W01,22,22,0
20251106,P010,W01,16,16,0
20251107,P010,W01,24,24,0
20251108,P010,W01,30,30,0
20251109,P010,W01,7,7,0
20251110,P010,W01,21,21,0
20251111,P010,W01,23,23,0
20251112,P010,W01,27,27,0
20251113,P010,W01,23,23,0
20251114,P010,W01,26,26,0
20251115,P010,W01,30,30,0
20251116,P010,W01,14,14,0
20251117,P010,W01,24,24,0
20251118,P010,W01,18,18,0
20251119,P010,W01,29,29,0
20251120,P010,W01,19,19,0
20251121,P010,W01,35,35,0
20251122,P010,W01,31,31,0
20251123,P010,W01,13,13,0
20251124,P010,W01,25,25,0
20251125,P010,W01,19,19,0
20251126,P010,W01,20,20,0
20251127,P010,W01,20,20,0
20251128,P010,W01,27,27,0
20251129,P010,W01,33,33,0
20251130,P010,W01,11,11,0
20251201,P010,W01,23,23,0
20251202,P010,W01,22,22,0
20251203,P010,W01,22,22,0
20251204,P010,W01,38,38,0
20251205,P010,W01,28,28,0
20251206,P010,W01,26,26,0
20251207,P010,W01,12,12,0
20251208,P010,W01,32,32,0
20251209,P010,W01,34,34,0
20251210,P010,W01,25,25,0
20251211,P010,W01,35,35,0
20251212,P010,W01,26,26,0
20251213,P010,W01,32,32,0
20251214,P010,W01,20,20,0
20251215,P010,W01,14,14,0
20251216,P010,W01,25,25,0
20251217,P010,W01,28,28,0
20251218,P010,W01,29,29,0
20251219,P010,W01,32,32,0
20251220,P010,W01,33,33,0
20251221,P010,W01,25,25,0
20251222,P010,W01,30,30,0
20251223,P010,W01,17,17,0
20251224,P010,W01,19,19,0
20251225,P010,W01,20,20,0
20251226,P010,W01,29,29,0
20251227,P010,W01,31,31,0
20251228,P010,W01,13,13,0
20251229,P010,W01,23,23,0
20251230,P010,W01,33,33,0
20251231,P010,W01,21,21,0
20260101,P010,W01,29,29,0
20260102,P010,W01,20,20,0
20260103,P010,W01,31,31,0
20260104,P010,W01,16,16,0
20260105,P010,W01,29,29,0
20260106,P010,W01,23,23,0
20260107,P010,W01,30,30,0
20260108,P010,W01,22,22,0
20260109,P010,W01,26,26,0
20260110,P010,W01,29,29,0
20260111,P010,W01,16,16,0
20260112,P010,W01,33,33,0
20260113,P010,W01,22,22,0
20260114,P010,W01,31,31,0
20260115,P010,W01,20,20,0
20260116,P010,W01,29,29,0
20260117,P010,W01,24,24,0
20260118,P010,W01,22,22,0
20260119,P010,W01,29,29,0
20260120,P010,W01,24,24,0
20260121,P010,W01,27,27,0
20260122,P010,W01,25,25,0
20260123,P010,W01,36,36,0
20260124,P010,W01,26,26,0
20260125,P010,W01,15,15,0
20260126,P010,W01,26,26,0
20260127,P010,W01,25,25,0
20260128,P010,W01,30,30,0
20260129,P010,W01,31,31,0
20260130,P010,W01,27,27,0
20260131,P010,W01,26,26,0
20260201,P010,W01,19,19,0
20260202,P010,W01,21,21,0
20260203,P010,W01,22,22,0
20260204,P010,W01,17,17,0
20260205,P010,W01,27,27,0
20260206,P010,W01,19,19,0
20260207,P010,W01,26,26,0
20260208,P010,W01,13,13,0
20260209,P010,W01,23,23,0
20260210,P010,W01,30,30,0
20260211,P010,W01,23,23,0
20260212,P010,W01,28,28,0
20260213,P010,W01,33,33,0
20260214,P010,W01,27,27,0
20260215,P010,W01,11,11,0
20260216,P010,W01,35,35,0
20260217,P010,W01,34,34,0
20260218,P010,W01,27,27,0
20260219,P010,W01,19,19,0
20260220,P010,W01,23,23,0
20260221,P010,W01,25,25,0
20260222,P010,W01,24,24,0
20260223,P010,W01,34,34,0
20260224,P010,W01,27,27,0
20260225,P010,W01,23,23,0
20260226,P010,W01,28,28,0
20260227,P010,W01,31,31,0
20260228,P010,W01,30,30,0
20260301,P010,W01,18,18,0
20260302,P010,W01,29,29,0
20260303,P010,W01,24,24,0
20260304,P010,W01,26,26,0
20260305,P010,W01,27,27,0
20260306,P010,W01,31,31,0
20260307,P010,W01,26,26,0
20260308,P010,W01,14,14,0
20260309,P010,W01,30,30,0
20260310,P010,W01,27,27,0
20260311,P010,W01,20,20,0
20260312,P010,W01,32,32,0
20260313,P010,W01,26,26,0
20260314,P010,W01,18,18,0
20260315,P010,W01,9,9,0
20260316,P010,W01,15,15,0
20260317,P010,W01,26,26,0
20260318,P010,W01,15,15,0
20260319,P010,W01,29,29,0
20260320,P010,W01,21,21,0
20260321,P010,W01,38,38,0
20260322,P010,W01,24,24,0
20260323,P010,W01,30,30,0
20260324,P010,W01,30,30,0
20260325,P010,W01,33,33,0
20260326,P010,W01,19,19,0
20260327,P010,W01,16,16,0
20260328,P010,W01,32,32,0
20260329,P010,W01,15,15,0
20260330,P010,W01,23,23,0
20260331,P010,W01,21,21,0
20260401,P010,W01,36,36,0
20260402,P010,W01,18,18,0
20260403,P010,W01,29,29,0
20260404,P010,W01,30,30,0
20260405,P010,W01,9,9,0
20260406,P010,W01,30,30,0
20260407,P010,W01,32,32,0
20260408,P010,W01,28,28,0
20260409,P010,W01,23,23,0
20260410,P010,W01,31,31,0
20260411,P010,W01,26,26,0
20260412,P010,W01,21,21,0
20260413,P010,W01,41,41,0
20260414,P010,W01,31,31,0
20260415,P010,W01,26,26,0
20260416,P010,W01,25,25,0
20260417,P010,W01,32,32,0
20260418,P010,W01,38,38,0
20260419,P010,W01,18,18,0
20260420,P010,W01,25,25,0
20260421,P010,W01,32,32,0
20260422,P010,W01,27,27,0
20260423,P010,W01,35,35,0
20260424,P010,W01,33,33,0
20260425,P010,W01,32,32,0
20260426,P010,W01,15,15,0
20260427,P010,W01,27,27,0
20260428,P010,W01,22,22,0
20260429,P010,W01,31,31,0
20260430,P010,W01,22,22,0
20260501,P010,W01,30,30,0
20260502,P010,W01,32,32,0
20260503,P010,W01,14,14,0
20260504,P010,W01,20,20,0
20260505,P010,W01,27,27,0
20260506,P010,W01,22,22,0
20260507,P010,W01,31,31,0
20260508,P010,W01,24,24,0
20260509,P010,W01,31,31,0
20260510,P010,W01,12,12,0
20260511,P010,W01,28,28,0
20260512,P010,W01,19,19,0
20260513,P010,W01,26,26,0
20260514,P010,W01,30,30,0
20260515,P010,W01,31,31,0
20260516,P010,W01,32,32,0
20260517,P010,W01,13,13,0
20260518,P010,W01,23,23,0
20260519,P010,W01,16,16,0
20260520,P010,W01,22,22,0
20260521,P010,W01,22,22,0
20260522,P010,W01,15,15,0
20260523,P010,W01,30,30,0
20260524,P010,W01,13,13,0
20260525,P010,W01,21,21,0
20260526,P010,W01,30,30,0
20260527,P010,W01,34,34,0
20260528,P010,W01,20,20,0
20260529,P010,W01,35,35,0
20260530,P010,W01,25,25,0
20260531,P010,W01,20,20,0
20260601,P010,W01,17,17,0
20260602,P010,W01,36,36,0
20260603,P010,W01,21,21,0
20260604,P010,W01,21,21,0
20260605,P010,W01,23,23,0
20260606,P010,W01,27,27,0
20260607,P010,W01,13,13,0
20260608,P010,W01,18,18,0
20260609,P010,W01,30,30,0
20260610,P010,W01,25,25,0
20260611,P010,W01,27,27,0
20260612,P010,W01,21,21,0
20260613,P010,W01,35,35,0
20260614,P010,W01,21,21,0
20260615,P010,W01,35,35,0
20260616,P010,W01,21,21,0
20260617,P010,W01,25,25,0
20260618,P010,W01,32,32,0
20260619,P010,W01,24,24,0
20260620,P010,W01,29,29,0
20260621,P010,W01,12,12,0
20260622,P010,W01,23,23,0
20260623,P010,W01,36,36,0
20260624,P010,W01,26,26,0
20260625,P010,W01,17,17,0
20260626,P010,W01,22,22,0
20260627,P010,W01,20,20,0
20260628,P010,W01,12,12,0
20260629,P010,W01,29,29,0
20260630,P010,W01,29,29,0
20260701,P010,W01,21,21,0
20260702,P010,W01,25,25,0
20260703,P010,W01,16,16,0
20260704,P010,W01,26,26,0
20260705,P010,W01,23,23,0
20260706,P010,W01,22,22,0
20260707,P010,W01,33,33,0
20260708,P010,W01,24,24,0
20260709,P010,W01,22,22,0
20260710,P010,W01,27,27,0
20260711,P010,W01,29,29,0
20260712,P010,W01,27,27,0
20260713,P010,W01,23,23,0
20260714,P010,W01,29,29,0
20260715,P010,W01,35,35,0
20260716,P010,W01,23,23,0
20260717,P010,W01,35,35,0
20260718,P010,W01,34,34,0
20260719,P010,W01,20,20,0
20260720,P010,W01,32,32,0
20260721,P010,W01,23,23,0
20260722,P010,W01,30,30,0
20260723,P010,W01,26,26,0
20260724,P010,W01,29,29,0
20260725,P010,W01,27,27,0
20260726,P010,W01,29,29,0
20260727,P010,W01,16,16,0
20260728,P010,W01,33,33,0
20260729,P010,W01,23,23,0
20260730,P010,W01,20,20,0
20260731,P010,W01,15,15,0
20260801,P010,W01,20,20,0
20260802,P010,W01,21,21,0
20260803,P010,W01,25,25,0
20260804,P010,W01,28,28,0
20260805,P010,W01,22,22,0
20260806,P010,W01,26,26,0
20260807,P010,W01,28,28,0
20260808,P010,W01,21,21,0
20260809,P010,W01,21,21,0
20260810,P010,W01,20,20,0
20260811,P010,W01,28,28,0
20260812,P010,W01,24,24,0
20260813,P010,W01,20,20,0
20260814,P010,W01,34,34,0
20260815,P010,W01,27,27,0
20260816,P010,W01,19,19,0
20260817,P010,W01,22,22,0
20260818,P010,W01,27,27,0
20260819,P010,W01,23,23,0
20260820,P010,W01,36,36,0
20260821,P010,W01,29,29,0
20260822,P010,W01,27,27,0
20260823,P010,W01,13,13,0
20260824,P010,W01,21,21,0
20260825,P010,W01,30,30,0
20260826,P010,W01,22,22,0
20260827,P010,W01,25,25,0
20260828,P010,W01,27,27,0
20260829,P010,W01,26,26,0
20260830,P010,W01,11,11,0
20260831,P010,W01,34,34,0
20260901,P010,W01,24,24,0
20260902,P010,W01,32,32,0
20260903,P010,W01,24,24,0
20260904,P010,W01,29,29,0
20260905,P010,W01,24,24,0
20260906,P010,W01,22,22,0
20260907,P010,W01,26,26,0
20260908,P010,W01,26,26,0
20260909,P010,W01,30,30,0
20260910,P010,W01,28,28,0
20260911,P010,W01,26,26,0
20260912,P010,W01,21,21,0
20260913,P010,W01,14,14,0
20260914,P010,W01,25,25,0
20260915,P010,W01,30,30,0
20260916,P010,W01,29,29,0
20260917,P010,W01,28,28,0
20260918,P010,W01,25,25,0
20260919,P010,W01,19,19,0
20260920,P010,W01,17,17,0
20260921,P010,W01,32,32,0
20260922,P010,W01,24,24,0
20260923,P010,W01,26,26,0
20260924,P010,W01,19,19,0
20260925,P010,W01,29,29,0
20260926,P010,W01,27,27,0
20260927,P010,W01,17,17,0
20260928,P010,W01,25,25,0
20260929,P010,W01,20,20,0
20260930,P010,W01,28,28,0
20251001,P010,W02,29,29,0
20251002,P010,W02,24,24,0
20251003,P010,W02,23,23,0
20251004,P010,W02,30,30,0
20251005,P010,W02,20,20,0
20251006,P010,W02,29,29,0
20251007,P010,W02,27,27,0
20251008,P010,W02,27,27,0
20251009,P010,W02,30,30,0
20251010,P010,W02,31,31,0
20251011,P010,W02,30,30,0
20251012,P010,W02,18,18,0
20251013,P010,W02,31,31,0
20251014,P010,W02,26,26,0
20251015,P010,W02,29,29,0
20251016,P010,W02,30,30,0
20251017,P010,W02,27,27,0
20251018,P010,W02,26,26,0
20251019,P010,W02,19,19,0
20251020,P010,W02,28,28,0
20251021,P010,W02,21,21,0
20251022,P010,W02,26,26,0
20251023,P010,W02,20,20,0
20251024,P010,W02,28,28,0
20251025,P010,W02,33,33,0
20251026,P010,W02,20,20,0
20251027,P010,W02,21,21,0
20251028,P010,W02,33,33,0
20251029,P010,W02,22,22,0
20251030,P010,W02,27,27,0
20251031,P010,W02,17,17,0
20251101,P010,W02,29,29,0
20251102,P010,W02,17,17,0
20251103,P010,W02,26,26,0
20251104,P010,W02,32,32,0
20251105,P010,W02,19,19,0
20251106,P010,W02,30,30,0
20251107,P010,W02,30,30,0
20251108,P010,W02,35,35,0
20251109,P010,W02,21,21,0
20251110,P010,W02,35,35,0
20251111,P010,W02,29,29,0
20251112,P010,W02,27,27,0
20251113,P010,W02,29,29,0
20251114,P010,W02,28,28,0
20251115,P010,W02,22,22,0
20251116,P010,W02,19,19,0
20251117,P010,W02,29,29,0
20251118,P010,W02,34,34,0
20251119,P010,W02,23,23,0
20251120,P010,W02,24,24,0
20251121,P010,W02,29,29,0
20251122,P010,W02,25,25,0
20251123,P010,W02,14,14,0
20251124,P010,W02,22,22,0
20251125,P010,W02,25,25,0
20251126,P010,W02,31,31,0
20251127,P010,W02,32,32,0
20251128,P010,W02,30,30,0
20251129,P010,W02,28,28,0
20251130,P010,W02,14,14,0
20251201,P010,W02,21,21,0
20251202,P010,W02,31,31,0
20251203,P010,W02,34,34,0
20251204,P010,W02,34,34,0
20251205,P010,W02,35,35,0
20251206,P010,W02,33,33,0
20251207,P010,W02,14,14,0
20251208,P010,W02,33,33,0
20251209,P010,W02,31,31,0
20251210,P010,W02,21,21,0
20251211,P010,W02,25,25,0
20251212,P010,W02,38,38,0
20251213,P010,W02,29,29,0
20251214,P010,W02,16,16,0
20251215,P010,W02,27,27,0
20251216,P010,W02,30,30,0
20251217,P010,W02,16,16,0
20251218,P010,W02,22,22,0
20251219,P010,W02,21,21,0
20251220,P010,W02,29,29,0
20251221,P010,W02,20,20,0
20251222,P010,W02,27,27,0
20251223,P010,W02,28,28,0
20251224,P010,W02,31,31,0
20251225,P010,W02,29,29,0
20251226,P010,W02,32,32,0
20251227,P010,W02,23,23,0
20251228,P010,W02,23,23,0
20251229,P010,W02,31,31,0
20251230,P010,W02,21,21,0
20251231,P010,W02,31,31,0
20260101,P010,W02,28,28,0
20260102,P010,W02,30,30,0
20260103,P010,W02,24,24,0
20260104,P010,W02,16,16,0
20260105,P010,W02,25,25,0
20260106,P010,W02,22,22,0
20260107,P010,W02,25,25,0
20260108,P010,W02,29,29,0
20260109,P010,W02,25,25,0
20260110,P010,W02,29,29,0
20260111,P010,W02,14,14,0
20260112,P010,W02,21,21,0
20260113,P010,W02,24,24,0
20260114,P010,W02,32,32,0
20260115,P010,W02,25,25,0
20260116,P010,W02,21,21,0
20260117,P010,W02,26,26,0
20260118,P010,W02,15,15,0
20260119,P010,W02,36,36,0
20260120,P010,W02,29,29,0
20260121,P010,W02,32,32,0
20260122,P010,W02,30,30,0
20260123,P010,W02,21,21,0
20260124,P010,W02,21,21,0
20260125,P010,W02,20,20,0
20260126,P010,W02,24,24,0
20260127,P010,W02,24,24,0
20260128,P010,W02,18,18,0
20260129,P010,W02,27,27,0
20260130,P010,W02,37,37,0
20260131,P010,W02,27,27,0
20260201,P010,W02,15,15,0
20260202,P010,W02,34,34,0
20260203,P010,W02,23,23,0
20260204,P010,W02,35,35,0
20260205,P010,W02,34,34,0
20260206,P010,W02,34,34,0
20260207,P010,W02,25,25,0
20260208,P010,W02,15,15,0
20260209,P010,W02,33,33,0
20260210,P010,W02,26,26,0
20260211,P010,W02,29,29,0
20260212,P010,W02,36,36,0
20260213,P010,W02,31,31,0
20260214,P010,W02,30,30,0
20260215,P010,W02,18,18,0
20260216,P010,W02,41,41,0
20260217,P010,W02,27,27,0
20260218,P010,W02,27,27,0
20260219,P010,W02,25,25,0
20260220,P010,W02,30,30,0
20260221,P010,W02,24,24,0
20260222,P010,W02,18,18,0
20260223,P010,W02,21,21,0
20260224,P010,W02,41,41,0
20260225,P010,W02,27,27,0
20260226,P010,W02,28,28,0
20260227,P010,W02,25,25,0
20260228,P010,W02,30,30,0
20260301,P010,W02,13,13,0
20260302,P010,W02,32,32,0
20260303,P010,W02,25,25,0
20260304,P010,W02,35,35,0
20260305,P010,W02,27,27,0
20260306,P010,W02,28,28,0
20260307,P010,W02,34,34,0
20260308,P010,W02,10,10,0
20260309,P010,W02,33,33,0
20260310,P010,W02,20,20,0
20260311,P010,W02,30,30,0
20260312,P010,W02,27,27,0
20260313,P010,W02,28,28,0
20260314,P010,W02,34,34,0
20260315,P010,W02,14,14,0
20260316,P010,W02,30,30,0
20260317,P010,W02,23,23,0
20260318,P010,W02,26,26,0
20260319,P010,W02,29,29,0
20260320,P010,W02,20,20,0
20260321,P010,W02,31,31,0
20260322,P010,W02,22,22,0
20260323,P010,W02,28,28,0
20260324,P010,W02,21,21,0
20260325,P010,W02,37,37,0
20260326,P010,W02,24,24,0
20260327,P010,W02,26,26,0
20260328,P010,W02,25,25,0
20260329,P010,W02,25,25,0
20260330,P010,W02,23,23,0
20260331,P010,W02,39,39,0
20260401,P010,W02,40,27,13
20260402,P010,W02,30,0,30
20260403,P010,W02,33,0,33
20260404,P010,W02,26,0,26
20260405,P010,W02,18,0,18
20260406,P010,W02,28,28,0
20260407,P010,W02,29,29,0
20260408,P010,W02,22,22,0
20260409,P010,W02,20,20,0
20260410,P010,W02,37,37,0
20260411,P010,W02,32,32,0
20260412,P010,W02,15,15,0
20260413,P010,W02,41,41,0
20260414,P010,W02,29,29,0
20260415,P010,W02,23,23,0
20260416,P010,W02,28,28,0
20260417,P010,W02,38,38,0
20260418,P010,W02,30,30,0
20260419,P010,W02,13,13,0
20260420,P010,W02,24,24,0
20260421,P010,W02,22,22,0
20260422,P010,W02,25,25,0
20260423,P010,W02,37,37,0
20260424,P010,W02,27,27,0
20260425,P010,W02,27,27,0
20260426,P010,W02,20,20,0
20260427,P010,W02,35,35,0
20260428,P010,W02,34,34,0
20260429,P010,W02,23,23,0
20260430,P010,W02,27,27,0
20260501,P010,W02,27,27,0
20260502,P010,W02,32,32,0
20260503,P010,W02,22,22,0
20260504,P010,W02,38,38,0
20260505,P010,W02,29,29,0
20260506,P010,W02,25,25,0
20260507,P010,W02,22,22,0
20260508,P010,W02,33,33,0
20260509,P010,W02,24,24,0
20260510,P010,W02,15,15,0
20260511,P010,W02,24,24,0
20260512,P010,W02,35,35,0
20260513,P010,W02,26,26,0
20260514,P010,W02,37,37,0
20260515,P010,W02,24,24,0
20260516,P010,W02,36,36,0
20260517,P010,W02,24,24,0
20260518,P010,W02,27,27,0
20260519,P010,W02,31,31,0
20260520,P010,W02,24,24,0
20260521,P010,W02,26,26,0
20260522,P010,W02,26,26,0
20260523,P010,W02,27,27,0
20260524,P010,W02,25,25,0
20260525,P010,W02,31,31,0
20260526,P010,W02,30,30,0
20260527,P010,W02,28,28,0
20260528,P010,W02,22,22,0
20260529,P010,W02,25,25,0
20260530,P010,W02,24,24,0
20260531,P010,W02,25,25,0
20260601,P010,W02,36,36,0
20260602,P010,W02,34,34,0
20260603,P010,W02,22,22,0
20260604,P010,W02,28,28,0
20260605,P010,W02,28,28,0
20260606,P010,W02,28,28,0
20260607,P010,W02,13,13,0
20260608,P010,W02,28,28,0
20260609,P010,W02,29,29,0
20260610,P010,W02,25,25,0
20260611,P010,W02,29,29,0
20260612,P010,W02,34,34,0
20260613,P010,W02,18,18,0
20260614,P010,W02,18,18,0
20260615,P010,W02,24,24,0
20260616,P010,W02,33,33,0
20260617,P010,W02,35,35,0
20260618,P010,W02,26,26,0
20260619,P010,W02,28,28,0
20260620,P010,W02,32,32,0
20260621,P010,W02,17,17,0
20260622,P010,W02,33,33,0
20260623,P010,W02,28,28,0
20260624,P010,W02,19,19,0
20260625,P010,W02,33,33,0
20260626,P010,W02,30,30,0
20260627,P010,W02,23,23,0
20260628,P010,W02,20,20,0
20260629,P010,W02,29,29,0
20260630,P010,W02,25,25,0
20260701,P010,W02,24,24,0
20260702,P010,W02,24,24,0
20260703,P010,W02,29,29,0
20260704,P010,W02,34,34,0
20260705,P010,W02,15,15,0
20260706,P010,W02,36,36,0
20260707,P010,W02,21,21,0
20260708,P010,W02,30,22,8
20260709,P010,W02,22,0,22
20260710,P010,W02,27,0,27
20260711,P010,W02,32,32,0
20260712,P010,W02,23,23,0
20260713,P010,W02,36,36,0
20260714,P010,W02,29,29,0
20260715,P010,W02,35,35,0
20260716,P010,W02,36,36,0
20260717,P010,W02,28,28,0
20260718,P010,W02,29,29,0
20260719,P010,W02,18,18,0
20260720,P010,W02,26,26,0
20260721,P010,W02,28,28,0
20260722,P010,W02,28,28,0
20260723,P010,W02,33,33,0
20260724,P010,W02,25,25,0
20260725,P010,W02,28,28,0
20260726,P010,W02,19,19,0
20260727,P010,W02,27,27,0
20260728,P010,W02,23,23,0
20260729,P010,W02,29,29,0
20260730,P010,W02,21,21,0
20260731,P010,W02,29,29,0
20260801,P010,W02,37,37,0
20260802,P010,W02,15,15,0
20260803,P010,W02,24,24,0
20260804,P010,W02,34,34,0
20260805,P010,W02,20,20,0
20260806,P010,W02,34,34,0
20260807,P010,W02,35,35,0
20260808,P010,W02,30,30,0
20260809,P010,W02,18,18,0
20260810,P010,W02,33,33,0
20260811,P010,W02,23,23,0
20260812,P010,W02,31,31,0
20260813,P010,W02,27,27,0
20260814,P010,W02,21,21,0
20260815,P010,W02,34,34,0
20260816,P010,W02,13,13,0
20260817,P010,W02,25,25,0
20260818,P010,W02,37,37,0
20260819,P010,W02,19,19,0
20260820,P010,W02,30,30,0
20260821,P010,W02,31,31,0
20260822,P010,W02,32,32,0
20260823,P010,W02,14,14,0
20260824,P010,W02,25,25,0
20260825,P010,W02,27,27,0
20260826,P010,W02,32,32,0
20260827,P010,W02,23,23,0
20260828,P010,W02,26,26,0
20260829,P010,W02,35,35,0
20260830,P010,W02,25,25,0
20260831,P010,W02,28,28,0
20260901,P010,W02,22,22,0
20260902,P010,W02,34,34,0
20260903,P010,W02,31,31,0
20260904,P010,W02,31,31,0
20260905,P010,W02,22,22,0
20260906,P010,W02,24,24,0
20260907,P010,W02,26,26,0
20260908,P010,W02,28,28,0
20260909,P010,W02,14,14,0
20260910,P010,W02,23,23,0
20260911,P010,W02,26,26,0
20260912,P010,W02,27,27,0
20260913,P010,W02,20,20,0
20260914,P010,W02,23,23,0
20260915,P010,W02,23,23,0
20260916,P010,W02,28,28,0
20260917,P010,W02,18,18,0
20260918,P010,W02,29,29,0
20260919,P010,W02,33,33,0
20260920,P010,W02,15,15,0
20260921,P010,W02,23,23,0
20260922,P010,W02,26,26,0
20260923,P010,W02,30,30,0
20260924,P010,W02,30,30,0
20260925,P010,W02,22,22,0
20260926,P010,W02,15,15,0
20260927,P010,W02,17,17,0
20260928,P010,W02,23,23,0
20260929,P010,W02,30,30,0
20260930,P010,W02,24,24,0
20251001,P010,W03,24,24,0
20251002,P010,W03,24,24,0
20251003,P010,W03,10,10,0
20251004,P010,W03,20,20,0
20251005,P010,W03,8,8,0
20251006,P010,W03,16,16,0
20251007,P010,W03,14,14,0
20251008,P010,W03,16,16,0
20251009,P010,W03,25,25,0
20251010,P010,W03,26,26,0
20251011,P010,W03,10,10,0
20251012,P010,W03,11,11,0
20251013,P010,W03,23,23,0
20251014,P010,W03,14,14,0
20251015,P010,W03,16,16,0
20251016,P010,W03,12,12,0
20251017,P010,W03,17,17,0
20251018,P010,W03,25,25,0
20251019,P010,W03,9,9,0
20251020,P010,W03,30,30,0
20251021,P010,W03,25,25,0
20251022,P010,W03,18,18,0
20251023,P010,W03,16,16,0
20251024,P010,W03,23,23,0
20251025,P010,W03,24,24,0
20251026,P010,W03,9,9,0
20251027,P010,W03,20,20,0
20251028,P010,W03,30,30,0
20251029,P010,W03,17,17,0
20251030,P010,W03,16,16,0
20251031,P010,W03,31,31,0
20251101,P010,W03,22,22,0
20251102,P010,W03,12,12,0
20251103,P010,W03,25,25,0
20251104,P010,W03,22,22,0
20251105,P010,W03,26,26,0
20251106,P010,W03,18,18,0
20251107,P010,W03,27,27,0
20251108,P010,W03,25,25,0
20251109,P010,W03,14,14,0
20251110,P010,W03,24,24,0
20251111,P010,W03,21,21,0
20251112,P010,W03,26,26,0
20251113,P010,W03,23,23,0
20251114,P010,W03,21,21,0
20251115,P010,W03,20,20,0
20251116,P010,W03,21,21,0
20251117,P010,W03,19,19,0
20251118,P010,W03,24,24,0
20251119,P010,W03,17,17,0
20251120,P010,W03,16,16,0
20251121,P010,W03,18,18,0
20251122,P010,W03,22,22,0
20251123,P010,W03,14,14,0
20251124,P010,W03,19,19,0
20251125,P010,W03,18,18,0
20251126,P010,W03,23,23,0
20251127,P010,W03,20,20,0
20251128,P010,W03,18,18,0
20251129,P010,W03,24,24,0
20251130,P010,W03,12,12,0
20251201,P010,W03,21,21,0
20251202,P010,W03,36,36,0
20251203,P010,W03,25,25,0
20251204,P010,W03,14,14,0
20251205,P010,W03,27,27,0
20251206,P010,W03,28,28,0
20251207,P010,W03,14,14,0
20251208,P010,W03,17,17,0
20251209,P010,W03,19,19,0
20251210,P010,W03,17,17,0
20251211,P010,W03,22,22,0
20251212,P010,W03,33,33,0
20251213,P010,W03,24,24,0
20251214,P010,W03,14,14,0
20251215,P010,W03,26,26,0
20251216,P010,W03,30,30,0
20251217,P010,W03,26,26,0
20251218,P010,W03,22,22,0
20251219,P010,W03,22,22,0
20251220,P010,W03,22,22,0
20251221,P010,W03,14,14,0
20251222,P010,W03,20,20,0
20251223,P010,W03,21,21,0
20251224,P010,W03,22,22,0
20251225,P010,W03,18,18,0
20251226,P010,W03,30,30,0
20251227,P010,W03,20,20,0
20251228,P010,W03,6,6,0
20251229,P010,W03,23,23,0
20251230,P010,W03,24,24,0
20251231,P010,W03,22,22,0
20260101,P010,W03,28,28,0
20260102,P010,W03,27,27,0
20260103,P010,W03,22,22,0
20260104,P010,W03,12,12,0
20260105,P010,W03,28,28,0
20260106,P010,W03,26,26,0
20260107,P010,W03,33,33,0
20260108,P010,W03,18,18,0
20260109,P010,W03,28,28,0
20260110,P010,W03,17,17,0
20260111,P010,W03,17,17,0
20260112,P010,W03,27,27,0
20260113,P010,W03,18,18,0
20260114,P010,W03,21,21,0
20260115,P010,W03,25,25,0
20260116,P010,W03,14,14,0
20260117,P010,W03,23,23,0
20260118,P010,W03,24,24,0
20260119,P010,W03,24,24,0
20260120,P010,W03,17,17,0
20260121,P010,W03,15,15,0
20260122,P010,W03,17,17,0
20260123,P010,W03,27,27,0
20260124,P010,W03,25,25,0
20260125,P010,W03,20,20,0
20260126,P010,W03,17,17,0
20260127,P010,W03,23,23,0
20260128,P010,W03,18,18,0
20260129,P010,W03,15,15,0
20260130,P010,W03,28,28,0
20260131,P010,W03,30,30,0
20260201,P010,W03,14,14,0
20260202,P010,W03,17,17,0
20260203,P010,W03,17,17,0
20260204,P010,W03,22,22,0
20260205,P010,W03,19,19,0
20260206,P010,W03,16,16,0
20260207,P010,W03,21,21,0
20260208,P010,W03,10,10,0
20260209,P010,W03,18,18,0
20260210,P010,W03,19,19,0
20260211,P010,W03,16,16,0
20260212,P010,W03,26,26,0
20260213,P010,W03,25,25,0
20260214,P010,W03,17,17,0
20260215,P010,W03,21,21,0
20260216,P010,W03,16,16,0
20260217,P010,W03,18,18,0
20260218,P010,W03,29,29,0
20260219,P010,W03,32,32,0
20260220,P010,W03,22,22,0
20260221,P010,W03,23,23,0
20260222,P010,W03,17,17,0
20260223,P010,W03,26,26,0
20260224,P010,W03,16,16,0
20260225,P010,W03,32,32,0
20260226,P010,W03,20,20,0
20260227,P010,W03,18,18,0
20260228,P010,W03,21,21,0
20260301,P010,W03,30,30,0
20260302,P010,W03,30,30,0
20260303,P010,W03,24,24,0
20260304,P010,W03,18,18,0
20260305,P010,W03,28,28,0
20260306,P010,W03,13,13,0
20260307,P010,W03,29,29,0
20260308,P010,W03,11,11,0
20260309,P010,W03,23,23,0
20260310,P010,W03,25,25,0
20260311,P010,W03,26,26,0
20260312,P010,W03,17,17,0
20260313,P010,W03,26,26,0
20260314,P010,W03,26,26,0
20260315,P010,W03,15,15,0
20260316,P010,W03,28,28,0
20260317,P010,W03,20,20,0
20260318,P010,W03,18,18,0
20260319,P010,W03,19,19,0
20260320,P010,W03,22,22,0
20260321,P010,W03,32,32,0
20260322,P010,W03,19,19,0
20260323,P010,W03,22,22,0
20260324,P010,W03,29,29,0
20260325,P010,W03,12,12,0
20260326,P010,W03,26,26,0
20260327,P010,W03,28,28,0
20260328,P010,W03,26,26,0
20260329,P010,W03,20,20,0
20260330,P010,W03,25,25,0
20260331,P010,W03,20,20,0
20260401,P010,W03,28,28,0
20260402,P010,W03,21,21,0
20260403,P010,W03,22,22,0
20260404,P010,W03,22,22,0
20260405,P010,W03,9,9,0
20260406,P010,W03,19,19,0
20260407,P010,W03,19,19,0
20260408,P010,W03,21,21,0
20260409,P010,W03,21,21,0
20260410,P010,W03,36,36,0
20260411,P010,W03,22,22,0
20260412,P010,W03,9,9,0
20260413,P010,W03,24,24,0
20260414,P010,W03,19,19,0
20260415,P010,W03,23,23,0
20260416,P010,W03,27,27,0
20260417,P010,W03,19,19,0
20260418,P010,W03,26,26,0
20260419,P010,W03,14,14,0
20260420,P010,W03,25,25,0
20260421,P010,W03,30,30,0
20260422,P010,W03,28,28,0
20260423,P010,W03,26,26,0
20260424,P010,W03,18,18,0
20260425,P010,W03,30,30,0
20260426,P010,W03,20,20,0
20260427,P010,W03,28,28,0
20260428,P010,W03,20,20,0
20260429,P010,W03,27,27,0
20260430,P010,W03,18,18,0
20260501,P010,W03,17,17,0
20260502,P010,W03,25,25,0
20260503,P010,W03,21,21,0
20260504,P010,W03,17,17,0
20260505,P010,W03,17,17,0
20260506,P010,W03,22,22,0
20260507,P010,W03,26,26,0
20260508,P010,W03,23,23,0
20260509,P010,W03,23,23,0
20260510,P010,W03,14,14,0
20260511,P010,W03,25,25,0
20260512,P010,W03,16,16,0
20260513,P010,W03,13,13,0
20260514,P010,W03,19,19,0
20260515,P010,W03,29,29,0
20260516,P010,W03,33,33,0
20260517,P010,W03,18,18,0
20260518,P010,W03,26,26,0
20260519,P010,W03,24,24,0
20260520,P010,W03,30,30,0
20260521,P010,W03,17,17,0
20260522,P010,W03,31,31,0
20260523,P010,W03,19,19,0
20260524,P010,W03,21,21,0
20260525,P010,W03,34,34,0
20260526,P010,W03,23,23,0
20260527,P010,W03,21,21,0
20260528,P010,W03,31,31,0
20260529,P010,W03,21,21,0
20260530,P010,W03,29,29,0
20260531,P010,W03,15,15,0
20260601,P010,W03,16,16,0
20260602,P010,W03,15,15,0
20260603,P010,W03,21,21,0
20260604,P010,W03,26,26,0
20260605,P010,W03,25,25,0
20260606,P010,W03,23,23,0
20260607,P010,W03,15,15,0
20260608,P010,W03,29,29,0
20260609,P010,W03,29,29,0
20260610,P010,W03,26,26,0
20260611,P010,W03,16,16,0
20260612,P010,W03,19,19,0
20260613,P010,W03,22,22,0
20260614,P010,W03,11,11,0
20260615,P010,W03,22,22,0
20260616,P010,W03,15,15,0
20260617,P010,W03,30,30,0
20260618,P010,W03,25,25,0
20260619,P010,W03,23,23,0
20260620,P010,W03,29,29,0
20260621,P010,W03,12,12,0
20260622,P010,W03,30,30,0
20260623,P010,W03,35,35,0
20260624,P010,W03,21,21,0
20260625,P010,W03,25,25,0
20260626,P010,W03,35,35,0
20260627,P010,W03,21,21,0
20260628,P010,W03,14,14,0
20260629,P010,W03,28,28,0
20260630,P010,W03,25,25,0
20260701,P010,W03,22,22,0
20260702,P010,W03,21,21,0
20260703,P010,W03,28,28,0
20260704,P010,W03,23,23,0
20260705,P010,W03,11,11,0
20260706,P010,W03,24,24,0
20260707,P010,W03,16,16,0
20260708,P010,W03,19,19,0
20260709,P010,W03,22,22,0
20260710,P010,W03,13,13,0
20260711,P010,W03,27,27,0
20260712,P010,W03,10,10,0
20260713,P010,W03,21,21,0
20260714,P010,W03,23,23,0
20260715,P010,W03,19,19,0
20260716,P010,W03,22,22,0
20260717,P010,W03,22,22,0
20260718,P010,W03,24,24,0
20260719,P010,W03,11,11,0
20260720,P010,W03,19,19,0
20260721,P010,W03,15,15,0
20260722,P010,W03,17,17,0
20260723,P010,W03,26,26,0
20260724,P010,W03,33,33,0
20260725,P010,W03,26,26,0
20260726,P010,W03,20,20,0
20260727,P010,W03,22,22,0
20260728,P010,W03,12,12,0
20260729,P010,W03,32,32,0
20260730,P010,W03,28,28,0
20260731,P010,W03,25,25,0
20260801,P010,W03,23,23,0
20260802,P010,W03,13,13,0
20260803,P010,W03,31,31,0
20260804,P010,W03,30,30,0
20260805,P010,W03,18,18,0
20260806,P010,W03,27,27,0
20260807,P010,W03,17,17,0
20260808,P010,W03,21,21,0
20260809,P010,W03,12,12,0
20260810,P010,W03,20,20,0
20260811,P010,W03,23,23,0
20260812,P010,W03,17,17,0
20260813,P010,W03,20,20,0
20260814,P010,W03,16,16,0
20260815,P010,W03,18,18,0
20260816,P010,W03,14,14,0
20260817,P010,W03,24,24,0
20260818,P010,W03,14,14,0
20260819,P010,W03,24,24,0
20260820,P010,W03,15,15,0
20260821,P010,W03,17,17,0
20260822,P010,W03,15,15,0
20260823,P010,W03,10,10,0
20260824,P010,W03,24,24,0
20260825,P010,W03,27,27,0
20260826,P010,W03,29,29,0
20260827,P010,W03,19,19,0
20260828,P010,W03,17,17,0
20260829,P010,W03,23,23,0
20260830,P010,W03,11,11,0
20260831,P010,W03,25,25,0
20260901,P010,W03,22,22,0
20260902,P010,W03,17,17,0
20260903,P010,W03,20,20,0
20260904,P010,W03,20,20,0
20260905,P010,W03,21,21,0
20260906,P010,W03,20,20,0
20260907,P010,W03,19,19,0
20260908,P010,W03,20,20,0
20260909,P010,W03,17,17,0
20260910,P010,W03,20,20,0
20260911,P010,W03,22,22,0
20260912,P010,W03,22,22,0
20260913,P010,W03,11,11,0
20260914,P010,W03,22,22,0
20260915,P010,W03,27,27,0
20260916,P010,W03,23,23,0
20260917,P010,W03,25,25,0
20260918,P010,W03,18,18,0
20260919,P010,W03,29,29,0
20260920,P010,W03,13,13,0
20260921,P010,W03,21,21,0
20260922,P010,W03,26,26,0
20260923,P010,W03,22,22,0
20260924,P010,W03,14,14,0
20260925,P010,W03,20,20,0
20260926,P010,W03,13,13,0
20260927,P010,W03,7,7,0
20260928,P010,W03,19,19,0
20260929,P010,W03,22,22,0
20260930,P010,W03,21,21,0
20251001,P010,W04,13,13,0
20251002,P010,W04,15,15,0
20251003,P010,W04,25,25,0
20251004,P010,W04,24,24,0
20251005,P010,W04,7,7,0
20251006,P010,W04,18,18,0
20251007,P010,W04,19,19,0
20251008,P010,W04,15,15,0
20251009,P010,W04,12,12,0
20251010,P010,W04,22,22,0
20251011,P010,W04,18,18,0
20251012,P010,W04,18,18,0
20251013,P010,W04,18,18,0
20251014,P010,W04,16,16,0
20251015,P010,W04,17,17,0
20251016,P010,W04,21,21,0
20251017,P010,W04,19,19,0
20251018,P010,W04,19,19,0
20251019,P010,W04,5,5,0
20251020,P010,W04,19,19,0
20251021,P010,W04,19,19,0
20251022,P010,W04,22,22,0
20251023,P010,W04,16,16,0
20251024,P010,W04,11,11,0
20251025,P010,W04,19,19,0
20251026,P010,W04,3,3,0
20251027,P010,W04,15,15,0
20251028,P010,W04,16,16,0
20251029,P010,W04,18,18,0
20251030,P010,W04,12,12,0
20251031,P010,W04,23,23,0
20251101,P010,W04,23,23,0
20251102,P010,W04,8,8,0
20251103,P010,W04,20,20,0
20251104,P010,W04,12,12,0
20251105,P010,W04,15,15,0
20251106,P010,W04,27,27,0
20251107,P010,W04,16,16,0
20251108,P010,W04,15,15,0
20251109,P010,W04,5,5,0
20251110,P010,W04,24,24,0
20251111,P010,W04,21,21,0
20251112,P010,W04,18,18,0
20251113,P010,W04,14,14,0
20251114,P010,W04,13,8,5
20251115,P010,W04,26,0,26
20251116,P010,W04,15,0,15
20251117,P010,W04,20,0,20
20251118,P010,W04,17,0,17
20251119,P010,W04,16,0,16
20251120,P010,W04,9,0,9
20251121,P010,W04,17,0,17
20251122,P010,W04,18,0,18
20251123,P010,W04,14,0,14
20251124,P010,W04,24,0,24
20251125,P010,W04,18,18,0
20251126,P010,W04,15,15,0
20251127,P010,W04,27,27,0
20251128,P010,W04,15,15,0
20251129,P010,W04,22,22,0
20251130,P010,W04,15,15,0
20251201,P010,W04,21,21,0
20251202,P010,W04,20,20,0
20251203,P010,W04,18,18,0
20251204,P010,W04,20,20,0
20251205,P010,W04,22,22,0
20251206,P010,W04,20,20,0
20251207,P010,W04,18,18,0
20251208,P010,W04,17,17,0
20251209,P010,W04,24,24,0
20251210,P010,W04,15,15,0
20251211,P010,W04,20,20,0
20251212,P010,W04,14,14,0
20251213,P010,W04,27,27,0
20251214,P010,W04,12,12,0
20251215,P010,W04,18,18,0
20251216,P010,W04,12,12,0
20251217,P010,W04,22,22,0
20251218,P010,W04,13,13,0
20251219,P010,W04,17,17,0
20251220,P010,W04,20,20,0
20251221,P010,W04,8,8,0
20251222,P010,W04,17,17,0
20251223,P010,W04,23,23,0
20251224,P010,W04,18,18,0
20251225,P010,W04,18,18,0
20251226,P010,W04,25,4,21
20251227,P010,W04,15,0,15
20251228,P010,W04,11,0,11
20251229,P010,W04,16,0,16
20251230,P010,W04,12,12,0
20251231,P010,W04,22,22,0
20260101,P010,W04,15,15,0
20260102,P010,W04,18,18,0
20260103,P010,W04,27,27,0
20260104,P010,W04,14,14,0
20260105,P010,W04,19,19,0
20260106,P010,W04,16,16,0
20260107,P010,W04,20,20,0
20260108,P010,W04,19,19,0
20260109,P010,W04,18,18,0
20260110,P010,W04,18,18,0
20260111,P010,W04,17,17,0
20260112,P010,W04,26,26,0
20260113,P010,W04,18,18,0
20260114,P010,W04,28,28,0
20260115,P010,W04,25,25,0
20260116,P010,W04,17,17,0
20260117,P010,W04,19,19,0
20260118,P010,W04,10,10,0
20260119,P010,W04,22,22,0
20260120,P010,W04,20,20,0
20260121,P010,W04,27,27,0
20260122,P010,W04,20,20,0
20260123,P010,W04,21,21,0
20260124,P010,W04,28,28,0
20260125,P010,W04,16,16,0
20260126,P010,W04,20,20,0
20260127,P010,W04,14,14,0
20260128,P010,W04,17,4,13
20260129,P010,W04,14,0,14
20260130,P010,W04,14,0,14
20260131,P010,W04,23,0,23
20260201,P010,W04,15,0,15
20260202,P010,W04,27,0,27
20260203,P010,W04,12,0,12
20260204,P010,W04,18,0,18
20260205,P010,W04,17,0,17
20260206,P010,W04,18,0,18
20260207,P010,W04,21,0,21
20260208,P010,W04,8,0,8
20260209,P010,W04,20,20,0
20260210,P010,W04,21,21,0
20260211,P010,W04,21,21,0
20260212,P010,W04,19,19,0
20260213,P010,W04,22,22,0
20260214,P010,W04,25,25,0
20260215,P010,W04,11,11,0
20260216,P010,W04,19,19,0
20260217,P010,W04,22,22,0
20260218,P010,W04,18,18,0
20260219,P010,W04,17,17,0
20260220,P010,W04,21,21,0
20260221,P010,W04,20,20,0
20260222,P010,W04,11,11,0
20260223,P010,W04,24,24,0
20260224,P010,W04,17,17,0
20260225,P010,W04,22,22,0
20260226,P010,W04,20,20,0
20260227,P010,W04,24,24,0
20260228,P010,W04,23,23,0
20260301,P010,W04,10,10,0
20260302,P010,W04,21,21,0
20260303,P010,W04,19,19,0
20260304,P010,W04,22,22,0
20260305,P010,W04,21,21,0
20260306,P010,W04,21,21,0
20260307,P010,W04,25,25,0
20260308,P010,W04,7,7,0
20260309,P010,W04,13,13,0
20260310,P010,W04,22,14,8
20260311,P010,W04,16,0,16
20260312,P010,W04,18,0,18
20260313,P010,W04,16,16,0
20260314,P010,W04,17,17,0
20260315,P010,W04,9,9,0
20260316,P010,W04,25,25,0
20260317,P010,W04,18,18,0
20260318,P010,W04,16,16,0
20260319,P010,W04,28,28,0
20260320,P010,W04,29,29,0
20260321,P010,W04,22,22,0
20260322,P010,W04,11,11,0
20260323,P010,W04,21,21,0
20260324,P010,W04,21,21,0
20260325,P010,W04,24,24,0
20260326,P010,W04,26,26,0
20260327,P010,W04,21,21,0
20260328,P010,W04,21,21,0
20260329,P010,W04,13,13,0
20260330,P010,W04,26,26,0
20260331,P010,W04,16,16,0
20260401,P010,W04,24,24,0
20260402,P010,W04,23,23,0
20260403,P010,W04,18,18,0
20260404,P010,W04,16,16,0
20260405,P010,W04,8,8,0
20260406,P010,W04,23,23,0
20260407,P010,W04,24,24,0
20260408,P010,W04,17,17,0
20260409,P010,W04,9,9,0
20260410,P010,W04,27,27,0
20260411,P010,W04,27,17,10
20260412,P010,W04,16,0,16
20260413,P010,W04,14,0,14
20260414,P010,W04,15,15,0
20260415,P010,W04,22,22,0
20260416,P010,W04,20,20,0
20260417,P010,W04,17,17,0
20260418,P010,W04,21,21,0
20260419,P010,W04,11,11,0
20260420,P010,W04,30,30,0
20260421,P010,W04,24,24,0
20260422,P010,W04,19,19,0
20260423,P010,W04,29,29,0
20260424,P010,W04,16,16,0
20260425,P010,W04,19,19,0
20260426,P010,W04,12,12,0
20260427,P010,W04,27,27,0
20260428,P010,W04,20,20,0
20260429,P010,W04,23,23,0
20260430,P010,W04,18,18,0
20260501,P010,W04,15,15,0
20260502,P010,W04,26,26,0
20260503,P010,W04,11,11,0
20260504,P010,W04,18,18,0
20260505,P010,W04,23,23,0
20260506,P010,W04,16,16,0
20260507,P010,W04,21,21,0
20260508,P010,W04,17,17,0
20260509,P010,W04,23,23,0
20260510,P010,W04,17,17,0
20260511,P010,W04,24,24,0
20260512,P010,W04,18,18,0
20260513,P010,W04,15,14,1
20260514,P010,W04,21,21,0
20260515,P010,W04,21,21,0
20260516,P010,W04,14,14,0
20260517,P010,W04,20,20,0
20260518,P010,W04,22,22,0
20260519,P010,W04,20,20,0
20260520,P010,W04,22,22,0
20260521,P010,W04,11,11,0
20260522,P010,W04,20,20,0
20260523,P010,W04,26,26,0
20260524,P010,W04,12,12,0
20260525,P010,W04,19,19,0
20260526,P010,W04,16,16,0
20260527,P010,W04,15,15,0
20260528,P010,W04,23,23,0
20260529,P010,W04,22,22,0
20260530,P010,W04,22,22,0
20260531,P010,W04,13,13,0
20260601,P010,W04,26,26,0
20260602,P010,W04,16,16,0
20260603,P010,W04,20,20,0
20260604,P010,W04,12,12,0
20260605,P010,W04,21,21,0
20260606,P010,W04,13,13,0
20260607,P010,W04,14,14,0
20260608,P010,W04,28,28,0
20260609,P010,W04,16,16,0
20260610,P010,W04,16,16,0
20260611,P010,W04,15,15,0
20260612,P010,W04,19,19,0
20260613,P010,W04,18,18,0
20260614,P010,W04,12,12,0
20260615,P010,W04,14,14,0
20260616,P010,W04,17,12,5
20260617,P010,W04,13,0,13
20260618,P010,W04,19,0,19
20260619,P010,W04,22,0,22
20260620,P010,W04,19,0,19
20260621,P010,W04,15,0,15
20260622,P010,W04,24,0,24
20260623,P010,W04,17,0,17
20260624,P010,W04,19,0,19
20260625,P010,W04,20,0,20
20260626,P010,W04,19,0,19
20260627,P010,W04,20,0,20
20260628,P010,W04,14,0,14
20260629,P010,W04,22,0,22
20260630,P010,W04,22,22,0
20260701,P010,W04,17,17,0
20260702,P010,W04,17,17,0
20260703,P010,W04,17,17,0
20260704,P010,W04,24,24,0
20260705,P010,W04,13,13,0
20260706,P010,W04,14,14,0
20260707,P010,W04,15,15,0
20260708,P010,W04,24,24,0
20260709,P010,W04,21,21,0
20260710,P010,W04,17,17,0
20260711,P010,W04,18,18,0
20260712,P010,W04,9,9,0
20260713,P010,W04,28,28,0
20260714,P010,W04,19,19,0
20260715,P010,W04,22,22,0
20260716,P010,W04,13,13,0
20260717,P010,W04,17,17,0
20260718,P010,W04,23,23,0
20260719,P010,W04,11,11,0
20260720,P010,W04,19,19,0
20260721,P010,W04,22,22,0
20260722,P010,W04,20,20,0
20260723,P010,W04,22,22,0
20260724,P010,W04,15,15,0
20260725,P010,W04,26,26,0
20260726,P010,W04,13,13,0
20260727,P010,W04,12,12,0
20260728,P010,W04,15,15,0
20260729,P010,W04,24,24,0
20260730,P010,W04,22,21,1
20260731,P010,W04,19,0,19
20260801,P010,W04,17,0,17
20260802,P010,W04,11,0,11
20260803,P010,W04,21,0,21
20260804,P010,W04,17,0,17
20260805,P010,W04,21,0,21
20260806,P010,W04,14,0,14
20260807,P010,W04,22,0,22
20260808,P010,W04,18,0,18
20260809,P010,W04,15,0,15
20260810,P010,W04,22,0,22
20260811,P010,W04,23,23,0
20260812,P010,W04,20,20,0
20260813,P010,W04,17,17,0
20260814,P010,W04,19,19,0
20260815,P010,W04,14,14,0
20260816,P010,W04,15,15,0
20260817,P010,W04,21,21,0
20260818,P010,W04,20,20,0
20260819,P010,W04,17,17,0
20260820,P010,W04,20,20,0
20260821,P010,W04,28,28,0
20260822,P010,W04,13,13,0
20260823,P010,W04,11,11,0
20260824,P010,W04,12,12,0
20260825,P010,W04,15,15,0
20260826,P010,W04,16,16,0
20260827,P010,W04,17,17,0
20260828,P010,W04,16,16,0
20260829,P010,W04,19,19,0
20260830,P010,W04,16,16,0
20260831,P010,W04,19,19,0
20260901,P010,W04,23,23,0
20260902,P010,W04,21,21,0
20260903,P010,W04,12,12,0
20260904,P010,W04,21,21,0
20260905,P010,W04,21,21,0
20260906,P010,W04,10,10,0
20260907,P010,W04,24,24,0
20260908,P010,W04,16,16,0
20260909,P010,W04,12,12,0
20260910,P010,W04,22,22,0
20260911,P010,W04,18,18,0
20260912,P010,W04,22,22,0
20260913,P010,W04,9,2,7
20260914,P010,W04,19,0,19
20260915,P010,W04,24,24,0
20260916,P010,W04,14,14,0
20260917,P010,W04,15,15,0
20260918,P010,W04,22,22,0
20260919,P010,W04,15,15,0
20260920,P010,W04,12,12,0
20260921,P010,W04,16,16,0
20260922,P010,W04,19,19,0
20260923,P010,W04,16,16,0
20260924,P010,W04,16,16,0
20260925,P010,W04,18,18,0
20260926,P010,W04,19,19,0
20260927,P010,W04,9,9,0
20260928,P010,W04,20,20,0
20260929,P010,W04,17,17,0
20260930,P010,W04,18,18,0
20251001,P011,W01,22,22,0
20251002,P011,W01,18,18,0
20251003,P011,W01,9,9,0
20251004,P011,W01,17,17,0
20251005,P011,W01,12,12,0
20251006,P011,W01,16,16,0
20251007,P011,W01,24,24,0
20251008,P011,W01,15,15,0
20251009,P011,W01,24,24,0
20251010,P011,W01,24,24,0
20251011,P011,W01,21,21,0
20251012,P011,W01,12,12,0
20251013,P011,W01,18,18,0
20251014,P011,W01,21,21,0
20251015,P011,W01,15,15,0
20251016,P011,W01,17,17,0
20251017,P011,W01,23,23,0
20251018,P011,W01,18,18,0
20251019,P011,W01,12,12,0
20251020,P011,W01,26,26,0
20251021,P011,W01,23,23,0
20251022,P011,W01,30,30,0
20251023,P011,W01,22,22,0
20251024,P011,W01,15,15,0
20251025,P011,W01,25,25,0
20251026,P011,W01,14,14,0
20251027,P011,W01,19,19,0
20251028,P011,W01,18,18,0
20251029,P011,W01,22,22,0
20251030,P011,W01,18,18,0
20251031,P011,W01,28,28,0
20251101,P011,W01,15,15,0
20251102,P011,W01,15,15,0
20251103,P011,W01,16,16,0
20251104,P011,W01,25,25,0
20251105,P011,W01,17,17,0
20251106,P011,W01,23,23,0
20251107,P011,W01,12,12,0
20251108,P011,W01,14,14,0
20251109,P011,W01,17,17,0
20251110,P011,W01,16,16,0
20251111,P011,W01,11,11,0
20251112,P011,W01,22,22,0
20251113,P011,W01,22,22,0
20251114,P011,W01,23,23,0
20251115,P011,W01,10,10,0
20251116,P011,W01,11,11,0
20251117,P011,W01,30,30,0
20251118,P011,W01,13,13,0
20251119,P011,W01,18,18,0
20251120,P011,W01,18,18,0
20251121,P011,W01,16,16,0
20251122,P011,W01,23,23,0
20251123,P011,W01,15,15,0
20251124,P011,W01,15,15,0
20251125,P011,W01,18,18,0
20251126,P011,W01,19,19,0
20251127,P011,W01,26,26,0
20251128,P011,W01,16,16,0
20251129,P011,W01,27,27,0
20251130,P011,W01,7,7,0
20251201,P011,W01,14,14,0
20251202,P011,W01,9,9,0
20251203,P011,W01,23,23,0
20251204,P011,W01,18,18,0
20251205,P011,W01,22,22,0
20251206,P011,W01,17,17,0
20251207,P011,W01,19,19,0
20251208,P011,W01,24,24,0
20251209,P011,W01,12,12,0
20251210,P011,W01,23,23,0
20251211,P011,W01,18,18,0
20251212,P011,W01,23,23,0
20251213,P011,W01,19,19,0
20251214,P011,W01,13,13,0
20251215,P011,W01,23,23,0
20251216,P011,W01,15,15,0
20251217,P011,W01,14,14,0
20251218,P011,W01,25,25,0
20251219,P011,W01,21,21,0
20251220,P011,W01,15,15,0
20251221,P011,W01,15,15,0
20251222,P011,W01,29,29,0
20251223,P011,W01,17,17,0
20251224,P011,W01,17,17,0
20251225,P011,W01,22,22,0
20251226,P011,W01,22,22,0
20251227,P011,W01,26,26,0
20251228,P011,W01,10,10,0
20251229,P011,W01,27,27,0
20251230,P011,W01,19,19,0
20251231,P011,W01,14,14,0
20260101,P011,W01,19,19,0
20260102,P011,W01,21,21,0
20260103,P011,W01,19,19,0
20260104,P011,W01,13,13,0
20260105,P011,W01,18,18,0
20260106,P011,W01,14,14,0
20260107,P011,W01,19,19,0
20260108,P011,W01,23,23,0
20260109,P011,W01,15,15,0
20260110,P011,W01,25,25,0
20260111,P011,W01,16,16,0
20260112,P011,W01,19,19,0
20260113,P011,W01,20,20,0
20260114,P011,W01,17,17,0
20260115,P011,W01,20,20,0
20260116,P011,W01,22,22,0
20260117,P011,W01,24,24,0
20260118,P011,W01,10,10,0
20260119,P011,W01,22,22,0
20260120,P011,W01,21,21,0
20260121,P011,W01,18,18,0
20260122,P011,W01,12,12,0
20260123,P011,W01,24,24,0
20260124,P011,W01,25,25,0
20260125,P011,W01,11,11,0
20260126,P011,W01,15,15,0
20260127,P011,W01,22,22,0
20260128,P011,W01,23,23,0
20260129,P011,W01,16,16,0
20260130,P011,W01,25,25,0
20260131,P011,W01,26,26,0
20260201,P011,W01,17,17,0
20260202,P011,W01,17,17,0
20260203,P011,W01,28,28,0
20260204,P011,W01,21,21,0
20260205,P011,W01,23,23,0
20260206,P011,W01,20,20,0
20260207,P011,W01,22,22,0
20260208,P011,W01,13,13,0
20260209,P011,W01,14,14,0
20260210,P011,W01,22,22,0
20260211,P011,W01,14,14,0
20260212,P011,W01,15,15,0
20260213,P011,W01,28,28,0
20260214,P011,W01,16,16,0
20260215,P011,W01,13,13,0
20260216,P011,W01,14,14,0
20260217,P011,W01,9,9,0
20260218,P011,W01,11,11,0
20260219,P011,W01,18,18,0
20260220,P011,W01,19,19,0
20260221,P011,W01,26,26,0
20260222,P011,W01,15,15,0
20260223,P011,W01,20,20,0
20260224,P011,W01,17,17,0
20260225,P011,W01,18,18,0
20260226,P011,W01,22,22,0
20260227,P011,W01,21,21,0
20260228,P011,W01,23,23,0
20260301,P011,W01,16,16,0
20260302,P011,W01,21,21,0
20260303,P011,W01,23,23,0
20260304,P011,W01,16,16,0
20260305,P011,W01,27,27,0
20260306,P011,W01,21,21,0
20260307,P011,W01,26,26,0
20260308,P011,W01,9,9,0
20260309,P011,W01,15,15,0
20260310,P011,W01,16,16,0
20260311,P011,W01,19,19,0
20260312,P011,W01,17,17,0
20260313,P011,W01,16,16,0
20260314,P011,W01,22,22,0
20260315,P011,W01,13,13,0
20260316,P011,W01,23,23,0
20260317,P011,W01,16,16,0
20260318,P011,W01,25,25,0
20260319,P011,W01,16,16,0
20260320,P011,W01,24,24,0
20260321,P011,W01,16,16,0
20260322,P011,W01,12,12,0
20260323,P011,W01,17,17,0
20260324,P011,W01,22,22,0
20260325,P011,W01,16,16,0
20260326,P011,W01,14,14,0
20260327,P011,W01,23,23,0
20260328,P011,W01,21,21,0
20260329,P011,W01,7,7,0
20260330,P011,W01,15,15,0
20260331,P011,W01,17,17,0
20260401,P011,W01,23,23,0
20260402,P011,W01,29,29,0
20260403,P011,W01,27,27,0
20260404,P011,W01,15,15,0
20260405,P011,W01,14,14,0
20260406,P011,W01,31,31,0
20260407,P011,W01,15,15,0
20260408,P011,W01,17,17,0
20260409,P011,W01,16,16,0
20260410,P011,W01,22,22,0
20260411,P011,W01,21,21,0
20260412,P011,W01,17,17,0
20260413,P011,W01,24,24,0
20260414,P011,W01,22,22,0
20260415,P011,W01,21,21,0
20260416,P011,W01,20,20,0
20260417,P011,W01,26,26,0
20260418,P011,W01,34,34,0
20260419,P011,W01,10,10,0
20260420,P011,W01,27,27,0
20260421,P011,W01,18,18,0
20260422,P011,W01,19,19,0
20260423,P011,W01,21,21,0
20260424,P011,W01,20,20,0
20260425,P011,W01,16,16,0
20260426,P011,W01,13,13,0
20260427,P011,W01,26,26,0
20260428,P011,W01,13,13,0
20260429,P011,W01,25,25,0
20260430,P011,W01,15,15,0
20260501,P011,W01,22,22,0
20260502,P011,W01,22,22,0
20260503,P011,W01,18,18,0
20260504,P011,W01,21,21,0
20260505,P011,W01,20,20,0
20260506,P011,W01,27,27,0
20260507,P011,W01,19,19,0
20260508,P011,W01,21,21,0
20260509,P011,W01,14,14,0
20260510,P011,W01,15,15,0
20260511,P011,W01,18,18,0
20260512,P011,W01,21,21,0
20260513,P011,W01,18,18,0
20260514,P011,W01,37,37,0
20260515,P011,W01,18,18,0
20260516,P011,W01,16,16,0
20260517,P011,W01,15,15,0
20260518,P011,W01,16,16,0
20260519,P011,W01,20,20,0
20260520,P011,W01,30,30,0
20260521,P011,W01,15,15,0
20260522,P011,W01,21,21,0
20260523,P011,W01,32,32,0
20260524,P011,W01,14,14,0
20260525,P011,W01,26,26,0
20260526,P011,W01,16,16,0
20260527,P011,W01,22,22,0
20260528,P011,W01,19,19,0
20260529,P011,W01,18,18,0
20260530,P011,W01,17,17,0
20260531,P011,W01,12,12,0
20260601,P011,W01,19,19,0
20260602,P011,W01,17,17,0
20260603,P011,W01,23,23,0
20260604,P011,W01,16,16,0
20260605,P011,W01,20,20,0
20260606,P011,W01,21,21,0
20260607,P011,W01,7,7,0
20260608,P011,W01,33,33,0
20260609,P011,W01,14,14,0
20260610,P011,W01,15,15,0
20260611,P011,W01,23,23,0
20260612,P011,W01,15,15,0
20260613,P011,W01,17,17,0
20260614,P011,W01,14,14,0
20260615,P011,W01,20,20,0
20260616,P011,W01,16,16,0
20260617,P011,W01,28,28,0
20260618,P011,W01,17,17,0
20260619,P011,W01,30,30,0
20260620,P011,W01,18,18,0
20260621,P011,W01,16,16,0
20260622,P011,W01,20,20,0
20260623,P011,W01,25,25,0
20260624,P011,W01,21,21,0
20260625,P011,W01,22,22,0
20260626,P011,W01,20,20,0
20260627,P011,W01,11,11,0
20260628,P011,W01,16,16,0
20260629,P011,W01,26,26,0
20260630,P011,W01,17,17,0
20260701,P011,W01,18,18,0
20260702,P011,W01,23,23,0
20260703,P011,W01,23,23,0
20260704,P011,W01,21,21,0
20260705,P011,W01,13,13,0
20260706,P011,W01,15,15,0
20260707,P011,W01,15,15,0
20260708,P011,W01,22,22,0
20260709,P011,W01,20,20,0
20260710,P011,W01,19,19,0
20260711,P011,W01,20,20,0
20260712,P011,W01,10,10,0
20260713,P011,W01,22,22,0
20260714,P011,W01,17,17,0
20260715,P011,W01,16,16,0
20260716,P011,W01,20,20,0
20260717,P011,W01,20,20,0
20260718,P011,W01,16,16,0
20260719,P011,W01,9,9,0
20260720,P011,W01,25,25,0
20260721,P011,W01,14,14,0
20260722,P011,W01,9,9,0
20260723,P011,W01,21,21,0
20260724,P011,W01,25,25,0
20260725,P011,W01,27,27,0
20260726,P011,W01,10,10,0
20260727,P011,W01,25,25,0
20260728,P011,W01,15,15,0
20260729,P011,W01,26,26,0
20260730,P011,W01,24,24,0
20260731,P011,W01,19,19,0
20260801,P011,W01,24,24,0
20260802,P011,W01,9,9,0
20260803,P011,W01,10,10,0
20260804,P011,W01,15,15,0
20260805,P011,W01,21,21,0
20260806,P011,W01,15,15,0
20260807,P011,W01,22,22,0
20260808,P011,W01,22,22,0
20260809,P011,W01,9,9,0
20260810,P011,W01,26,26,0
20260811,P011,W01,16,16,0
20260812,P011,W01,17,17,0
20260813,P011,W01,18,18,0
20260814,P011,W01,16,16,0
20260815,P011,W01,21,21,0
20260816,P011,W01,9,9,0
20260817,P011,W01,17,17,0
20260818,P011,W01,13,13,0
20260819,P011,W01,15,15,0
20260820,P011,W01,21,21,0
20260821,P011,W01,12,12,0
20260822,P011,W01,27,27,0
20260823,P011,W01,13,13,0
20260824,P011,W01,24,24,0
20260825,P011,W01,15,15,0
20260826,P011,W01,16,16,0
20260827,P011,W01,16,16,0
20260828,P011,W01,24,24,0
20260829,P011,W01,28,28,0
20260830,P011,W01,9,9,0
20260831,P011,W01,18,18,0
20260901,P011,W01,20,20,0
20260902,P011,W01,20,20,0
20260903,P011,W01,21,21,0
20260904,P011,W01,16,16,0
20260905,P011,W01,19,19,0
20260906,P011,W01,11,11,0
20260907,P011,W01,28,28,0
20260908,P011,W01,15,15,0
20260909,P011,W01,20,20,0
20260910,P011,W01,18,18,0
20260911,P011,W01,16,16,0
20260912,P011,W01,17,17,0
20260913,P011,W01,19,19,0
20260914,P011,W01,25,25,0
20260915,P011,W01,20,20,0
20260916,P011,W01,18,18,0
20260917,P011,W01,13,13,0
20260918,P011,W01,26,26,0
20260919,P011,W01,22,22,0
20260920,P011,W01,14,14,0
20260921,P011,W01,19,19,0
20260922,P011,W01,14,14,0
20260923,P011,W01,25,25,0
20260924,P011,W01,19,19,0
20260925,P011,W01,17,17,0
20260926,P011,W01,22,22,0
20260927,P011,W01,12,12,0
20260928,P011,W01,18,18,0
20260929,P011,W01,14,14,0
20260930,P011,W01,17,17,0
20251001,P011,W02,25,25,0
20251002,P011,W02,16,16,0
20251003,P011,W02,21,21,0
20251004,P011,W02,26,26,0
20251005,P011,W02,15,15,0
20251006,P011,W02,18,18,0
20251007,P011,W02,14,14,0
20251008,P011,W02,16,16,0
20251009,P011,W02,16,16,0
20251010,P011,W02,26,26,0
20251011,P011,W02,23,23,0
20251012,P011,W02,14,14,0
20251013,P011,W02,23,23,0
20251014,P011,W02,24,24,0
20251015,P011,W02,22,22,0
20251016,P011,W02,22,22,0
20251017,P011,W02,21,21,0
20251018,P011,W02,20,20,0
20251019,P011,W02,10,10,0
20251020,P011,W02,22,22,0
20251021,P011,W02,20,20,0
20251022,P011,W02,17,17,0
20251023,P011,W02,23,23,0
20251024,P011,W02,17,17,0
20251025,P011,W02,17,17,0
20251026,P011,W02,22,22,0
20251027,P011,W02,18,18,0
20251028,P011,W02,17,17,0
20251029,P011,W02,21,21,0
20251030,P011,W02,18,18,0
20251031,P011,W02,25,25,0
20251101,P011,W02,18,18,0
20251102,P011,W02,14,14,0
20251103,P011,W02,20,20,0
20251104,P011,W02,27,27,0
20251105,P011,W02,21,21,0
20251106,P011,W02,19,19,0
20251107,P011,W02,17,17,0
20251108,P011,W02,19,19,0
20251109,P011,W02,14,14,0
20251110,P011,W02,18,18,0
20251111,P011,W02,22,22,0
20251112,P011,W02,18,18,0
20251113,P011,W02,18,18,0
20251114,P011,W02,20,20,0
20251115,P011,W02,19,19,0
20251116,P011,W02,11,11,0
20251117,P011,W02,17,17,0
20251118,P011,W02,25,25,0
20251119,P011,W02,25,25,0
20251120,P011,W02,18,18,0
20251121,P011,W02,21,21,0
20251122,P011,W02,28,28,0
20251123,P011,W02,16,16,0
20251124,P011,W02,25,25,0
20251125,P011,W02,20,20,0
20251126,P011,W02,34,34,0
20251127,P011,W02,14,14,0
20251128,P011,W02,23,23,0
20251129,P011,W02,28,28,0
20251130,P011,W02,16,16,0
20251201,P011,W02,23,23,0
20251202,P011,W02,19,19,0
20251203,P011,W02,21,21,0
20251204,P011,W02,20,20,0
20251205,P011,W02,18,18,0
20251206,P011,W02,20,20,0
20251207,P011,W02,13,13,0
20251208,P011,W02,26,26,0
20251209,P011,W02,16,16,0
20251210,P011,W02,20,20,0
20251211,P011,W02,25,25,0
20251212,P011,W02,32,32,0
20251213,P011,W02,19,19,0
20251214,P011,W02,18,18,0
20251215,P011,W02,25,25,0
20251216,P011,W02,22,22,0
20251217,P011,W02,18,18,0
20251218,P011,W02,14,14,0
20251219,P011,W02,24,24,0
20251220,P011,W02,17,17,0
20251221,P011,W02,14,14,0
20251222,P011,W02,27,27,0
20251223,P011,W02,20,20,0
20251224,P011,W02,27,27,0
20251225,P011,W02,23,23,0
20251226,P011,W02,35,35,0
20251227,P011,W02,20,20,0
20251228,P011,W02,15,15,0
20251229,P011,W02,24,24,0
20251230,P011,W02,24,24,0
20251231,P011,W02,30,30,0
20260101,P011,W02,29,29,0
20260102,P011,W02,18,18,0
20260103,P011,W02,22,22,0
20260104,P011,W02,11,11,0
20260105,P011,W02,26,26,0
20260106,P011,W02,20,20,0
20260107,P011,W02,14,14,0
20260108,P011,W02,23,23,0
20260109,P011,W02,14,14,0
20260110,P011,W02,18,18,0
20260111,P011,W02,8,8,0
20260112,P011,W02,22,22,0
20260113,P011,W02,24,24,0
20260114,P011,W02,27,27,0
20260115,P011,W02,27,27,0
20260116,P011,W02,33,33,0
20260117,P011,W02,26,26,0
20260118,P011,W02,12,12,0
20260119,P011,W02,21,21,0
20260120,P011,W02,17,17,0
20260121,P011,W02,24,24,0
20260122,P011,W02,36,36,0
20260123,P011,W02,19,19,0
20260124,P011,W02,18,18,0
20260125,P011,W02,15,15,0
20260126,P011,W02,30,30,0
20260127,P011,W02,15,15,0
20260128,P011,W02,14,14,0
20260129,P011,W02,17,17,0
20260130,P011,W02,22,22,0
20260131,P011,W02,23,23,0
20260201,P011,W02,9,9,0
20260202,P011,W02,18,18,0
20260203,P011,W02,28,28,0
20260204,P011,W02,31,31,0
20260205,P011,W02,20,20,0
20260206,P011,W02,22,22,0
20260207,P011,W02,17,17,0
20260208,P011,W02,18,18,0
20260209,P011,W02,21,21,0
20260210,P011,W02,25,25,0
20260211,P011,W02,28,28,0
20260212,P011,W02,24,24,0
20260213,P011,W02,39,29,10
20260214,P011,W02,23,23,0
20260215,P011,W02,17,17,0
20260216,P011,W02,24,24,0
20260217,P011,W02,28,28,0
20260218,P011,W02,23,23,0
20260219,P011,W02,17,17,0
20260220,P011,W02,20,20,0
20260221,P011,W02,23,23,0
20260222,P011,W02,12,12,0
20260223,P011,W02,34,34,0
20260224,P011,W02,34,34,0
20260225,P011,W02,23,23,0
20260226,P011,W02,22,22,0
20260227,P011,W02,23,23,0
20260228,P011,W02,26,26,0
20260301,P011,W02,8,8,0
20260302,P011,W02,26,26,0
20260303,P011,W02,28,28,0
20260304,P011,W02,21,21,0
20260305,P011,W02,25,25,0
20260306,P011,W02,21,21,0
20260307,P011,W02,22,22,0
20260308,P011,W02,16,16,0
20260309,P011,W02,24,24,0
20260310,P011,W02,20,20,0
20260311,P011,W02,17,17,0
20260312,P011,W02,23,23,0
20260313,P011,W02,24,24,0
20260314,P011,W02,21,21,0
20260315,P011,W02,19,19,0
20260316,P011,W02,20,20,0
20260317,P011,W02,14,14,0
20260318,P011,W02,25,25,0
20260319,P011,W02,28,28,0
20260320,P011,W02,19,19,0
20260321,P011,W02,26,26,0
20260322,P011,W02,16,16,0
20260323,P011,W02,22,22,0
20260324,P011,W02,19,19,0
20260325,P011,W02,25,25,0
20260326,P011,W02,24,24,0
20260327,P011,W02,25,25,0
20260328,P011,W02,17,17,0
20260329,P011,W02,7,7,0
20260330,P011,W02,19,19,0
20260331,P011,W02,30,30,0
20260401,P011,W02,23,23,0
20260402,P011,W02,22,22,0
20260403,P011,W02,36,36,0
20260404,P011,W02,22,22,0
20260405,P011,W02,16,16,0
20260406,P011,W02,24,24,0
20260407,P011,W02,14,14,0
20260408,P011,W02,18,18,0
20260409,P011,W02,21,21,0
20260410,P011,W02,24,24,0
20260411,P011,W02,22,22,0
20260412,P011,W02,16,16,0
20260413,P011,W02,22,22,0
20260414,P011,W02,26,26,0
20260415,P011,W02,30,30,0
20260416,P011,W02,20,20,0
20260417,P011,W02,18,18,0
20260418,P011,W02,18,18,0
20260419,P011,W02,20,20,0
20260420,P011,W02,22,22,0
20260421,P011,W02,15,15,0
20260422,P011,W02,25,25,0
20260423,P011,W02,22,22,0
20260424,P011,W02,23,23,0
20260425,P011,W02,20,20,0
20260426,P011,W02,7,7,0
20260427,P011,W02,26,26,0
20260428,P011,W02,22,22,0
20260429,P011,W02,20,20,0
20260430,P011,W02,18,18,0
20260501,P011,W02,20,20,0
20260502,P011,W02,22,22,0
20260503,P011,W02,11,11,0
20260504,P011,W02,27,27,0
20260505,P011,W02,25,25,0
20260506,P011,W02,23,23,0
20260507,P011,W02,17,17,0
20260508,P011,W02,21,21,0
20260509,P011,W02,18,18,0
20260510,P011,W02,21,21,0
20260511,P011,W02,22,22,0
20260512,P011,W02,18,18,0
20260513,P011,W02,24,24,0
20260514,P011,W02,22,22,0
20260515,P011,W02,22,22,0
20260516,P011,W02,21,21,0
20260517,P011,W02,15,15,0
20260518,P011,W02,19,19,0
20260519,P011,W02,21,21,0
20260520,P011,W02,17,17,0
20260521,P011,W02,11,11,0
20260522,P011,W02,25,25,0
20260523,P011,W02,26,26,0
20260524,P011,W02,13,13,0
20260525,P011,W02,25,25,0
20260526,P011,W02,16,16,0
20260527,P011,W02,18,18,0
20260528,P011,W02,24,24,0
20260529,P011,W02,24,24,0
20260530,P011,W02,26,26,0
20260531,P011,W02,10,10,0
20260601,P011,W02,19,19,0
20260602,P011,W02,20,20,0
20260603,P011,W02,17,17,0
20260604,P011,W02,24,24,0
20260605,P011,W02,21,21,0
20260606,P011,W02,22,22,0
20260607,P011,W02,13,13,0
20260608,P011,W02,27,27,0
20260609,P011,W02,21,21,0
20260610,P011,W02,32,32,0
20260611,P011,W02,17,17,0
20260612,P011,W02,25,25,0
20260613,P011,W02,16,16,0
20260614,P011,W02,10,10,0
20260615,P011,W02,21,21,0
20260616,P011,W02,20,20,0
20260617,P011,W02,17,17,0
20260618,P011,W02,20,20,0
20260619,P011,W02,19,19,0
20260620,P011,W02,23,23,0
20260621,P011,W02,20,20,0
20260622,P011,W02,20,20,0
20260623,P011,W02,25,25,0
20260624,P011,W02,14,14,0
20260625,P011,W02,27,27,0
20260626,P011,W02,30,30,0
20260627,P011,W02,20,20,0
20260628,P011,W02,9,9,0
20260629,P011,W02,17,17,0
20260630,P011,W02,23,23,0
20260701,P011,W02,21,21,0
20260702,P011,W02,15,15,0
20260703,P011,W02,21,21,0
20260704,P011,W02,28,28,0
20260705,P011,W02,13,13,0
20260706,P011,W02,23,23,0
20260707,P011,W02,19,19,0
20260708,P011,W02,16,16,0
20260709,P011,W02,22,22,0
20260710,P011,W02,27,27,0
20260711,P011,W02,17,17,0
20260712,P011,W02,12,12,0
20260713,P011,W02,30,30,0
20260714,P011,W02,20,20,0
20260715,P011,W02,25,25,0
20260716,P011,W02,18,18,0
20260717,P011,W02,24,24,0
20260718,P011,W02,19,19,0
20260719,P011,W02,9,9,0
20260720,P011,W02,25,25,0
20260721,P011,W02,21,21,0
20260722,P011,W02,19,19,0
20260723,P011,W02,16,16,0
20260724,P011,W02,29,29,0
20260725,P011,W02,27,27,0
20260726,P011,W02,11,11,0
20260727,P011,W02,14,14,0
20260728,P011,W02,21,21,0
20260729,P011,W02,27,27,0
20260730,P011,W02,21,21,0
20260731,P011,W02,27,27,0
20260801,P011,W02,22,22,0
20260802,P011,W02,17,17,0
20260803,P011,W02,28,28,0
20260804,P011,W02,17,17,0
20260805,P011,W02,23,23,0
20260806,P011,W02,12,12,0
20260807,P011,W02,25,25,0
20260808,P011,W02,28,28,0
20260809,P011,W02,21,21,0
20260810,P011,W02,19,19,0
20260811,P011,W02,17,17,0
20260812,P011,W02,24,24,0
20260813,P011,W02,20,20,0
20260814,P011,W02,30,30,0
20260815,P011,W02,19,19,0
20260816,P011,W02,14,14,0
20260817,P011,W02,15,15,0
20260818,P011,W02,18,18,0
20260819,P011,W02,28,28,0
20260820,P011,W02,23,23,0
20260821,P011,W02,26,26,0
20260822,P011,W02,20,20,0
20260823,P011,W02,13,13,0
20260824,P011,W02,15,15,0
20260825,P011,W02,21,21,0
20260826,P011,W02,21,21,0
20260827,P011,W02,24,24,0
20260828,P011,W02,29,29,0
20260829,P011,W02,22,22,0
20260830,P011,W02,16,16,0
20260831,P011,W02,15,15,0
20260901,P011,W02,14,14,0
20260902,P011,W02,21,21,0
20260903,P011,W02,20,20,0
20260904,P011,W02,16,16,0
20260905,P011,W02,20,20,0
20260906,P011,W02,10,10,0
20260907,P011,W02,26,26,0
20260908,P011,W02,16,16,0
20260909,P011,W02,23,23,0
20260910,P011,W02,22,22,0
20260911,P011,W02,13,13,0
20260912,P011,W02,22,22,0
20260913,P011,W02,15,15,0
20260914,P011,W02,25,25,0
20260915,P011,W02,27,27,0
20260916,P011,W02,20,20,0
20260917,P011,W02,31,31,0
20260918,P011,W02,26,26,0
20260919,P011,W02,27,27,0
20260920,P011,W02,25,25,0
20260921,P011,W02,16,16,0
20260922,P011,W02,16,16,0
20260923,P011,W02,17,17,0
20260924,P011,W02,16,16,0
20260925,P011,W02,25,25,0
20260926,P011,W02,24,24,0
20260927,P011,W02,10,10,0
20260928,P011,W02,20,20,0
20260929,P011,W02,15,15,0
20260930,P011,W02,19,19,0
20251001,P011,W03,18,18,0
20251002,P011,W03,15,15,0
20251003,P011,W03,19,19,0
20251004,P011,W03,14,14,0
20251005,P011,W03,9,9,0
20251006,P011,W03,18,18,0
20251007,P011,W03,15,15,0
20251008,P011,W03,20,20,0
20251009,P011,W03,24,24,0
20251010,P011,W03,19,19,0
20251011,P011,W03,16,16,0
20251012,P011,W03,8,8,0
20251013,P011,W03,25,25,0
20251014,P011,W03,8,8,0
20251015,P011,W03,19,19,0
20251016,P011,W03,13,13,0
20251017,P011,W03,20,20,0
20251018,P011,W03,13,13,0
20251019,P011,W03,11,11,0
20251020,P011,W03,9,9,0
20251021,P011,W03,17,17,0
20251022,P011,W03,12,12,0
20251023,P011,W03,23,23,0
20251024,P011,W03,25,25,0
20251025,P011,W03,17,17,0
20251026,P011,W03,16,16,0
20251027,P011,W03,13,13,0
20251028,P011,W03,13,13,0
20251029,P011,W03,15,15,0
20251030,P011,W03,16,16,0
20251031,P011,W03,10,10,0
20251101,P011,W03,13,13,0
20251102,P011,W03,9,9,0
20251103,P011,W03,20,20,0
20251104,P011,W03,9,9,0
20251105,P011,W03,14,14,0
20251106,P011,W03,7,7,0
20251107,P011,W03,19,19,0
20251108,P011,W03,15,15,0
20251109,P011,W03,8,8,0
20251110,P011,W03,15,15,0
20251111,P011,W03,19,19,0
20251112,P011,W03,15,15,0
20251113,P011,W03,16,16,0
20251114,P011,W03,13,13,0
20251115,P011,W03,16,16,0
20251116,P011,W03,5,5,0
20251117,P011,W03,21,21,0
20251118,P011,W03,23,23,0
20251119,P011,W03,15,15,0
20251120,P011,W03,19,19,0
20251121,P011,W03,17,17,0
20251122,P011,W03,11,11,0
20251123,P011,W03,10,10,0
20251124,P011,W03,20,20,0
20251125,P011,W03,18,18,0
20251126,P011,W03,17,17,0
20251127,P011,W03,16,16,0
20251128,P011,W03,21,21,0
20251129,P011,W03,15,15,0
20251130,P011,W03,6,6,0
20251201,P011,W03,18,18,0
20251202,P011,W03,9,9,0
20251203,P011,W03,14,14,0
20251204,P011,W03,14,14,0
20251205,P011,W03,18,18,0
20251206,P011,W03,13,13,0
20251207,P011,W03,8,8,0
20251208,P011,W03,19,19,0
20251209,P011,W03,23,23,0
20251210,P011,W03,18,18,0
20251211,P011,W03,16,16,0
20251212,P011,W03,22,22,0
20251213,P011,W03,19,19,0
20251214,P011,W03,11,11,0
20251215,P011,W03,12,12,0
20251216,P011,W03,12,12,0
20251217,P011,W03,15,15,0
20251218,P011,W03,8,8,0
20251219,P011,W03,17,17,0
20251220,P011,W03,12,12,0
20251221,P011,W03,8,8,0
20251222,P011,W03,18,18,0
20251223,P011,W03,26,26,0
20251224,P011,W03,12,12,0
20251225,P011,W03,16,16,0
20251226,P011,W03,24,24,0
20251227,P011,W03,25,25,0
20251228,P011,W03,11,11,0
20251229,P011,W03,13,13,0
20251230,P011,W03,12,12,0
20251231,P011,W03,23,23,0
20260101,P011,W03,21,21,0
20260102,P011,W03,17,17,0
20260103,P011,W03,15,15,0
20260104,P011,W03,10,10,0
20260105,P011,W03,20,20,0
20260106,P011,W03,16,16,0
20260107,P011,W03,14,14,0
20260108,P011,W03,16,16,0
20260109,P011,W03,24,24,0
20260110,P011,W03,10,10,0
20260111,P011,W03,18,18,0
20260112,P011,W03,18,18,0
20260113,P011,W03,22,22,0
20260114,P011,W03,16,16,0
20260115,P011,W03,19,19,0
20260116,P011,W03,17,17,0
20260117,P011,W03,21,21,0
20260118,P011,W03,10,10,0
20260119,P011,W03,21,21,0
20260120,P011,W03,14,14,0
20260121,P011,W03,19,19,0
20260122,P011,W03,17,17,0
20260123,P011,W03,24,24,0
20260124,P011,W03,19,19,0
20260125,P011,W03,5,5,0
20260126,P011,W03,19,19,0
20260127,P011,W03,20,20,0
20260128,P011,W03,15,15,0
20260129,P011,W03,16,16,0
20260130,P011,W03,28,28,0
20260131,P011,W03,19,19,0
20260201,P011,W03,8,8,0
20260202,P011,W03,24,24,0
20260203,P011,W03,14,14,0
20260204,P011,W03,17,17,0
20260205,P011,W03,18,18,0
20260206,P011,W03,23,23,0
20260207,P011,W03,10,10,0
20260208,P011,W03,9,9,0
20260209,P011,W03,20,20,0
20260210,P011,W03,23,23,0
20260211,P011,W03,11,11,0
20260212,P011,W03,19,19,0
20260213,P011,W03,22,22,0
20260214,P011,W03,16,16,0
20260215,P011,W03,14,14,0
20260216,P011,W03,15,15,0
20260217,P011,W03,22,22,0
20260218,P011,W03,28,28,0
20260219,P011,W03,18,18,0
20260220,P011,W03,16,16,0
20260221,P011,W03,22,22,0
20260222,P011,W03,13,13,0
20260223,P011,W03,20,20,0
20260224,P011,W03,19,19,0
20260225,P011,W03,21,21,0
20260226,P011,W03,20,20,0
20260227,P011,W03,20,20,0
20260228,P011,W03,21,21,0
20260301,P011,W03,15,15,0
20260302,P011,W03,17,17,0
20260303,P011,W03,17,17,0
20260304,P011,W03,23,23,0
20260305,P011,W03,18,18,0
20260306,P011,W03,13,13,0
20260307,P011,W03,21,21,0
20260308,P011,W03,16,16,0
20260309,P011,W03,14,14,0
20260310,P011,W03,16,16,0
20260311,P011,W03,16,16,0
20260312,P011,W03,18,18,0
20260313,P011,W03,17,17,0
20260314,P011,W03,13,13,0
20260315,P011,W03,13,13,0
20260316,P011,W03,26,26,0
20260317,P011,W03,10,10,0
20260318,P011,W03,11,11,0
20260319,P011,W03,17,17,0
20260320,P011,W03,11,11,0
20260321,P011,W03,19,19,0
20260322,P011,W03,14,14,0
20260323,P011,W03,24,24,0
20260324,P011,W03,16,16,0
20260325,P011,W03,11,11,0
20260326,P011,W03,20,20,0
20260327,P011,W03,28,28,0
20260328,P011,W03,29,29,0
20260329,P011,W03,8,8,0
20260330,P011,W03,17,17,0
20260331,P011,W03,22,22,0
20260401,P011,W03,27,27,0
20260402,P011,W03,22,22,0
20260403,P011,W03,12,12,0
20260404,P011,W03,20,20,0
20260405,P011,W03,6,6,0
20260406,P011,W03,17,17,0
20260407,P011,W03,19,19,0
20260408,P011,W03,20,20,0
20260409,P011,W03,13,13,0
20260410,P011,W03,20,20,0
20260411,P011,W03,22,22,0
20260412,P011,W03,9,9,0
20260413,P011,W03,18,18,0
20260414,P011,W03,13,13,0
20260415,P011,W03,16,16,0
20260416,P011,W03,21,21,0
20260417,P011,W03,21,21,0
20260418,P011,W03,22,22,0
20260419,P011,W03,13,13,0
20260420,P011,W03,12,12,0
20260421,P011,W03,12,12,0
20260422,P011,W03,12,12,0
20260423,P011,W03,20,20,0
20260424,P011,W03,26,26,0
20260425,P011,W03,16,16,0
20260426,P011,W03,13,13,0
20260427,P011,W03,16,16,0
20260428,P011,W03,20,20,0
20260429,P011,W03,18,18,0
20260430,P011,W03,14,14,0
20260501,P011,W03,11,11,0
20260502,P011,W03,17,17,0
20260503,P011,W03,22,22,0
20260504,P011,W03,20,20,0
20260505,P011,W03,14,14,0
20260506,P011,W03,17,17,0
20260507,P011,W03,15,15,0
20260508,P011,W03,24,24,0
20260509,P011,W03,18,18,0
20260510,P011,W03,8,8,0
20260511,P011,W03,15,15,0
20260512,P011,W03,18,18,0
20260513,P011,W03,19,19,0
20260514,P011,W03,16,16,0
20260515,P011,W03,17,17,0
20260516,P011,W03,13,13,0
20260517,P011,W03,12,12,0
20260518,P011,W03,19,19,0
20260519,P011,W03,12,12,0
20260520,P011,W03,23,23,0
20260521,P011,W03,15,15,0
20260522,P011,W03,14,14,0
20260523,P011,W03,16,16,0
20260524,P011,W03,13,13,0
20260525,P011,W03,18,18,0
20260526,P011,W03,20,20,0
20260527,P011,W03,12,12,0
20260528,P011,W03,14,14,0
20260529,P011,W03,16,16,0
20260530,P011,W03,23,23,0
20260531,P011,W03,9,9,0
20260601,P011,W03,24,24,0
20260602,P011,W03,28,28,0
20260603,P011,W03,20,20,0
20260604,P011,W03,16,16,0
20260605,P011,W03,20,20,0
20260606,P011,W03,17,17,0
20260607,P011,W03,10,10,0
20260608,P011,W03,22,22,0
20260609,P011,W03,20,20,0
20260610,P011,W03,11,11,0
20260611,P011,W03,17,17,0
20260612,P011,W03,15,15,0
20260613,P011,W03,13,13,0
20260614,P011,W03,10,10,0
20260615,P011,W03,16,16,0
20260616,P011,W03,16,16,0
20260617,P011,W03,9,9,0
20260618,P011,W03,16,16,0
20260619,P011,W03,27,27,0
20260620,P011,W03,17,17,0
20260621,P011,W03,9,9,0
20260622,P011,W03,20,20,0
20260623,P011,W03,14,14,0
20260624,P011,W03,17,17,0
20260625,P011,W03,19,19,0
20260626,P011,W03,18,18,0
20260627,P011,W03,13,13,0
20260628,P011,W03,18,18,0
20260629,P011,W03,20,20,0
20260630,P011,W03,19,19,0
20260701,P011,W03,24,24,0
20260702,P011,W03,13,13,0
20260703,P011,W03,20,20,0
20260704,P011,W03,15,15,0
20260705,P011,W03,15,15,0
20260706,P011,W03,23,23,0
20260707,P011,W03,21,21,0
20260708,P011,W03,11,11,0
20260709,P011,W03,16,16,0
20260710,P011,W03,17,17,0
20260711,P011,W03,19,19,0
20260712,P011,W03,14,14,0
20260713,P011,W03,20,20,0
20260714,P011,W03,17,17,0
20260715,P011,W03,26,26,0
20260716,P011,W03,15,15,0
20260717,P011,W03,26,26,0
20260718,P011,W03,16,16,0
20260719,P011,W03,13,13,0
20260720,P011,W03,9,9,0
20260721,P011,W03,14,14,0
20260722,P011,W03,14,14,0
20260723,P011,W03,18,18,0
20260724,P011,W03,23,23,0
20260725,P011,W03,18,18,0
20260726,P011,W03,11,11,0
20260727,P011,W03,10,10,0
20260728,P011,W03,12,12,0
20260729,P011,W03,18,18,0
20260730,P011,W03,19,19,0
20260731,P011,W03,24,24,0
20260801,P011,W03,24,24,0
20260802,P011,W03,12,12,0
20260803,P011,W03,15,15,0
20260804,P011,W03,15,15,0
20260805,P011,W03,12,12,0
20260806,P011,W03,12,12,0
20260807,P011,W03,19,19,0
20260808,P011,W03,18,18,0
20260809,P011,W03,25,25,0
20260810,P011,W03,19,19,0
20260811,P011,W03,17,17,0
20260812,P011,W03,22,22,0
20260813,P011,W03,11,11,0
20260814,P011,W03,17,17,0
20260815,P011,W03,16,16,0
20260816,P011,W03,14,14,0
20260817,P011,W03,16,16,0
20260818,P011,W03,15,15,0
20260819,P011,W03,13,13,0
20260820,P011,W03,22,22,0
20260821,P011,W03,17,17,0
20260822,P011,W03,21,21,0
20260823,P011,W03,15,15,0
20260824,P011,W03,23,23,0
20260825,P011,W03,16,16,0
20260826,P011,W03,21,21,0
20260827,P011,W03,19,19,0
20260828,P011,W03,20,20,0
20260829,P011,W03,19,19,0
20260830,P011,W03,16,16,0
20260831,P011,W03,18,18,0
20260901,P011,W03,18,18,0
20260902,P011,W03,25,25,0
20260903,P011,W03,22,22,0
20260904,P011,W03,22,22,0
20260905,P011,W03,19,19,0
20260906,P011,W03,11,11,0
20260907,P011,W03,22,22,0
20260908,P011,W03,13,13,0
20260909,P011,W03,20,20,0
20260910,P011,W03,22,22,0
20260911,P011,W03,17,17,0
20260912,P011,W03,16,16,0
20260913,P011,W03,11,11,0
20260914,P011,W03,12,12,0
20260915,P011,W03,11,11,0
20260916,P011,W03,13,13,0
20260917,P011,W03,13,13,0
20260918,P011,W03,17,17,0
20260919,P011,W03,18,18,0
20260920,P011,W03,12,12,0
20260921,P011,W03,18,18,0
20260922,P011,W03,11,11,0
20260923,P011,W03,14,14,0
20260924,P011,W03,17,17,0
20260925,P011,W03,12,12,0
20260926,P011,W03,20,20,0
20260927,P011,W03,11,11,0
20260928,P011,W03,23,23,0
20260929,P011,W03,16,16,0
20260930,P011,W03,15,15,0
20251001,P011,W04,10,10,0
20251002,P011,W04,16,16,0
20251003,P011,W04,13,13,0
20251004,P011,W04,13,13,0
20251005,P011,W04,12,12,0
20251006,P011,W04,13,13,0
20251007,P011,W04,15,15,0
20251008,P011,W04,11,11,0
20251009,P011,W04,12,12,0
20251010,P011,W04,9,9,0
20251011,P011,W04,12,12,0
20251012,P011,W04,15,15,0
20251013,P011,W04,7,7,0
20251014,P011,W04,9,9,0
20251015,P011,W04,15,15,0
20251016,P011,W04,16,16,0
20251017,P011,W04,7,7,0
20251018,P011,W04,11,11,0
20251019,P011,W04,6,6,0
20251020,P011,W04,19,19,0
20251021,P011,W04,8,8,0
20251022,P011,W04,16,16,0
20251023,P011,W04,14,14,0
20251024,P011,W04,13,13,0
20251025,P011,W04,15,15,0
20251026,P011,W04,12,12,0
20251027,P011,W04,16,16,0
20251028,P011,W04,11,11,0
20251029,P011,W04,8,8,0
20251030,P011,W04,12,12,0
20251031,P011,W04,21,21,0
20251101,P011,W04,11,11,0
20251102,P011,W04,14,14,0
20251103,P011,W04,9,9,0
20251104,P011,W04,15,15,0
20251105,P011,W04,12,12,0
20251106,P011,W04,19,19,0
20251107,P011,W04,20,20,0
20251108,P011,W04,15,15,0
20251109,P011,W04,6,6,0
20251110,P011,W04,16,16,0
20251111,P011,W04,12,12,0
20251112,P011,W04,9,9,0
20251113,P011,W04,14,14,0
20251114,P011,W04,19,19,0
20251115,P011,W04,17,17,0
20251116,P011,W04,11,11,0
20251117,P011,W04,14,14,0
20251118,P011,W04,17,0,17
20251119,P011,W04,22,0,22
20251120,P011,W04,12,0,12
20251121,P011,W04,7,0,7
20251122,P011,W04,16,0,16
20251123,P011,W04,7,0,7
20251124,P011,W04,20,0,20
20251125,P011,W04,14,0,14
20251126,P011,W04,13,0,13
20251127,P011,W04,12,0,12
20251128,P011,W04,18,18,0
20251129,P011,W04,15,15,0
20251130,P011,W04,14,14,0
20251201,P011,W04,16,16,0
20251202,P011,W04,10,10,0
20251203,P011,W04,11,11,0
20251204,P011,W04,15,15,0
20251205,P011,W04,17,17,0
20251206,P011,W04,13,13,0
20251207,P011,W04,8,8,0
20251208,P011,W04,18,18,0
20251209,P011,W04,17,17,0
20251210,P011,W04,16,16,0
20251211,P011,W04,11,11,0
20251212,P011,W04,17,17,0
20251213,P011,W04,19,19,0
20251214,P011,W04,9,9,0
20251215,P011,W04,14,14,0
20251216,P011,W04,19,19,0
20251217,P011,W04,15,15,0
20251218,P011,W04,5,5,0
20251219,P011,W04,12,12,0
20251220,P011,W04,20,20,0
20251221,P011,W04,5,5,0
20251222,P011,W04,13,13,0
20251223,P011,W04,16,16,0
20251224,P011,W04,16,16,0
20251225,P011,W04,18,18,0
20251226,P011,W04,14,14,0
20251227,P011,W04,13,13,0
20251228,P011,W04,8,8,0
20251229,P011,W04,19,8,11
20251230,P011,W04,11,0,11
20251231,P011,W04,12,0,12
20260101,P011,W04,10,10,0
20260102,P011,W04,18,18,0
20260103,P011,W04,17,17,0
20260104,P011,W04,8,8,0
20260105,P011,W04,18,18,0
20260106,P011,W04,10,10,0
20260107,P011,W04,18,18,0
20260108,P011,W04,12,12,0
20260109,P011,W04,19,19,0
20260110,P011,W04,13,13,0
20260111,P011,W04,13,13,0
20260112,P011,W04,15,15,0
20260113,P011,W04,15,15,0
20260114,P011,W04,20,20,0
20260115,P011,W04,14,14,0
20260116,P011,W04,17,17,0
20260117,P011,W04,15,15,0
20260118,P011,W04,7,7,0
20260119,P011,W04,23,23,0
20260120,P011,W04,15,15,0
20260121,P011,W04,15,15,0
20260122,P011,W04,14,14,0
20260123,P011,W04,14,14,0
20260124,P011,W04,10,10,0
20260125,P011,W04,8,8,0
20260126,P011,W04,20,20,0
20260127,P011,W04,20,20,0
20260128,P011,W04,13,13,0
20260129,P011,W04,15,15,0
20260130,P011,W04,18,18,0
20260131,P011,W04,10,10,0
20260201,P011,W04,6,6,0
20260202,P011,W04,11,2,9
20260203,P011,W04,13,0,13
20260204,P011,W04,18,0,18
20260205,P011,W04,12,0,12
20260206,P011,W04,21,0,21
20260207,P011,W04,14,14,0
20260208,P011,W04,8,8,0
20260209,P011,W04,11,11,0
20260210,P011,W04,17,17,0
20260211,P011,W04,17,17,0
20260212,P011,W04,16,16,0
20260213,P011,W04,12,12,0
20260214,P011,W04,14,14,0
20260215,P011,W04,9,9,0
20260216,P011,W04,18,18,0
20260217,P011,W04,14,14,0
20260218,P011,W04,14,14,0
20260219,P011,W04,15,15,0
20260220,P011,W04,10,10,0
20260221,P011,W04,18,18,0
20260222,P011,W04,8,8,0
20260223,P011,W04,20,20,0
20260224,P011,W04,18,18,0
20260225,P011,W04,16,16,0
20260226,P011,W04,15,15,0
20260227,P011,W04,11,11,0
20260228,P011,W04,15,15,0
20260301,P011,W04,11,11,0
20260302,P011,W04,16,16,0
20260303,P011,W04,10,10,0
20260304,P011,W04,17,17,0
20260305,P011,W04,12,12,0
20260306,P011,W04,14,14,0
20260307,P011,W04,10,10,0
20260308,P011,W04,9,9,0
20260309,P011,W04,17,17,0
20260310,P011,W04,13,13,0
20260311,P011,W04,22,17,5
20260312,P011,W04,11,0,11
20260313,P011,W04,13,13,0
20260314,P011,W04,22,22,0
20260315,P011,W04,10,10,0
20260316,P011,W04,16,16,0
20260317,P011,W04,16,16,0
20260318,P011,W04,17,17,0
20260319,P011,W04,6,6,0
20260320,P011,W04,17,17,0
20260321,P011,W04,15,15,0
20260322,P011,W04,10,10,0
20260323,P011,W04,12,12,0
20260324,P011,W04,14,14,0
20260325,P011,W04,12,12,0
20260326,P011,W04,17,17,0
20260327,P011,W04,18,18,0
20260328,P011,W04,17,17,0
20260329,P011,W04,11,11,0
20260330,P011,W04,10,10,0
20260331,P011,W04,22,22,0
20260401,P011,W04,17,17,0
20260402,P011,W04,15,15,0
20260403,P011,W04,19,19,0
20260404,P011,W04,10,10,0
20260405,P011,W04,10,10,0
20260406,P011,W04,18,18,0
20260407,P011,W04,9,9,0
20260408,P011,W04,18,18,0
20260409,P011,W04,15,15,0
20260410,P011,W04,14,14,0
20260411,P011,W04,15,15,0
20260412,P011,W04,7,7,0
20260413,P011,W04,19,19,0
20260414,P011,W04,20,20,0
20260415,P011,W04,19,19,0
20260416,P011,W04,11,11,0
20260417,P011,W04,21,21,0
20260418,P011,W04,13,13,0
20260419,P011,W04,10,10,0
20260420,P011,W04,22,22,0
20260421,P011,W04,17,17,0
20260422,P011,W04,21,21,0
20260423,P011,W04,17,17,0
20260424,P011,W04,17,17,0
20260425,P011,W04,7,7,0
20260426,P011,W04,12,12,0
20260427,P011,W04,11,11,0
20260428,P011,W04,12,12,0
20260429,P011,W04,12,12,0
20260430,P011,W04,13,13,0
20260501,P011,W04,15,15,0
20260502,P011,W04,15,15,0
20260503,P011,W04,4,4,0
20260504,P011,W04,12,12,0
20260505,P011,W04,23,23,0
20260506,P011,W04,12,12,0
20260507,P011,W04,17,17,0
20260508,P011,W04,20,20,0
20260509,P011,W04,17,17,0
20260510,P011,W04,7,7,0
20260511,P011,W04,5,5,0
20260512,P011,W04,11,11,0
20260513,P011,W04,20,20,0
20260514,P011,W04,10,10,0
20260515,P011,W04,19,19,0
20260516,P011,W04,12,4,8
20260517,P011,W04,9,0,9
20260518,P011,W04,11,0,11
20260519,P011,W04,9,0,9
20260520,P011,W04,20,20,0
20260521,P011,W04,17,17,0
20260522,P011,W04,14,14,0
20260523,P011,W04,15,15,0
20260524,P011,W04,10,10,0
20260525,P011,W04,15,15,0
20260526,P011,W04,15,15,0
20260527,P011,W04,21,21,0
20260528,P011,W04,19,19,0
20260529,P011,W04,18,18,0
20260530,P011,W04,8,8,0
20260531,P011,W04,13,13,0
20260601,P011,W04,13,13,0
20260602,P011,W04,11,11,0
20260603,P011,W04,23,23,0
20260604,P011,W04,12,12,0
20260605,P011,W04,12,12,0
20260606,P011,W04,19,19,0
20260607,P011,W04,8,8,0
20260608,P011,W04,15,15,0
20260609,P011,W04,17,17,0
20260610,P011,W04,11,11,0
20260611,P011,W04,13,13,0
20260612,P011,W04,18,18,0
20260613,P011,W04,19,19,0
20260614,P011,W04,9,9,0
20260615,P011,W04,16,16,0
20260616,P011,W04,22,22,0
20260617,P011,W04,17,17,0
20260618,P011,W04,12,0,12
20260619,P011,W04,14,0,14
20260620,P011,W04,16,0,16
20260621,P011,W04,15,15,0
20260622,P011,W04,17,17,0
20260623,P011,W04,19,19,0
20260624,P011,W04,15,15,0
20260625,P011,W04,17,17,0
20260626,P011,W04,13,13,0
20260627,P011,W04,12,12,0
20260628,P011,W04,12,12,0
20260629,P011,W04,15,15,0
20260630,P011,W04,14,14,0
20260701,P011,W04,8,8,0
20260702,P011,W04,19,19,0
20260703,P011,W04,21,21,0
20260704,P011,W04,18,18,0
20260705,P011,W04,13,13,0
20260706,P011,W04,11,11,0
20260707,P011,W04,13,13,0
20260708,P011,W04,7,7,0
20260709,P011,W04,19,19,0
20260710,P011,W04,21,21,0
20260711,P011,W04,9,9,0
20260712,P011,W04,16,16,0
20260713,P011,W04,19,19,0
20260714,P011,W04,20,20,0
20260715,P011,W04,14,14,0
20260716,P011,W04,10,10,0
20260717,P011,W04,10,10,0
20260718,P011,W04,11,11,0
20260719,P011,W04,11,11,0
20260720,P011,W04,15,15,0
20260721,P011,W04,13,13,0
20260722,P011,W04,16,8,8
20260723,P011,W04,15,0,15
20260724,P011,W04,15,0,15
20260725,P011,W04,19,0,19
20260726,P011,W04,7,0,7
20260727,P011,W04,19,0,19
20260728,P011,W04,21,0,21
20260729,P011,W04,16,0,16
20260730,P011,W04,14,0,14
20260731,P011,W04,20,0,20
20260801,P011,W04,20,0,20
20260802,P011,W04,6,0,6
20260803,P011,W04,20,0,20
20260804,P011,W04,15,0,15
20260805,P011,W04,12,0,12
20260806,P011,W04,17,17,0
20260807,P011,W04,13,13,0
20260808,P011,W04,13,13,0
20260809,P011,W04,9,9,0
20260810,P011,W04,16,16,0
20260811,P011,W04,12,12,0
20260812,P011,W04,14,14,0
20260813,P011,W04,18,18,0
20260814,P011,W04,16,16,0
20260815,P011,W04,11,11,0
20260816,P011,W04,14,14,0
20260817,P011,W04,15,15,0
20260818,P011,W04,9,9,0
20260819,P011,W04,13,13,0
20260820,P011,W04,14,14,0
20260821,P011,W04,19,19,0
20260822,P011,W04,20,20,0
20260823,P011,W04,16,16,0
20260824,P011,W04,20,20,0
20260825,P011,W04,17,17,0
20260826,P011,W04,17,17,0
20260827,P011,W04,16,16,0
20260828,P011,W04,21,21,0
20260829,P011,W04,15,15,0
20260830,P011,W04,10,10,0
20260831,P011,W04,13,13,0
20260901,P011,W04,10,10,0
20260902,P011,W04,11,11,0
20260903,P011,W04,15,15,0
20260904,P011,W04,13,13,0
20260905,P011,W04,14,14,0
20260906,P011,W04,8,1,7
20260907,P011,W04,20,20,0
20260908,P011,W04,14,14,0
20260909,P011,W04,8,8,0
20260910,P011,W04,16,16,0
20260911,P011,W04,17,17,0
20260912,P011,W04,11,11,0
20260913,P011,W04,14,14,0
20260914,P011,W04,17,17,0
20260915,P011,W04,8,8,0
20260916,P011,W04,17,17,0
20260917,P011,W04,16,16,0
20260918,P011,W04,11,11,0
20260919,P011,W04,20,20,0
20260920,P011,W04,13,13,0
20260921,P011,W04,19,19,0
20260922,P011,W04,16,16,0
20260923,P011,W04,13,13,0
20260924,P011,W04,15,15,0
20260925,P011,W04,26,26,0
20260926,P011,W04,14,14,0
20260927,P011,W04,9,9,0
20260928,P011,W04,21,21,0
20260929,P011,W04,11,11,0
20260930,P011,W04,16,16,0
20251001,P012,W01,16,16,0
20251002,P012,W01,18,18,0
20251003,P012,W01,29,29,0
20251004,P012,W01,21,21,0
20251005,P012,W01,14,14,0
20251006,P012,W01,21,21,0
20251007,P012,W01,26,26,0
20251008,P012,W01,20,20,0
20251009,P012,W01,21,21,0
20251010,P012,W01,16,16,0
20251011,P012,W01,21,21,0
20251012,P012,W01,12,12,0
20251013,P012,W01,20,20,0
20251014,P012,W01,22,22,0
20251015,P012,W01,20,20,0
20251016,P012,W01,16,16,0
20251017,P012,W01,26,26,0
20251018,P012,W01,31,31,0
20251019,P012,W01,14,14,0
20251020,P012,W01,28,28,0
20251021,P012,W01,19,19,0
20251022,P012,W01,24,24,0
20251023,P012,W01,21,21,0
20251024,P012,W01,28,28,0
20251025,P012,W01,30,30,0
20251026,P012,W01,14,14,0
20251027,P012,W01,22,22,0
20251028,P012,W01,22,22,0
20251029,P012,W01,22,22,0
20251030,P012,W01,24,24,0
20251031,P012,W01,26,26,0
20251101,P012,W01,28,28,0
20251102,P012,W01,12,12,0
20251103,P012,W01,20,20,0
20251104,P012,W01,21,21,0
20251105,P012,W01,22,22,0
20251106,P012,W01,21,21,0
20251107,P012,W01,17,17,0
20251108,P012,W01,21,21,0
20251109,P012,W01,10,10,0
20251110,P012,W01,18,18,0
20251111,P012,W01,15,15,0
20251112,P012,W01,20,20,0
20251113,P012,W01,20,20,0
20251114,P012,W01,17,17,0
20251115,P012,W01,21,21,0
20251116,P012,W01,13,13,0
20251117,P012,W01,29,29,0
20251118,P012,W01,19,19,0
20251119,P012,W01,16,16,0
20251120,P012,W01,21,21,0
20251121,P012,W01,26,26,0
20251122,P012,W01,22,22,0
20251123,P012,W01,12,12,0
20251124,P012,W01,23,23,0
20251125,P012,W01,21,21,0
20251126,P012,W01,23,23,0
20251127,P012,W01,20,20,0
20251128,P012,W01,29,29,0
20251129,P012,W01,17,17,0
20251130,P012,W01,14,14,0
20251201,P012,W01,28,28,0
20251202,P012,W01,19,19,0
20251203,P012,W01,14,14,0
20251204,P012,W01,21,21,0
20251205,P012,W01,25,25,0
20251206,P012,W01,26,26,0
20251207,P012,W01,16,16,0
20251208,P012,W01,24,24,0
20251209,P012,W01,20,20,0
20251210,P012,W01,26,26,0
20251211,P012,W01,20,20,0
20251212,P012,W01,29,29,0
20251213,P012,W01,21,21,0
20251214,P012,W01,13,13,0
20251215,P012,W01,29,29,0
20251216,P012,W01,27,27,0
20251217,P012,W01,20,20,0
20251218,P012,W01,24,24,0
20251219,P012,W01,19,19,0
20251220,P012,W01,27,27,0
20251221,P012,W01,12,12,0
20251222,P012,W01,31,31,0
20251223,P012,W01,28,28,0
20251224,P012,W01,35,35,0
20251225,P012,W01,18,18,0
20251226,P012,W01,33,33,0
20251227,P012,W01,22,22,0
20251228,P012,W01,19,19,0
20251229,P012,W01,28,28,0
20251230,P012,W01,30,30,0
20251231,P012,W01,27,27,0
20260101,P012,W01,17,17,0
20260102,P012,W01,17,7,10
20260103,P012,W01,17,17,0
20260104,P012,W01,15,15,0
20260105,P012,W01,21,21,0
20260106,P012,W01,20,20,0
20260107,P012,W01,27,27,0
20260108,P012,W01,25,25,0
20260109,P012,W01,21,21,0
20260110,P012,W01,18,18,0
20260111,P012,W01,23,23,0
20260112,P012,W01,26,26,0
20260113,P012,W01,25,25,0
20260114,P012,W01,22,22,0
20260115,P012,W01,27,27,0
20260116,P012,W01,22,22,0
20260117,P012,W01,27,27,0
20260118,P012,W01,10,10,0
20260119,P012,W01,25,25,0
20260120,P012,W01,32,32,0
20260121,P012,W01,28,28,0
20260122,P012,W01,27,27,0
20260123,P012,W01,23,23,0
20260124,P012,W01,24,24,0
20260125,P012,W01,9,9,0
20260126,P012,W01,30,30,0
20260127,P012,W01,20,20,0
20260128,P012,W01,16,16,0
20260129,P012,W01,27,27,0
20260130,P012,W01,25,25,0
20260131,P012,W01,19,19,0
20260201,P012,W01,19,19,0
20260202,P012,W01,36,36,0
20260203,P012,W01,22,22,0
20260204,P012,W01,21,21,0
20260205,P012,W01,17,17,0
20260206,P012,W01,27,27,0
20260207,P012,W01,29,29,0
20260208,P012,W01,19,19,0
20260209,P012,W01,17,17,0
20260210,P012,W01,19,19,0
20260211,P012,W01,22,22,0
20260212,P012,W01,20,20,0
20260213,P012,W01,24,24,0
20260214,P012,W01,23,23,0
20260215,P012,W01,13,13,0
20260216,P012,W01,27,27,0
20260217,P012,W01,31,31,0
20260218,P012,W01,14,14,0
20260219,P012,W01,21,21,0
20260220,P012,W01,31,31,0
20260221,P012,W01,28,28,0
20260222,P012,W01,11,11,0
20260223,P012,W01,21,21,0
20260224,P012,W01,25,25,0
20260225,P012,W01,18,18,0
20260226,P012,W01,19,19,0
20260227,P012,W01,19,19,0
20260228,P012,W01,24,24,0
20260301,P012,W01,25,25,0
20260302,P012,W01,22,22,0
20260303,P012,W01,33,33,0
20260304,P012,W01,28,28,0
20260305,P012,W01,25,25,0
20260306,P012,W01,24,24,0
20260307,P012,W01,27,27,0
20260308,P012,W01,10,10,0
20260309,P012,W01,26,26,0
20260310,P012,W01,22,22,0
20260311,P012,W01,30,30,0
20260312,P012,W01,22,22,0
20260313,P012,W01,25,25,0
20260314,P012,W01,23,23,0
20260315,P012,W01,19,19,0
20260316,P012,W01,25,25,0
20260317,P012,W01,25,25,0
20260318,P012,W01,20,20,0
20260319,P012,W01,28,28,0
20260320,P012,W01,24,24,0
20260321,P012,W01,24,24,0
20260322,P012,W01,17,17,0
20260323,P012,W01,21,21,0
20260324,P012,W01,22,22,0
20260325,P012,W01,20,20,0
20260326,P012,W01,15,15,0
20260327,P012,W01,24,24,0
20260328,P012,W01,32,32,0
20260329,P012,W01,16,16,0
20260330,P012,W01,32,32,0
20260331,P012,W01,21,21,0
20260401,P012,W01,19,19,0
20260402,P012,W01,22,22,0
20260403,P012,W01,21,21,0
20260404,P012,W01,27,27,0
20260405,P012,W01,17,17,0
20260406,P012,W01,26,26,0
20260407,P012,W01,26,26,0
20260408,P012,W01,25,25,0
20260409,P012,W01,27,27,0
20260410,P012,W01,29,29,0
20260411,P012,W01,26,26,0
20260412,P012,W01,14,14,0
20260413,P012,W01,28,28,0
20260414,P012,W01,29,29,0
20260415,P012,W01,19,19,0
20260416,P012,W01,22,22,0
20260417,P012,W01,27,27,0
20260418,P012,W01,23,23,0
20260419,P012,W01,13,13,0
20260420,P012,W01,27,27,0
20260421,P012,W01,23,23,0
20260422,P012,W01,22,22,0
20260423,P012,W01,21,21,0
20260424,P012,W01,32,32,0
20260425,P012,W01,28,28,0
20260426,P012,W01,14,14,0
20260427,P012,W01,23,23,0
20260428,P012,W01,19,19,0
20260429,P012,W01,20,20,0
20260430,P012,W01,18,18,0
20260501,P012,W01,31,31,0
20260502,P012,W01,21,21,0
20260503,P012,W01,6,6,0
20260504,P012,W01,29,29,0
20260505,P012,W01,23,23,0
20260506,P012,W01,26,26,0
20260507,P012,W01,23,23,0
20260508,P012,W01,34,34,0
20260509,P012,W01,26,26,0
20260510,P012,W01,14,14,0
20260511,P012,W01,25,25,0
20260512,P012,W01,24,24,0
20260513,P012,W01,23,23,0
20260514,P012,W01,24,24,0
20260515,P012,W01,28,28,0
20260516,P012,W01,20,20,0
20260517,P012,W01,17,17,0
20260518,P012,W01,25,25,0
20260519,P012,W01,31,31,0
20260520,P012,W01,25,25,0
20260521,P012,W01,14,14,0
20260522,P012,W01,22,22,0
20260523,P012,W01,27,27,0
20260524,P012,W01,18,18,0
20260525,P012,W01,38,38,0
20260526,P012,W01,23,23,0
20260527,P012,W01,17,17,0
20260528,P012,W01,23,23,0
20260529,P012,W01,26,26,0
20260530,P012,W01,19,19,0
20260531,P012,W01,17,17,0
20260601,P012,W01,22,22,0
20260602,P012,W01,19,19,0
20260603,P012,W01,26,26,0
20260604,P012,W01,28,28,0
20260605,P012,W01,19,19,0
20260606,P012,W01,20,20,0
20260607,P012,W01,19,19,0
20260608,P012,W01,23,23,0
20260609,P012,W01,10,10,0
20260610,P012,W01,27,27,0
20260611,P012,W01,26,26,0
20260612,P012,W01,26,26,0
20260613,P012,W01,23,23,0
20260614,P012,W01,20,20,0
20260615,P012,W01,33,33,0
20260616,P012,W01,27,27,0
20260617,P012,W01,24,24,0
20260618,P012,W01,25,25,0
20260619,P012,W01,28,28,0
20260620,P012,W01,31,31,0
20260621,P012,W01,15,15,0
20260622,P012,W01,38,38,0
20260623,P012,W01,28,28,0
20260624,P012,W01,23,23,0
20260625,P012,W01,35,35,0
20260626,P012,W01,14,14,0
20260627,P012,W01,15,15,0
20260628,P012,W01,16,16,0
20260629,P012,W01,32,32,0
20260630,P012,W01,22,22,0
20260701,P012,W01,32,32,0
20260702,P012,W01,19,19,0
20260703,P012,W01,24,24,0
20260704,P012,W01,29,29,0
20260705,P012,W01,15,15,0
20260706,P012,W01,23,23,0
20260707,P012,W01,25,25,0
20260708,P012,W01,32,32,0
20260709,P012,W01,23,23,0
20260710,P012,W01,27,27,0
20260711,P012,W01,32,32,0
20260712,P012,W01,11,11,0
20260713,P012,W01,35,35,0
20260714,P012,W01,33,33,0
20260715,P012,W01,35,35,0
20260716,P012,W01,26,26,0
20260717,P012,W01,26,26,0
20260718,P012,W01,23,23,0
20260719,P012,W01,13,13,0
20260720,P012,W01,23,23,0
20260721,P012,W01,18,18,0
20260722,P012,W01,27,27,0
20260723,P012,W01,25,25,0
20260724,P012,W01,23,23,0
20260725,P012,W01,25,25,0
20260726,P012,W01,10,10,0
20260727,P012,W01,21,21,0
20260728,P012,W01,22,22,0
20260729,P012,W01,23,23,0
20260730,P012,W01,25,25,0
20260731,P012,W01,25,25,0
20260801,P012,W01,19,19,0
20260802,P012,W01,12,12,0
20260803,P012,W01,23,23,0
20260804,P012,W01,22,22,0
20260805,P012,W01,21,21,0
20260806,P012,W01,17,17,0
20260807,P012,W01,27,27,0
20260808,P012,W01,21,21,0
20260809,P012,W01,18,18,0
20260810,P012,W01,25,25,0
20260811,P012,W01,17,17,0
20260812,P012,W01,21,21,0
20260813,P012,W01,37,37,0
20260814,P012,W01,30,30,0
20260815,P012,W01,21,21,0
20260816,P012,W01,20,20,0
20260817,P012,W01,25,25,0
20260818,P012,W01,25,25,0
20260819,P012,W01,18,18,0
20260820,P012,W01,12,12,0
20260821,P012,W01,28,28,0
20260822,P012,W01,23,23,0
20260823,P012,W01,15,15,0
20260824,P012,W01,30,30,0
20260825,P012,W01,21,21,0
20260826,P012,W01,21,21,0
20260827,P012,W01,21,21,0
20260828,P012,W01,31,31,0
20260829,P012,W01,25,25,0
20260830,P012,W01,20,20,0
20260831,P012,W01,22,22,0
20260901,P012,W01,26,26,0
20260902,P012,W01,19,19,0
20260903,P012,W01,24,24,0
20260904,P012,W01,23,23,0
20260905,P012,W01,24,24,0
20260906,P012,W01,13,13,0
20260907,P012,W01,22,22,0
20260908,P012,W01,18,18,0
20260909,P012,W01,23,23,0
20260910,P012,W01,24,24,0
20260911,P012,W01,28,28,0
20260912,P012,W01,14,14,0
20260913,P012,W01,15,15,0
20260914,P012,W01,27,27,0
20260915,P012,W01,31,31,0
20260916,P012,W01,25,25,0
20260917,P012,W01,21,21,0
20260918,P012,W01,15,15,0
20260919,P012,W01,20,20,0
20260920,P012,W01,12,12,0
20260921,P012,W01,29,29,0
20260922,P012,W01,24,24,0
20260923,P012,W01,20,20,0
20260924,P012,W01,30,30,0
20260925,P012,W01,17,17,0
20260926,P012,W01,20,20,0
20260927,P012,W01,11,11,0
20260928,P012,W01,24,24,0
20260929,P012,W01,21,21,0
20260930,P012,W01,25,25,0
20251001,P012,W02,23,23,0
20251002,P012,W02,34,34,0
20251003,P012,W02,24,24,0
20251004,P012,W02,24,24,0
20251005,P012,W02,19,19,0
20251006,P012,W02,18,18,0
20251007,P012,W02,23,23,0
20251008,P012,W02,14,14,0
20251009,P012,W02,16,16,0
20251010,P012,W02,19,19,0
20251011,P012,W02,26,26,0
20251012,P012,W02,13,13,0
20251013,P012,W02,17,17,0
20251014,P012,W02,20,20,0
20251015,P012,W02,25,25,0
20251016,P012,W02,19,19,0
20251017,P012,W02,23,23,0
20251018,P012,W02,21,21,0
20251019,P012,W02,16,16,0
20251020,P012,W02,24,24,0
20251021,P012,W02,28,28,0
20251022,P012,W02,25,25,0
20251023,P012,W02,32,32,0
20251024,P012,W02,26,26,0
20251025,P012,W02,16,16,0
20251026,P012,W02,13,13,0
20251027,P012,W02,27,27,0
20251028,P012,W02,25,25,0
20251029,P012,W02,30,30,0
20251030,P012,W02,30,30,0
20251031,P012,W02,29,29,0
20251101,P012,W02,16,16,0
20251102,P012,W02,18,18,0
20251103,P012,W02,33,33,0
20251104,P012,W02,20,20,0
20251105,P012,W02,24,24,0
20251106,P012,W02,27,27,0
20251107,P012,W02,21,21,0
20251108,P012,W02,30,30,0
20251109,P012,W02,10,10,0
20251110,P012,W02,27,27,0
20251111,P012,W02,30,30,0
20251112,P012,W02,26,26,0
20251113,P012,W02,13,13,0
20251114,P012,W02,21,21,0
20251115,P012,W02,29,29,0
20251116,P012,W02,19,19,0
20251117,P012,W02,29,29,0
20251118,P012,W02,30,30,0
20251119,P012,W02,20,20,0
20251120,P012,W02,20,20,0
20251121,P012,W02,32,32,0
20251122,P012,W02,29,29,0
20251123,P012,W02,25,25,0
20251124,P012,W02,22,22,0
20251125,P012,W02,19,19,0
20251126,P012,W02,17,17,0
20251127,P012,W02,17,17,0
20251128,P012,W02,19,19,0
20251129,P012,W02,25,25,0
20251130,P012,W02,19,19,0
20251201,P012,W02,30,30,0
20251202,P012,W02,27,27,0
20251203,P012,W02,15,15,0
20251204,P012,W02,36,36,0
20251205,P012,W02,19,19,0
20251206,P012,W02,23,23,0
20251207,P012,W02,15,15,0
20251208,P012,W02,26,26,0
20251209,P012,W02,24,24,0
20251210,P012,W02,29,29,0
20251211,P012,W02,22,22,0
20251212,P012,W02,32,32,0
20251213,P012,W02,22,22,0
20251214,P012,W02,15,15,0
20251215,P012,W02,24,24,0
20251216,P012,W02,22,22,0
20251217,P012,W02,24,24,0
20251218,P012,W02,26,26,0
20251219,P012,W02,18,18,0
20251220,P012,W02,30,30,0
20251221,P012,W02,12,12,0
20251222,P012,W02,22,22,0
20251223,P012,W02,29,29,0
20251224,P012,W02,24,24,0
20251225,P012,W02,27,27,0
20251226,P012,W02,27,27,0
20251227,P012,W02,23,23,0
20251228,P012,W02,20,20,0
20251229,P012,W02,25,25,0
20251230,P012,W02,28,28,0
20251231,P012,W02,21,21,0
20260101,P012,W02,21,21,0
20260102,P012,W02,23,23,0
20260103,P012,W02,25,25,0
20260104,P012,W02,5,5,0
20260105,P012,W02,24,24,0
20260106,P012,W02,25,25,0
20260107,P012,W02,30,30,0
20260108,P012,W02,23,23,0
20260109,P012,W02,25,25,0
20260110,P012,W02,17,17,0
20260111,P012,W02,19,19,0
20260112,P012,W02,28,28,0
20260113,P012,W02,18,18,0
20260114,P012,W02,21,21,0
20260115,P012,W02,29,29,0
20260116,P012,W02,26,26,0
20260117,P012,W02,20,20,0
20260118,P012,W02,13,13,0
20260119,P012,W02,25,25,0
20260120,P012,W02,24,24,0
20260121,P012,W02,27,27,0
20260122,P012,W02,26,26,0
20260123,P012,W02,27,27,0
20260124,P012,W02,21,21,0
20260125,P012,W02,15,15,0
20260126,P012,W02,25,25,0
20260127,P012,W02,37,37,0
20260128,P012,W02,21,21,0
20260129,P012,W02,25,25,0
20260130,P012,W02,25,25,0
20260131,P012,W02,28,28,0
20260201,P012,W02,11,11,0
20260202,P012,W02,27,27,0
20260203,P012,W02,17,17,0
20260204,P012,W02,14,14,0
20260205,P012,W02,25,25,0
20260206,P012,W02,30,30,0
20260207,P012,W02,21,21,0
20260208,P012,W02,17,17,0
20260209,P012,W02,31,31,0
20260210,P012,W02,31,31,0
20260211,P012,W02,30,30,0
20260212,P012,W02,38,38,0
20260213,P012,W02,28,27,1
20260214,P012,W02,31,31,0
20260215,P012,W02,15,15,0
20260216,P012,W02,21,21,0
20260217,P012,W02,32,32,0
20260218,P012,W02,18,18,0
20260219,P012,W02,28,28,0
20260220,P012,W02,16,16,0
20260221,P012,W02,28,28,0
20260222,P012,W02,14,14,0
20260223,P012,W02,30,30,0
20260224,P012,W02,39,39,0
20260225,P012,W02,22,22,0
20260226,P012,W02,26,26,0
20260227,P012,W02,27,27,0
20260228,P012,W02,23,23,0
20260301,P012,W02,14,14,0
20260302,P012,W02,31,31,0
20260303,P012,W02,26,26,0
20260304,P012,W02,20,20,0
20260305,P012,W02,23,23,0
20260306,P012,W02,16,16,0
20260307,P012,W02,32,32,0
20260308,P012,W02,16,16,0
20260309,P012,W02,31,31,0
20260310,P012,W02,22,22,0
20260311,P012,W02,33,33,0
20260312,P012,W02,36,36,0
20260313,P012,W02,21,21,0
20260314,P012,W02,26,26,0
20260315,P012,W02,15,15,0
20260316,P012,W02,34,34,0
20260317,P012,W02,31,31,0
20260318,P012,W02,27,27,0
20260319,P012,W02,25,25,0
20260320,P012,W02,39,39,0
20260321,P012,W02,29,29,0
20260322,P012,W02,19,19,0
20260323,P012,W02,25,25,0
20260324,P012,W02,30,30,0
20260325,P012,W02,25,25,0
20260326,P012,W02,23,23,0
20260327,P012,W02,25,25,0
20260328,P012,W02,32,32,0
20260329,P012,W02,18,18,0
20260330,P012,W02,32,32,0
20260331,P012,W02,21,21,0
20260401,P012,W02,30,30,0
20260402,P012,W02,29,29,0
20260403,P012,W02,43,43,0
20260404,P012,W02,18,18,0
20260405,P012,W02,14,14,0
20260406,P012,W02,23,23,0
20260407,P012,W02,25,25,0
20260408,P012,W02,32,32,0
20260409,P012,W02,23,23,0
20260410,P012,W02,30,30,0
20260411,P012,W02,40,40,0
20260412,P012,W02,23,23,0
20260413,P012,W02,21,21,0
20260414,P012,W02,26,26,0
20260415,P012,W02,35,35,0
20260416,P012,W02,23,23,0
20260417,P012,W02,31,31,0
20260418,P012,W02,27,27,0
20260419,P012,W02,8,8,0
20260420,P012,W02,28,28,0
20260421,P012,W02,21,21,0
20260422,P012,W02,28,28,0
20260423,P012,W02,29,29,0
20260424,P012,W02,30,30,0
20260425,P012,W02,26,26,0
20260426,P012,W02,25,25,0
20260427,P012,W02,39,39,0
20260428,P012,W02,26,26,0
20260429,P012,W02,34,34,0
20260430,P012,W02,30,30,0
20260501,P012,W02,26,26,0
20260502,P012,W02,34,34,0
20260503,P012,W02,12,12,0
20260504,P012,W02,23,23,0
20260505,P012,W02,23,23,0
20260506,P012,W02,22,22,0
20260507,P012,W02,24,24,0
20260508,P012,W02,28,28,0
20260509,P012,W02,24,24,0
20260510,P012,W02,15,15,0
20260511,P012,W02,23,23,0
20260512,P012,W02,28,28,0
20260513,P012,W02,30,30,0
20260514,P012,W02,23,23,0
20260515,P012,W02,29,29,0
20260516,P012,W02,21,21,0
20260517,P012,W02,22,22,0
20260518,P012,W02,27,27,0
20260519,P012,W02,25,25,0
20260520,P012,W02,26,26,0
20260521,P012,W02,23,23,0
20260522,P012,W02,30,30,0
20260523,P012,W02,26,26,0
20260524,P012,W02,10,10,0
20260525,P012,W02,33,33,0
20260526,P012,W02,23,23,0
20260527,P012,W02,29,29,0
20260528,P012,W02,28,28,0
20260529,P012,W02,27,27,0
20260530,P012,W02,27,27,0
20260531,P012,W02,14,14,0
20260601,P012,W02,28,28,0
20260602,P012,W02,27,27,0
20260603,P012,W02,26,26,0
20260604,P012,W02,21,21,0
20260605,P012,W02,29,29,0
20260606,P012,W02,21,21,0
20260607,P012,W02,15,15,0
20260608,P012,W02,22,22,0
20260609,P012,W02,18,18,0
20260610,P012,W02,23,23,0
20260611,P012,W02,28,28,0
20260612,P012,W02,32,32,0
20260613,P012,W02,27,27,0
20260614,P012,W02,21,21,0
20260615,P012,W02,29,29,0
20260616,P012,W02,25,25,0
20260617,P012,W02,18,18,0
20260618,P012,W02,17,17,0
20260619,P012,W02,29,29,0
20260620,P012,W02,37,37,0
20260621,P012,W02,25,25,0
20260622,P012,W02,31,31,0
20260623,P012,W02,24,24,0
20260624,P012,W02,26,26,0
20260625,P012,W02,19,19,0
20260626,P012,W02,30,30,0
20260627,P012,W02,29,29,0
20260628,P012,W02,19,19,0
20260629,P012,W02,26,26,0
20260630,P012,W02,23,23,0
20260701,P012,W02,24,24,0
20260702,P012,W02,30,30,0
20260703,P012,W02,25,25,0
20260704,P012,W02,27,27,0
20260705,P012,W02,18,18,0
20260706,P012,W02,27,27,0
20260707,P012,W02,27,27,0
20260708,P012,W02,23,23,0
20260709,P012,W02,23,23,0
20260710,P012,W02,28,28,0
20260711,P012,W02,30,30,0
20260712,P012,W02,22,22,0
20260713,P012,W02,20,20,0
20260714,P012,W02,32,32,0
20260715,P012,W02,27,27,0
20260716,P012,W02,27,27,0
20260717,P012,W02,23,23,0
20260718,P012,W02,29,29,0
20260719,P012,W02,17,17,0
20260720,P012,W02,17,17,0
20260721,P012,W02,26,26,0
20260722,P012,W02,23,23,0
20260723,P012,W02,23,23,0
20260724,P012,W02,21,21,0
20260725,P012,W02,29,29,0
20260726,P012,W02,21,21,0
20260727,P012,W02,26,26,0
20260728,P012,W02,23,23,0
20260729,P012,W02,36,36,0
20260730,P012,W02,18,18,0
20260731,P012,W02,32,32,0
20260801,P012,W02,31,31,0
20260802,P012,W02,6,6,0
20260803,P012,W02,20,20,0
20260804,P012,W02,25,25,0
20260805,P012,W02,28,28,0
20260806,P012,W02,23,23,0
20260807,P012,W02,33,33,0
20260808,P012,W02,32,32,0
20260809,P012,W02,13,13,0
20260810,P012,W02,26,26,0
20260811,P012,W02,23,23,0
20260812,P012,W02,18,18,0
20260813,P012,W02,25,25,0
20260814,P012,W02,27,27,0
20260815,P012,W02,20,20,0
20260816,P012,W02,13,13,0
20260817,P012,W02,22,22,0
20260818,P012,W02,23,23,0
20260819,P012,W02,26,26,0
20260820,P012,W02,24,24,0
20260821,P012,W02,13,13,0
20260822,P012,W02,29,29,0
20260823,P012,W02,11,11,0
20260824,P012,W02,20,20,0
20260825,P012,W02,22,22,0
20260826,P012,W02,27,27,0
20260827,P012,W02,24,24,0
20260828,P012,W02,19,19,0
20260829,P012,W02,21,21,0
20260830,P012,W02,12,12,0
20260831,P012,W02,33,33,0
20260901,P012,W02,34,34,0
20260902,P012,W02,29,29,0
20260903,P012,W02,21,21,0
20260904,P012,W02,21,21,0
20260905,P012,W02,26,26,0
20260906,P012,W02,19,19,0
20260907,P012,W02,33,33,0
20260908,P012,W02,26,26,0
20260909,P012,W02,26,26,0
20260910,P012,W02,28,28,0
20260911,P012,W02,23,23,0
20260912,P012,W02,34,34,0
20260913,P012,W02,14,14,0
20260914,P012,W02,34,34,0
20260915,P012,W02,30,30,0
20260916,P012,W02,27,27,0
20260917,P012,W02,21,21,0
20260918,P012,W02,25,25,0
20260919,P012,W02,17,17,0
20260920,P012,W02,11,11,0
20260921,P012,W02,22,22,0
20260922,P012,W02,28,28,0
20260923,P012,W02,24,24,0
20260924,P012,W02,26,26,0
20260925,P012,W02,34,34,0
20260926,P012,W02,30,30,0
20260927,P012,W02,18,18,0
20260928,P012,W02,27,27,0
20260929,P012,W02,32,32,0
20260930,P012,W02,21,21,0
20251001,P012,W03,25,25,0
20251002,P012,W03,23,23,0
20251003,P012,W03,22,22,0
20251004,P012,W03,19,19,0
20251005,P012,W03,11,11,0
20251006,P012,W03,25,25,0
20251007,P012,W03,19,19,0
20251008,P012,W03,14,14,0
20251009,P012,W03,19,19,0
20251010,P012,W03,21,21,0
20251011,P012,W03,30,30,0
20251012,P012,W03,10,10,0
20251013,P012,W03,18,18,0
20251014,P012,W03,21,21,0
20251015,P012,W03,19,19,0
20251016,P012,W03,23,23,0
20251017,P012,W03,32,32,0
20251018,P012,W03,20,20,0
20251019,P012,W03,17,17,0
20251020,P012,W03,25,25,0
20251021,P012,W03,20,20,0
20251022,P012,W03,21,21,0
20251023,P012,W03,19,19,0
20251024,P012,W03,28,28,0
20251025,P012,W03,24,24,0
20251026,P012,W03,14,14,0
20251027,P012,W03,17,17,0
20251028,P012,W03,20,20,0
20251029,P012,W03,13,13,0
20251030,P012,W03,12,12,0
20251031,P012,W03,31,31,0
20251101,P012,W03,23,23,0
20251102,P012,W03,12,12,0
20251103,P012,W03,21,21,0
20251104,P012,W03,18,18,0
20251105,P012,W03,28,28,0
20251106,P012,W03,13,13,0
20251107,P012,W03,34,34,0
20251108,P012,W03,14,14,0
20251109,P012,W03,12,12,0
20251110,P012,W03,16,16,0
20251111,P012,W03,16,16,0
20251112,P012,W03,12,12,0
20251113,P012,W03,16,16,0
20251114,P012,W03,15,15,0
20251115,P012,W03,18,18,0
20251116,P012,W03,10,10,0
20251117,P012,W03,17,17,0
20251118,P012,W03,15,15,0
20251119,P012,W03,16,16,0
20251120,P012,W03,22,22,0
20251121,P012,W03,26,26,0
20251122,P012,W03,22,22,0
20251123,P012,W03,11,11,0
20251124,P012,W03,17,17,0
20251125,P012,W03,24,24,0
20251126,P012,W03,15,15,0
20251127,P012,W03,20,20,0
20251128,P012,W03,17,17,0
20251129,P012,W03,26,26,0
20251130,P012,W03,15,15,0
20251201,P012,W03,24,24,0
20251202,P012,W03,18,18,0
20251203,P012,W03,20,20,0
20251204,P012,W03,17,17,0
20251205,P012,W03,16,16,0
20251206,P012,W03,16,16,0
20251207,P012,W03,8,8,0
20251208,P012,W03,14,14,0
20251209,P012,W03,17,17,0
20251210,P012,W03,18,18,0
20251211,P012,W03,13,13,0
20251212,P012,W03,18,18,0
20251213,P012,W03,20,20,0
20251214,P012,W03,7,7,0
20251215,P012,W03,20,20,0
20251216,P012,W03,15,15,0
20251217,P012,W03,23,23,0
20251218,P012,W03,17,17,0
20251219,P012,W03,19,19,0
20251220,P012,W03,19,19,0
20251221,P012,W03,9,9,0
20251222,P012,W03,16,16,0
20251223,P012,W03,21,21,0
20251224,P012,W03,16,16,0
20251225,P012,W03,19,19,0
20251226,P012,W03,21,21,0
20251227,P012,W03,14,14,0
20251228,P012,W03,23,23,0
20251229,P012,W03,20,20,0
20251230,P012,W03,13,13,0
20251231,P012,W03,14,14,0
20260101,P012,W03,19,19,0
20260102,P012,W03,21,21,0
20260103,P012,W03,22,22,0
20260104,P012,W03,8,8,0
20260105,P012,W03,18,18,0
20260106,P012,W03,12,12,0
20260107,P012,W03,27,27,0
20260108,P012,W03,18,18,0
20260109,P012,W03,27,27,0
20260110,P012,W03,28,28,0
20260111,P012,W03,18,18,0
20260112,P012,W03,20,20,0
20260113,P012,W03,17,17,0
20260114,P012,W03,20,20,0
20260115,P012,W03,27,27,0
20260116,P012,W03,27,27,0
20260117,P012,W03,21,21,0
20260118,P012,W03,12,12,0
20260119,P012,W03,21,21,0
20260120,P012,W03,29,29,0
20260121,P012,W03,21,21,0
20260122,P012,W03,18,18,0
20260123,P012,W03,26,26,0
20260124,P012,W03,12,12,0
20260125,P012,W03,11,11,0
20260126,P012,W03,14,14,0
20260127,P012,W03,20,20,0
20260128,P012,W03,23,23,0
20260129,P012,W03,23,23,0
20260130,P012,W03,28,28,0
20260131,P012,W03,25,25,0
20260201,P012,W03,10,10,0
20260202,P012,W03,26,26,0
20260203,P012,W03,20,20,0
20260204,P012,W03,23,23,0
20260205,P012,W03,19,19,0
20260206,P012,W03,20,20,0
20260207,P012,W03,24,24,0
20260208,P012,W03,16,16,0
20260209,P012,W03,25,25,0
20260210,P012,W03,19,19,0
20260211,P012,W03,16,16,0
20260212,P012,W03,19,19,0
20260213,P012,W03,19,19,0
20260214,P012,W03,15,15,0
20260215,P012,W03,9,9,0
20260216,P012,W03,19,19,0
20260217,P012,W03,21,21,0
20260218,P012,W03,19,19,0
20260219,P012,W03,19,19,0
20260220,P012,W03,26,26,0
20260221,P012,W03,13,13,0
20260222,P012,W03,15,15,0
20260223,P012,W03,30,30,0
20260224,P012,W03,14,14,0
20260225,P012,W03,25,25,0
20260226,P012,W03,11,11,0
20260227,P012,W03,28,28,0
20260228,P012,W03,20,20,0
20260301,P012,W03,16,16,0
20260302,P012,W03,26,26,0
20260303,P012,W03,14,14,0
20260304,P012,W03,20,20,0
20260305,P012,W03,17,17,0
20260306,P012,W03,15,15,0
20260307,P012,W03,17,17,0
20260308,P012,W03,6,6,0
20260309,P012,W03,29,29,0
20260310,P012,W03,24,24,0
20260311,P012,W03,26,26,0
20260312,P012,W03,19,19,0
20260313,P012,W03,22,22,0
20260314,P012,W03,18,18,0
20260315,P012,W03,11,11,0
20260316,P012,W03,15,15,0
20260317,P012,W03,18,18,0
20260318,P012,W03,27,27,0
20260319,P012,W03,16,16,0
20260320,P012,W03,23,23,0
20260321,P012,W03,26,26,0
20260322,P012,W03,18,18,0
20260323,P012,W03,12,12,0
20260324,P012,W03,20,20,0
20260325,P012,W03,35,35,0
20260326,P012,W03,30,30,0
20260327,P012,W03,22,22,0
20260328,P012,W03,20,20,0
20260329,P012,W03,20,20,0
20260330,P012,W03,24,24,0
20260331,P012,W03,21,21,0
20260401,P012,W03,27,27,0
20260402,P012,W03,24,24,0
20260403,P012,W03,20,20,0
20260404,P012,W03,15,15,0
20260405,P012,W03,10,10,0
20260406,P012,W03,19,19,0
20260407,P012,W03,23,23,0
20260408,P012,W03,26,26,0
20260409,P012,W03,26,26,0
20260410,P012,W03,19,19,0
20260411,P012,W03,22,22,0
20260412,P012,W03,20,20,0
20260413,P012,W03,23,23,0
20260414,P012,W03,20,20,0
20260415,P012,W03,24,24,0
20260416,P012,W03,13,13,0
20260417,P012,W03,29,29,0
20260418,P012,W03,20,20,0
20260419,P012,W03,18,18,0
20260420,P012,W03,26,26,0
20260421,P012,W03,22,22,0
20260422,P012,W03,17,17,0
20260423,P012,W03,19,19,0
20260424,P012,W03,22,22,0
20260425,P012,W03,22,22,0
20260426,P012,W03,9,9,0
20260427,P012,W03,25,25,0
20260428,P012,W03,30,30,0
20260429,P012,W03,20,20,0
20260430,P012,W03,24,24,0
20260501,P012,W03,24,24,0
20260502,P012,W03,24,24,0
20260503,P012,W03,10,10,0
20260504,P012,W03,21,21,0
20260505,P012,W03,22,22,0
20260506,P012,W03,21,21,0
20260507,P012,W03,22,22,0
20260508,P012,W03,26,26,0
20260509,P012,W03,27,27,0
20260510,P012,W03,16,16,0
20260511,P012,W03,21,21,0
20260512,P012,W03,15,15,0
20260513,P012,W03,20,20,0
20260514,P012,W03,23,23,0
20260515,P012,W03,16,16,0
20260516,P012,W03,24,24,0
20260517,P012,W03,25,25,0
20260518,P012,W03,23,23,0
20260519,P012,W03,30,30,0
20260520,P012,W03,27,27,0
20260521,P012,W03,25,25,0
20260522,P012,W03,27,27,0
20260523,P012,W03,21,21,0
20260524,P012,W03,10,10,0
20260525,P012,W03,18,18,0
20260526,P012,W03,23,23,0
20260527,P012,W03,25,25,0
20260528,P012,W03,18,18,0
20260529,P012,W03,23,23,0
20260530,P012,W03,30,30,0
20260531,P012,W03,11,11,0
20260601,P012,W03,20,20,0
20260602,P012,W03,20,20,0
20260603,P012,W03,19,19,0
20260604,P012,W03,18,18,0
20260605,P012,W03,20,20,0
20260606,P012,W03,14,14,0
20260607,P012,W03,19,19,0
20260608,P012,W03,13,13,0
20260609,P012,W03,22,22,0
20260610,P012,W03,24,24,0
20260611,P012,W03,22,22,0
20260612,P012,W03,17,17,0
20260613,P012,W03,21,21,0
20260614,P012,W03,12,12,0
20260615,P012,W03,30,30,0
20260616,P012,W03,26,26,0
20260617,P012,W03,21,21,0
20260618,P012,W03,20,20,0
20260619,P012,W03,22,22,0
20260620,P012,W03,26,26,0
20260621,P012,W03,11,11,0
20260622,P012,W03,17,17,0
20260623,P012,W03,23,23,0
20260624,P012,W03,17,17,0
20260625,P012,W03,14,14,0
20260626,P012,W03,30,30,0
20260627,P012,W03,22,22,0
20260628,P012,W03,6,6,0
20260629,P012,W03,28,28,0
20260630,P012,W03,17,17,0
20260701,P012,W03,18,18,0
20260702,P012,W03,17,17,0
20260703,P012,W03,24,24,0
20260704,P012,W03,18,18,0
20260705,P012,W03,17,17,0
20260706,P012,W03,14,14,0
20260707,P012,W03,27,27,0
20260708,P012,W03,14,14,0
20260709,P012,W03,24,24,0
20260710,P012,W03,20,20,0
20260711,P012,W03,34,34,0
20260712,P012,W03,11,11,0
20260713,P012,W03,19,19,0
20260714,P012,W03,19,19,0
20260715,P012,W03,18,18,0
20260716,P012,W03,16,16,0
20260717,P012,W03,25,25,0
20260718,P012,W03,20,20,0
20260719,P012,W03,11,11,0
20260720,P012,W03,18,18,0
20260721,P012,W03,22,22,0
20260722,P012,W03,21,21,0
20260723,P012,W03,29,29,0
20260724,P012,W03,23,23,0
20260725,P012,W03,13,13,0
20260726,P012,W03,21,21,0
20260727,P012,W03,21,21,0
20260728,P012,W03,28,28,0
20260729,P012,W03,27,27,0
20260730,P012,W03,19,19,0
20260731,P012,W03,21,21,0
20260801,P012,W03,16,16,0
20260802,P012,W03,16,16,0
20260803,P012,W03,18,18,0
20260804,P012,W03,17,17,0
20260805,P012,W03,14,14,0
20260806,P012,W03,20,20,0
20260807,P012,W03,21,21,0
20260808,P012,W03,20,20,0
20260809,P012,W03,9,9,0
20260810,P012,W03,19,19,0
20260811,P012,W03,11,11,0
20260812,P012,W03,14,14,0
20260813,P012,W03,29,29,0
20260814,P012,W03,24,24,0
20260815,P012,W03,25,25,0
20260816,P012,W03,15,15,0
20260817,P012,W03,17,17,0
20260818,P012,W03,18,18,0
20260819,P012,W03,22,22,0
20260820,P012,W03,22,22,0
20260821,P012,W03,22,22,0
20260822,P012,W03,14,14,0
20260823,P012,W03,12,12,0
20260824,P012,W03,17,17,0
20260825,P012,W03,19,19,0
20260826,P012,W03,23,23,0
20260827,P012,W03,22,22,0
20260828,P012,W03,25,25,0
20260829,P012,W03,14,14,0
20260830,P012,W03,10,10,0
20260831,P012,W03,28,28,0
20260901,P012,W03,18,18,0
20260902,P012,W03,15,15,0
20260903,P012,W03,24,24,0
20260904,P012,W03,20,20,0
20260905,P012,W03,28,28,0
20260906,P012,W03,13,13,0
20260907,P012,W03,26,26,0
20260908,P012,W03,18,18,0
20260909,P012,W03,18,18,0
20260910,P012,W03,19,19,0
20260911,P012,W03,25,25,0
20260912,P012,W03,19,19,0
20260913,P012,W03,15,15,0
20260914,P012,W03,28,28,0
20260915,P012,W03,20,20,0
20260916,P012,W03,13,13,0
20260917,P012,W03,12,12,0
20260918,P012,W03,26,26,0
20260919,P012,W03,20,20,0
20260920,P012,W03,10,10,0
20260921,P012,W03,24,24,0
20260922,P012,W03,17,17,0
20260923,P012,W03,27,27,0
20260924,P012,W03,15,15,0
20260925,P012,W03,25,25,0
20260926,P012,W03,21,21,0
20260927,P012,W03,7,7,0
20260928,P012,W03,23,23,0
20260929,P012,W03,23,23,0
20260930,P012,W03,14,14,0
20251001,P012,W04,17,17,0
20251002,P012,W04,11,11,0
20251003,P012,W04,13,13,0
20251004,P012,W04,17,17,0
20251005,P012,W04,8,8,0
20251006,P012,W04,17,17,0
20251007,P012,W04,15,15,0
20251008,P012,W04,19,19,0
20251009,P012,W04,18,18,0
20251010,P012,W04,15,15,0
20251011,P012,W04,21,21,0
20251012,P012,W04,8,8,0
20251013,P012,W04,19,19,0
20251014,P012,W04,15,15,0
20251015,P012,W04,13,13,0
20251016,P012,W04,17,17,0
20251017,P012,W04,20,20,0
20251018,P012,W04,15,15,0
20251019,P012,W04,10,10,0
20251020,P012,W04,17,17,0
20251021,P012,W04,21,21,0
20251022,P012,W04,9,9,0
20251023,P012,W04,20,20,0
20251024,P012,W04,22,22,0
20251025,P012,W04,19,19,0
20251026,P012,W04,14,14,0
20251027,P012,W04,17,17,0
20251028,P012,W04,13,13,0
20251029,P012,W04,18,18,0
20251030,P012,W04,17,17,0
20251031,P012,W04,14,14,0
20251101,P012,W04,15,15,0
20251102,P012,W04,11,11,0
20251103,P012,W04,13,13,0
20251104,P012,W04,17,17,0
20251105,P012,W04,13,13,0
20251106,P012,W04,21,21,0
20251107,P012,W04,11,11,0
20251108,P012,W04,13,13,0
20251109,P012,W04,11,11,0
20251110,P012,W04,20,20,0
20251111,P012,W04,12,12,0
20251112,P012,W04,21,21,0
20251113,P012,W04,17,17,0
20251114,P012,W04,12,12,0
20251115,P012,W04,10,10,0
20251116,P012,W04,19,19,0
20251117,P012,W04,22,22,0
20251118,P012,W04,17,17,0
20251119,P012,W04,14,14,0
20251120,P012,W04,12,12,0
20251121,P012,W04,20,20,0
20251122,P012,W04,16,16,0
20251123,P012,W04,9,9,0
20251124,P012,W04,20,20,0
20251125,P012,W04,16,16,0
20251126,P012,W04,13,13,0
20251127,P012,W04,15,15,0
20251128,P012,W04,16,16,0
20251129,P012,W04,10,10,0
20251130,P012,W04,11,11,0
20251201,P012,W04,26,26,0
20251202,P012,W04,14,14,0
20251203,P012,W04,17,17,0
20251204,P012,W04,18,18,0
20251205,P012,W04,14,14,0
20251206,P012,W04,21,21,0
20251207,P012,W04,13,13,0
20251208,P012,W04,16,1,15
20251209,P012,W04,16,0,16
20251210,P012,W04,19,0,19
20251211,P012,W04,11,0,11
20251212,P012,W04,16,0,16
20251213,P012,W04,15,0,15
20251214,P012,W04,10,0,10
20251215,P012,W04,18,0,18
20251216,P012,W04,16,16,0
20251217,P012,W04,15,15,0
20251218,P012,W04,20,20,0
20251219,P012,W04,16,16,0
20251220,P012,W04,15,15,0
20251221,P012,W04,14,14,0
20251222,P012,W04,19,19,0
20251223,P012,W04,20,20,0
20251224,P012,W04,18,18,0
20251225,P012,W04,12,12,0
20251226,P012,W04,20,20,0
20251227,P012,W04,16,16,0
20251228,P012,W04,11,11,0
20251229,P012,W04,16,16,0
20251230,P012,W04,19,19,0
20251231,P012,W04,16,16,0
20260101,P012,W04,16,16,0
20260102,P012,W04,17,17,0
20260103,P012,W04,21,21,0
20260104,P012,W04,8,8,0
20260105,P012,W04,23,23,0
20260106,P012,W04,14,14,0
20260107,P012,W04,19,19,0
20260108,P012,W04,16,16,0
20260109,P012,W04,16,16,0
20260110,P012,W04,24,24,0
20260111,P012,W04,10,10,0
20260112,P012,W04,13,13,0
20260113,P012,W04,25,25,0
20260114,P012,W04,16,16,0
20260115,P012,W04,18,9,9
20260116,P012,W04,26,0,26
20260117,P012,W04,12,0,12
20260118,P012,W04,7,0,7
20260119,P012,W04,16,0,16
20260120,P012,W04,16,16,0
20260121,P012,W04,20,20,0
20260122,P012,W04,17,17,0
20260123,P012,W04,18,18,0
20260124,P012,W04,23,23,0
20260125,P012,W04,4,4,0
20260126,P012,W04,15,15,0
20260127,P012,W04,22,22,0
20260128,P012,W04,22,22,0
20260129,P012,W04,22,22,0
20260130,P012,W04,15,15,0
20260131,P012,W04,19,19,0
20260201,P012,W04,14,14,0
20260202,P012,W04,19,19,0
20260203,P012,W04,20,20,0
20260204,P012,W04,20,20,0
20260205,P012,W04,20,20,0
20260206,P012,W04,20,20,0
20260207,P012,W04,15,15,0
20260208,P012,W04,11,11,0
20260209,P012,W04,17,17,0
20260210,P012,W04,20,20,0
20260211,P012,W04,14,14,0
20260212,P012,W04,15,15,0
20260213,P012,W04,14,14,0
20260214,P012,W04,19,19,0
20260215,P012,W04,17,17,0
20260216,P012,W04,18,18,0
20260217,P012,W04,18,18,0
20260218,P012,W04,20,20,0
20260219,P012,W04,15,15,0
20260220,P012,W04,21,21,0
20260221,P012,W04,21,21,0
20260222,P012,W04,11,11,0
20260223,P012,W04,20,20,0
20260224,P012,W04,19,19,0
20260225,P012,W04,21,21,0
20260226,P012,W04,18,18,0
20260227,P012,W04,12,12,0
20260228,P012,W04,12,12,0
20260301,P012,W04,7,7,0
20260302,P012,W04,19,19,0
20260303,P012,W04,11,11,0
20260304,P012,W04,17,17,0
20260305,P012,W04,10,10,0
20260306,P012,W04,22,22,0
20260307,P012,W04,24,24,0
20260308,P012,W04,13,13,0
20260309,P012,W04,21,21,0
20260310,P012,W04,14,14,0
20260311,P012,W04,23,23,0
20260312,P012,W04,24,24,0
20260313,P012,W04,20,20,0
20260314,P012,W04,25,25,0
20260315,P012,W04,11,11,0
20260316,P012,W04,20,20,0
20260317,P012,W04,10,10,0
20260318,P012,W04,19,19,0
20260319,P012,W04,15,15,0
20260320,P012,W04,23,5,18
20260321,P012,W04,22,0,22
20260322,P012,W04,11,0,11
20260323,P012,W04,17,17,0
20260324,P012,W04,19,19,0
20260325,P012,W04,13,13,0
20260326,P012,W04,21,21,0
20260327,P012,W04,19,19,0
20260328,P012,W04,25,25,0
20260329,P012,W04,11,11,0
20260330,P012,W04,23,23,0
20260331,P012,W04,17,17,0
20260401,P012,W04,17,17,0
20260402,P012,W04,23,23,0
20260403,P012,W04,18,18,0
20260404,P012,W04,12,12,0
20260405,P012,W04,13,13,0
20260406,P012,W04,24,24,0
20260407,P012,W04,15,15,0
20260408,P012,W04,20,20,0
20260409,P012,W04,13,13,0
20260410,P012,W04,11,11,0
20260411,P012,W04,23,23,0
20260412,P012,W04,14,14,0
20260413,P012,W04,21,21,0
20260414,P012,W04,13,13,0
20260415,P012,W04,25,25,0
20260416,P012,W04,11,11,0
20260417,P012,W04,24,24,0
20260418,P012,W04,18,18,0
20260419,P012,W04,17,17,0
20260420,P012,W04,17,13,4
20260421,P012,W04,12,0,12
20260422,P012,W04,17,0,17
20260423,P012,W04,22,0,22
20260424,P012,W04,14,0,14
20260425,P012,W04,20,0,20
20260426,P012,W04,13,0,13
20260427,P012,W04,19,0,19
20260428,P012,W04,17,0,17
20260429,P012,W04,15,0,15
20260430,P012,W04,20,0,20
20260501,P012,W04,26,0,26
20260502,P012,W04,22,0,22
20260503,P012,W04,8,0,8
20260504,P012,W04,17,17,0
20260505,P012,W04,17,17,0
20260506,P012,W04,15,15,0
20260507,P012,W04,21,21,0
20260508,P012,W04,13,13,0
20260509,P012,W04,15,15,0
20260510,P012,W04,14,14,0
20260511,P012,W04,12,12,0
20260512,P012,W04,16,16,0
20260513,P012,W04,19,19,0
20260514,P012,W04,23,23,0
20260515,P012,W04,23,23,0
20260516,P012,W04,19,19,0
20260517,P012,W04,15,15,0
20260518,P012,W04,15,15,0
20260519,P012,W04,13,13,0
20260520,P012,W04,21,21,0
20260521,P012,W04,17,17,0
20260522,P012,W04,15,15,0
20260523,P012,W04,18,18,0
20260524,P012,W04,10,10,0
20260525,P012,W04,13,13,0
20260526,P012,W04,16,16,0
20260527,P012,W04,17,17,0
20260528,P012,W04,13,13,0
20260529,P012,W04,16,16,0
20260530,P012,W04,24,24,0
20260531,P012,W04,10,10,0
20260601,P012,W04,18,18,0
20260602,P012,W04,20,20,0
20260603,P012,W04,14,14,0
20260604,P012,W04,21,19,2
20260605,P012,W04,16,0,16
20260606,P012,W04,18,0,18
20260607,P012,W04,8,0,8
20260608,P012,W04,26,0,26
20260609,P012,W04,13,0,13
20260610,P012,W04,17,0,17
20260611,P012,W04,15,15,0
20260612,P012,W04,23,23,0
20260613,P012,W04,25,25,0
20260614,P012,W04,12,12,0
20260615,P012,W04,14,14,0
20260616,P012,W04,13,13,0
20260617,P012,W04,15,15,0
20260618,P012,W04,20,20,0
20260619,P012,W04,12,12,0
20260620,P012,W04,17,17,0
20260621,P012,W04,14,14,0
20260622,P012,W04,18,18,0
20260623,P012,W04,15,15,0
20260624,P012,W04,19,19,0
20260625,P012,W04,11,11,0
20260626,P012,W04,17,17,0
20260627,P012,W04,17,17,0
20260628,P012,W04,13,13,0
20260629,P012,W04,19,19,0
20260630,P012,W04,14,14,0
20260701,P012,W04,16,16,0
20260702,P012,W04,18,18,0
20260703,P012,W04,10,10,0
20260704,P012,W04,22,22,0
20260705,P012,W04,13,13,0
20260706,P012,W04,14,14,0
20260707,P012,W04,14,14,0
20260708,P012,W04,18,18,0
20260709,P012,W04,20,20,0
20260710,P012,W04,15,15,0
20260711,P012,W04,17,17,0
20260712,P012,W04,15,10,5
20260713,P012,W04,17,0,17
20260714,P012,W04,16,0,16
20260715,P012,W04,11,11,0
20260716,P012,W04,13,13,0
20260717,P012,W04,21,21,0
20260718,P012,W04,12,12,0
20260719,P012,W04,14,14,0
20260720,P012,W04,17,17,0
20260721,P012,W04,17,17,0
20260722,P012,W04,28,28,0
20260723,P012,W04,11,11,0
20260724,P012,W04,26,26,0
20260725,P012,W04,30,30,0
20260726,P012,W04,10,10,0
20260727,P012,W04,21,21,0
20260728,P012,W04,12,12,0
20260729,P012,W04,20,20,0
20260730,P012,W04,19,19,0
20260731,P012,W04,20,20,0
20260801,P012,W04,24,24,0
20260802,P012,W04,16,16,0
20260803,P012,W04,22,22,0
20260804,P012,W04,18,18,0
20260805,P012,W04,20,20,0
20260806,P012,W04,14,14,0
20260807,P012,W04,23,23,0
20260808,P012,W04,15,15,0
20260809,P012,W04,16,16,0
20260810,P012,W04,16,16,0
20260811,P012,W04,15,15,0
20260812,P012,W04,21,9,12
20260813,P012,W04,11,0,11
20260814,P012,W04,23,23,0
20260815,P012,W04,15,15,0
20260816,P012,W04,11,11,0
20260817,P012,W04,12,12,0
20260818,P012,W04,16,16,0
20260819,P012,W04,17,17,0
20260820,P012,W04,22,22,0
20260821,P012,W04,13,13,0
20260822,P012,W04,18,18,0
20260823,P012,W04,11,11,0
20260824,P012,W04,15,15,0
20260825,P012,W04,14,14,0
20260826,P012,W04,15,15,0
20260827,P012,W04,13,13,0
20260828,P012,W04,17,17,0
20260829,P012,W04,12,12,0
20260830,P012,W04,13,13,0
20260831,P012,W04,13,13,0
20260901,P012,W04,16,16,0
20260902,P012,W04,15,15,0
20260903,P012,W04,15,15,0
20260904,P012,W04,18,18,0
20260905,P012,W04,19,19,0
20260906,P012,W04,12,12,0
20260907,P012,W04,23,23,0
20260908,P012,W04,18,18,0
20260909,P012,W04,13,13,0
20260910,P012,W04,11,11,0
20260911,P012,W04,10,10,0
20260912,P012,W04,19,19,0
20260913,P012,W04,7,7,0
20260914,P012,W04,14,14,0
20260915,P012,W04,17,17,0
20260916,P012,W04,16,13,3
20260917,P012,W04,14,0,14
20260918,P012,W04,17,0,17
20260919,P012,W04,20,20,0
20260920,P012,W04,15,15,0
20260921,P012,W04,14,14,0
20260922,P012,W04,14,14,0
20260923,P012,W04,18,18,0
20260924,P012,W04,23,23,0
20260925,P012,W04,15,15,0
20260926,P012,W04,17,17,0
20260927,P012,W04,12,12,0
20260928,P012,W04,16,16,0
20260929,P012,W04,16,16,0
20260930,P012,W04,14,14,0
20251001,P013,W01,18,18,0
20251002,P013,W01,19,19,0
20251003,P013,W01,17,17,0
20251004,P013,W01,8,8,0
20251005,P013,W01,15,15,0
20251006,P013,W01,16,16,0
20251007,P013,W01,18,18,0
20251008,P013,W01,13,13,0
20251009,P013,W01,15,15,0
20251010,P013,W01,15,15,0
20251011,P013,W01,17,17,0
20251012,P013,W01,8,8,0
20251013,P013,W01,20,20,0
20251014,P013,W01,14,14,0
20251015,P013,W01,11,11,0
20251016,P013,W01,11,11,0
20251017,P013,W01,9,9,0
20251018,P013,W01,16,16,0
20251019,P013,W01,4,4,0
20251020,P013,W01,17,17,0
20251021,P013,W01,20,20,0
20251022,P013,W01,17,17,0
20251023,P013,W01,19,19,0
20251024,P013,W01,14,14,0
20251025,P013,W01,20,20,0
20251026,P013,W01,14,14,0
20251027,P013,W01,14,14,0
20251028,P013,W01,11,11,0
20251029,P013,W01,12,12,0
20251030,P013,W01,9,9,0
20251031,P013,W01,21,21,0
20251101,P013,W01,23,23,0
20251102,P013,W01,14,14,0
20251103,P013,W01,17,17,0
20251104,P013,W01,16,16,0
20251105,P013,W01,19,19,0
20251106,P013,W01,20,20,0
20251107,P013,W01,20,20,0
20251108,P013,W01,16,16,0
20251109,P013,W01,14,14,0
20251110,P013,W01,21,21,0
20251111,P013,W01,14,14,0
20251112,P013,W01,21,21,0
20251113,P013,W01,15,15,0
20251114,P013,W01,15,15,0
20251115,P013,W01,19,19,0
20251116,P013,W01,11,11,0
20251117,P013,W01,16,16,0
20251118,P013,W01,18,18,0
20251119,P013,W01,19,19,0
20251120,P013,W01,16,16,0
20251121,P013,W01,13,13,0
20251122,P013,W01,15,15,0
20251123,P013,W01,19,19,0
20251124,P013,W01,12,12,0
20251125,P013,W01,21,21,0
20251126,P013,W01,16,16,0
20251127,P013,W01,12,12,0
20251128,P013,W01,21,21,0
20251129,P013,W01,15,15,0
20251130,P013,W01,10,10,0
20251201,P013,W01,7,7,0
20251202,P013,W01,15,15,0
20251203,P013,W01,16,16,0
20251204,P013,W01,19,19,0
20251205,P013,W01,16,16,0
20251206,P013,W01,17,17,0
20251207,P013,W01,9,9,0
20251208,P013,W01,8,8,0
20251209,P013,W01,9,9,0
20251210,P013,W01,17,17,0
20251211,P013,W01,18,18,0
20251212,P013,W01,14,14,0
20251213,P013,W01,18,18,0
20251214,P013,W01,11,11,0
20251215,P013,W01,19,19,0
20251216,P013,W01,16,16,0
20251217,P013,W01,20,20,0
20251218,P013,W01,12,12,0
20251219,P013,W01,16,16,0
20251220,P013,W01,10,10,0
20251221,P013,W01,10,10,0
20251222,P013,W01,22,22,0
20251223,P013,W01,18,18,0
20251224,P013,W01,16,16,0
20251225,P013,W01,16,16,0
20251226,P013,W01,16,16,0
20251227,P013,W01,21,21,0
20251228,P013,W01,10,10,0
20251229,P013,W01,18,18,0
20251230,P013,W01,20,20,0
20251231,P013,W01,18,18,0
20260101,P013,W01,12,12,0
20260102,P013,W01,18,18,0
20260103,P013,W01,19,19,0
20260104,P013,W01,15,15,0
20260105,P013,W01,11,11,0
20260106,P013,W01,16,16,0
20260107,P013,W01,17,17,0
20260108,P013,W01,20,20,0
20260109,P013,W01,14,14,0
20260110,P013,W01,19,19,0
20260111,P013,W01,6,6,0
20260112,P013,W01,13,13,0
20260113,P013,W01,18,18,0
20260114,P013,W01,10,10,0
20260115,P013,W01,17,17,0
20260116,P013,W01,10,10,0
20260117,P013,W01,21,21,0
20260118,P013,W01,4,4,0
20260119,P013,W01,20,20,0
20260120,P013,W01,17,17,0
20260121,P013,W01,23,23,0
20260122,P013,W01,14,14,0
20260123,P013,W01,28,28,0
20260124,P013,W01,13,13,0
20260125,P013,W01,11,11,0
20260126,P013,W01,17,17,0
20260127,P013,W01,24,24,0
20260128,P013,W01,13,13,0
20260129,P013,W01,18,18,0
20260130,P013,W01,18,18,0
20260131,P013,W01,22,22,0
20260201,P013,W01,10,10,0
20260202,P013,W01,18,18,0
20260203,P013,W01,15,15,0
20260204,P013,W01,14,14,0
20260205,P013,W01,16,16,0
20260206,P013,W01,14,14,0
20260207,P013,W01,17,17,0
20260208,P013,W01,9,9,0
20260209,P013,W01,27,27,0
20260210,P013,W01,15,15,0
20260211,P013,W01,18,18,0
20260212,P013,W01,13,13,0
20260213,P013,W01,21,21,0
20260214,P013,W01,14,14,0
20260215,P013,W01,7,7,0
20260216,P013,W01,17,17,0
20260217,P013,W01,25,25,0
20260218,P013,W01,18,18,0
20260219,P013,W01,14,14,0
20260220,P013,W01,16,16,0
20260221,P013,W01,20,20,0
20260222,P013,W01,5,5,0
20260223,P013,W01,14,14,0
20260224,P013,W01,14,14,0
20260225,P013,W01,17,17,0
20260226,P013,W01,18,18,0
20260227,P013,W01,14,14,0
20260228,P013,W01,19,19,0
20260301,P013,W01,10,10,0
20260302,P013,W01,10,10,0
20260303,P013,W01,18,18,0
20260304,P013,W01,15,15,0
20260305,P013,W01,15,15,0
20260306,P013,W01,15,15,0
20260307,P013,W01,18,18,0
20260308,P013,W01,13,13,0
20260309,P013,W01,16,16,0
20260310,P013,W01,16,16,0
20260311,P013,W01,24,24,0
20260312,P013,W01,13,13,0
20260313,P013,W01,15,15,0
20260314,P013,W01,24,24,0
20260315,P013,W01,5,5,0
20260316,P013,W01,15,15,0
20260317,P013,W01,20,20,0
20260318,P013,W01,14,14,0
20260319,P013,W01,11,11,0
20260320,P013,W01,18,18,0
20260321,P013,W01,17,17,0
20260322,P013,W01,13,13,0
20260323,P013,W01,13,13,0
20260324,P013,W01,22,22,0
20260325,P013,W01,16,16,0
20260326,P013,W01,16,16,0
20260327,P013,W01,23,23,0
20260328,P013,W01,17,17,0
20260329,P013,W01,3,3,0
20260330,P013,W01,18,18,0
20260331,P013,W01,12,12,0
20260401,P013,W01,17,17,0
20260402,P013,W01,13,13,0
20260403,P013,W01,25,25,0
20260404,P013,W01,13,13,0
20260405,P013,W01,7,7,0
20260406,P013,W01,16,16,0
20260407,P013,W01,11,11,0
20260408,P013,W01,10,10,0
20260409,P013,W01,12,12,0
20260410,P013,W01,13,13,0
20260411,P013,W01,18,18,0
20260412,P013,W01,8,8,0
20260413,P013,W01,20,20,0
20260414,P013,W01,13,13,0
20260415,P013,W01,17,17,0
20260416,P013,W01,15,15,0
20260417,P013,W01,23,23,0
20260418,P013,W01,25,25,0
20260419,P013,W01,6,6,0
20260420,P013,W01,14,14,0
20260421,P013,W01,17,17,0
20260422,P013,W01,21,21,0
20260423,P013,W01,13,13,0
20260424,P013,W01,21,21,0
20260425,P013,W01,17,17,0
20260426,P013,W01,9,9,0
20260427,P013,W01,25,25,0
20260428,P013,W01,11,11,0
20260429,P013,W01,18,18,0
20260430,P013,W01,23,23,0
20260501,P013,W01,20,20,0
20260502,P013,W01,14,14,0
20260503,P013,W01,9,9,0
20260504,P013,W01,16,16,0
20260505,P013,W01,12,12,0
20260506,P013,W01,12,12,0
20260507,P013,W01,19,19,0
20260508,P013,W01,15,15,0
20260509,P013,W01,21,21,0
20260510,P013,W01,13,13,0
20260511,P013,W01,12,12,0
20260512,P013,W01,23,23,0
20260513,P013,W01,12,12,0
20260514,P013,W01,16,16,0
20260515,P013,W01,24,24,0
20260516,P013,W01,16,16,0
20260517,P013,W01,11,11,0
20260518,P013,W01,10,10,0
20260519,P013,W01,13,13,0
20260520,P013,W01,17,17,0
20260521,P013,W01,19,19,0
20260522,P013,W01,24,24,0
20260523,P013,W01,13,13,0
20260524,P013,W01,12,12,0
20260525,P013,W01,13,13,0
20260526,P013,W01,18,18,0
20260527,P013,W01,9,9,0
20260528,P013,W01,18,18,0
20260529,P013,W01,18,18,0
20260530,P013,W01,17,17,0
20260531,P013,W01,9,9,0
20260601,P013,W01,13,13,0
20260602,P013,W01,18,18,0
20260603,P013,W01,16,16,0
20260604,P013,W01,11,11,0
20260605,P013,W01,19,19,0
20260606,P013,W01,11,11,0
20260607,P013,W01,9,9,0
20260608,P013,W01,17,17,0
20260609,P013,W01,14,14,0
20260610,P013,W01,13,13,0
20260611,P013,W01,21,21,0
20260612,P013,W01,25,25,0
20260613,P013,W01,16,16,0
20260614,P013,W01,7,7,0
20260615,P013,W01,13,13,0
20260616,P013,W01,15,15,0
20260617,P013,W01,17,17,0
20260618,P013,W01,16,16,0
20260619,P013,W01,19,19,0
20260620,P013,W01,12,12,0
20260621,P013,W01,10,10,0
20260622,P013,W01,11,11,0
20260623,P013,W01,19,19,0
20260624,P013,W01,12,12,0
20260625,P013,W01,11,11,0
20260626,P013,W01,21,21,0
20260627,P013,W01,14,14,0
20260628,P013,W01,10,10,0
20260629,P013,W01,15,15,0
20260630,P013,W01,12,12,0
20260701,P013,W01,14,14,0
20260702,P013,W01,19,19,0
20260703,P013,W01,27,27,0
20260704,P013,W01,17,17,0
20260705,P013,W01,12,12,0
20260706,P013,W01,13,13,0
20260707,P013,W01,17,17,0
20260708,P013,W01,19,19,0
20260709,P013,W01,12,12,0
20260710,P013,W01,15,15,0
20260711,P013,W01,18,18,0
20260712,P013,W01,10,10,0
20260713,P013,W01,19,19,0
20260714,P013,W01,14,14,0
20260715,P013,W01,8,8,0
20260716,P013,W01,13,13,0
20260717,P013,W01,25,25,0
20260718,P013,W01,24,24,0
20260719,P013,W01,11,11,0
20260720,P013,W01,15,15,0
20260721,P013,W01,22,22,0
20260722,P013,W01,15,15,0
20260723,P013,W01,18,18,0
20260724,P013,W01,23,23,0
20260725,P013,W01,16,16,0
20260726,P013,W01,10,10,0
20260727,P013,W01,25,25,0
20260728,P013,W01,16,16,0
20260729,P013,W01,15,15,0
20260730,P013,W01,11,11,0
20260731,P013,W01,16,16,0
20260801,P013,W01,16,16,0
20260802,P013,W01,8,8,0
20260803,P013,W01,17,17,0
20260804,P013,W01,18,18,0
20260805,P013,W01,19,19,0
20260806,P013,W01,25,25,0
20260807,P013,W01,14,14,0
20260808,P013,W01,16,16,0
20260809,P013,W01,11,11,0
20260810,P013,W01,25,25,0
20260811,P013,W01,10,10,0
20260812,P013,W01,5,5,0
20260813,P013,W01,16,16,0
20260814,P013,W01,15,15,0
20260815,P013,W01,16,16,0
20260816,P013,W01,10,10,0
20260817,P013,W01,20,20,0
20260818,P013,W01,18,18,0
20260819,P013,W01,16,16,0
20260820,P013,W01,9,9,0
20260821,P013,W01,19,19,0
20260822,P013,W01,22,22,0
20260823,P013,W01,14,14,0
20260824,P013,W01,19,19,0
20260825,P013,W01,15,15,0
20260826,P013,W01,13,13,0
20260827,P013,W01,15,15,0
20260828,P013,W01,20,20,0
20260829,P013,W01,18,18,0
20260830,P013,W01,14,14,0
20260831,P013,W01,15,15,0
20260901,P013,W01,16,16,0
20260902,P013,W01,12,12,0
20260903,P013,W01,14,14,0
20260904,P013,W01,10,10,0
20260905,P013,W01,9,9,0
20260906,P013,W01,12,12,0
20260907,P013,W01,18,18,0
20260908,P013,W01,18,18,0
20260909,P013,W01,25,25,0
20260910,P013,W01,13,13,0
20260911,P013,W01,13,13,0
20260912,P013,W01,15,15,0
20260913,P013,W01,7,7,0
20260914,P013,W01,15,15,0
20260915,P013,W01,14,14,0
20260916,P013,W01,15,15,0
20260917,P013,W01,19,19,0
20260918,P013,W01,18,18,0
20260919,P013,W01,13,13,0
20260920,P013,W01,7,7,0
20260921,P013,W01,18,18,0
20260922,P013,W01,8,8,0
20260923,P013,W01,12,12,0
20260924,P013,W01,12,12,0
20260925,P013,W01,25,25,0
20260926,P013,W01,19,19,0
20260927,P013,W01,15,15,0
20260928,P013,W01,16,16,0
20260929,P013,W01,18,18,0
20260930,P013,W01,20,20,0
20251001,P013,W02,20,20,0
20251002,P013,W02,17,17,0
20251003,P013,W02,18,18,0
20251004,P013,W02,13,13,0
20251005,P013,W02,7,7,0
20251006,P013,W02,14,14,0
20251007,P013,W02,23,23,0
20251008,P013,W02,22,22,0
20251009,P013,W02,13,13,0
20251010,P013,W02,19,19,0
20251011,P013,W02,22,22,0
20251012,P013,W02,12,12,0
20251013,P013,W02,19,19,0
20251014,P013,W02,13,13,0
20251015,P013,W02,19,19,0
20251016,P013,W02,20,20,0
20251017,P013,W02,21,21,0
20251018,P013,W02,17,17,0
20251019,P013,W02,11,11,0
20251020,P013,W02,13,13,0
20251021,P013,W02,22,22,0
20251022,P013,W02,25,25,0
20251023,P013,W02,17,17,0
20251024,P013,W02,15,15,0
20251025,P013,W02,22,22,0
20251026,P013,W02,16,16,0
20251027,P013,W02,18,18,0
20251028,P013,W02,22,22,0
20251029,P013,W02,7,7,0
20251030,P013,W02,19,19,0
20251031,P013,W02,11,11,0
20251101,P013,W02,19,19,0
20251102,P013,W02,17,17,0
20251103,P013,W02,22,22,0
20251104,P013,W02,21,21,0
20251105,P013,W02,21,21,0
20251106,P013,W02,19,19,0
20251107,P013,W02,20,20,0
20251108,P013,W02,15,15,0
20251109,P013,W02,11,11,0
20251110,P013,W02,14,14,0
20251111,P013,W02,19,19,0
20251112,P013,W02,17,17,0
20251113,P013,W02,18,18,0
20251114,P013,W02,18,18,0
20251115,P013,W02,18,18,0
20251116,P013,W02,12,12,0
20251117,P013,W02,22,22,0
20251118,P013,W02,24,24,0
20251119,P013,W02,11,11,0
20251120,P013,W02,9,9,0
20251121,P013,W02,13,13,0
20251122,P013,W02,18,18,0
20251123,P013,W02,12,12,0
20251124,P013,W02,21,21,0
20251125,P013,W02,16,16,0
20251126,P013,W02,21,21,0
20251127,P013,W02,16,16,0
20251128,P013,W02,17,17,0
20251129,P013,W02,19,19,0
20251130,P013,W02,15,15,0
20251201,P013,W02,17,17,0
20251202,P013,W02,22,22,0
20251203,P013,W02,21,21,0
20251204,P013,W02,12,12,0
20251205,P013,W02,11,11,0
20251206,P013,W02,21,21,0
20251207,P013,W02,15,15,0
20251208,P013,W02,14,14,0
20251209,P013,W02,14,14,0
20251210,P013,W02,19,19,0
20251211,P013,W02,10,10,0
20251212,P013,W02,18,18,0
20251213,P013,W02,14,14,0
20251214,P013,W02,8,8,0
20251215,P013,W02,13,13,0
20251216,P013,W02,23,23,0
20251217,P013,W02,18,18,0
20251218,P013,W02,18,18,0
20251219,P013,W02,15,15,0
20251220,P013,W02,20,20,0
20251221,P013,W02,12,12,0
20251222,P013,W02,10,10,0
20251223,P013,W02,19,19,0
20251224,P013,W02,21,21,0
20251225,P013,W02,19,19,0
20251226,P013,W02,20,20,0
20251227,P013,W02,23,23,0
20251228,P013,W02,12,12,0
20251229,P013,W02,17,17,0
20251230,P013,W02,18,18,0
20251231,P013,W02,11,11,0
20260101,P013,W02,19,19,0
20260102,P013,W02,20,20,0
20260103,P013,W02,16,16,0
20260104,P013,W02,10,10,0
20260105,P013,W02,26,26,0
20260106,P013,W02,23,23,0
20260107,P013,W02,23,23,0
20260108,P013,W02,20,20,0
20260109,P013,W02,14,14,0
20260110,P013,W02,13,13,0
20260111,P013,W02,9,9,0
20260112,P013,W02,17,17,0
20260113,P013,W02,15,15,0
20260114,P013,W02,14,14,0
20260115,P013,W02,20,20,0
20260116,P013,W02,25,25,0
20260117,P013,W02,23,23,0
20260118,P013,W02,13,13,0
20260119,P013,W02,14,14,0
20260120,P013,W02,15,15,0
20260121,P013,W02,18,18,0
20260122,P013,W02,13,13,0
20260123,P013,W02,22,22,0
20260124,P013,W02,11,11,0
20260125,P013,W02,6,6,0
20260126,P013,W02,19,19,0
20260127,P013,W02,14,14,0
20260128,P013,W02,16,16,0
20260129,P013,W02,23,23,0
20260130,P013,W02,15,15,0
20260131,P013,W02,23,23,0
20260201,P013,W02,10,10,0
20260202,P013,W02,14,14,0
20260203,P013,W02,21,21,0
20260204,P013,W02,18,18,0
20260205,P013,W02,20,20,0
20260206,P013,W02,23,23,0
20260207,P013,W02,23,23,0
20260208,P013,W02,11,11,0
20260209,P013,W02,15,15,0
20260210,P013,W02,27,27,0
20260211,P013,W02,21,21,0
20260212,P013,W02,17,17,0
20260213,P013,W02,14,14,0
20260214,P013,W02,24,24,0
20260215,P013,W02,13,13,0
20260216,P013,W02,16,16,0
20260217,P013,W02,24,24,0
20260218,P013,W02,17,17,0
20260219,P013,W02,13,13,0
20260220,P013,W02,19,19,0
20260221,P013,W02,15,15,0
20260222,P013,W02,7,7,0
20260223,P013,W02,11,11,0
20260224,P013,W02,16,16,0
20260225,P013,W02,13,13,0
20260226,P013,W02,19,19,0
20260227,P013,W02,17,17,0
20260228,P013,W02,18,18,0
20260301,P013,W02,9,9,0
20260302,P013,W02,17,17,0
20260303,P013,W02,35,35,0
20260304,P013,W02,15,15,0
20260305,P013,W02,24,24,0
20260306,P013,W02,18,18,0
20260307,P013,W02,19,19,0
20260308,P013,W02,14,14,0
20260309,P013,W02,16,16,0
20260310,P013,W02,13,13,0
20260311,P013,W02,13,13,0
20260312,P013,W02,11,11,0
20260313,P013,W02,18,18,0
20260314,P013,W02,15,15,0
20260315,P013,W02,13,13,0
20260316,P013,W02,20,20,0
20260317,P013,W02,22,22,0
20260318,P013,W02,15,15,0
20260319,P013,W02,23,23,0
20260320,P013,W02,27,27,0
20260321,P013,W02,27,27,0
20260322,P013,W02,8,8,0
20260323,P013,W02,18,18,0
20260324,P013,W02,18,18,0
20260325,P013,W02,28,28,0
20260326,P013,W02,17,17,0
20260327,P013,W02,21,21,0
20260328,P013,W02,15,15,0
20260329,P013,W02,6,6,0
20260330,P013,W02,23,23,0
20260331,P013,W02,21,21,0
20260401,P013,W02,12,12,0
20260402,P013,W02,18,18,0
20260403,P013,W02,17,17,0
20260404,P013,W02,20,20,0
20260405,P013,W02,15,15,0
20260406,P013,W02,20,13,7
20260407,P013,W02,23,0,23
20260408,P013,W02,13,0,13
20260409,P013,W02,23,0,23
20260410,P013,W02,23,0,23
20260411,P013,W02,23,23,0
20260412,P013,W02,9,9,0
20260413,P013,W02,20,20,0
20260414,P013,W02,14,14,0
20260415,P013,W02,10,10,0
20260416,P013,W02,14,14,0
20260417,P013,W02,20,20,0
20260418,P013,W02,22,22,0
20260419,P013,W02,15,15,0
20260420,P013,W02,11,11,0
20260421,P013,W02,22,22,0
20260422,P013,W02,20,20,0
20260423,P013,W02,17,17,0
20260424,P013,W02,25,25,0
20260425,P013,W02,18,18,0
20260426,P013,W02,6,6,0
20260427,P013,W02,12,12,0
20260428,P013,W02,19,19,0
20260429,P013,W02,20,20,0
20260430,P013,W02,15,15,0
20260501,P013,W02,10,10,0
20260502,P013,W02,12,12,0
20260503,P013,W02,8,8,0
20260504,P013,W02,12,12,0
20260505,P013,W02,18,18,0
20260506,P013,W02,12,12,0
20260507,P013,W02,17,17,0
20260508,P013,W02,16,16,0
20260509,P013,W02,24,24,0
20260510,P013,W02,11,11,0
20260511,P013,W02,21,21,0
20260512,P013,W02,17,17,0
20260513,P013,W02,20,20,0
20260514,P013,W02,24,24,0
20260515,P013,W02,20,20,0
20260516,P013,W02,19,19,0
20260517,P013,W02,15,15,0
20260518,P013,W02,24,24,0
20260519,P013,W02,18,18,0
20260520,P013,W02,17,17,0
20260521,P013,W02,16,16,0
20260522,P013,W02,16,16,0
20260523,P013,W02,19,19,0
20260524,P013,W02,10,10,0
20260525,P013,W02,19,19,0
20260526,P013,W02,20,20,0
20260527,P013,W02,16,16,0
20260528,P013,W02,14,9,5
20260529,P013,W02,12,0,12
20260530,P013,W02,27,0,27
20260531,P013,W02,16,0,16
20260601,P013,W02,18,0,18
20260602,P013,W02,12,0,12
20260603,P013,W02,17,17,0
20260604,P013,W02,22,22,0
20260605,P013,W02,23,23,0
20260606,P013,W02,17,17,0
20260607,P013,W02,10,10,0
20260608,P013,W02,12,12,0
20260609,P013,W02,17,17,0
20260610,P013,W02,21,21,0
20260611,P013,W02,15,15,0
20260612,P013,W02,11,11,0
20260613,P013,W02,17,17,0
20260614,P013,W02,12,12,0
20260615,P013,W02,18,18,0
20260616,P013,W02,17,17,0
20260617,P013,W02,13,13,0
20260618,P013,W02,18,18,0
20260619,P013,W02,13,13,0
20260620,P013,W02,18,18,0
20260621,P013,W02,10,10,0
20260622,P013,W02,12,12,0
20260623,P013,W02,15,15,0
20260624,P013,W02,19,19,0
20260625,P013,W02,14,14,0
20260626,P013,W02,15,15,0
20260627,P013,W02,22,22,0
20260628,P013,W02,18,18,0
20260629,P013,W02,23,23,0
20260630,P013,W02,13,13,0
20260701,P013,W02,15,15,0
20260702,P013,W02,17,17,0
20260703,P013,W02,19,19,0
20260704,P013,W02,17,17,0
20260705,P013,W02,20,20,0
20260706,P013,W02,20,20,0
20260707,P013,W02,18,18,0
20260708,P013,W02,22,22,0
20260709,P013,W02,15,15,0
20260710,P013,W02,28,28,0
20260711,P013,W02,12,12,0
20260712,P013,W02,10,10,0
20260713,P013,W02,18,18,0
20260714,P013,W02,14,14,0
20260715,P013,W02,19,19,0
20260716,P013,W02,21,21,0
20260717,P013,W02,17,17,0
20260718,P013,W02,25,25,0
20260719,P013,W02,9,9,0
20260720,P013,W02,28,28,0
20260721,P013,W02,16,16,0
20260722,P013,W02,12,12,0
20260723,P013,W02,15,15,0
20260724,P013,W02,15,15,0
20260725,P013,W02,16,16,0
20260726,P013,W02,10,10,0
20260727,P013,W02,21,21,0
20260728,P013,W02,23,23,0
20260729,P013,W02,21,21,0
20260730,P013,W02,15,15,0
20260731,P013,W02,19,19,0
20260801,P013,W02,19,19,0
20260802,P013,W02,14,14,0
20260803,P013,W02,18,18,0
20260804,P013,W02,15,15,0
20260805,P013,W02,23,23,0
20260806,P013,W02,14,14,0
20260807,P013,W02,18,18,0
20260808,P013,W02,24,24,0
20260809,P013,W02,9,9,0
20260810,P013,W02,15,15,0
20260811,P013,W02,9,9,0
20260812,P013,W02,15,15,0
20260813,P013,W02,14,14,0
20260814,P013,W02,23,23,0
20260815,P013,W02,22,22,0
20260816,P013,W02,8,8,0
20260817,P013,W02,19,19,0
20260818,P013,W02,13,13,0
20260819,P013,W02,16,16,0
20260820,P013,W02,18,18,0
20260821,P013,W02,13,13,0
20260822,P013,W02,9,9,0
20260823,P013,W02,15,15,0
20260824,P013,W02,31,31,0
20260825,P013,W02,21,21,0
20260826,P013,W02,24,24,0
20260827,P013,W02,23,23,0
20260828,P013,W02,15,15,0
20260829,P013,W02,20,20,0
20260830,P013,W02,6,6,0
20260831,P013,W02,12,12,0
20260901,P013,W02,10,10,0
20260902,P013,W02,18,18,0
20260903,P013,W02,16,16,0
20260904,P013,W02,22,22,0
20260905,P013,W02,19,19,0
20260906,P013,W02,11,11,0
20260907,P013,W02,14,14,0
20260908,P013,W02,22,22,0
20260909,P013,W02,9,9,0
20260910,P013,W02,23,23,0
20260911,P013,W02,16,16,0
20260912,P013,W02,11,11,0
20260913,P013,W02,18,18,0
20260914,P013,W02,19,19,0
20260915,P013,W02,15,15,0
20260916,P013,W02,13,13,0
20260917,P013,W02,17,17,0
20260918,P013,W02,11,11,0
20260919,P013,W02,21,21,0
20260920,P013,W02,8,8,0
20260921,P013,W02,19,19,0
20260922,P013,W02,18,18,0
20260923,P013,W02,22,22,0
20260924,P013,W02,25,25,0
20260925,P013,W02,15,15,0
20260926,P013,W02,21,21,0
20260927,P013,W02,11,11,0
20260928,P013,W02,12,12,0
20260929,P013,W02,17,17,0
20260930,P013,W02,14,14,0
20251001,P013,W03,14,14,0
20251002,P013,W03,9,9,0
20251003,P013,W03,15,15,0
20251004,P013,W03,14,14,0
20251005,P013,W03,12,12,0
20251006,P013,W03,13,13,0
20251007,P013,W03,14,14,0
20251008,P013,W03,12,12,0
20251009,P013,W03,13,13,0
20251010,P013,W03,12,12,0
20251011,P013,W03,18,18,0
20251012,P013,W03,8,8,0
20251013,P013,W03,9,9,0
20251014,P013,W03,14,14,0
20251015,P013,W03,12,12,0
20251016,P013,W03,17,17,0
20251017,P013,W03,15,15,0
20251018,P013,W03,19,19,0
20251019,P013,W03,5,5,0
20251020,P013,W03,18,18,0
20251021,P013,W03,13,13,0
20251022,P013,W03,20,20,0
20251023,P013,W03,14,14,0
20251024,P013,W03,13,13,0
20251025,P013,W03,15,15,0
20251026,P013,W03,6,6,0
20251027,P013,W03,15,15,0
20251028,P013,W03,11,11,0
20251029,P013,W03,6,6,0
20251030,P013,W03,17,17,0
20251031,P013,W03,18,18,0
20251101,P013,W03,20,20,0
20251102,P013,W03,6,6,0
20251103,P013,W03,17,17,0
20251104,P013,W03,13,13,0
20251105,P013,W03,15,15,0
20251106,P013,W03,15,15,0
20251107,P013,W03,14,14,0
20251108,P013,W03,12,12,0
20251109,P013,W03,5,5,0
20251110,P013,W03,15,15,0
20251111,P013,W03,11,11,0
20251112,P013,W03,15,15,0
20251113,P013,W03,13,13,0
20251114,P013,W03,19,19,0
20251115,P013,W03,18,18,0
20251116,P013,W03,9,9,0
20251117,P013,W03,14,14,0
20251118,P013,W03,14,14,0
20251119,P013,W03,17,17,0
20251120,P013,W03,17,17,0
20251121,P013,W03,13,13,0
20251122,P013,W03,16,16,0
20251123,P013,W03,9,9,0
20251124,P013,W03,22,22,0
20251125,P013,W03,11,11,0
20251126,P013,W03,10,10,0
20251127,P013,W03,14,14,0
20251128,P013,W03,8,8,0
20251129,P013,W03,15,15,0
20251130,P013,W03,10,10,0
20251201,P013,W03,18,18,0
20251202,P013,W03,14,14,0
20251203,P013,W03,10,10,0
20251204,P013,W03,11,11,0
20251205,P013,W03,19,19,0
20251206,P013,W03,18,18,0
20251207,P013,W03,15,15,0
20251208,P013,W03,8,8,0
20251209,P013,W03,9,9,0
20251210,P013,W03,11,11,0
20251211,P013,W03,13,13,0
20251212,P013,W03,13,13,0
20251213,P013,W03,12,12,0
20251214,P013,W03,4,4,0
20251215,P013,W03,14,14,0
20251216,P013,W03,7,7,0
20251217,P013,W03,19,19,0
20251218,P013,W03,13,13,0
20251219,P013,W03,14,14,0
20251220,P013,W03,14,14,0
20251221,P013,W03,7,7,0
20251222,P013,W03,15,15,0
20251223,P013,W03,14,14,0
20251224,P013,W03,7,7,0
20251225,P013,W03,7,7,0
20251226,P013,W03,15,15,0
20251227,P013,W03,13,13,0
20251228,P013,W03,10,10,0
20251229,P013,W03,12,12,0
20251230,P013,W03,21,21,0
20251231,P013,W03,10,10,0
20260101,P013,W03,9,9,0
20260102,P013,W03,12,12,0
20260103,P013,W03,21,21,0
20260104,P013,W03,10,10,0
20260105,P013,W03,8,8,0
20260106,P013,W03,17,17,0
20260107,P013,W03,16,16,0
20260108,P013,W03,20,20,0
20260109,P013,W03,12,12,0
20260110,P013,W03,14,14,0
20260111,P013,W03,7,7,0
20260112,P013,W03,12,12,0
20260113,P013,W03,14,14,0
20260114,P013,W03,10,10,0
20260115,P013,W03,8,8,0
20260116,P013,W03,17,17,0
20260117,P013,W03,20,20,0
20260118,P013,W03,12,12,0
20260119,P013,W03,11,11,0
20260120,P013,W03,17,17,0
20260121,P013,W03,9,9,0
20260122,P013,W03,16,16,0
20260123,P013,W03,21,21,0
20260124,P013,W03,11,11,0
20260125,P013,W03,4,4,0
20260126,P013,W03,18,18,0
20260127,P013,W03,14,14,0
20260128,P013,W03,13,13,0
20260129,P013,W03,12,12,0
20260130,P013,W03,13,13,0
20260131,P013,W03,16,16,0
20260201,P013,W03,7,7,0
20260202,P013,W03,14,14,0
20260203,P013,W03,15,15,0
20260204,P013,W03,17,17,0
20260205,P013,W03,16,16,0
20260206,P013,W03,8,8,0
20260207,P013,W03,20,20,0
20260208,P013,W03,6,6,0
20260209,P013,W03,13,13,0
20260210,P013,W03,13,13,0
20260211,P013,W03,19,19,0
20260212,P013,W03,16,16,0
20260213,P013,W03,19,19,0
20260214,P013,W03,8,8,0
20260215,P013,W03,4,4,0
20260216,P013,W03,17,17,0
20260217,P013,W03,16,16,0
20260218,P013,W03,11,11,0
20260219,P013,W03,14,14,0
20260220,P013,W03,12,12,0
20260221,P013,W03,13,13,0
20260222,P013,W03,9,9,0
20260223,P013,W03,13,13,0
20260224,P013,W03,17,17,0
20260225,P013,W03,12,12,0
20260226,P013,W03,14,14,0
20260227,P013,W03,15,15,0
20260228,P013,W03,22,22,0
20260301,P013,W03,8,8,0
20260302,P013,W03,18,18,0
20260303,P013,W03,17,17,0
20260304,P013,W03,12,12,0
20260305,P013,W03,16,16,0
20260306,P013,W03,19,19,0
20260307,P013,W03,14,14,0
20260308,P013,W03,12,12,0
20260309,P013,W03,13,13,0
20260310,P013,W03,22,22,0
20260311,P013,W03,23,23,0
20260312,P013,W03,18,18,0
20260313,P013,W03,13,13,0
20260314,P013,W03,10,10,0
20260315,P013,W03,19,19,0
20260316,P013,W03,16,16,0
20260317,P013,W03,9,9,0
20260318,P013,W03,11,11,0
20260319,P013,W03,19,19,0
20260320,P013,W03,15,15,0
20260321,P013,W03,15,15,0
20260322,P013,W03,8,8,0
20260323,P013,W03,14,14,0
20260324,P013,W03,10,10,0
20260325,P013,W03,14,14,0
20260326,P013,W03,16,16,0
20260327,P013,W03,11,11,0
20260328,P013,W03,23,23,0
20260329,P013,W03,12,12,0
20260330,P013,W03,14,14,0
20260331,P013,W03,19,19,0
20260401,P013,W03,10,10,0
20260402,P013,W03,14,14,0
20260403,P013,W03,11,11,0
20260404,P013,W03,15,15,0
20260405,P013,W03,4,4,0
20260406,P013,W03,11,11,0
20260407,P013,W03,16,16,0
20260408,P013,W03,15,15,0
20260409,P013,W03,20,20,0
20260410,P013,W03,8,8,0
20260411,P013,W03,16,16,0
20260412,P013,W03,12,12,0
20260413,P013,W03,14,14,0
20260414,P013,W03,19,19,0
20260415,P013,W03,18,18,0
20260416,P013,W03,15,15,0
20260417,P013,W03,11,11,0
20260418,P013,W03,21,21,0
20260419,P013,W03,6,6,0
20260420,P013,W03,20,20,0
20260421,P013,W03,21,21,0
20260422,P013,W03,14,14,0
20260423,P013,W03,8,8,0
20260424,P013,W03,17,17,0
20260425,P013,W03,22,22,0
20260426,P013,W03,8,8,0
20260427,P013,W03,17,17,0
20260428,P013,W03,13,13,0
20260429,P013,W03,10,10,0
20260430,P013,W03,16,16,0
20260501,P013,W03,16,16,0
20260502,P013,W03,13,13,0
20260503,P013,W03,10,10,0
20260504,P013,W03,13,13,0
20260505,P013,W03,18,18,0
20260506,P013,W03,10,10,0
20260507,P013,W03,16,16,0
20260508,P013,W03,10,10,0
20260509,P013,W03,13,13,0
20260510,P013,W03,10,10,0
20260511,P013,W03,19,19,0
20260512,P013,W03,9,9,0
20260513,P013,W03,16,16,0
20260514,P013,W03,17,17,0
20260515,P013,W03,14,14,0
20260516,P013,W03,13,13,0
20260517,P013,W03,9,9,0
20260518,P013,W03,16,16,0
20260519,P013,W03,18,18,0
20260520,P013,W03,25,25,0
20260521,P013,W03,16,16,0
20260522,P013,W03,11,11,0
20260523,P013,W03,10,10,0
20260524,P013,W03,11,11,0
20260525,P013,W03,9,9,0
20260526,P013,W03,27,27,0
20260527,P013,W03,17,17,0
20260528,P013,W03,13,13,0
20260529,P013,W03,12,12,0
20260530,P013,W03,12,12,0
20260531,P013,W03,9,9,0
20260601,P013,W03,11,11,0
20260602,P013,W03,12,12,0
20260603,P013,W03,13,13,0
20260604,P013,W03,13,13,0
20260605,P013,W03,14,14,0
20260606,P013,W03,16,16,0
20260607,P013,W03,10,10,0
20260608,P013,W03,23,23,0
20260609,P013,W03,17,17,0
20260610,P013,W03,12,12,0
20260611,P013,W03,9,9,0
20260612,P013,W03,17,17,0
20260613,P013,W03,16,16,0
20260614,P013,W03,4,4,0
20260615,P013,W03,16,16,0
20260616,P013,W03,14,14,0
20260617,P013,W03,21,21,0
20260618,P013,W03,16,16,0
20260619,P013,W03,17,17,0
20260620,P013,W03,15,15,0
20260621,P013,W03,10,10,0
20260622,P013,W03,22,22,0
20260623,P013,W03,12,12,0
20260624,P013,W03,11,11,0
20260625,P013,W03,12,12,0
20260626,P013,W03,22,22,0
20260627,P013,W03,19,19,0
20260628,P013,W03,10,10,0
20260629,P013,W03,19,19,0
20260630,P013,W03,11,11,0
20260701,P013,W03,16,16,0
20260702,P013,W03,16,16,0
20260703,P013,W03,8,8,0
20260704,P013,W03,19,19,0
20260705,P013,W03,11,11,0
20260706,P013,W03,18,18,0
20260707,P013,W03,13,13,0
20260708,P013,W03,17,17,0
20260709,P013,W03,12,12,0
20260710,P013,W03,15,15,0
20260711,P013,W03,14,14,0
20260712,P013,W03,9,9,0
20260713,P013,W03,9,9,0
20260714,P013,W03,17,17,0
20260715,P013,W03,12,12,0
20260716,P013,W03,13,13,0
20260717,P013,W03,12,12,0
20260718,P013,W03,16,16,0
20260719,P013,W03,10,10,0
20260720,P013,W03,18,18,0
20260721,P013,W03,17,17,0
20260722,P013,W03,10,10,0
20260723,P013,W03,6,6,0
20260724,P013,W03,8,8,0
20260725,P013,W03,12,12,0
20260726,P013,W03,9,9,0
20260727,P013,W03,16,16,0
20260728,P013,W03,13,13,0
20260729,P013,W03,16,16,0
20260730,P013,W03,20,20,0
20260731,P013,W03,10,10,0
20260801,P013,W03,14,14,0
20260802,P013,W03,12,12,0
20260803,P013,W03,15,15,0
20260804,P013,W03,17,17,0
20260805,P013,W03,17,17,0
20260806,P013,W03,13,13,0
20260807,P013,W03,15,15,0
20260808,P013,W03,11,11,0
20260809,P013,W03,9,9,0
20260810,P013,W03,17,17,0
20260811,P013,W03,20,20,0
20260812,P013,W03,17,17,0
20260813,P013,W03,18,18,0
20260814,P013,W03,8,8,0
20260815,P013,W03,15,15,0
20260816,P013,W03,6,6,0
20260817,P013,W03,8,8,0
20260818,P013,W03,11,11,0
20260819,P013,W03,10,10,0
20260820,P013,W03,19,19,0
20260821,P013,W03,21,21,0
20260822,P013,W03,7,7,0
20260823,P013,W03,7,7,0
20260824,P013,W03,16,16,0
20260825,P013,W03,14,14,0
20260826,P013,W03,10,10,0
20260827,P013,W03,12,12,0
20260828,P013,W03,9,9,0
20260829,P013,W03,15,15,0
20260830,P013,W03,12,12,0
20260831,P013,W03,13,13,0
20260901,P013,W03,18,18,0
20260902,P013,W03,10,10,0
20260903,P013,W03,7,7,0
20260904,P013,W03,8,8,0
20260905,P013,W03,10,10,0
20260906,P013,W03,10,10,0
20260907,P013,W03,17,17,0
20260908,P013,W03,15,15,0
20260909,P013,W03,14,14,0
20260910,P013,W03,18,18,0
20260911,P013,W03,16,16,0
20260912,P013,W03,14,14,0
20260913,P013,W03,11,11,0
20260914,P013,W03,14,14,0
20260915,P013,W03,13,13,0
20260916,P013,W03,10,10,0
20260917,P013,W03,17,17,0
20260918,P013,W03,12,12,0
20260919,P013,W03,16,16,0
20260920,P013,W03,9,9,0
20260921,P013,W03,12,12,0
20260922,P013,W03,13,13,0
20260923,P013,W03,10,10,0
20260924,P013,W03,16,16,0
20260925,P013,W03,15,15,0
20260926,P013,W03,14,14,0
20260927,P013,W03,8,8,0
20260928,P013,W03,7,7,0
20260929,P013,W03,15,15,0
20260930,P013,W03,13,13,0
20251001,P013,W04,14,14,0
20251002,P013,W04,14,14,0
20251003,P013,W04,15,15,0
20251004,P013,W04,11,11,0
20251005,P013,W04,11,11,0
20251006,P013,W04,10,10,0
20251007,P013,W04,7,7,0
20251008,P013,W04,10,10,0
20251009,P013,W04,18,18,0
20251010,P013,W04,11,11,0
20251011,P013,W04,10,10,0
20251012,P013,W04,11,11,0
20251013,P013,W04,9,9,0
20251014,P013,W04,12,12,0
20251015,P013,W04,15,15,0
20251016,P013,W04,12,12,0
20251017,P013,W04,11,11,0
20251018,P013,W04,10,10,0
20251019,P013,W04,10,10,0
20251020,P013,W04,13,13,0
20251021,P013,W04,18,18,0
20251022,P013,W04,14,14,0
20251023,P013,W04,6,6,0
20251024,P013,W04,15,15,0
20251025,P013,W04,10,10,0
20251026,P013,W04,8,8,0
20251027,P013,W04,11,11,0
20251028,P013,W04,8,8,0
20251029,P013,W04,10,10,0
20251030,P013,W04,12,12,0
20251031,P013,W04,17,17,0
20251101,P013,W04,8,7,1
20251102,P013,W04,5,5,0
20251103,P013,W04,17,17,0
20251104,P013,W04,10,10,0
20251105,P013,W04,14,14,0
20251106,P013,W04,8,8,0
20251107,P013,W04,9,9,0
20251108,P013,W04,14,14,0
20251109,P013,W04,7,7,0
20251110,P013,W04,21,21,0
20251111,P013,W04,12,12,0
20251112,P013,W04,11,11,0
20251113,P013,W04,15,15,0
20251114,P013,W04,11,11,0
20251115,P013,W04,13,13,0
20251116,P013,W04,14,14,0
20251117,P013,W04,12,12,0
20251118,P013,W04,10,10,0
20251119,P013,W04,13,13,0
20251120,P013,W04,8,8,0
20251121,P013,W04,11,11,0
20251122,P013,W04,14,14,0
20251123,P013,W04,13,13,0
20251124,P013,W04,11,11,0
20251125,P013,W04,13,13,0
20251126,P013,W04,11,11,0
20251127,P013,W04,11,11,0
20251128,P013,W04,11,11,0
20251129,P013,W04,13,13,0
20251130,P013,W04,8,8,0
20251201,P013,W04,14,14,0
20251202,P013,W04,10,10,0
20251203,P013,W04,11,7,4
20251204,P013,W04,14,0,14
20251205,P013,W04,14,0,14
20251206,P013,W04,17,0,17
20251207,P013,W04,12,0,12
20251208,P013,W04,13,0,13
20251209,P013,W04,16,0,16
20251210,P013,W04,7,0,7
20251211,P013,W04,13,0,13
20251212,P013,W04,17,0,17
20251213,P013,W04,13,0,13
20251214,P013,W04,6,0,6
20251215,P013,W04,20,0,20
20251216,P013,W04,6,0,6
20251217,P013,W04,12,0,12
20251218,P013,W04,17,0,17
20251219,P013,W04,11,0,11
20251220,P013,W04,13,13,0
20251221,P013,W04,6,6,0
20251222,P013,W04,10,10,0
20251223,P013,W04,8,8,0
20251224,P013,W04,14,14,0
20251225,P013,W04,4,4,0
20251226,P013,W04,15,15,0
20251227,P013,W04,11,11,0
20251228,P013,W04,7,7,0
20251229,P013,W04,23,23,0
20251230,P013,W04,7,7,0
20251231,P013,W04,8,8,0
20260101,P013,W04,13,13,0
20260102,P013,W04,14,14,0
20260103,P013,W04,9,9,0
20260104,P013,W04,6,6,0
20260105,P013,W04,9,9,0
20260106,P013,W04,14,14,0
20260107,P013,W04,12,12,0
20260108,P013,W04,9,9,0
20260109,P013,W04,17,17,0
20260110,P013,W04,13,13,0
20260111,P013,W04,8,8,0
20260112,P013,W04,12,12,0
20260113,P013,W04,10,10,0
20260114,P013,W04,10,10,0
20260115,P013,W04,7,7,0
20260116,P013,W04,11,11,0
20260117,P013,W04,14,14,0
20260118,P013,W04,7,7,0
20260119,P013,W04,20,20,0
20260120,P013,W04,13,13,0
20260121,P013,W04,12,12,0
20260122,P013,W04,8,6,2
20260123,P013,W04,11,0,11
20260124,P013,W04,10,0,10
20260125,P013,W04,8,8,0
20260126,P013,W04,19,19,0
20260127,P013,W04,16,16,0
20260128,P013,W04,13,13,0
20260129,P013,W04,12,12,0
20260130,P013,W04,13,13,0
20260131,P013,W04,12,12,0
20260201,P013,W04,16,16,0
20260202,P013,W04,22,22,0
20260203,P013,W04,12,12,0
20260204,P013,W04,11,11,0
20260205,P013,W04,10,10,0
20260206,P013,W04,10,10,0
20260207,P013,W04,10,10,0
20260208,P013,W04,5,5,0
20260209,P013,W04,9,9,0
20260210,P013,W04,17,17,0
20260211,P013,W04,17,17,0
20260212,P013,W04,9,9,0
20260213,P013,W04,12,12,0
20260214,P013,W04,13,13,0
20260215,P013,W04,11,11,0
20260216,P013,W04,13,13,0
20260217,P013,W04,8,8,0
20260218,P013,W04,11,11,0
20260219,P013,W04,12,12,0
20260220,P013,W04,10,10,0
20260221,P013,W04,11,11,0
20260222,P013,W04,13,13,0
20260223,P013,W04,18,5,13
20260224,P013,W04,10,0,10
20260225,P013,W04,10,0,10
20260226,P013,W04,12,0,12
20260227,P013,W04,15,0,15
20260228,P013,W04,18,0,18
20260301,P013,W04,7,0,7
20260302,P013,W04,10,0,10
20260303,P013,W04,19,0,19
20260304,P013,W04,12,0,12
20260305,P013,W04,17,0,17
20260306,P013,W04,13,0,13
20260307,P013,W04,12,0,12
20260308,P013,W04,8,0,8
20260309,P013,W04,16,0,16
20260310,P013,W04,23,23,0
20260311,P013,W04,15,15,0
20260312,P013,W04,10,10,0
20260313,P013,W04,14,14,0
20260314,P013,W04,16,16,0
20260315,P013,W04,14,14,0
20260316,P013,W04,10,10,0
20260317,P013,W04,20,20,0
20260318,P013,W04,15,15,0
20260319,P013,W04,16,16,0
20260320,P013,W04,19,19,0
20260321,P013,W04,16,16,0
20260322,P013,W04,5,5,0
20260323,P013,W04,16,16,0
20260324,P013,W04,9,9,0
20260325,P013,W04,17,17,0
20260326,P013,W04,10,10,0
20260327,P013,W04,16,16,0
20260328,P013,W04,10,10,0
20260329,P013,W04,7,7,0
20260330,P013,W04,15,15,0
20260331,P013,W04,15,15,0
20260401,P013,W04,13,13,0
20260402,P013,W04,12,12,0
20260403,P013,W04,7,7,0
20260404,P013,W04,15,15,0
20260405,P013,W04,10,5,5
20260406,P013,W04,19,19,0
20260407,P013,W04,12,0,12
20260408,P013,W04,12,12,0
20260409,P013,W04,8,8,0
20260410,P013,W04,8,8,0
20260411,P013,W04,17,17,0
20260412,P013,W04,8,8,0
20260413,P013,W04,11,11,0
20260414,P013,W04,13,13,0
20260415,P013,W04,21,21,0
20260416,P013,W04,12,12,0
20260417,P013,W04,12,12,0
20260418,P013,W04,14,14,0
20260419,P013,W04,9,9,0
20260420,P013,W04,16,16,0
20260421,P013,W04,7,7,0
20260422,P013,W04,17,17,0
20260423,P013,W04,21,21,0
20260424,P013,W04,17,17,0
20260425,P013,W04,11,11,0
20260426,P013,W04,6,6,0
20260427,P013,W04,8,8,0
20260428,P013,W04,13,13,0
20260429,P013,W04,11,11,0
20260430,P013,W04,16,16,0
20260501,P013,W04,17,17,0
20260502,P013,W04,12,12,0
20260503,P013,W04,10,10,0
20260504,P013,W04,10,10,0
20260505,P013,W04,9,9,0
20260506,P013,W04,8,8,0
20260507,P013,W04,13,13,0
20260508,P013,W04,16,12,4
20260509,P013,W04,21,0,21
20260510,P013,W04,11,0,11
20260511,P013,W04,12,0,12
20260512,P013,W04,9,0,9
20260513,P013,W04,16,0,16
20260514,P013,W04,10,0,10
20260515,P013,W04,11,0,11
20260516,P013,W04,20,0,20
20260517,P013,W04,10,0,10
20260518,P013,W04,13,0,13
20260519,P013,W04,15,0,15
20260520,P013,W04,8,8,0
20260521,P013,W04,10,10,0
20260522,P013,W04,17,17,0
20260523,P013,W04,11,11,0
20260524,P013,W04,5,5,0
20260525,P013,W04,12,12,0
20260526,P013,W04,6,6,0
20260527,P013,W04,13,13,0
20260528,P013,W04,12,12,0
20260529,P013,W04,12,12,0
20260530,P013,W04,17,17,0
20260531,P013,W04,13,13,0
20260601,P013,W04,15,15,0
20260602,P013,W04,18,18,0
20260603,P013,W04,14,14,0
20260604,P013,W04,14,14,0
20260605,P013,W04,13,13,0
20260606,P013,W04,5,5,0
20260607,P013,W04,12,12,0
20260608,P013,W04,14,14,0
20260609,P013,W04,6,6,0
20260610,P013,W04,14,14,0
20260611,P013,W04,12,12,0
20260612,P013,W04,13,13,0
20260613,P013,W04,13,13,0
20260614,P013,W04,6,6,0
20260615,P013,W04,16,16,0
20260616,P013,W04,12,12,0
20260617,P013,W04,7,7,0
20260618,P013,W04,7,7,0
20260619,P013,W04,13,13,0
20260620,P013,W04,17,0,17
20260621,P013,W04,6,0,6
20260622,P013,W04,13,0,13
20260623,P013,W04,9,0,9
20260624,P013,W04,17,0,17
20260625,P013,W04,6,0,6
20260626,P013,W04,15,15,0
20260627,P013,W04,14,14,0
20260628,P013,W04,8,8,0
20260629,P013,W04,11,11,0
20260630,P013,W04,15,15,0
20260701,P013,W04,16,16,0
20260702,P013,W04,7,7,0
20260703,P013,W04,13,13,0
20260704,P013,W04,14,14,0
20260705,P013,W04,12,12,0
20260706,P013,W04,6,6,0
20260707,P013,W04,14,14,0
20260708,P013,W04,16,16,0
20260709,P013,W04,15,15,0
20260710,P013,W04,9,9,0
20260711,P013,W04,8,8,0
20260712,P013,W04,9,9,0
20260713,P013,W04,14,14,0
20260714,P013,W04,11,11,0
20260715,P013,W04,12,12,0
20260716,P013,W04,10,10,0
20260717,P013,W04,10,10,0
20260718,P013,W04,16,16,0
20260719,P013,W04,9,9,0
20260720,P013,W04,13,13,0
20260721,P013,W04,19,19,0
20260722,P013,W04,8,8,0
20260723,P013,W04,11,11,0
20260724,P013,W04,10,10,0
20260725,P013,W04,9,9,0
20260726,P013,W04,8,8,0
20260727,P013,W04,12,10,2
20260728,P013,W04,11,0,11
20260729,P013,W04,18,0,18
20260730,P013,W04,13,0,13
20260731,P013,W04,15,15,0
20260801,P013,W04,11,11,0
20260802,P013,W04,10,10,0
20260803,P013,W04,11,11,0
20260804,P013,W04,11,11,0
20260805,P013,W04,10,10,0
20260806,P013,W04,12,12,0
20260807,P013,W04,16,16,0
20260808,P013,W04,11,11,0
20260809,P013,W04,9,9,0
20260810,P013,W04,7,7,0
20260811,P013,W04,9,9,0
20260812,P013,W04,14,14,0
20260813,P013,W04,12,12,0
20260814,P013,W04,5,5,0
20260815,P013,W04,13,13,0
20260816,P013,W04,11,11,0
20260817,P013,W04,10,10,0
20260818,P013,W04,8,8,0
20260819,P013,W04,9,9,0
20260820,P013,W04,17,17,0
20260821,P013,W04,10,10,0
20260822,P013,W04,20,20,0
20260823,P013,W04,9,9,0
20260824,P013,W04,17,17,0
20260825,P013,W04,5,5,0
20260826,P013,W04,11,11,0
20260827,P013,W04,9,9,0
20260828,P013,W04,12,12,0
20260829,P013,W04,9,9,0
20260830,P013,W04,7,7,0
20260831,P013,W04,4,4,0
20260901,P013,W04,11,11,0
20260902,P013,W04,14,5,9
20260903,P013,W04,9,0,9
20260904,P013,W04,15,0,15
20260905,P013,W04,9,0,9
20260906,P013,W04,6,0,6
20260907,P013,W04,6,0,6
20260908,P013,W04,12,0,12
20260909,P013,W04,8,8,0
20260910,P013,W04,14,14,0
20260911,P013,W04,13,13,0
20260912,P013,W04,13,13,0
20260913,P013,W04,4,4,0
20260914,P013,W04,15,15,0
20260915,P013,W04,7,7,0
20260916,P013,W04,10,10,0
20260917,P013,W04,7,7,0
20260918,P013,W04,10,10,0
20260919,P013,W04,15,15,0
20260920,P013,W04,8,8,0
20260921,P013,W04,7,7,0
20260922,P013,W04,7,7,0
20260923,P013,W04,13,13,0
20260924,P013,W04,15,15,0
20260925,P013,W04,13,13,0
20260926,P013,W04,11,11,0
20260927,P013,W04,11,11,0
20260928,P013,W04,10,10,0
20260929,P013,W04,9,9,0
20260930,P013,W04,12,12,0
20251001,P014,W01,7,7,0
20251002,P014,W01,15,15,0
20251003,P014,W01,13,13,0
20251004,P014,W01,5,5,0
20251005,P014,W01,4,4,0
20251006,P014,W01,15,15,0
20251007,P014,W01,14,14,0
20251008,P014,W01,10,10,0
20251009,P014,W01,8,8,0
20251010,P014,W01,9,9,0
20251011,P014,W01,11,11,0
20251012,P014,W01,5,5,0
20251013,P014,W01,16,16,0
20251014,P014,W01,14,14,0
20251015,P014,W01,7,7,0
20251016,P014,W01,16,16,0
20251017,P014,W01,18,18,0
20251018,P014,W01,12,12,0
20251019,P014,W01,10,10,0
20251020,P014,W01,10,10,0
20251021,P014,W01,14,14,0
20251022,P014,W01,10,10,0
20251023,P014,W01,7,7,0
20251024,P014,W01,11,11,0
20251025,P014,W01,9,9,0
20251026,P014,W01,5,5,0
20251027,P014,W01,14,14,0
20251028,P014,W01,12,12,0
20251029,P014,W01,3,3,0
20251030,P014,W01,10,10,0
20251031,P014,W01,10,10,0
20251101,P014,W01,20,20,0
20251102,P014,W01,11,11,0
20251103,P014,W01,17,17,0
20251104,P014,W01,21,21,0
20251105,P014,W01,13,13,0
20251106,P014,W01,17,17,0
20251107,P014,W01,16,16,0
20251108,P014,W01,15,15,0
20251109,P014,W01,9,9,0
20251110,P014,W01,20,20,0
20251111,P014,W01,15,15,0
20251112,P014,W01,11,11,0
20251113,P014,W01,8,8,0
20251114,P014,W01,22,22,0
20251115,P014,W01,22,22,0
20251116,P014,W01,7,7,0
20251117,P014,W01,16,16,0
20251118,P014,W01,14,14,0
20251119,P014,W01,13,13,0
20251120,P014,W01,12,12,0
20251121,P014,W01,10,10,0
20251122,P014,W01,12,12,0
20251123,P014,W01,10,10,0
20251124,P014,W01,17,17,0
20251125,P014,W01,5,5,0
20251126,P014,W01,5,5,0
20251127,P014,W01,15,15,0
20251128,P014,W01,19,19,0
20251129,P014,W01,14,14,0
20251130,P014,W01,9,9,0
20251201,P014,W01,15,15,0
20251202,P014,W01,15,15,0
20251203,P014,W01,15,15,0
20251204,P014,W01,12,12,0
20251205,P014,W01,21,21,0
20251206,P014,W01,20,20,0
20251207,P014,W01,6,6,0
20251208,P014,W01,15,15,0
20251209,P014,W01,14,14,0
20251210,P014,W01,13,13,0
20251211,P014,W01,10,10,0
20251212,P014,W01,13,13,0
20251213,P014,W01,14,14,0
20251214,P014,W01,9,9,0
20251215,P014,W01,11,11,0
20251216,P014,W01,11,11,0
20251217,P014,W01,19,19,0
20251218,P014,W01,22,22,0
20251219,P014,W01,10,10,0
20251220,P014,W01,22,22,0
20251221,P014,W01,6,6,0
20251222,P014,W01,22,22,0
20251223,P014,W01,17,17,0
20251224,P014,W01,16,16,0
20251225,P014,W01,18,18,0
20251226,P014,W01,16,16,0
20251227,P014,W01,12,12,0
20251228,P014,W01,15,15,0
20251229,P014,W01,13,13,0
20251230,P014,W01,11,11,0
20251231,P014,W01,12,12,0
20260101,P014,W01,17,17,0
20260102,P014,W01,17,17,0
20260103,P014,W01,17,17,0
20260104,P014,W01,7,7,0
20260105,P014,W01,18,18,0
20260106,P014,W01,9,9,0
20260107,P014,W01,14,14,0
20260108,P014,W01,10,10,0
20260109,P014,W01,16,16,0
20260110,P014,W01,19,19,0
20260111,P014,W01,13,13,0
20260112,P014,W01,18,18,0
20260113,P014,W01,17,17,0
20260114,P014,W01,15,15,0
20260115,P014,W01,17,17,0
20260116,P014,W01,15,15,0
20260117,P014,W01,18,18,0
20260118,P014,W01,10,10,0
20260119,P014,W01,13,13,0
20260120,P014,W01,16,16,0
20260121,P014,W01,19,19,0
20260122,P014,W01,13,13,0
20260123,P014,W01,12,12,0
20260124,P014,W01,17,17,0
20260125,P014,W01,18,18,0
20260126,P014,W01,15,15,0
20260127,P014,W01,22,22,0
20260128,P014,W01,11,11,0
20260129,P014,W01,10,10,0
20260130,P014,W01,19,19,0
20260131,P014,W01,14,14,0
20260201,P014,W01,12,12,0
20260202,P014,W01,13,13,0
20260203,P014,W01,16,16,0
20260204,P014,W01,9,9,0
20260205,P014,W01,14,14,0
20260206,P014,W01,18,18,0
20260207,P014,W01,14,14,0
20260208,P014,W01,7,7,0
20260209,P014,W01,11,11,0
20260210,P014,W01,8,8,0
20260211,P014,W01,7,7,0
20260212,P014,W01,13,13,0
20260213,P014,W01,14,14,0
20260214,P014,W01,17,17,0
20260215,P014,W01,11,11,0
20260216,P014,W01,16,16,0
20260217,P014,W01,11,11,0
20260218,P014,W01,20,20,0
20260219,P014,W01,14,14,0
20260220,P014,W01,19,19,0
20260221,P014,W01,14,14,0
20260222,P014,W01,7,7,0
20260223,P014,W01,14,14,0
20260224,P014,W01,13,13,0
20260225,P014,W01,18,18,0
20260226,P014,W01,14,14,0
20260227,P014,W01,12,12,0
20260228,P014,W01,8,8,0
20260301,P014,W01,3,3,0
20260302,P014,W01,10,10,0
20260303,P014,W01,11,11,0
20260304,P014,W01,11,11,0
20260305,P014,W01,17,17,0
20260306,P014,W01,13,13,0
20260307,P014,W01,10,10,0
20260308,P014,W01,8,8,0
20260309,P014,W01,14,14,0
20260310,P014,W01,9,9,0
20260311,P014,W01,10,10,0
20260312,P014,W01,14,14,0
20260313,P014,W01,11,11,0
20260314,P014,W01,11,11,0
20260315,P014,W01,10,10,0
20260316,P014,W01,12,12,0
20260317,P014,W01,12,12,0
20260318,P014,W01,5,5,0
20260319,P014,W01,12,12,0
20260320,P014,W01,10,10,0
20260321,P014,W01,12,12,0
20260322,P014,W01,7,7,0
20260323,P014,W01,10,10,0
20260324,P014,W01,10,10,0
20260325,P014,W01,4,4,0
20260326,P014,W01,13,13,0
20260327,P014,W01,15,15,0
20260328,P014,W01,12,12,0
20260329,P014,W01,8,8,0
20260330,P014,W01,13,13,0
20260331,P014,W01,7,7,0
20260401,P014,W01,7,7,0
20260402,P014,W01,14,14,0
20260403,P014,W01,11,11,0
20260404,P014,W01,5,5,0
20260405,P014,W01,7,7,0
20260406,P014,W01,12,12,0
20260407,P014,W01,15,15,0
20260408,P014,W01,12,12,0
20260409,P014,W01,8,8,0
20260410,P014,W01,16,16,0
20260411,P014,W01,7,7,0
20260412,P014,W01,10,10,0
20260413,P014,W01,14,14,0
20260414,P014,W01,10,10,0
20260415,P014,W01,11,11,0
20260416,P014,W01,11,11,0
20260417,P014,W01,13,13,0
20260418,P014,W01,13,13,0
20260419,P014,W01,12,12,0
20260420,P014,W01,9,9,0
20260421,P014,W01,10,10,0
20260422,P014,W01,11,11,0
20260423,P014,W01,4,4,0
20260424,P014,W01,16,16,0
20260425,P014,W01,6,6,0
20260426,P014,W01,7,7,0
20260427,P014,W01,9,9,0
20260428,P014,W01,10,10,0
20260429,P014,W01,12,12,0
20260430,P014,W01,7,7,0
20260501,P014,W01,9,9,0
20260502,P014,W01,3,3,0
20260503,P014,W01,7,7,0
20260504,P014,W01,8,8,0
20260505,P014,W01,8,8,0
20260506,P014,W01,8,8,0
20260507,P014,W01,13,13,0
20260508,P014,W01,9,9,0
20260509,P014,W01,10,10,0
20260510,P014,W01,5,5,0
20260511,P014,W01,6,6,0
20260512,P014,W01,11,11,0
20260513,P014,W01,14,14,0
20260514,P014,W01,14,14,0
20260515,P014,W01,8,8,0
20260516,P014,W01,9,9,0
20260517,P014,W01,4,4,0
20260518,P014,W01,11,11,0
20260519,P014,W01,7,7,0
20260520,P014,W01,11,11,0
20260521,P014,W01,6,6,0
20260522,P014,W01,3,3,0
20260523,P014,W01,5,5,0
20260524,P014,W01,6,6,0
20260525,P014,W01,12,12,0
20260526,P014,W01,11,11,0
20260527,P014,W01,9,9,0
20260528,P014,W01,12,12,0
20260529,P014,W01,9,9,0
20260530,P014,W01,9,9,0
20260531,P014,W01,7,7,0
20260601,P014,W01,6,6,0
20260602,P014,W01,12,12,0
20260603,P014,W01,11,11,0
20260604,P014,W01,8,8,0
20260605,P014,W01,7,7,0
20260606,P014,W01,8,8,0
20260607,P014,W01,9,9,0
20260608,P014,W01,8,8,0
20260609,P014,W01,6,6,0
20260610,P014,W01,14,14,0
20260611,P014,W01,10,10,0
20260612,P014,W01,14,14,0
20260613,P014,W01,11,11,0
20260614,P014,W01,6,6,0
20260615,P014,W01,10,10,0
20260616,P014,W01,7,7,0
20260617,P014,W01,10,10,0
20260618,P014,W01,6,6,0
20260619,P014,W01,9,9,0
20260620,P014,W01,10,10,0
20260621,P014,W01,6,6,0
20260622,P014,W01,6,6,0
20260623,P014,W01,9,9,0
20260624,P014,W01,11,11,0
20260625,P014,W01,7,7,0
20260626,P014,W01,8,8,0
20260627,P014,W01,6,6,0
20260628,P014,W01,4,4,0
20260629,P014,W01,10,10,0
20260630,P014,W01,6,6,0
20260701,P014,W01,5,5,0
20260702,P014,W01,7,7,0
20260703,P014,W01,13,13,0
20260704,P014,W01,9,9,0
20260705,P014,W01,8,8,0
20260706,P014,W01,5,5,0
20260707,P014,W01,10,10,0
20260708,P014,W01,10,10,0
20260709,P014,W01,7,7,0
20260710,P014,W01,7,7,0
20260711,P014,W01,8,8,0
20260712,P014,W01,6,6,0
20260713,P014,W01,12,12,0
20260714,P014,W01,5,5,0
20260715,P014,W01,7,7,0
20260716,P014,W01,11,11,0
20260717,P014,W01,6,6,0
20260718,P014,W01,12,12,0
20260719,P014,W01,9,9,0
20260720,P014,W01,7,7,0
20260721,P014,W01,3,3,0
20260722,P014,W01,5,5,0
20260723,P014,W01,12,12,0
20260724,P014,W01,7,7,0
20260725,P014,W01,8,8,0
20260726,P014,W01,4,4,0
20260727,P014,W01,2,2,0
20260728,P014,W01,6,6,0
20260729,P014,W01,10,10,0
20260730,P014,W01,10,10,0
20260731,P014,W01,10,10,0
20260801,P014,W01,17,17,0
20260802,P014,W01,6,6,0
20260803,P014,W01,9,9,0
20260804,P014,W01,3,3,0
20260805,P014,W01,4,4,0
20260806,P014,W01,3,3,0
20260807,P014,W01,12,12,0
20260808,P014,W01,10,10,0
20260809,P014,W01,4,4,0
20260810,P014,W01,7,7,0
20260811,P014,W01,6,6,0
20260812,P014,W01,5,5,0
20260813,P014,W01,11,11,0
20260814,P014,W01,7,7,0
20260815,P014,W01,9,9,0
20260816,P014,W01,4,4,0
20260817,P014,W01,11,11,0
20260818,P014,W01,7,7,0
20260819,P014,W01,7,7,0
20260820,P014,W01,9,9,0
20260821,P014,W01,8,8,0
20260822,P014,W01,15,15,0
20260823,P014,W01,6,6,0
20260824,P014,W01,7,7,0
20260825,P014,W01,10,10,0
20260826,P014,W01,6,6,0
20260827,P014,W01,6,6,0
20260828,P014,W01,17,17,0
20260829,P014,W01,12,12,0
20260830,P014,W01,8,8,0
20260831,P014,W01,9,9,0
20260901,P014,W01,5,5,0
20260902,P014,W01,7,7,0
20260903,P014,W01,13,13,0
20260904,P014,W01,11,11,0
20260905,P014,W01,14,14,0
20260906,P014,W01,10,10,0
20260907,P014,W01,14,14,0
20260908,P014,W01,12,12,0
20260909,P014,W01,12,12,0
20260910,P014,W01,16,16,0
20260911,P014,W01,15,15,0
20260912,P014,W01,4,4,0
20260913,P014,W01,10,10,0
20260914,P014,W01,10,10,0
20260915,P014,W01,5,5,0
20260916,P014,W01,17,17,0
20260917,P014,W01,13,13,0
20260918,P014,W01,8,8,0
20260919,P014,W01,9,9,0
20260920,P014,W01,1,1,0
20260921,P014,W01,12,12,0
20260922,P014,W01,13,13,0
20260923,P014,W01,12,12,0
20260924,P014,W01,10,10,0
20260925,P014,W01,9,9,0
20260926,P014,W01,6,6,0
20260927,P014,W01,4,4,0
20260928,P014,W01,10,10,0
20260929,P014,W01,9,9,0
20260930,P014,W01,10,10,0
20251001,P014,W02,14,14,0
20251002,P014,W02,13,13,0
20251003,P014,W02,7,7,0
20251004,P014,W02,13,13,0
20251005,P014,W02,12,12,0
20251006,P014,W02,9,9,0
20251007,P014,W02,17,17,0
20251008,P014,W02,10,10,0
20251009,P014,W02,14,14,0
20251010,P014,W02,12,12,0
20251011,P014,W02,12,12,0
20251012,P014,W02,9,9,0
20251013,P014,W02,13,13,0
20251014,P014,W02,14,14,0
20251015,P014,W02,16,16,0
20251016,P014,W02,8,8,0
20251017,P014,W02,17,17,0
20251018,P014,W02,13,13,0
20251019,P014,W02,9,9,0
20251020,P014,W02,8,8,0
20251021,P014,W02,10,10,0
20251022,P014,W02,12,12,0
20251023,P014,W02,7,7,0
20251024,P014,W02,12,12,0
20251025,P014,W02,8,8,0
20251026,P014,W02,5,5,0
20251027,P014,W02,16,16,0
20251028,P014,W02,9,9,0
20251029,P014,W02,8,8,0
20251030,P014,W02,14,14,0
20251031,P014,W02,9,9,0
20251101,P014,W02,16,16,0
20251102,P014,W02,13,13,0
20251103,P014,W02,25,25,0
20251104,P014,W02,16,16,0
20251105,P014,W02,21,21,0
20251106,P014,W02,15,15,0
20251107,P014,W02,14,14,0
20251108,P014,W02,23,23,0
20251109,P014,W02,10,10,0
20251110,P014,W02,25,25,0
20251111,P014,W02,14,14,0
20251112,P014,W02,9,9,0
20251113,P014,W02,15,15,0
20251114,P014,W02,16,16,0
20251115,P014,W02,18,18,0
20251116,P014,W02,13,13,0
20251117,P014,W02,20,20,0
20251118,P014,W02,15,15,0
20251119,P014,W02,13,13,0
20251120,P014,W02,16,16,0
20251121,P014,W02,11,11,0
20251122,P014,W02,20,20,0
20251123,P014,W02,12,12,0
20251124,P014,W02,22,22,0
20251125,P014,W02,10,10,0
20251126,P014,W02,16,16,0
20251127,P014,W02,16,16,0
20251128,P014,W02,19,19,0
20251129,P014,W02,15,15,0
20251130,P014,W02,10,10,0
20251201,P014,W02,20,20,0
20251202,P014,W02,20,20,0
20251203,P014,W02,19,19,0
20251204,P014,W02,25,25,0
20251205,P014,W02,15,15,0
20251206,P014,W02,19,19,0
20251207,P014,W02,7,7,0
20251208,P014,W02,20,20,0
20251209,P014,W02,21,21,0
20251210,P014,W02,15,15,0
20251211,P014,W02,18,18,0
20251212,P014,W02,19,19,0
20251213,P014,W02,14,14,0
20251214,P014,W02,12,12,0
20251215,P014,W02,12,12,0
20251216,P014,W02,12,12,0
20251217,P014,W02,18,18,0
20251218,P014,W02,25,25,0
20251219,P014,W02,17,17,0
20251220,P014,W02,22,22,0
20251221,P014,W02,10,10,0
20251222,P014,W02,19,19,0
20251223,P014,W02,6,6,0
20251224,P014,W02,9,9,0
20251225,P014,W02,19,10,9
20251226,P014,W02,18,18,0
20251227,P014,W02,14,14,0
20251228,P014,W02,13,13,0
20251229,P014,W02,22,22,0
20251230,P014,W02,19,19,0
20251231,P014,W02,9,9,0
20260101,P014,W02,10,10,0
20260102,P014,W02,15,15,0
20260103,P014,W02,16,16,0
20260104,P014,W02,9,9,0
20260105,P014,W02,16,16,0
20260106,P014,W02,14,14,0
20260107,P014,W02,21,21,0
20260108,P014,W02,13,13,0
20260109,P014,W02,15,15,0
20260110,P014,W02,9,9,0
20260111,P014,W02,12,12,0
20260112,P014,W02,12,12,0
20260113,P014,W02,24,24,0
20260114,P014,W02,17,17,0
20260115,P014,W02,9,9,0
20260116,P014,W02,17,17,0
20260117,P014,W02,22,22,0
20260118,P014,W02,13,13,0
20260119,P014,W02,13,13,0
20260120,P014,W02,14,14,0
20260121,P014,W02,12,12,0
20260122,P014,W02,15,15,0
20260123,P014,W02,11,11,0
20260124,P014,W02,15,15,0
20260125,P014,W02,11,11,0
20260126,P014,W02,18,18,0
20260127,P014,W02,12,12,0
20260128,P014,W02,19,19,0
20260129,P014,W02,15,15,0
20260130,P014,W02,10,10,0
20260131,P014,W02,13,13,0
20260201,P014,W02,11,11,0
20260202,P014,W02,17,17,0
20260203,P014,W02,11,11,0
20260204,P014,W02,12,12,0
20260205,P014,W02,20,20,0
20260206,P014,W02,20,20,0
20260207,P014,W02,17,17,0
20260208,P014,W02,5,5,0
20260209,P014,W02,11,11,0
20260210,P014,W02,11,11,0
20260211,P014,W02,18,18,0
20260212,P014,W02,16,16,0
20260213,P014,W02,10,10,0
20260214,P014,W02,14,14,0
20260215,P014,W02,4,4,0
20260216,P014,W02,15,15,0
20260217,P014,W02,21,21,0
20260218,P014,W02,12,12,0
20260219,P014,W02,15,15,0
20260220,P014,W02,15,15,0
20260221,P014,W02,11,11,0
20260222,P014,W02,8,8,0
20260223,P014,W02,11,4,7
20260224,P014,W02,14,0,14
20260225,P014,W02,11,11,0
20260226,P014,W02,21,21,0
20260227,P014,W02,16,16,0
20260228,P014,W02,25,25,0
20260301,P014,W02,4,4,0
20260302,P014,W02,12,12,0
20260303,P014,W02,8,8,0
20260304,P014,W02,21,21,0
20260305,P014,W02,15,15,0
20260306,P014,W02,11,11,0
20260307,P014,W02,15,15,0
20260308,P014,W02,9,9,0
20260309,P014,W02,16,16,0
20260310,P014,W02,12,12,0
20260311,P014,W02,7,7,0
20260312,P014,W02,13,13,0
20260313,P014,W02,8,8,0
20260314,P014,W02,19,19,0
20260315,P014,W02,5,5,0
20260316,P014,W02,19,19,0
20260317,P014,W02,7,7,0
20260318,P014,W02,16,16,0
20260319,P014,W02,12,12,0
20260320,P014,W02,6,6,0
20260321,P014,W02,12,12,0
20260322,P014,W02,12,12,0
20260323,P014,W02,17,17,0
20260324,P014,W02,13,13,0
20260325,P014,W02,11,11,0
20260326,P014,W02,10,10,0
20260327,P014,W02,15,15,0
20260328,P014,W02,9,9,0
20260329,P014,W02,8,8,0
20260330,P014,W02,14,14,0
20260331,P014,W02,9,9,0
20260401,P014,W02,7,7,0
20260402,P014,W02,10,10,0
20260403,P014,W02,12,12,0
20260404,P014,W02,13,13,0
20260405,P014,W02,4,4,0
20260406,P014,W02,19,19,0
20260407,P014,W02,8,8,0
20260408,P014,W02,12,12,0
20260409,P014,W02,13,13,0
20260410,P014,W02,9,9,0
20260411,P014,W02,13,13,0
20260412,P014,W02,6,6,0
20260413,P014,W02,9,9,0
20260414,P014,W02,12,12,0
20260415,P014,W02,10,10,0
20260416,P014,W02,12,12,0
20260417,P014,W02,12,12,0
20260418,P014,W02,14,14,0
20260419,P014,W02,7,7,0
20260420,P014,W02,13,13,0
20260421,P014,W02,9,9,0
20260422,P014,W02,12,12,0
20260423,P014,W02,8,8,0
20260424,P014,W02,18,18,0
20260425,P014,W02,8,8,0
20260426,P014,W02,4,4,0
20260427,P014,W02,12,12,0
20260428,P014,W02,12,12,0
20260429,P014,W02,7,7,0
20260430,P014,W02,12,12,0
20260501,P014,W02,6,6,0
20260502,P014,W02,12,12,0
20260503,P014,W02,6,6,0
20260504,P014,W02,7,7,0
20260505,P014,W02,9,9,0
20260506,P014,W02,9,9,0
20260507,P014,W02,9,9,0
20260508,P014,W02,13,13,0
20260509,P014,W02,9,9,0
20260510,P014,W02,4,4,0
20260511,P014,W02,11,11,0
20260512,P014,W02,7,7,0
20260513,P014,W02,11,11,0
20260514,P014,W02,16,16,0
20260515,P014,W02,12,12,0
20260516,P014,W02,13,13,0
20260517,P014,W02,12,12,0
20260518,P014,W02,8,8,0
20260519,P014,W02,20,20,0
20260520,P014,W02,9,9,0
20260521,P014,W02,10,10,0
20260522,P014,W02,11,11,0
20260523,P014,W02,11,11,0
20260524,P014,W02,6,6,0
20260525,P014,W02,12,12,0
20260526,P014,W02,5,5,0
20260527,P014,W02,12,12,0
20260528,P014,W02,11,11,0
20260529,P014,W02,8,8,0
20260530,P014,W02,9,9,0
20260531,P014,W02,7,7,0
20260601,P014,W02,9,9,0
20260602,P014,W02,11,11,0
20260603,P014,W02,10,10,0
20260604,P014,W02,9,9,0
20260605,P014,W02,12,12,0
20260606,P014,W02,12,12,0
20260607,P014,W02,10,10,0
20260608,P014,W02,10,10,0
20260609,P014,W02,5,5,0
20260610,P014,W02,8,8,0
20260611,P014,W02,16,16,0
20260612,P014,W02,8,8,0
20260613,P014,W02,8,8,0
20260614,P014,W02,6,6,0
20260615,P014,W02,12,12,0
20260616,P014,W02,14,14,0
20260617,P014,W02,12,12,0
20260618,P014,W02,12,12,0
20260619,P014,W02,10,10,0
20260620,P014,W02,7,7,0
20260621,P014,W02,5,5,0
20260622,P014,W02,10,10,0
20260623,P014,W02,12,12,0
20260624,P014,W02,12,12,0
20260625,P014,W02,8,8,0
20260626,P014,W02,12,12,0
20260627,P014,W02,12,12,0
20260628,P014,W02,9,9,0
20260629,P014,W02,13,13,0
20260630,P014,W02,12,12,0
20260701,P014,W02,10,10,0
20260702,P014,W02,15,15,0
20260703,P014,W02,18,18,0
20260704,P014,W02,11,11,0
20260705,P014,W02,5,5,0
20260706,P014,W02,11,11,0
20260707,P014,W02,6,6,0
20260708,P014,W02,10,10,0
20260709,P014,W02,13,13,0
20260710,P014,W02,15,15,0
20260711,P014,W02,11,11,0
20260712,P014,W02,7,7,0
20260713,P014,W02,12,12,0
20260714,P014,W02,13,13,0
20260715,P014,W02,10,10,0
20260716,P014,W02,13,13,0
20260717,P014,W02,11,11,0
20260718,P014,W02,19,19,0
20260719,P014,W02,6,6,0
20260720,P014,W02,13,13,0
20260721,P014,W02,12,12,0
20260722,P014,W02,7,7,0
20260723,P014,W02,12,12,0
20260724,P014,W02,10,10,0
20260725,P014,W02,14,14,0
20260726,P014,W02,8,8,0
20260727,P014,W02,16,16,0
20260728,P014,W02,6,6,0
20260729,P014,W02,17,17,0
20260730,P014,W02,8,8,0
20260731,P014,W02,11,11,0
20260801,P014,W02,7,7,0
20260802,P014,W02,12,12,0
20260803,P014,W02,10,10,0
20260804,P014,W02,11,11,0
20260805,P014,W02,12,12,0
20260806,P014,W02,14,14,0
20260807,P014,W02,14,14,0
20260808,P014,W02,11,11,0
20260809,P014,W02,5,5,0
20260810,P014,W02,12,12,0
20260811,P014,W02,8,8,0
20260812,P014,W02,11,11,0
20260813,P014,W02,11,11,0
20260814,P014,W02,11,11,0
20260815,P014,W02,12,12,0
20260816,P014,W02,6,6,0
20260817,P014,W02,11,11,0
20260818,P014,W02,8,8,0
20260819,P014,W02,11,11,0
20260820,P014,W02,12,12,0
20260821,P014,W02,14,14,0
20260822,P014,W02,12,12,0
20260823,P014,W02,7,7,0
20260824,P014,W02,11,11,0
20260825,P014,W02,12,12,0
20260826,P014,W02,16,16,0
20260827,P014,W02,8,8,0
20260828,P014,W02,10,10,0
20260829,P014,W02,11,11,0
20260830,P014,W02,6,6,0
20260831,P014,W02,11,11,0
20260901,P014,W02,15,15,0
20260902,P014,W02,12,12,0
20260903,P014,W02,16,16,0
20260904,P014,W02,9,9,0
20260905,P014,W02,16,16,0
20260906,P014,W02,5,5,0
20260907,P014,W02,15,15,0
20260908,P014,W02,6,6,0
20260909,P014,W02,10,10,0
20260910,P014,W02,10,10,0
20260911,P014,W02,12,12,0
20260912,P014,W02,7,7,0
20260913,P014,W02,7,7,0
20260914,P014,W02,6,6,0
20260915,P014,W02,12,12,0
20260916,P014,W02,10,10,0
20260917,P014,W02,10,10,0
20260918,P014,W02,18,18,0
20260919,P014,W02,10,10,0
20260920,P014,W02,7,7,0
20260921,P014,W02,9,9,0
20260922,P014,W02,11,11,0
20260923,P014,W02,3,3,0
20260924,P014,W02,10,10,0
20260925,P014,W02,10,10,0
20260926,P014,W02,16,16,0
20260927,P014,W02,7,7,0
20260928,P014,W02,12,12,0
20260929,P014,W02,10,10,0
20260930,P014,W02,20,20,0
20251001,P014,W03,4,4,0
20251002,P014,W03,5,5,0
20251003,P014,W03,14,14,0
20251004,P014,W03,13,13,0
20251005,P014,W03,3,3,0
20251006,P014,W03,5,5,0
20251007,P014,W03,12,12,0
20251008,P014,W03,10,10,0
20251009,P014,W03,11,11,0
20251010,P014,W03,14,14,0
20251011,P014,W03,12,12,0
20251012,P014,W03,4,4,0
20251013,P014,W03,8,8,0
20251014,P014,W03,5,5,0
20251015,P014,W03,8,8,0
20251016,P014,W03,6,6,0
20251017,P014,W03,4,4,0
20251018,P014,W03,14,14,0
20251019,P014,W03,7,7,0
20251020,P014,W03,9,9,0
20251021,P014,W03,5,5,0
20251022,P014,W03,13,13,0
20251023,P014,W03,13,13,0
20251024,P014,W03,9,9,0
20251025,P014,W03,12,12,0
20251026,P014,W03,6,6,0
20251027,P014,W03,8,8,0
20251028,P014,W03,6,6,0
20251029,P014,W03,10,10,0
20251030,P014,W03,22,22,0
20251031,P014,W03,13,13,0
20251101,P014,W03,14,14,0
20251102,P014,W03,10,10,0
20251103,P014,W03,10,10,0
20251104,P014,W03,12,12,0
20251105,P014,W03,14,14,0
20251106,P014,W03,15,15,0
20251107,P014,W03,14,14,0
20251108,P014,W03,14,14,0
20251109,P014,W03,7,7,0
20251110,P014,W03,13,13,0
20251111,P014,W03,15,15,0
20251112,P014,W03,15,15,0
20251113,P014,W03,12,12,0
20251114,P014,W03,10,10,0
20251115,P014,W03,12,12,0
20251116,P014,W03,7,7,0
20251117,P014,W03,11,11,0
20251118,P014,W03,14,14,0
20251119,P014,W03,10,10,0
20251120,P014,W03,11,11,0
20251121,P014,W03,14,14,0
20251122,P014,W03,11,11,0
20251123,P014,W03,8,8,0
20251124,P014,W03,16,16,0
20251125,P014,W03,8,8,0
20251126,P014,W03,11,11,0
20251127,P014,W03,12,12,0
20251128,P014,W03,14,14,0
20251129,P014,W03,16,16,0
20251130,P014,W03,12,12,0
20251201,P014,W03,15,15,0
20251202,P014,W03,10,10,0
20251203,P014,W03,13,13,0
20251204,P014,W03,10,10,0
20251205,P014,W03,17,17,0
20251206,P014,W03,11,11,0
20251207,P014,W03,8,8,0
20251208,P014,W03,15,15,0
20251209,P014,W03,8,8,0
20251210,P014,W03,14,14,0
20251211,P014,W03,24,24,0
20251212,P014,W03,14,14,0
20251213,P014,W03,8,8,0
20251214,P014,W03,10,10,0
20251215,P014,W03,11,11,0
20251216,P014,W03,13,13,0
20251217,P014,W03,10,10,0
20251218,P014,W03,11,11,0
20251219,P014,W03,18,18,0
20251220,P014,W03,13,13,0
20251221,P014,W03,11,11,0
20251222,P014,W03,15,15,0
20251223,P014,W03,13,13,0
20251224,P014,W03,15,15,0
20251225,P014,W03,15,15,0
20251226,P014,W03,21,21,0
20251227,P014,W03,18,18,0
20251228,P014,W03,13,13,0
20251229,P014,W03,14,14,0
20251230,P014,W03,11,11,0
20251231,P014,W03,13,13,0
20260101,P014,W03,13,13,0
20260102,P014,W03,7,7,0
20260103,P014,W03,13,13,0
20260104,P014,W03,8,8,0
20260105,P014,W03,19,19,0
20260106,P014,W03,10,10,0
20260107,P014,W03,9,9,0
20260108,P014,W03,8,8,0
20260109,P014,W03,12,12,0
20260110,P014,W03,7,7,0
20260111,P014,W03,5,5,0
20260112,P014,W03,6,6,0
20260113,P014,W03,16,16,0
20260114,P014,W03,9,9,0
20260115,P014,W03,14,14,0
20260116,P014,W03,12,12,0
20260117,P014,W03,12,12,0
20260118,P014,W03,7,7,0
20260119,P014,W03,10,10,0
20260120,P014,W03,7,7,0
20260121,P014,W03,14,14,0
20260122,P014,W03,7,7,0
20260123,P014,W03,17,17,0
20260124,P014,W03,11,11,0
20260125,P014,W03,5,5,0
20260126,P014,W03,15,15,0
20260127,P014,W03,15,15,0
20260128,P014,W03,11,11,0
20260129,P014,W03,11,11,0
20260130,P014,W03,11,11,0
20260131,P014,W03,15,15,0
20260201,P014,W03,12,12,0
20260202,P014,W03,14,14,0
20260203,P014,W03,6,6,0
20260204,P014,W03,12,12,0
20260205,P014,W03,9,9,0
20260206,P014,W03,20,20,0
20260207,P014,W03,14,14,0
20260208,P014,W03,9,9,0
20260209,P014,W03,15,15,0
20260210,P014,W03,11,11,0
20260211,P014,W03,16,16,0
20260212,P014,W03,12,12,0
20260213,P014,W03,9,9,0
20260214,P014,W03,12,12,0
20260215,P014,W03,6,6,0
20260216,P014,W03,11,11,0
20260217,P014,W03,14,14,0
20260218,P014,W03,10,10,0
20260219,P014,W03,21,21,0
20260220,P014,W03,16,16,0
20260221,P014,W03,14,14,0
20260222,P014,W03,5,5,0
20260223,P014,W03,8,8,0
20260224,P014,W03,7,7,0
20260225,P014,W03,12,12,0
20260226,P014,W03,12,12,0
20260227,P014,W03,7,7,0
20260228,P014,W03,15,15,0
20260301,P014,W03,3,3,0
20260302,P014,W03,4,4,0
20260303,P014,W03,11,11,0
20260304,P014,W03,12,12,0
20260305,P014,W03,4,4,0
20260306,P014,W03,4,4,0
20260307,P014,W03,13,13,0
20260308,P014,W03,7,7,0
20260309,P014,W03,9,9,0
20260310,P014,W03,11,11,0
20260311,P014,W03,7,7,0
20260312,P014,W03,9,9,0
20260313,P014,W03,11,11,0
20260314,P014,W03,13,13,0
20260315,P014,W03,6,6,0
20260316,P014,W03,6,6,0
20260317,P014,W03,12,12,0
20260318,P014,W03,15,15,0
20260319,P014,W03,7,7,0
20260320,P014,W03,15,15,0
20260321,P014,W03,7,7,0
20260322,P014,W03,5,5,0
20260323,P014,W03,9,9,0
20260324,P014,W03,6,6,0
20260325,P014,W03,11,11,0
20260326,P014,W03,9,9,0
20260327,P014,W03,9,9,0
20260328,P014,W03,14,14,0
20260329,P014,W03,6,6,0
20260330,P014,W03,7,7,0
20260331,P014,W03,9,9,0
20260401,P014,W03,7,7,0
20260402,P014,W03,10,10,0
20260403,P014,W03,14,14,0
20260404,P014,W03,5,5,0
20260405,P014,W03,2,2,0
20260406,P014,W03,8,8,0
20260407,P014,W03,4,4,0
20260408,P014,W03,6,6,0
20260409,P014,W03,13,13,0
20260410,P014,W03,8,8,0
20260411,P014,W03,11,11,0
20260412,P014,W03,6,6,0
20260413,P014,W03,8,8,0
20260414,P014,W03,7,7,0
20260415,P014,W03,5,5,0
20260416,P014,W03,9,9,0
20260417,P014,W03,8,8,0
20260418,P014,W03,11,11,0
20260419,P014,W03,9,9,0
20260420,P014,W03,12,12,0
20260421,P014,W03,7,7,0
20260422,P014,W03,11,11,0
20260423,P014,W03,10,10,0
20260424,P014,W03,9,9,0
20260425,P014,W03,14,14,0
20260426,P014,W03,5,5,0
20260427,P014,W03,11,11,0
20260428,P014,W03,5,5,0
20260429,P014,W03,7,7,0
20260430,P014,W03,12,12,0
20260501,P014,W03,7,7,0
20260502,P014,W03,12,12,0
20260503,P014,W03,4,4,0
20260504,P014,W03,5,5,0
20260505,P014,W03,12,12,0
20260506,P014,W03,5,5,0
20260507,P014,W03,6,6,0
20260508,P014,W03,12,12,0
20260509,P014,W03,5,5,0
20260510,P014,W03,3,3,0
20260511,P014,W03,7,7,0
20260512,P014,W03,7,7,0
20260513,P014,W03,15,15,0
20260514,P014,W03,13,13,0
20260515,P014,W03,13,13,0
20260516,P014,W03,11,11,0
20260517,P014,W03,3,3,0
20260518,P014,W03,8,8,0
20260519,P014,W03,13,13,0
20260520,P014,W03,6,6,0
20260521,P014,W03,2,2,0
20260522,P014,W03,7,7,0
20260523,P014,W03,8,8,0
20260524,P014,W03,5,5,0
20260525,P014,W03,10,10,0
20260526,P014,W03,3,3,0
20260527,P014,W03,7,7,0
20260528,P014,W03,8,8,0
20260529,P014,W03,7,7,0
20260530,P014,W03,5,5,0
20260531,P014,W03,3,3,0
20260601,P014,W03,7,7,0
20260602,P014,W03,5,5,0
20260603,P014,W03,7,7,0
20260604,P014,W03,8,8,0
20260605,P014,W03,9,9,0
20260606,P014,W03,10,10,0
20260607,P014,W03,6,6,0
20260608,P014,W03,11,11,0
20260609,P014,W03,10,10,0
20260610,P014,W03,8,8,0
20260611,P014,W03,9,9,0
20260612,P014,W03,8,8,0
20260613,P014,W03,6,6,0
20260614,P014,W03,4,4,0
20260615,P014,W03,8,8,0
20260616,P014,W03,4,4,0
20260617,P014,W03,12,12,0
20260618,P014,W03,4,4,0
20260619,P014,W03,9,9,0
20260620,P014,W03,16,16,0
20260621,P014,W03,6,6,0
20260622,P014,W03,7,7,0
20260623,P014,W03,5,5,0
20260624,P014,W03,7,7,0
20260625,P014,W03,12,12,0
20260626,P014,W03,11,11,0
20260627,P014,W03,8,8,0
20260628,P014,W03,10,10,0
20260629,P014,W03,8,8,0
20260630,P014,W03,7,7,0
20260701,P014,W03,9,9,0
20260702,P014,W03,14,14,0
20260703,P014,W03,10,10,0
20260704,P014,W03,11,11,0
20260705,P014,W03,3,3,0
20260706,P014,W03,7,7,0
20260707,P014,W03,6,6,0
20260708,P014,W03,15,15,0
20260709,P014,W03,5,5,0
20260710,P014,W03,7,7,0
20260711,P014,W03,13,13,0
20260712,P014,W03,5,5,0
20260713,P014,W03,9,9,0
20260714,P014,W03,7,7,0
20260715,P014,W03,12,12,0
20260716,P014,W03,10,10,0
20260717,P014,W03,10,10,0
20260718,P014,W03,16,16,0
20260719,P014,W03,6,6,0
20260720,P014,W03,13,13,0
20260721,P014,W03,12,12,0
20260722,P014,W03,10,10,0
20260723,P014,W03,7,7,0
20260724,P014,W03,11,11,0
20260725,P014,W03,5,5,0
20260726,P014,W03,4,4,0
20260727,P014,W03,12,12,0
20260728,P014,W03,6,6,0
20260729,P014,W03,7,7,0
20260730,P014,W03,8,8,0
20260731,P014,W03,9,9,0
20260801,P014,W03,4,4,0
20260802,P014,W03,6,6,0
20260803,P014,W03,9,9,0
20260804,P014,W03,3,3,0
20260805,P014,W03,8,8,0
20260806,P014,W03,6,6,0
20260807,P014,W03,6,6,0
20260808,P014,W03,13,13,0
20260809,P014,W03,5,5,0
20260810,P014,W03,9,9,0
20260811,P014,W03,6,6,0
20260812,P014,W03,4,4,0
20260813,P014,W03,8,8,0
20260814,P014,W03,7,7,0
20260815,P014,W03,10,10,0
20260816,P014,W03,3,3,0
20260817,P014,W03,5,5,0
20260818,P014,W03,13,13,0
20260819,P014,W03,11,11,0
20260820,P014,W03,4,4,0
20260821,P014,W03,8,8,0
20260822,P014,W03,12,12,0
20260823,P014,W03,1,1,0
20260824,P014,W03,11,11,0
20260825,P014,W03,7,7,0
20260826,P014,W03,9,9,0
20260827,P014,W03,13,13,0
20260828,P014,W03,11,11,0
20260829,P014,W03,10,10,0
20260830,P014,W03,5,5,0
20260831,P014,W03,13,13,0
20260901,P014,W03,12,12,0
20260902,P014,W03,9,9,0
20260903,P014,W03,8,8,0
20260904,P014,W03,6,6,0
20260905,P014,W03,8,8,0
20260906,P014,W03,6,6,0
20260907,P014,W03,6,6,0
20260908,P014,W03,11,11,0
20260909,P014,W03,8,8,0
20260910,P014,W03,7,7,0
20260911,P014,W03,9,9,0
20260912,P014,W03,6,6,0
20260913,P014,W03,6,6,0
20260914,P014,W03,4,4,0
20260915,P014,W03,8,8,0
20260916,P014,W03,9,9,0
20260917,P014,W03,7,7,0
20260918,P014,W03,9,9,0
20260919,P014,W03,8,8,0
20260920,P014,W03,7,7,0
20260921,P014,W03,20,20,0
20260922,P014,W03,17,17,0
20260923,P014,W03,8,8,0
20260924,P014,W03,9,9,0
20260925,P014,W03,12,12,0
20260926,P014,W03,19,19,0
20260927,P014,W03,5,5,0
20260928,P014,W03,9,9,0
20260929,P014,W03,13,13,0
20260930,P014,W03,10,10,0
20251001,P014,W04,8,8,0
20251002,P014,W04,10,10,0
20251003,P014,W04,7,7,0
20251004,P014,W04,5,5,0
20251005,P014,W04,6,6,0
20251006,P014,W04,13,13,0
20251007,P014,W04,9,9,0
20251008,P014,W04,6,6,0
20251009,P014,W04,8,8,0
20251010,P014,W04,9,9,0
20251011,P014,W04,16,16,0
20251012,P014,W04,5,5,0
20251013,P014,W04,6,6,0
20251014,P014,W04,11,11,0
20251015,P014,W04,9,9,0
20251016,P014,W04,5,5,0
20251017,P014,W04,6,6,0
20251018,P014,W04,8,8,0
20251019,P014,W04,10,10,0
20251020,P014,W04,12,12,0
20251021,P014,W04,8,8,0
20251022,P014,W04,7,7,0
20251023,P014,W04,7,7,0
20251024,P014,W04,6,6,0
20251025,P014,W04,8,8,0
20251026,P014,W04,1,1,0
20251027,P014,W04,5,5,0
20251028,P014,W04,17,17,0
20251029,P014,W04,4,4,0
20251030,P014,W04,6,6,0
20251031,P014,W04,7,7,0
20251101,P014,W04,8,8,0
20251102,P014,W04,5,5,0
20251103,P014,W04,6,6,0
20251104,P014,W04,7,7,0
20251105,P014,W04,16,16,0
20251106,P014,W04,14,14,0
20251107,P014,W04,14,14,0
20251108,P014,W04,8,8,0
20251109,P014,W04,12,12,0
20251110,P014,W04,11,11,0
20251111,P014,W04,11,11,0
20251112,P014,W04,7,3,4
20251113,P014,W04,14,0,14
20251114,P014,W04,9,0,9
20251115,P014,W04,9,0,9
20251116,P014,W04,7,7,0
20251117,P014,W04,7,7,0
20251118,P014,W04,10,10,0
20251119,P014,W04,12,12,0
20251120,P014,W04,10,10,0
20251121,P014,W04,7,7,0
20251122,P014,W04,8,8,0
20251123,P014,W04,10,10,0
20251124,P014,W04,12,12,0
20251125,P014,W04,12,12,0
20251126,P014,W04,9,9,0
20251127,P014,W04,11,11,0
20251128,P014,W04,8,8,0
20251129,P014,W04,19,19,0
20251130,P014,W04,5,5,0
20251201,P014,W04,11,11,0
20251202,P014,W04,11,11,0
20251203,P014,W04,15,15,0
20251204,P014,W04,7,7,0
20251205,P014,W04,11,11,0
20251206,P014,W04,12,12,0
20251207,P014,W04,7,7,0
20251208,P014,W04,13,13,0
20251209,P014,W04,15,15,0
20251210,P014,W04,11,11,0
20251211,P014,W04,14,14,0
20251212,P014,W04,7,7,0
20251213,P014,W04,12,12,0
20251214,P014,W04,4,4,0
20251215,P014,W04,12,12,0
20251216,P014,W04,10,10,0
20251217,P014,W04,5,5,0
20251218,P014,W04,8,8,0
20251219,P014,W04,10,10,0
20251220,P014,W04,15,15,0
20251221,P014,W04,7,7,0
20251222,P014,W04,11,11,0
20251223,P014,W04,4,4,0
20251224,P014,W04,10,10,0
20251225,P014,W04,10,10,0
20251226,P014,W04,10,10,0
20251227,P014,W04,18,18,0
20251228,P014,W04,5,5,0
20251229,P014,W04,16,16,0
20251230,P014,W04,15,15,0
20251231,P014,W04,13,13,0
20260101,P014,W04,14,14,0
20260102,P014,W04,11,11,0
20260103,P014,W04,15,15,0
20260104,P014,W04,4,4,0
20260105,P014,W04,16,16,0
20260106,P014,W04,11,11,0
20260107,P014,W04,13,13,0
20260108,P014,W04,13,13,0
20260109,P014,W04,17,17,0
20260110,P014,W04,13,13,0
20260111,P014,W04,9,9,0
20260112,P014,W04,10,10,0
20260113,P014,W04,13,13,0
20260114,P014,W04,18,18,0
20260115,P014,W04,12,12,0
20260116,P014,W04,11,11,0
20260117,P014,W04,10,10,0
20260118,P014,W04,7,7,0
20260119,P014,W04,11,11,0
20260120,P014,W04,16,16,0
20260121,P014,W04,12,12,0
20260122,P014,W04,13,13,0
20260123,P014,W04,10,10,0
20260124,P014,W04,11,11,0
20260125,P014,W04,5,5,0
20260126,P014,W04,11,11,0
20260127,P014,W04,7,7,0
20260128,P014,W04,10,10,0
20260129,P014,W04,18,1,17
20260130,P014,W04,11,0,11
20260131,P014,W04,7,0,7
20260201,P014,W04,5,0,5
20260202,P014,W04,8,0,8
20260203,P014,W04,12,0,12
20260204,P014,W04,7,0,7
20260205,P014,W04,7,7,0
20260206,P014,W04,12,12,0
20260207,P014,W04,13,13,0
20260208,P014,W04,5,5,0
20260209,P014,W04,14,14,0
20260210,P014,W04,10,10,0
20260211,P014,W04,11,11,0
20260212,P014,W04,13,13,0
20260213,P014,W04,20,20,0
20260214,P014,W04,7,7,0
20260215,P014,W04,1,1,0
20260216,P014,W04,10,10,0
20260217,P014,W04,14,14,0
20260218,P014,W04,10,10,0
20260219,P014,W04,12,12,0
20260220,P014,W04,13,13,0
20260221,P014,W04,11,11,0
20260222,P014,W04,8,8,0
20260223,P014,W04,11,11,0
20260224,P014,W04,8,8,0
20260225,P014,W04,7,7,0
20260226,P014,W04,6,6,0
20260227,P014,W04,7,7,0
20260228,P014,W04,8,8,0
20260301,P014,W04,7,7,0
20260302,P014,W04,6,6,0
20260303,P014,W04,5,5,0
20260304,P014,W04,11,11,0
20260305,P014,W04,7,7,0
20260306,P014,W04,10,10,0
20260307,P014,W04,13,13,0
20260308,P014,W04,5,5,0
20260309,P014,W04,11,11,0
20260310,P014,W04,13,13,0
20260311,P014,W04,12,12,0
20260312,P014,W04,12,12,0
20260313,P014,W04,16,16,0
20260314,P014,W04,14,14,0
20260315,P014,W04,11,11,0
20260316,P014,W04,5,5,0
20260317,P014,W04,6,6,0
20260318,P014,W04,14,14,0
20260319,P014,W04,7,7,0
20260320,P014,W04,7,7,0
20260321,P014,W04,4,4,0
20260322,P014,W04,6,6,0
20260323,P014,W04,8,8,0
20260324,P014,W04,10,10,0
20260325,P014,W04,7,7,0
20260326,P014,W04,7,7,0
20260327,P014,W04,12,12,0
20260328,P014,W04,11,11,0
20260329,P014,W04,2,2,0
20260330,P014,W04,7,7,0
20260331,P014,W04,8,8,0
20260401,P014,W04,7,7,0
20260402,P014,W04,8,8,0
20260403,P014,W04,3,3,0
20260404,P014,W04,7,7,0
20260405,P014,W04,2,2,0
20260406,P014,W04,11,11,0
20260407,P014,W04,10,10,0
20260408,P014,W04,8,8,0
20260409,P014,W04,5,5,0
20260410,P014,W04,13,13,0
20260411,P014,W04,16,16,0
20260412,P014,W04,2,2,0
20260413,P014,W04,6,6,0
20260414,P014,W04,8,8,0
20260415,P014,W04,7,7,0
20260416,P014,W04,4,4,0
20260417,P014,W04,9,9,0
20260418,P014,W04,6,6,0
20260419,P014,W04,9,9,0
20260420,P014,W04,7,7,0
20260421,P014,W04,2,2,0
20260422,P014,W04,9,9,0
20260423,P014,W04,6,6,0
20260424,P014,W04,9,9,0
20260425,P014,W04,7,7,0
20260426,P014,W04,9,9,0
20260427,P014,W04,10,10,0
20260428,P014,W04,9,9,0
20260429,P014,W04,9,9,0
20260430,P014,W04,5,5,0
20260501,P014,W04,4,4,0
20260502,P014,W04,4,4,0
20260503,P014,W04,0,0,0
20260504,P014,W04,6,6,0
20260505,P014,W04,5,5,0
20260506,P014,W04,4,4,0
20260507,P014,W04,8,8,0
20260508,P014,W04,5,5,0
20260509,P014,W04,9,9,0
20260510,P014,W04,3,3,0
20260511,P014,W04,7,7,0
20260512,P014,W04,6,6,0
20260513,P014,W04,10,4,6
20260514,P014,W04,6,0,6
20260515,P014,W04,8,0,8
20260516,P014,W04,6,0,6
20260517,P014,W04,6,6,0
20260518,P014,W04,11,11,0
20260519,P014,W04,3,3,0
20260520,P014,W04,3,3,0
20260521,P014,W04,7,7,0
20260522,P014,W04,7,7,0
20260523,P014,W04,7,7,0
20260524,P014,W04,5,5,0
20260525,P014,W04,10,10,0
20260526,P014,W04,8,8,0
20260527,P014,W04,3,3,0
20260528,P014,W04,12,12,0
20260529,P014,W04,4,4,0
20260530,P014,W04,4,4,0
20260531,P014,W04,6,6,0
20260601,P014,W04,7,7,0
20260602,P014,W04,12,12,0
20260603,P014,W04,6,6,0
20260604,P014,W04,4,4,0
20260605,P014,W04,7,7,0
20260606,P014,W04,10,10,0
20260607,P014,W04,3,3,0
20260608,P014,W04,6,6,0
20260609,P014,W04,5,5,0
20260610,P014,W04,4,4,0
20260611,P014,W04,5,5,0
20260612,P014,W04,5,5,0
20260613,P014,W04,9,9,0
20260614,P014,W04,4,4,0
20260615,P014,W04,8,8,0
20260616,P014,W04,4,4,0
20260617,P014,W04,9,9,0
20260618,P014,W04,8,8,0
20260619,P014,W04,5,5,0
20260620,P014,W04,9,9,0
20260621,P014,W04,4,4,0
20260622,P014,W04,7,7,0
20260623,P014,W04,3,3,0
20260624,P014,W04,11,11,0
20260625,P014,W04,10,10,0
20260626,P014,W04,4,4,0
20260627,P014,W04,5,5,0
20260628,P014,W04,3,3,0
20260629,P014,W04,5,5,0
20260630,P014,W04,3,3,0
20260701,P014,W04,6,6,0
20260702,P014,W04,6,6,0
20260703,P014,W04,6,6,0
20260704,P014,W04,13,13,0
20260705,P014,W04,1,1,0
20260706,P014,W04,12,12,0
20260707,P014,W04,8,8,0
20260708,P014,W04,6,6,0
20260709,P014,W04,8,8,0
20260710,P014,W04,11,11,0
20260711,P014,W04,12,12,0
20260712,P014,W04,3,3,0
20260713,P014,W04,8,8,0
20260714,P014,W04,7,7,0
20260715,P014,W04,6,6,0
20260716,P014,W04,5,5,0
20260717,P014,W04,4,4,0
20260718,P014,W04,11,11,0
20260719,P014,W04,6,6,0
20260720,P014,W04,14,14,0
20260721,P014,W04,9,9,0
20260722,P014,W04,2,2,0
20260723,P014,W04,6,6,0
20260724,P014,W04,7,7,0
20260725,P014,W04,3,3,0
20260726,P014,W04,7,7,0
20260727,P014,W04,6,6,0
20260728,P014,W04,9,9,0
20260729,P014,W04,8,8,0
20260730,P014,W04,7,7,0
20260731,P014,W04,9,9,0
20260801,P014,W04,4,4,0
20260802,P014,W04,2,2,0
20260803,P014,W04,9,9,0
20260804,P014,W04,8,8,0
20260805,P014,W04,7,7,0
20260806,P014,W04,6,6,0
20260807,P014,W04,3,3,0
20260808,P014,W04,10,10,0
20260809,P014,W04,7,7,0
20260810,P014,W04,8,8,0
20260811,P014,W04,9,9,0
20260812,P014,W04,10,10,0
20260813,P014,W04,8,8,0
20260814,P014,W04,10,10,0
20260815,P014,W04,14,14,0
20260816,P014,W04,3,3,0
20260817,P014,W04,11,11,0
20260818,P014,W04,5,5,0
20260819,P014,W04,11,11,0
20260820,P014,W04,8,8,0
20260821,P014,W04,6,6,0
20260822,P014,W04,11,11,0
20260823,P014,W04,4,4,0
20260824,P014,W04,8,8,0
20260825,P014,W04,6,6,0
20260826,P014,W04,13,13,0
20260827,P014,W04,13,13,0
20260828,P014,W04,12,12,0
20260829,P014,W04,10,10,0
20260830,P014,W04,4,4,0
20260831,P014,W04,6,6,0
20260901,P014,W04,7,7,0
20260902,P014,W04,7,7,0
20260903,P014,W04,9,9,0
20260904,P014,W04,7,7,0
20260905,P014,W04,6,6,0
20260906,P014,W04,2,2,0
20260907,P014,W04,6,6,0
20260908,P014,W04,14,14,0
20260909,P014,W04,6,6,0
20260910,P014,W04,3,3,0
20260911,P014,W04,2,1,1
20260912,P014,W04,14,0,14
20260913,P014,W04,4,0,4
20260914,P014,W04,6,0,6
20260915,P014,W04,11,0,11
20260916,P014,W04,7,0,7
20260917,P014,W04,7,0,7
20260918,P014,W04,7,0,7
20260919,P014,W04,11,11,0
20260920,P014,W04,4,4,0
20260921,P014,W04,9,9,0
20260922,P014,W04,8,8,0
20260923,P014,W04,3,3,0
20260924,P014,W04,10,10,0
20260925,P014,W04,6,6,0
20260926,P014,W04,11,11,0
20260927,P014,W04,4,4,0
20260928,P014,W04,8,8,0
20260929,P014,W04,9,9,0
20260930,P014,W04,5,5,0
20251001,P015,W01,13,13,0
20251002,P015,W01,7,7,0
20251003,P015,W01,11,11,0
20251004,P015,W01,5,5,0
20251005,P015,W01,2,2,0
20251006,P015,W01,4,4,0
20251007,P015,W01,7,7,0
20251008,P015,W01,6,6,0
20251009,P015,W01,5,5,0
20251010,P015,W01,5,5,0
20251011,P015,W01,7,7,0
20251012,P015,W01,2,2,0
20251013,P015,W01,7,7,0
20251014,P015,W01,4,4,0
20251015,P015,W01,9,9,0
20251016,P015,W01,6,6,0
20251017,P015,W01,9,9,0
20251018,P015,W01,9,9,0
20251019,P015,W01,3,3,0
20251020,P015,W01,3,3,0
20251021,P015,W01,5,5,0
20251022,P015,W01,9,9,0
20251023,P015,W01,9,9,0
20251024,P015,W01,5,5,0
20251025,P015,W01,6,6,0
20251026,P015,W01,2,2,0
20251027,P015,W01,7,7,0
20251028,P015,W01,8,8,0
20251029,P015,W01,1,1,0
20251030,P015,W01,6,6,0
20251031,P015,W01,3,3,0
20251101,P015,W01,7,7,0
20251102,P015,W01,6,6,0
20251103,P015,W01,7,7,0
20251104,P015,W01,11,11,0
20251105,P015,W01,3,3,0
20251106,P015,W01,5,5,0
20251107,P015,W01,3,3,0
20251108,P015,W01,8,8,0
20251109,P015,W01,5,5,0
20251110,P015,W01,7,7,0
20251111,P015,W01,8,8,0
20251112,P015,W01,10,10,0
20251113,P015,W01,6,6,0
20251114,P015,W01,8,8,0
20251115,P015,W01,8,8,0
20251116,P015,W01,7,7,0
20251117,P015,W01,8,8,0
20251118,P015,W01,6,6,0
20251119,P015,W01,9,9,0
20251120,P015,W01,5,5,0
20251121,P015,W01,6,6,0
20251122,P015,W01,7,7,0
20251123,P015,W01,3,3,0
20251124,P015,W01,5,5,0
20251125,P015,W01,6,6,0
20251126,P015,W01,2,2,0
20251127,P015,W01,4,4,0
20251128,P015,W01,8,8,0
20251129,P015,W01,8,8,0
20251130,P015,W01,5,5,0
20251201,P015,W01,9,9,0
20251202,P015,W01,6,6,0
20251203,P015,W01,10,10,0
20251204,P015,W01,6,6,0
20251205,P015,W01,6,6,0
20251206,P015,W01,4,4,0
20251207,P015,W01,3,3,0
20251208,P015,W01,5,5,0
20251209,P015,W01,9,9,0
20251210,P015,W01,11,11,0
20251211,P015,W01,6,6,0
20251212,P015,W01,5,5,0
20251213,P015,W01,3,3,0
20251214,P015,W01,4,4,0
20251215,P015,W01,4,4,0
20251216,P015,W01,7,7,0
20251217,P015,W01,13,13,0
20251218,P015,W01,5,5,0
20251219,P015,W01,5,5,0
20251220,P015,W01,4,4,0
20251221,P015,W01,2,2,0
20251222,P015,W01,10,10,0
20251223,P015,W01,8,8,0
20251224,P015,W01,2,2,0
20251225,P015,W01,4,4,0
20251226,P015,W01,7,7,0
20251227,P015,W01,6,6,0
20251228,P015,W01,3,3,0
20251229,P015,W01,7,7,0
20251230,P015,W01,9,9,0
20251231,P015,W01,6,6,0
20260101,P015,W01,9,9,0
20260102,P015,W01,12,12,0
20260103,P015,W01,8,8,0
20260104,P015,W01,2,2,0
20260105,P015,W01,12,12,0
20260106,P015,W01,2,2,0
20260107,P015,W01,5,5,0
20260108,P015,W01,11,11,0
20260109,P015,W01,4,4,0
20260110,P015,W01,9,9,0
20260111,P015,W01,6,6,0
20260112,P015,W01,5,5,0
20260113,P015,W01,3,3,0
20260114,P015,W01,8,8,0
20260115,P015,W01,8,8,0
20260116,P015,W01,11,11,0
20260117,P015,W01,8,8,0
20260118,P015,W01,3,3,0
20260119,P015,W01,6,6,0
20260120,P015,W01,6,6,0
20260121,P015,W01,5,5,0
20260122,P015,W01,9,9,0
20260123,P015,W01,5,5,0
20260124,P015,W01,5,5,0
20260125,P015,W01,8,8,0
20260126,P015,W01,10,10,0
20260127,P015,W01,5,5,0
20260128,P015,W01,4,4,0
20260129,P015,W01,9,9,0
20260130,P015,W01,13,13,0
20260131,P015,W01,5,5,0
20260201,P015,W01,3,3,0
20260202,P015,W01,5,5,0
20260203,P015,W01,8,8,0
20260204,P015,W01,5,5,0
20260205,P015,W01,6,6,0
20260206,P015,W01,3,3,0
20260207,P015,W01,7,7,0
20260208,P015,W01,3,3,0
20260209,P015,W01,10,10,0
20260210,P015,W01,11,11,0
20260211,P015,W01,7,7,0
20260212,P015,W01,6,6,0
20260213,P015,W01,13,13,0
20260214,P015,W01,9,9,0
20260215,P015,W01,4,4,0
20260216,P015,W01,5,5,0
20260217,P015,W01,8,8,0
20260218,P015,W01,3,3,0
20260219,P015,W01,10,10,0
20260220,P015,W01,8,8,0
20260221,P015,W01,10,10,0
20260222,P015,W01,2,2,0
20260223,P015,W01,7,7,0
20260224,P015,W01,7,7,0
20260225,P015,W01,3,3,0
20260226,P015,W01,10,10,0
20260227,P015,W01,9,9,0
20260228,P015,W01,2,2,0
20260301,P015,W01,6,6,0
20260302,P015,W01,8,8,0
20260303,P015,W01,12,12,0
20260304,P015,W01,10,10,0
20260305,P015,W01,10,10,0
20260306,P015,W01,8,8,0
20260307,P015,W01,8,8,0
20260308,P015,W01,4,4,0
20260309,P015,W01,9,9,0
20260310,P015,W01,7,7,0
20260311,P015,W01,3,3,0
20260312,P015,W01,5,5,0
20260313,P015,W01,2,2,0
20260314,P015,W01,7,7,0
20260315,P015,W01,4,4,0
20260316,P015,W01,11,11,0
20260317,P015,W01,7,7,0
20260318,P015,W01,6,6,0
20260319,P015,W01,8,8,0
20260320,P015,W01,10,10,0
20260321,P015,W01,7,7,0
20260322,P015,W01,1,1,0
20260323,P015,W01,5,5,0
20260324,P015,W01,10,10,0
20260325,P015,W01,7,7,0
20260326,P015,W01,6,6,0
20260327,P015,W01,11,11,0
20260328,P015,W01,9,9,0
20260329,P015,W01,0,0,0
20260330,P015,W01,8,8,0
20260331,P015,W01,6,6,0
20260401,P015,W01,9,9,0
20260402,P015,W01,7,7,0
20260403,P015,W01,6,6,0
20260404,P015,W01,11,11,0
20260405,P015,W01,5,5,0
20260406,P015,W01,8,8,0
20260407,P015,W01,11,11,0
20260408,P015,W01,9,9,0
20260409,P015,W01,7,7,0
20260410,P015,W01,7,7,0
20260411,P015,W01,11,11,0
20260412,P015,W01,4,4,0
20260413,P015,W01,7,7,0
20260414,P015,W01,5,5,0
20260415,P015,W01,7,7,0
20260416,P015,W01,6,6,0
20260417,P015,W01,5,5,0
20260418,P015,W01,6,6,0
20260419,P015,W01,5,5,0
20260420,P015,W01,12,12,0
20260421,P015,W01,5,5,0
20260422,P015,W01,8,8,0
20260423,P015,W01,14,14,0
20260424,P015,W01,8,8,0
20260425,P015,W01,5,5,0
20260426,P015,W01,10,10,0
20260427,P015,W01,4,4,0
20260428,P015,W01,7,7,0
20260429,P015,W01,6,6,0
20260430,P015,W01,1,1,0
20260501,P015,W01,7,7,0
20260502,P015,W01,6,6,0
20260503,P015,W01,2,2,0
20260504,P015,W01,9,9,0
20260505,P015,W01,8,8,0
20260506,P015,W01,15,15,0
20260507,P015,W01,6,6,0
20260508,P015,W01,8,8,0
20260509,P015,W01,7,7,0
20260510,P015,W01,3,3,0
20260511,P015,W01,3,3,0
20260512,P015,W01,9,9,0
20260513,P015,W01,9,9,0
20260514,P015,W01,9,9,0
20260515,P015,W01,7,7,0
20260516,P015,W01,8,8,0
20260517,P015,W01,7,7,0
20260518,P015,W01,10,10,0
20260519,P015,W01,9,9,0
20260520,P015,W01,9,9,0
20260521,P015,W01,5,5,0
20260522,P015,W01,8,8,0
20260523,P015,W01,10,10,0
20260524,P015,W01,5,5,0
20260525,P015,W01,4,4,0
20260526,P015,W01,5,5,0
20260527,P015,W01,8,8,0
20260528,P015,W01,7,7,0
20260529,P015,W01,14,14,0
20260530,P015,W01,12,12,0
20260531,P015,W01,3,3,0
20260601,P015,W01,12,12,0
20260602,P015,W01,3,3,0
20260603,P015,W01,7,7,0
20260604,P015,W01,2,2,0
20260605,P015,W01,7,7,0
20260606,P015,W01,6,6,0
20260607,P015,W01,2,2,0
20260608,P015,W01,10,10,0
20260609,P015,W01,6,6,0
20260610,P015,W01,10,10,0
20260611,P015,W01,6,6,0
20260612,P015,W01,10,10,0
20260613,P015,W01,7,7,0
20260614,P015,W01,4,4,0
20260615,P015,W01,8,8,0
20260616,P015,W01,4,4,0
20260617,P015,W01,4,4,0
20260618,P015,W01,5,5,0
20260619,P015,W01,6,6,0
20260620,P015,W01,6,6,0
20260621,P015,W01,3,3,0
20260622,P015,W01,7,7,0
20260623,P015,W01,8,8,0
20260624,P015,W01,4,4,0
20260625,P015,W01,3,3,0
20260626,P015,W01,9,9,0
20260627,P015,W01,12,12,0
20260628,P015,W01,4,4,0
20260629,P015,W01,9,9,0
20260630,P015,W01,9,9,0
20260701,P015,W01,6,6,0
20260702,P015,W01,7,7,0
20260703,P015,W01,11,11,0
20260704,P015,W01,7,7,0
20260705,P015,W01,4,4,0
20260706,P015,W01,10,10,0
20260707,P015,W01,11,11,0
20260708,P015,W01,8,8,0
20260709,P015,W01,5,5,0
20260710,P015,W01,5,5,0
20260711,P015,W01,3,3,0
20260712,P015,W01,4,4,0
20260713,P015,W01,6,6,0
20260714,P015,W01,8,8,0
20260715,P015,W01,5,5,0
20260716,P015,W01,7,7,0
20260717,P015,W01,11,11,0
20260718,P015,W01,7,7,0
20260719,P015,W01,6,6,0
20260720,P015,W01,10,10,0
20260721,P015,W01,6,6,0
20260722,P015,W01,6,6,0
20260723,P015,W01,6,6,0
20260724,P015,W01,9,9,0
20260725,P015,W01,6,6,0
20260726,P015,W01,5,5,0
20260727,P015,W01,6,6,0
20260728,P015,W01,6,6,0
20260729,P015,W01,6,6,0
20260730,P015,W01,9,9,0
20260731,P015,W01,8,8,0
20260801,P015,W01,7,7,0
20260802,P015,W01,4,4,0
20260803,P015,W01,5,5,0
20260804,P015,W01,7,7,0
20260805,P015,W01,8,8,0
20260806,P015,W01,8,8,0
20260807,P015,W01,8,8,0
20260808,P015,W01,12,12,0
20260809,P015,W01,0,0,0
20260810,P015,W01,6,6,0
20260811,P015,W01,4,4,0
20260812,P015,W01,4,4,0
20260813,P015,W01,3,3,0
20260814,P015,W01,3,3,0
20260815,P015,W01,6,6,0
20260816,P015,W01,3,3,0
20260817,P015,W01,6,6,0
20260818,P015,W01,8,8,0
20260819,P015,W01,6,6,0
20260820,P015,W01,8,8,0
20260821,P015,W01,3,3,0
20260822,P015,W01,9,9,0
20260823,P015,W01,5,5,0
20260824,P015,W01,7,7,0
20260825,P015,W01,9,9,0
20260826,P015,W01,7,7,0
20260827,P015,W01,9,9,0
20260828,P015,W01,9,9,0
20260829,P015,W01,5,5,0
20260830,P015,W01,6,6,0
20260831,P015,W01,7,7,0
20260901,P015,W01,3,3,0
20260902,P015,W01,10,10,0
20260903,P015,W01,6,6,0
20260904,P015,W01,8,8,0
20260905,P015,W01,9,9,0
20260906,P015,W01,4,4,0
20260907,P015,W01,7,7,0
20260908,P015,W01,3,3,0
20260909,P015,W01,3,3,0
20260910,P015,W01,6,6,0
20260911,P015,W01,7,7,0
20260912,P015,W01,2,2,0
20260913,P015,W01,5,5,0
20260914,P015,W01,3,3,0
20260915,P015,W01,5,5,0
20260916,P015,W01,8,8,0
20260917,P015,W01,4,4,0
20260918,P015,W01,10,10,0
20260919,P015,W01,6,6,0
20260920,P015,W01,3,3,0
20260921,P015,W01,11,11,0
20260922,P015,W01,9,9,0
20260923,P015,W01,6,6,0
20260924,P015,W01,3,3,0
20260925,P015,W01,6,6,0
20260926,P015,W01,9,9,0
20260927,P015,W01,7,7,0
20260928,P015,W01,7,7,0
20260929,P015,W01,7,7,0
20260930,P015,W01,6,6,0
20251001,P015,W02,7,7,0
20251002,P015,W02,6,6,0
20251003,P015,W02,7,7,0
20251004,P015,W02,7,7,0
20251005,P015,W02,3,3,0
20251006,P015,W02,15,15,0
20251007,P015,W02,10,10,0
20251008,P015,W02,5,5,0
20251009,P015,W02,8,8,0
20251010,P015,W02,6,6,0
20251011,P015,W02,9,9,0
20251012,P015,W02,7,7,0
20251013,P015,W02,5,5,0
20251014,P015,W02,9,9,0
20251015,P015,W02,11,11,0
20251016,P015,W02,2,2,0
20251017,P015,W02,9,9,0
20251018,P015,W02,11,11,0
20251019,P015,W02,3,3,0
20251020,P015,W02,6,6,0
20251021,P015,W02,2,2,0
20251022,P015,W02,7,7,0
20251023,P015,W02,10,10,0
20251024,P015,W02,10,10,0
20251025,P015,W02,4,4,0
20251026,P015,W02,5,5,0
20251027,P015,W02,10,10,0
20251028,P015,W02,10,10,0
20251029,P015,W02,7,7,0
20251030,P015,W02,5,5,0
20251031,P015,W02,2,2,0
20251101,P015,W02,10,10,0
20251102,P015,W02,4,4,0
20251103,P015,W02,5,5,0
20251104,P015,W02,9,9,0
20251105,P015,W02,7,7,0
20251106,P015,W02,10,10,0
20251107,P015,W02,9,9,0
20251108,P015,W02,7,7,0
20251109,P015,W02,3,3,0
20251110,P015,W02,6,6,0
20251111,P015,W02,6,6,0
20251112,P015,W02,4,4,0
20251113,P015,W02,8,8,0
20251114,P015,W02,10,10,0
20251115,P015,W02,7,7,0
20251116,P015,W02,4,4,0
20251117,P015,W02,8,8,0
20251118,P015,W02,5,5,0
20251119,P015,W02,7,7,0
20251120,P015,W02,5,5,0
20251121,P015,W02,13,13,0
20251122,P015,W02,9,9,0
20251123,P015,W02,7,7,0
20251124,P015,W02,3,3,0
20251125,P015,W02,11,11,0
20251126,P015,W02,11,11,0
20251127,P015,W02,6,6,0
20251128,P015,W02,11,11,0
20251129,P015,W02,5,5,0
20251130,P015,W02,5,5,0
20251201,P015,W02,6,6,0
20251202,P015,W02,7,7,0
20251203,P015,W02,11,11,0
20251204,P015,W02,7,7,0
20251205,P015,W02,12,12,0
20251206,P015,W02,6,6,0
20251207,P015,W02,6,6,0
20251208,P015,W02,5,5,0
20251209,P015,W02,11,11,0
20251210,P015,W02,14,14,0
20251211,P015,W02,5,5,0
20251212,P015,W02,11,11,0
20251213,P015,W02,10,10,0
20251214,P015,W02,2,2,0
20251215,P015,W02,7,7,0
20251216,P015,W02,10,10,0
20251217,P015,W02,7,7,0
20251218,P015,W02,4,4,0
20251219,P015,W02,15,15,0
20251220,P015,W02,6,6,0
20251221,P015,W02,7,7,0
20251222,P015,W02,6,6,0
20251223,P015,W02,7,7,0
20251224,P015,W02,4,4,0
20251225,P015,W02,8,8,0
20251226,P015,W02,7,7,0
20251227,P015,W02,8,8,0
20251228,P015,W02,4,4,0
20251229,P015,W02,10,10,0
20251230,P015,W02,8,8,0
20251231,P015,W02,9,9,0
20260101,P015,W02,6,6,0
20260102,P015,W02,10,10,0
20260103,P015,W02,7,7,0
20260104,P015,W02,2,2,0
20260105,P015,W02,10,10,0
20260106,P015,W02,7,7,0
20260107,P015,W02,7,7,0
20260108,P015,W02,7,7,0
20260109,P015,W02,10,10,0
20260110,P015,W02,5,5,0
20260111,P015,W02,4,4,0
20260112,P015,W02,11,11,0
20260113,P015,W02,6,6,0
20260114,P015,W02,6,6,0
20260115,P015,W02,6,6,0
20260116,P015,W02,9,9,0
20260117,P015,W02,3,3,0
20260118,P015,W02,4,4,0
20260119,P015,W02,9,9,0
20260120,P015,W02,6,6,0
20260121,P015,W02,8,8,0
20260122,P015,W02,2,2,0
20260123,P015,W02,10,10,0
20260124,P015,W02,11,11,0
20260125,P015,W02,2,2,0
20260126,P015,W02,9,9,0
20260127,P015,W02,7,7,0
20260128,P015,W02,6,6,0
20260129,P015,W02,6,6,0
20260130,P015,W02,10,10,0
20260131,P015,W02,9,9,0
20260201,P015,W02,8,8,0
20260202,P015,W02,9,9,0
20260203,P015,W02,5,5,0
20260204,P015,W02,9,9,0
20260205,P015,W02,5,5,0
20260206,P015,W02,10,10,0
20260207,P015,W02,6,6,0
20260208,P015,W02,7,7,0
20260209,P015,W02,7,7,0
20260210,P015,W02,8,8,0
20260211,P015,W02,9,9,0
20260212,P015,W02,9,9,0
20260213,P015,W02,5,5,0
20260214,P015,W02,5,5,0
20260215,P015,W02,1,1,0
20260216,P015,W02,9,9,0
20260217,P015,W02,8,8,0
20260218,P015,W02,10,10,0
20260219,P015,W02,3,3,0
20260220,P015,W02,7,7,0
20260221,P015,W02,9,9,0
20260222,P015,W02,6,6,0
20260223,P015,W02,4,4,0
20260224,P015,W02,6,6,0
20260225,P015,W02,6,6,0
20260226,P015,W02,11,11,0
20260227,P015,W02,6,6,0
20260228,P015,W02,8,8,0
20260301,P015,W02,4,4,0
20260302,P015,W02,8,8,0
20260303,P015,W02,9,9,0
20260304,P015,W02,12,12,0
20260305,P015,W02,7,7,0
20260306,P015,W02,6,6,0
20260307,P015,W02,5,5,0
20260308,P015,W02,3,3,0
20260309,P015,W02,9,9,0
20260310,P015,W02,4,4,0
20260311,P015,W02,7,7,0
20260312,P015,W02,9,9,0
20260313,P015,W02,13,13,0
20260314,P015,W02,7,7,0
20260315,P015,W02,3,3,0
20260316,P015,W02,10,10,0
20260317,P015,W02,11,11,0
20260318,P015,W02,5,5,0
20260319,P015,W02,11,11,0
20260320,P015,W02,12,12,0
20260321,P015,W02,9,9,0
20260322,P015,W02,7,7,0
20260323,P015,W02,8,8,0
20260324,P015,W02,6,6,0
20260325,P015,W02,10,10,0
20260326,P015,W02,11,11,0
20260327,P015,W02,7,7,0
20260328,P015,W02,10,10,0
20260329,P015,W02,8,8,0
20260330,P015,W02,15,15,0
20260331,P015,W02,7,7,0
20260401,P015,W02,10,10,0
20260402,P015,W02,7,7,0
20260403,P015,W02,2,2,0
20260404,P015,W02,12,12,0
20260405,P015,W02,7,7,0
20260406,P015,W02,7,7,0
20260407,P015,W02,12,12,0
20260408,P015,W02,10,10,0
20260409,P015,W02,11,11,0
20260410,P015,W02,10,10,0
20260411,P015,W02,9,9,0
20260412,P015,W02,3,3,0
20260413,P015,W02,12,12,0
20260414,P015,W02,8,8,0
20260415,P015,W02,5,5,0
20260416,P015,W02,10,10,0
20260417,P015,W02,14,14,0
20260418,P015,W02,5,5,0
20260419,P015,W02,8,8,0
20260420,P015,W02,5,5,0
20260421,P015,W02,8,8,0
20260422,P015,W02,12,12,0
20260423,P015,W02,7,7,0
20260424,P015,W02,7,7,0
20260425,P015,W02,6,6,0
20260426,P015,W02,2,2,0
20260427,P015,W02,7,7,0
20260428,P015,W02,16,16,0
20260429,P015,W02,8,8,0
20260430,P015,W02,8,8,0
20260501,P015,W02,11,11,0
20260502,P015,W02,13,13,0
20260503,P015,W02,6,6,0
20260504,P015,W02,8,8,0
20260505,P015,W02,11,11,0
20260506,P015,W02,3,3,0
20260507,P015,W02,6,6,0
20260508,P015,W02,9,9,0
20260509,P015,W02,7,7,0
20260510,P015,W02,9,9,0
20260511,P015,W02,8,8,0
20260512,P015,W02,5,5,0
20260513,P015,W02,7,7,0
20260514,P015,W02,3,3,0
20260515,P015,W02,11,11,0
20260516,P015,W02,11,11,0
20260517,P015,W02,5,5,0
20260518,P015,W02,8,8,0
20260519,P015,W02,8,8,0
20260520,P015,W02,10,10,0
20260521,P015,W02,12,12,0
20260522,P015,W02,4,4,0
20260523,P015,W02,12,12,0
20260524,P015,W02,4,4,0
20260525,P015,W02,12,12,0
20260526,P015,W02,8,8,0
20260527,P015,W02,10,10,0
20260528,P015,W02,11,11,0
20260529,P015,W02,10,10,0
20260530,P015,W02,9,9,0
20260531,P015,W02,10,10,0
20260601,P015,W02,6,6,0
20260602,P015,W02,9,9,0
20260603,P015,W02,7,7,0
20260604,P015,W02,10,10,0
20260605,P015,W02,7,7,0
20260606,P015,W02,11,11,0
20260607,P015,W02,4,4,0
20260608,P015,W02,2,2,0
20260609,P015,W02,6,6,0
20260610,P015,W02,8,8,0
20260611,P015,W02,6,6,0
20260612,P015,W02,9,9,0
20260613,P015,W02,7,7,0
20260614,P015,W02,5,5,0
20260615,P015,W02,10,10,0
20260616,P015,W02,10,10,0
20260617,P015,W02,11,11,0
20260618,P015,W02,8,8,0
20260619,P015,W02,3,3,0
20260620,P015,W02,12,12,0
20260621,P015,W02,7,7,0
20260622,P015,W02,8,8,0
20260623,P015,W02,4,4,0
20260624,P015,W02,6,6,0
20260625,P015,W02,10,10,0
20260626,P015,W02,8,8,0
20260627,P015,W02,7,7,0
20260628,P015,W02,4,4,0
20260629,P015,W02,11,11,0
20260630,P015,W02,8,8,0
20260701,P015,W02,5,5,0
20260702,P015,W02,7,7,0
20260703,P015,W02,7,7,0
20260704,P015,W02,4,4,0
20260705,P015,W02,2,2,0
20260706,P015,W02,16,16,0
20260707,P015,W02,9,9,0
20260708,P015,W02,8,8,0
20260709,P015,W02,9,9,0
20260710,P015,W02,4,4,0
20260711,P015,W02,10,10,0
20260712,P015,W02,4,4,0
20260713,P015,W02,9,9,0
20260714,P015,W02,5,5,0
20260715,P015,W02,8,8,0
20260716,P015,W02,7,7,0
20260717,P015,W02,15,15,0
20260718,P015,W02,14,14,0
20260719,P015,W02,4,4,0
20260720,P015,W02,11,11,0
20260721,P015,W02,6,6,0
20260722,P015,W02,9,9,0
20260723,P015,W02,9,9,0
20260724,P015,W02,8,8,0
20260725,P015,W02,12,12,0
20260726,P015,W02,3,3,0
20260727,P015,W02,11,11,0
20260728,P015,W02,5,5,0
20260729,P015,W02,15,15,0
20260730,P015,W02,8,8,0
20260731,P015,W02,12,12,0
20260801,P015,W02,3,3,0
20260802,P015,W02,5,5,0
20260803,P015,W02,5,5,0
20260804,P015,W02,5,5,0
20260805,P015,W02,4,4,0
20260806,P015,W02,4,4,0
20260807,P015,W02,6,6,0
20260808,P015,W02,7,7,0
20260809,P015,W02,3,3,0
20260810,P015,W02,12,12,0
20260811,P015,W02,7,7,0
20260812,P015,W02,10,10,0
20260813,P015,W02,6,6,0
20260814,P015,W02,7,7,0
20260815,P015,W02,2,2,0
20260816,P015,W02,3,3,0
20260817,P015,W02,8,8,0
20260818,P015,W02,6,6,0
20260819,P015,W02,5,5,0
20260820,P015,W02,3,3,0
20260821,P015,W02,8,8,0
20260822,P015,W02,8,8,0
20260823,P015,W02,5,5,0
20260824,P015,W02,8,8,0
20260825,P015,W02,8,8,0
20260826,P015,W02,13,13,0
20260827,P015,W02,6,6,0
20260828,P015,W02,11,11,0
20260829,P015,W02,7,7,0
20260830,P015,W02,5,5,0
20260831,P015,W02,5,5,0
20260901,P015,W02,7,7,0
20260902,P015,W02,8,8,0
20260903,P015,W02,4,4,0
20260904,P015,W02,7,7,0
20260905,P015,W02,8,8,0
20260906,P015,W02,4,4,0
20260907,P015,W02,8,8,0
20260908,P015,W02,4,4,0
20260909,P015,W02,7,7,0
20260910,P015,W02,11,11,0
20260911,P015,W02,10,10,0
20260912,P015,W02,7,7,0
20260913,P015,W02,1,1,0
20260914,P015,W02,6,6,0
20260915,P015,W02,4,4,0
20260916,P015,W02,7,7,0
20260917,P015,W02,9,9,0
20260918,P015,W02,9,9,0
20260919,P015,W02,8,8,0
20260920,P015,W02,6,6,0
20260921,P015,W02,10,10,0
20260922,P015,W02,4,4,0
20260923,P015,W02,5,5,0
20260924,P015,W02,5,5,0
20260925,P015,W02,9,9,0
20260926,P015,W02,7,7,0
20260927,P015,W02,8,8,0
20260928,P015,W02,6,6,0
20260929,P015,W02,6,6,0
20260930,P015,W02,5,5,0
20251001,P015,W03,8,8,0
20251002,P015,W03,6,6,0
20251003,P015,W03,4,4,0
20251004,P015,W03,6,6,0
20251005,P015,W03,6,6,0
20251006,P015,W03,6,6,0
20251007,P015,W03,5,5,0
20251008,P015,W03,10,10,0
20251009,P015,W03,7,7,0
20251010,P015,W03,5,5,0
20251011,P015,W03,5,5,0
20251012,P015,W03,4,4,0
20251013,P015,W03,1,1,0
20251014,P015,W03,5,5,0
20251015,P015,W03,6,6,0
20251016,P015,W03,3,3,0
20251017,P015,W03,8,8,0
20251018,P015,W03,6,6,0
20251019,P015,W03,0,0,0
20251020,P015,W03,3,3,0
20251021,P015,W03,3,3,0
20251022,P015,W03,11,11,0
20251023,P015,W03,8,8,0
20251024,P015,W03,3,3,0
20251025,P015,W03,5,5,0
20251026,P015,W03,7,7,0
20251027,P015,W03,5,5,0
20251028,P015,W03,11,11,0
20251029,P015,W03,6,6,0
20251030,P015,W03,7,7,0
20251031,P015,W03,5,5,0
20251101,P015,W03,7,7,0
20251102,P015,W03,2,2,0
20251103,P015,W03,4,4,0
20251104,P015,W03,5,5,0
20251105,P015,W03,5,5,0
20251106,P015,W03,9,9,0
20251107,P015,W03,6,6,0
20251108,P015,W03,4,4,0
20251109,P015,W03,1,1,0
20251110,P015,W03,6,6,0
20251111,P015,W03,7,7,0
20251112,P015,W03,4,4,0
20251113,P015,W03,4,4,0
20251114,P015,W03,5,5,0
20251115,P015,W03,9,3,6
20251116,P015,W03,1,1,0
20251117,P015,W03,7,7,0
20251118,P015,W03,5,5,0
20251119,P015,W03,9,9,0
20251120,P015,W03,4,4,0
20251121,P015,W03,4,4,0
20251122,P015,W03,7,7,0
20251123,P015,W03,4,4,0
20251124,P015,W03,9,9,0
20251125,P015,W03,2,2,0
20251126,P015,W03,7,7,0
20251127,P015,W03,4,4,0
20251128,P015,W03,4,4,0
20251129,P015,W03,8,8,0
20251130,P015,W03,2,2,0
20251201,P015,W03,7,7,0
20251202,P015,W03,4,4,0
20251203,P015,W03,7,7,0
20251204,P015,W03,8,8,0
20251205,P015,W03,10,10,0
20251206,P015,W03,8,8,0
20251207,P015,W03,1,1,0
20251208,P015,W03,5,5,0
20251209,P015,W03,7,7,0
20251210,P015,W03,7,7,0
20251211,P015,W03,3,3,0
20251212,P015,W03,3,3,0
20251213,P015,W03,5,5,0
20251214,P015,W03,4,4,0
20251215,P015,W03,6,6,0
20251216,P015,W03,9,9,0
20251217,P015,W03,5,5,0
20251218,P015,W03,7,7,0
20251219,P015,W03,10,10,0
20251220,P015,W03,7,7,0
20251221,P015,W03,7,7,0
20251222,P015,W03,3,3,0
20251223,P015,W03,11,11,0
20251224,P015,W03,6,6,0
20251225,P015,W03,2,2,0
20251226,P015,W03,4,4,0
20251227,P015,W03,5,5,0
20251228,P015,W03,2,2,0
20251229,P015,W03,11,11,0
20251230,P015,W03,4,4,0
20251231,P015,W03,4,4,0
20260101,P015,W03,10,10,0
20260102,P015,W03,8,8,0
20260103,P015,W03,10,10,0
20260104,P015,W03,6,6,0
20260105,P015,W03,7,7,0
20260106,P015,W03,4,4,0
20260107,P015,W03,4,4,0
20260108,P015,W03,5,5,0
20260109,P015,W03,7,7,0
20260110,P015,W03,6,6,0
20260111,P015,W03,5,5,0
20260112,P015,W03,3,3,0
20260113,P015,W03,2,2,0
20260114,P015,W03,6,6,0
20260115,P015,W03,7,7,0
20260116,P015,W03,2,2,0
20260117,P015,W03,10,10,0
20260118,P015,W03,4,4,0
20260119,P015,W03,12,12,0
20260120,P015,W03,8,8,0
20260121,P015,W03,7,7,0
20260122,P015,W03,4,4,0
20260123,P015,W03,7,7,0
20260124,P015,W03,9,9,0
20260125,P015,W03,3,3,0
20260126,P015,W03,6,6,0
20260127,P015,W03,3,3,0
20260128,P015,W03,5,5,0
20260129,P015,W03,3,3,0
20260130,P015,W03,7,7,0
20260131,P015,W03,8,8,0
20260201,P015,W03,3,3,0
20260202,P015,W03,7,7,0
20260203,P015,W03,3,3,0
20260204,P015,W03,5,5,0
20260205,P015,W03,10,10,0
20260206,P015,W03,5,5,0
20260207,P015,W03,6,6,0
20260208,P015,W03,3,3,0
20260209,P015,W03,10,10,0
20260210,P015,W03,5,5,0
20260211,P015,W03,8,8,0
20260212,P015,W03,9,9,0
20260213,P015,W03,6,6,0
20260214,P015,W03,5,5,0
20260215,P015,W03,8,8,0
20260216,P015,W03,6,6,0
20260217,P015,W03,10,10,0
20260218,P015,W03,5,5,0
20260219,P015,W03,7,7,0
20260220,P015,W03,10,10,0
20260221,P015,W03,4,4,0
20260222,P015,W03,4,4,0
20260223,P015,W03,9,9,0
20260224,P015,W03,4,4,0
20260225,P015,W03,8,8,0
20260226,P015,W03,9,9,0
20260227,P015,W03,7,7,0
20260228,P015,W03,6,6,0
20260301,P015,W03,7,7,0
20260302,P015,W03,10,10,0
20260303,P015,W03,6,6,0
20260304,P015,W03,2,2,0
20260305,P015,W03,7,7,0
20260306,P015,W03,7,7,0
20260307,P015,W03,7,7,0
20260308,P015,W03,10,10,0
20260309,P015,W03,6,6,0
20260310,P015,W03,6,6,0
20260311,P015,W03,6,6,0
20260312,P015,W03,6,6,0
20260313,P015,W03,7,7,0
20260314,P015,W03,6,6,0
20260315,P015,W03,5,5,0
20260316,P015,W03,6,6,0
20260317,P015,W03,6,6,0
20260318,P015,W03,6,6,0
20260319,P015,W03,4,4,0
20260320,P015,W03,2,2,0
20260321,P015,W03,7,7,0
20260322,P015,W03,4,4,0
20260323,P015,W03,7,7,0
20260324,P015,W03,3,3,0
20260325,P015,W03,6,6,0
20260326,P015,W03,7,7,0
20260327,P015,W03,7,7,0
20260328,P015,W03,8,8,0
20260329,P015,W03,4,4,0
20260330,P015,W03,16,16,0
20260331,P015,W03,8,8,0
20260401,P015,W03,2,2,0
20260402,P015,W03,9,9,0
20260403,P015,W03,4,4,0
20260404,P015,W03,3,3,0
20260405,P015,W03,4,4,0
20260406,P015,W03,3,3,0
20260407,P015,W03,3,3,0
20260408,P015,W03,3,3,0
20260409,P015,W03,2,2,0
20260410,P015,W03,11,11,0
20260411,P015,W03,6,6,0
20260412,P015,W03,5,5,0
20260413,P015,W03,9,9,0
20260414,P015,W03,5,5,0
20260415,P015,W03,4,4,0
20260416,P015,W03,9,9,0
20260417,P015,W03,8,8,0
20260418,P015,W03,6,6,0
20260419,P015,W03,4,4,0
20260420,P015,W03,6,6,0
20260421,P015,W03,7,7,0
20260422,P015,W03,9,9,0
20260423,P015,W03,5,5,0
20260424,P015,W03,6,6,0
20260425,P015,W03,5,5,0
20260426,P015,W03,4,4,0
20260427,P015,W03,5,5,0
20260428,P015,W03,8,8,0
20260429,P015,W03,5,5,0
20260430,P015,W03,8,8,0
20260501,P015,W03,7,7,0
20260502,P015,W03,11,11,0
20260503,P015,W03,6,6,0
20260504,P015,W03,6,6,0
20260505,P015,W03,5,5,0
20260506,P015,W03,7,7,0
20260507,P015,W03,8,8,0
20260508,P015,W03,6,6,0
20260509,P015,W03,5,5,0
20260510,P015,W03,1,1,0
20260511,P015,W03,8,8,0
20260512,P015,W03,4,4,0
20260513,P015,W03,7,7,0
20260514,P015,W03,10,10,0
20260515,P015,W03,6,6,0
20260516,P015,W03,3,3,0
20260517,P015,W03,5,5,0
20260518,P015,W03,10,10,0
20260519,P015,W03,10,10,0
20260520,P015,W03,4,4,0
20260521,P015,W03,7,7,0
20260522,P015,W03,8,8,0
20260523,P015,W03,8,8,0
20260524,P015,W03,5,5,0
20260525,P015,W03,6,6,0
20260526,P015,W03,7,7,0
20260527,P015,W03,7,7,0
20260528,P015,W03,9,9,0
20260529,P015,W03,5,5,0
20260530,P015,W03,7,7,0
20260531,P015,W03,5,5,0
20260601,P015,W03,4,4,0
20260602,P015,W03,5,5,0
20260603,P015,W03,7,7,0
20260604,P015,W03,8,8,0
20260605,P015,W03,10,10,0
20260606,P015,W03,5,5,0
20260607,P015,W03,3,3,0
20260608,P015,W03,3,3,0
20260609,P015,W03,9,9,0
20260610,P015,W03,10,10,0
20260611,P015,W03,5,5,0
20260612,P015,W03,7,7,0
20260613,P015,W03,4,4,0
20260614,P015,W03,2,2,0
20260615,P015,W03,12,12,0
20260616,P015,W03,2,2,0
20260617,P015,W03,9,9,0
20260618,P015,W03,9,9,0
20260619,P015,W03,4,4,0
20260620,P015,W03,8,8,0
20260621,P015,W03,3,3,0
20260622,P015,W03,4,4,0
20260623,P015,W03,6,6,0
20260624,P015,W03,8,8,0
20260625,P015,W03,7,7,0
20260626,P015,W03,3,3,0
20260627,P015,W03,10,10,0
20260628,P015,W03,4,4,0
20260629,P015,W03,4,4,0
20260630,P015,W03,3,3,0
20260701,P015,W03,8,8,0
20260702,P015,W03,7,7,0
20260703,P015,W03,5,5,0
20260704,P015,W03,5,5,0
20260705,P015,W03,1,1,0
20260706,P015,W03,4,4,0
20260707,P015,W03,7,7,0
20260708,P015,W03,10,10,0
20260709,P015,W03,5,5,0
20260710,P015,W03,2,2,0
20260711,P015,W03,3,3,0
20260712,P015,W03,6,6,0
20260713,P015,W03,12,12,0
20260714,P015,W03,5,5,0
20260715,P015,W03,3,3,0
20260716,P015,W03,6,6,0
20260717,P015,W03,4,4,0
20260718,P015,W03,7,7,0
20260719,P015,W03,5,5,0
20260720,P015,W03,3,3,0
20260721,P015,W03,7,7,0
20260722,P015,W03,3,3,0
20260723,P015,W03,7,7,0
20260724,P015,W03,5,5,0
20260725,P015,W03,4,4,0
20260726,P015,W03,3,3,0
20260727,P015,W03,7,7,0
20260728,P015,W03,3,3,0
20260729,P015,W03,3,3,0
20260730,P015,W03,3,3,0
20260731,P015,W03,3,3,0
20260801,P015,W03,10,10,0
20260802,P015,W03,2,2,0
20260803,P015,W03,4,4,0
20260804,P015,W03,10,10,0
20260805,P015,W03,3,3,0
20260806,P015,W03,4,4,0
20260807,P015,W03,6,6,0
20260808,P015,W03,3,3,0
20260809,P015,W03,4,4,0
20260810,P015,W03,13,13,0
20260811,P015,W03,4,4,0
20260812,P015,W03,2,2,0
20260813,P015,W03,6,6,0
20260814,P015,W03,8,8,0
20260815,P015,W03,5,5,0
20260816,P015,W03,2,2,0
20260817,P015,W03,4,4,0
20260818,P015,W03,3,3,0
20260819,P015,W03,10,10,0
20260820,P015,W03,5,5,0
20260821,P015,W03,7,7,0
20260822,P015,W03,8,8,0
20260823,P015,W03,5,5,0
20260824,P015,W03,6,6,0
20260825,P015,W03,7,7,0
20260826,P015,W03,6,6,0
20260827,P015,W03,8,8,0
20260828,P015,W03,9,9,0
20260829,P015,W03,15,15,0
20260830,P015,W03,11,11,0
20260831,P015,W03,7,7,0
20260901,P015,W03,9,9,0
20260902,P015,W03,6,6,0
20260903,P015,W03,3,3,0
20260904,P015,W03,4,4,0
20260905,P015,W03,6,6,0
20260906,P015,W03,5,5,0
20260907,P015,W03,5,5,0
20260908,P015,W03,6,6,0
20260909,P015,W03,3,3,0
20260910,P015,W03,7,7,0
20260911,P015,W03,5,5,0
20260912,P015,W03,6,6,0
20260913,P015,W03,6,6,0
20260914,P015,W03,6,6,0
20260915,P015,W03,5,5,0
20260916,P015,W03,3,3,0
20260917,P015,W03,2,2,0
20260918,P015,W03,9,9,0
20260919,P015,W03,7,7,0
20260920,P015,W03,3,3,0
20260921,P015,W03,8,8,0
20260922,P015,W03,7,7,0
20260923,P015,W03,4,4,0
20260924,P015,W03,5,5,0
20260925,P015,W03,5,5,0
20260926,P015,W03,5,5,0
20260927,P015,W03,3,3,0
20260928,P015,W03,8,8,0
20260929,P015,W03,5,5,0
20260930,P015,W03,4,4,0
20251001,P015,W04,3,3,0
20251002,P015,W04,7,7,0
20251003,P015,W04,5,5,0
20251004,P015,W04,6,6,0
20251005,P015,W04,3,3,0
20251006,P015,W04,9,9,0
20251007,P015,W04,9,9,0
20251008,P015,W04,5,5,0
20251009,P015,W04,4,4,0
20251010,P015,W04,6,6,0
20251011,P015,W04,6,6,0
20251012,P015,W04,2,2,0
20251013,P015,W04,6,6,0
20251014,P015,W04,6,6,0
20251015,P015,W04,3,3,0
20251016,P015,W04,3,3,0
20251017,P015,W04,8,8,0
20251018,P015,W04,10,10,0
20251019,P015,W04,4,4,0
20251020,P015,W04,12,12,0
20251021,P015,W04,2,2,0
20251022,P015,W04,4,4,0
20251023,P015,W04,2,2,0
20251024,P015,W04,6,6,0
20251025,P015,W04,7,7,0
20251026,P015,W04,3,3,0
20251027,P015,W04,5,5,0
20251028,P015,W04,4,4,0
20251029,P015,W04,4,4,0
20251030,P015,W04,3,3,0
20251031,P015,W04,3,3,0
20251101,P015,W04,2,2,0
20251102,P015,W04,4,4,0
20251103,P015,W04,3,3,0
20251104,P015,W04,4,4,0
20251105,P015,W04,4,4,0
20251106,P015,W04,6,6,0
20251107,P015,W04,6,6,0
20251108,P015,W04,4,4,0
20251109,P015,W04,6,6,0
20251110,P015,W04,2,2,0
20251111,P015,W04,6,6,0
20251112,P015,W04,4,4,0
20251113,P015,W04,11,11,0
20251114,P015,W04,3,3,0
20251115,P015,W04,5,5,0
20251116,P015,W04,2,2,0
20251117,P015,W04,6,6,0
20251118,P015,W04,4,4,0
20251119,P015,W04,7,7,0
20251120,P015,W04,5,5,0
20251121,P015,W04,5,5,0
20251122,P015,W04,7,7,0
20251123,P015,W04,1,1,0
20251124,P015,W04,7,7,0
20251125,P015,W04,5,5,0
20251126,P015,W04,2,2,0
20251127,P015,W04,5,5,0
20251128,P015,W04,7,7,0
20251129,P015,W04,2,2,0
20251130,P015,W04,2,2,0
20251201,P015,W04,5,5,0
20251202,P015,W04,6,6,0
20251203,P015,W04,7,7,0
20251204,P015,W04,4,4,0
20251205,P015,W04,6,6,0
20251206,P015,W04,3,3,0
20251207,P015,W04,1,1,0
20251208,P015,W04,6,6,0
20251209,P015,W04,3,3,0
20251210,P015,W04,8,8,0
20251211,P015,W04,6,6,0
20251212,P015,W04,5,5,0
20251213,P015,W04,5,5,0
20251214,P015,W04,4,4,0
20251215,P015,W04,3,3,0
20251216,P015,W04,8,8,0
20251217,P015,W04,7,7,0
20251218,P015,W04,1,1,0
20251219,P015,W04,6,6,0
20251220,P015,W04,6,6,0
20251221,P015,W04,3,3,0
20251222,P015,W04,4,4,0
20251223,P015,W04,8,8,0
20251224,P015,W04,6,6,0
20251225,P015,W04,5,5,0
20251226,P015,W04,6,6,0
20251227,P015,W04,5,5,0
20251228,P015,W04,2,2,0
20251229,P015,W04,7,7,0
20251230,P015,W04,10,10,0
20251231,P015,W04,6,6,0
20260101,P015,W04,8,8,0
20260102,P015,W04,14,14,0
20260103,P015,W04,8,8,0
20260104,P015,W04,3,3,0
20260105,P015,W04,5,5,0
20260106,P015,W04,7,7,0
20260107,P015,W04,7,7,0
20260108,P015,W04,7,7,0
20260109,P015,W04,1,1,0
20260110,P015,W04,6,6,0
20260111,P015,W04,3,3,0
20260112,P015,W04,4,4,0
20260113,P015,W04,5,5,0
20260114,P015,W04,1,1,0
20260115,P015,W04,4,4,0
20260116,P015,W04,4,4,0
20260117,P015,W04,5,5,0
20260118,P015,W04,4,4,0
20260119,P015,W04,1,1,0
20260120,P015,W04,6,6,0
20260121,P015,W04,3,3,0
20260122,P015,W04,5,5,0
20260123,P015,W04,3,3,0
20260124,P015,W04,4,4,0
20260125,P015,W04,5,5,0
20260126,P015,W04,6,6,0
20260127,P015,W04,3,3,0
20260128,P015,W04,7,7,0
20260129,P015,W04,7,7,0
20260130,P015,W04,2,2,0
20260131,P015,W04,7,7,0
20260201,P015,W04,4,4,0
20260202,P015,W04,2,2,0
20260203,P015,W04,3,3,0
20260204,P015,W04,8,8,0
20260205,P015,W04,4,4,0
20260206,P015,W04,6,6,0
20260207,P015,W04,2,2,0
20260208,P015,W04,2,2,0
20260209,P015,W04,3,3,0
20260210,P015,W04,9,9,0
20260211,P015,W04,7,7,0
20260212,P015,W04,3,3,0
20260213,P015,W04,6,6,0
20260214,P015,W04,3,3,0
20260215,P015,W04,4,4,0
20260216,P015,W04,5,5,0
20260217,P015,W04,1,1,0
20260218,P015,W04,5,5,0
20260219,P015,W04,6,6,0
20260220,P015,W04,5,5,0
20260221,P015,W04,6,6,0
20260222,P015,W04,4,4,0
20260223,P015,W04,3,3,0
20260224,P015,W04,6,6,0
20260225,P015,W04,4,4,0
20260226,P015,W04,8,8,0
20260227,P015,W04,1,1,0
20260228,P015,W04,5,5,0
20260301,P015,W04,4,4,0
20260302,P015,W04,4,4,0
20260303,P015,W04,1,1,0
20260304,P015,W04,3,3,0
20260305,P015,W04,2,2,0
20260306,P015,W04,2,2,0
20260307,P015,W04,3,3,0
20260308,P015,W04,5,5,0
20260309,P015,W04,7,7,0
20260310,P015,W04,5,5,0
20260311,P015,W04,8,8,0
20260312,P015,W04,3,3,0
20260313,P015,W04,10,10,0
20260314,P015,W04,10,10,0
20260315,P015,W04,3,3,0
20260316,P015,W04,11,11,0
20260317,P015,W04,5,5,0
20260318,P015,W04,2,2,0
20260319,P015,W04,5,3,2
20260320,P015,W04,8,8,0
20260321,P015,W04,6,6,0
20260322,P015,W04,7,7,0
20260323,P015,W04,5,5,0
20260324,P015,W04,14,14,0
20260325,P015,W04,1,1,0
20260326,P015,W04,3,3,0
20260327,P015,W04,5,5,0
20260328,P015,W04,7,7,0
20260329,P015,W04,1,1,0
20260330,P015,W04,9,9,0
20260331,P015,W04,2,2,0
20260401,P015,W04,1,1,0
20260402,P015,W04,9,9,0
20260403,P015,W04,6,6,0
20260404,P015,W04,7,7,0
20260405,P015,W04,6,6,0
20260406,P015,W04,5,5,0
20260407,P015,W04,4,4,0
20260408,P015,W04,2,2,0
20260409,P015,W04,6,6,0
20260410,P015,W04,4,4,0
20260411,P015,W04,3,3,0
20260412,P015,W04,6,6,0
20260413,P015,W04,4,4,0
20260414,P015,W04,8,8,0
20260415,P015,W04,9,9,0
20260416,P015,W04,2,2,0
20260417,P015,W04,8,8,0
20260418,P015,W04,11,11,0
20260419,P015,W04,2,2,0
20260420,P015,W04,5,5,0
20260421,P015,W04,2,2,0
20260422,P015,W04,3,3,0
20260423,P015,W04,7,7,0
20260424,P015,W04,7,7,0
20260425,P015,W04,7,7,0
20260426,P015,W04,1,1,0
20260427,P015,W04,4,4,0
20260428,P015,W04,14,14,0
20260429,P015,W04,5,5,0
20260430,P015,W04,8,8,0
20260501,P015,W04,6,6,0
20260502,P015,W04,3,3,0
20260503,P015,W04,3,3,0
20260504,P015,W04,8,8,0
20260505,P015,W04,5,5,0
20260506,P015,W04,4,4,0
20260507,P015,W04,4,4,0
20260508,P015,W04,4,4,0
20260509,P015,W04,5,5,0
20260510,P015,W04,3,3,0
20260511,P015,W04,7,7,0
20260512,P015,W04,3,3,0
20260513,P015,W04,0,0,0
20260514,P015,W04,3,3,0
20260515,P015,W04,5,5,0
20260516,P015,W04,7,7,0
20260517,P015,W04,3,3,0
20260518,P015,W04,5,5,0
20260519,P015,W04,4,4,0
20260520,P015,W04,4,4,0
20260521,P015,W04,3,3,0
20260522,P015,W04,7,7,0
20260523,P015,W04,6,6,0
20260524,P015,W04,0,0,0
20260525,P015,W04,3,3,0
20260526,P015,W04,6,6,0
20260527,P015,W04,4,4,0
20260528,P015,W04,10,10,0
20260529,P015,W04,7,7,0
20260530,P015,W04,9,9,0
20260531,P015,W04,4,4,0
20260601,P015,W04,3,3,0
20260602,P015,W04,5,5,0
20260603,P015,W04,4,4,0
20260604,P015,W04,5,5,0
20260605,P015,W04,5,5,0
20260606,P015,W04,6,6,0
20260607,P015,W04,2,2,0
20260608,P015,W04,3,3,0
20260609,P015,W04,6,6,0
20260610,P015,W04,14,14,0
20260611,P015,W04,12,12,0
20260612,P015,W04,7,7,0
20260613,P015,W04,11,11,0
20260614,P015,W04,3,3,0
20260615,P015,W04,3,3,0
20260616,P015,W04,3,3,0
20260617,P015,W04,7,7,0
20260618,P015,W04,5,5,0
20260619,P015,W04,6,6,0
20260620,P015,W04,8,8,0
20260621,P015,W04,2,2,0
20260622,P015,W04,3,3,0
20260623,P015,W04,5,5,0
20260624,P015,W04,7,7,0
20260625,P015,W04,4,4,0
20260626,P015,W04,7,7,0
20260627,P015,W04,5,5,0
20260628,P015,W04,2,2,0
20260629,P015,W04,8,8,0
20260630,P015,W04,7,7,0
20260701,P015,W04,6,6,0
20260702,P015,W04,5,5,0
20260703,P015,W04,4,4,0
20260704,P015,W04,6,6,0
20260705,P015,W04,2,2,0
20260706,P015,W04,7,7,0
20260707,P015,W04,5,5,0
20260708,P015,W04,4,4,0
20260709,P015,W04,5,5,0
20260710,P015,W04,8,8,0
20260711,P015,W04,6,6,0
20260712,P015,W04,4,4,0
20260713,P015,W04,3,3,0
20260714,P015,W04,6,5,1
20260715,P015,W04,6,6,0
20260716,P015,W04,6,6,0
20260717,P015,W04,7,7,0
20260718,P015,W04,3,3,0
20260719,P015,W04,2,2,0
20260720,P015,W04,7,7,0
20260721,P015,W04,10,10,0
20260722,P015,W04,5,5,0
20260723,P015,W04,4,4,0
20260724,P015,W04,5,5,0
20260725,P015,W04,2,2,0
20260726,P015,W04,4,4,0
20260727,P015,W04,2,2,0
20260728,P015,W04,3,3,0
20260729,P015,W04,5,5,0
20260730,P015,W04,2,2,0
20260731,P015,W04,5,5,0
20260801,P015,W04,7,7,0
20260802,P015,W04,2,2,0
20260803,P015,W04,6,6,0
20260804,P015,W04,7,7,0
20260805,P015,W04,7,7,0
20260806,P015,W04,5,5,0
20260807,P015,W04,2,2,0
20260808,P015,W04,6,6,0
20260809,P015,W04,4,4,0
20260810,P015,W04,9,9,0
20260811,P015,W04,3,3,0
20260812,P015,W04,8,8,0
20260813,P015,W04,8,8,0
20260814,P015,W04,4,4,0
20260815,P015,W04,1,1,0
20260816,P015,W04,2,2,0
20260817,P015,W04,5,5,0
20260818,P015,W04,8,8,0
20260819,P015,W04,7,7,0
20260820,P015,W04,4,4,0
20260821,P015,W04,5,5,0
20260822,P015,W04,6,6,0
20260823,P015,W04,0,0,0
20260824,P015,W04,3,3,0
20260825,P015,W04,5,5,0
20260826,P015,W04,5,5,0
20260827,P015,W04,3,3,0
20260828,P015,W04,6,6,0
20260829,P015,W04,7,7,0
20260830,P015,W04,2,2,0
20260831,P015,W04,4,4,0
20260901,P015,W04,5,5,0
20260902,P015,W04,3,3,0
20260903,P015,W04,7,7,0
20260904,P015,W04,6,6,0
20260905,P015,W04,6,6,0
20260906,P015,W04,4,4,0
20260907,P015,W04,7,7,0
20260908,P015,W04,4,4,0
20260909,P015,W04,8,8,0
20260910,P015,W04,4,4,0
20260911,P015,W04,3,3,0
20260912,P015,W04,4,4,0
20260913,P015,W04,1,1,0
20260914,P015,W04,2,2,0
20260915,P015,W04,9,9,0
20260916,P015,W04,6,6,0
20260917,P015,W04,5,5,0
20260918,P015,W04,2,2,0
20260919,P015,W04,1,1,0
20260920,P015,W04,3,3,0
20260921,P015,W04,6,6,0
20260922,P015,W04,3,3,0
20260923,P015,W04,4,4,0
20260924,P015,W04,4,4,0
20260925,P015,W04,5,5,0
20260926,P015,W04,5,5,0
20260927,P015,W04,4,4,0
20260928,P015,W04,6,6,0
20260929,P015,W04,8,8,0
20260930,P015,W04,6,6,0
20251001,P016,W01,8,8,0
20251002,P016,W01,5,5,0
20251003,P016,W01,7,7,0
20251004,P016,W01,8,8,0
20251005,P016,W01,7,7,0
20251006,P016,W01,12,12,0
20251007,P016,W01,3,3,0
20251008,P016,W01,10,10,0
20251009,P016,W01,5,5,0
20251010,P016,W01,11,11,0
20251011,P016,W01,9,9,0
20251012,P016,W01,5,5,0
20251013,P016,W01,10,10,0
20251014,P016,W01,3,3,0
20251015,P016,W01,7,7,0
20251016,P016,W01,9,9,0
20251017,P016,W01,13,13,0
20251018,P016,W01,13,13,0
20251019,P016,W01,3,3,0
20251020,P016,W01,8,8,0
20251021,P016,W01,10,10,0
20251022,P016,W01,15,15,0
20251023,P016,W01,7,7,0
20251024,P016,W01,11,11,0
20251025,P016,W01,9,9,0
20251026,P016,W01,5,5,0
20251027,P016,W01,6,6,0
20251028,P016,W01,8,8,0
20251029,P016,W01,7,7,0
20251030,P016,W01,6,6,0
20251031,P016,W01,12,12,0
20251101,P016,W01,3,3,0
20251102,P016,W01,3,3,0
20251103,P016,W01,8,8,0
20251104,P016,W01,9,9,0
20251105,P016,W01,5,5,0
20251106,P016,W01,11,11,0
20251107,P016,W01,8,8,0
20251108,P016,W01,7,7,0
20251109,P016,W01,9,9,0
20251110,P016,W01,9,9,0
20251111,P016,W01,4,4,0
20251112,P016,W01,8,8,0
20251113,P016,W01,7,7,0
20251114,P016,W01,7,7,0
20251115,P016,W01,9,9,0
20251116,P016,W01,8,8,0
20251117,P016,W01,13,13,0
20251118,P016,W01,10,10,0
20251119,P016,W01,8,8,0
20251120,P016,W01,7,7,0
20251121,P016,W01,8,8,0
20251122,P016,W01,7,7,0
20251123,P016,W01,5,5,0
20251124,P016,W01,8,8,0
20251125,P016,W01,5,5,0
20251126,P016,W01,12,12,0
20251127,P016,W01,7,7,0
20251128,P016,W01,10,10,0
20251129,P016,W01,6,6,0
20251130,P016,W01,4,4,0
20251201,P016,W01,13,13,0
20251202,P016,W01,12,12,0
20251203,P016,W01,6,6,0
20251204,P016,W01,6,6,0
20251205,P016,W01,10,10,0
20251206,P016,W01,9,9,0
20251207,P016,W01,6,6,0
20251208,P016,W01,12,12,0
20251209,P016,W01,4,4,0
20251210,P016,W01,6,6,0
20251211,P016,W01,9,9,0
20251212,P016,W01,11,11,0
20251213,P016,W01,8,8,0
20251214,P016,W01,7,7,0
20251215,P016,W01,6,6,0
20251216,P016,W01,9,9,0
20251217,P016,W01,16,16,0
20251218,P016,W01,13,13,0
20251219,P016,W01,8,8,0
20251220,P016,W01,6,6,0
20251221,P016,W01,5,5,0
20251222,P016,W01,9,9,0
20251223,P016,W01,11,11,0
20251224,P016,W01,9,9,0
20251225,P016,W01,1,1,0
20251226,P016,W01,4,4,0
20251227,P016,W01,6,6,0
20251228,P016,W01,0,0,0
20251229,P016,W01,16,16,0
20251230,P016,W01,9,9,0
20251231,P016,W01,8,8,0
20260101,P016,W01,11,11,0
20260102,P016,W01,14,14,0
20260103,P016,W01,7,7,0
20260104,P016,W01,0,0,0
20260105,P016,W01,6,6,0
20260106,P016,W01,13,13,0
20260107,P016,W01,9,9,0
20260108,P016,W01,8,8,0
20260109,P016,W01,3,3,0
20260110,P016,W01,11,11,0
20260111,P016,W01,5,5,0
20260112,P016,W01,10,10,0
20260113,P016,W01,2,2,0
20260114,P016,W01,6,6,0
20260115,P016,W01,10,10,0
20260116,P016,W01,5,5,0
20260117,P016,W01,8,8,0
20260118,P016,W01,3,3,0
20260119,P016,W01,7,7,0
20260120,P016,W01,10,10,0
20260121,P016,W01,8,8,0
20260122,P016,W01,8,8,0
20260123,P016,W01,3,3,0
20260124,P016,W01,9,9,0
20260125,P016,W01,8,8,0
20260126,P016,W01,7,7,0
20260127,P016,W01,6,6,0
20260128,P016,W01,7,7,0
20260129,P016,W01,6,6,0
20260130,P016,W01,7,7,0
20260131,P016,W01,12,12,0
20260201,P016,W01,5,5,0
20260202,P016,W01,16,16,0
20260203,P016,W01,6,6,0
20260204,P016,W01,8,8,0
20260205,P016,W01,9,9,0
20260206,P016,W01,8,8,0
20260207,P016,W01,5,5,0
20260208,P016,W01,3,3,0
20260209,P016,W01,9,9,0
20260210,P016,W01,7,7,0
20260211,P016,W01,9,9,0
20260212,P016,W01,12,12,0
20260213,P016,W01,7,7,0
20260214,P016,W01,18,18,0
20260215,P016,W01,4,4,0
20260216,P016,W01,8,8,0
20260217,P016,W01,7,7,0
20260218,P016,W01,14,14,0
20260219,P016,W01,7,7,0
20260220,P016,W01,4,4,0
20260221,P016,W01,3,3,0
20260222,P016,W01,3,3,0
20260223,P016,W01,5,5,0
20260224,P016,W01,13,13,0
20260225,P016,W01,8,8,0
20260226,P016,W01,12,12,0
20260227,P016,W01,14,14,0
20260228,P016,W01,7,7,0
20260301,P016,W01,11,11,0
20260302,P016,W01,9,9,0
20260303,P016,W01,8,8,0
20260304,P016,W01,8,8,0
20260305,P016,W01,6,6,0
20260306,P016,W01,13,13,0
20260307,P016,W01,5,5,0
20260308,P016,W01,3,3,0
20260309,P016,W01,6,6,0
20260310,P016,W01,5,5,0
20260311,P016,W01,6,6,0
20260312,P016,W01,7,7,0
20260313,P016,W01,7,7,0
20260314,P016,W01,6,6,0
20260315,P016,W01,8,8,0
20260316,P016,W01,7,7,0
20260317,P016,W01,8,8,0
20260318,P016,W01,10,10,0
20260319,P016,W01,10,10,0
20260320,P016,W01,7,7,0
20260321,P016,W01,5,5,0
20260322,P016,W01,5,5,0
20260323,P016,W01,6,6,0
20260324,P016,W01,8,8,0
20260325,P016,W01,9,9,0
20260326,P016,W01,2,2,0
20260327,P016,W01,9,9,0
20260328,P016,W01,11,11,0
20260329,P016,W01,4,4,0
20260330,P016,W01,11,11,0
20260331,P016,W01,9,9,0
20260401,P016,W01,9,9,0
20260402,P016,W01,11,11,0
20260403,P016,W01,14,14,0
20260404,P016,W01,5,5,0
20260405,P016,W01,3,3,0
20260406,P016,W01,13,13,0
20260407,P016,W01,5,5,0
20260408,P016,W01,16,16,0
20260409,P016,W01,11,11,0
20260410,P016,W01,10,10,0
20260411,P016,W01,9,9,0
20260412,P016,W01,6,6,0
20260413,P016,W01,11,11,0
20260414,P016,W01,6,6,0
20260415,P016,W01,2,2,0
20260416,P016,W01,9,9,0
20260417,P016,W01,6,6,0
20260418,P016,W01,9,9,0
20260419,P016,W01,9,9,0
20260420,P016,W01,3,3,0
20260421,P016,W01,10,10,0
20260422,P016,W01,8,8,0
20260423,P016,W01,8,8,0
20260424,P016,W01,8,8,0
20260425,P016,W01,8,8,0
20260426,P016,W01,7,7,0
20260427,P016,W01,11,11,0
20260428,P016,W01,8,8,0
20260429,P016,W01,8,8,0
20260430,P016,W01,11,11,0
20260501,P016,W01,7,7,0
20260502,P016,W01,11,11,0
20260503,P016,W01,4,4,0
20260504,P016,W01,9,9,0
20260505,P016,W01,7,7,0
20260506,P016,W01,8,8,0
20260507,P016,W01,10,10,0
20260508,P016,W01,8,8,0
20260509,P016,W01,6,6,0
20260510,P016,W01,4,4,0
20260511,P016,W01,10,10,0
20260512,P016,W01,6,6,0
20260513,P016,W01,7,7,0
20260514,P016,W01,10,10,0
20260515,P016,W01,9,9,0
20260516,P016,W01,4,4,0
20260517,P016,W01,4,4,0
20260518,P016,W01,4,4,0
20260519,P016,W01,3,3,0
20260520,P016,W01,8,8,0
20260521,P016,W01,13,13,0
20260522,P016,W01,12,12,0
20260523,P016,W01,8,8,0
20260524,P016,W01,7,7,0
20260525,P016,W01,9,9,0
20260526,P016,W01,6,6,0
20260527,P016,W01,9,9,0
20260528,P016,W01,7,7,0
20260529,P016,W01,11,11,0
20260530,P016,W01,6,6,0
20260531,P016,W01,4,4,0
20260601,P016,W01,4,4,0
20260602,P016,W01,9,9,0
20260603,P016,W01,6,6,0
20260604,P016,W01,13,13,0
20260605,P016,W01,7,7,0
20260606,P016,W01,7,7,0
20260607,P016,W01,2,2,0
20260608,P016,W01,12,12,0
20260609,P016,W01,6,6,0
20260610,P016,W01,7,7,0
20260611,P016,W01,6,6,0
20260612,P016,W01,10,10,0
20260613,P016,W01,4,4,0
20260614,P016,W01,5,5,0
20260615,P016,W01,3,3,0
20260616,P016,W01,5,5,0
20260617,P016,W01,7,7,0
20260618,P016,W01,5,5,0
20260619,P016,W01,15,15,0
20260620,P016,W01,8,8,0
20260621,P016,W01,3,3,0
20260622,P016,W01,14,14,0
20260623,P016,W01,7,7,0
20260624,P016,W01,11,11,0
20260625,P016,W01,7,7,0
20260626,P016,W01,6,6,0
20260627,P016,W01,7,7,0
20260628,P016,W01,4,4,0
20260629,P016,W01,11,11,0
20260630,P016,W01,9,9,0
20260701,P016,W01,7,7,0
20260702,P016,W01,12,12,0
20260703,P016,W01,7,7,0
20260704,P016,W01,6,6,0
20260705,P016,W01,6,6,0
20260706,P016,W01,8,8,0
20260707,P016,W01,3,3,0
20260708,P016,W01,7,7,0
20260709,P016,W01,4,4,0
20260710,P016,W01,13,13,0
20260711,P016,W01,5,5,0
20260712,P016,W01,4,4,0
20260713,P016,W01,8,8,0
20260714,P016,W01,10,10,0
20260715,P016,W01,7,7,0
20260716,P016,W01,10,10,0
20260717,P016,W01,9,9,0
20260718,P016,W01,9,9,0
20260719,P016,W01,2,2,0
20260720,P016,W01,7,7,0
20260721,P016,W01,5,5,0
20260722,P016,W01,10,10,0
20260723,P016,W01,7,7,0
20260724,P016,W01,8,8,0
20260725,P016,W01,6,6,0
20260726,P016,W01,4,4,0
20260727,P016,W01,11,11,0
20260728,P016,W01,14,14,0
20260729,P016,W01,6,6,0
20260730,P016,W01,3,3,0
20260731,P016,W01,9,9,0
20260801,P016,W01,8,8,0
20260802,P016,W01,8,8,0
20260803,P016,W01,8,8,0
20260804,P016,W01,9,9,0
20260805,P016,W01,4,4,0
20260806,P016,W01,4,4,0
20260807,P016,W01,11,11,0
20260808,P016,W01,4,4,0
20260809,P016,W01,7,7,0
20260810,P016,W01,9,9,0
20260811,P016,W01,9,9,0
20260812,P016,W01,6,6,0
20260813,P016,W01,8,8,0
20260814,P016,W01,6,6,0
20260815,P016,W01,11,11,0
20260816,P016,W01,2,2,0
20260817,P016,W01,10,10,0
20260818,P016,W01,13,13,0
20260819,P016,W01,10,10,0
20260820,P016,W01,4,4,0
20260821,P016,W01,15,15,0
20260822,P016,W01,5,5,0
20260823,P016,W01,5,5,0
20260824,P016,W01,7,7,0
20260825,P016,W01,10,10,0
20260826,P016,W01,12,12,0
20260827,P016,W01,9,9,0
20260828,P016,W01,8,8,0
20260829,P016,W01,9,9,0
20260830,P016,W01,2,2,0
20260831,P016,W01,4,4,0
20260901,P016,W01,9,9,0
20260902,P016,W01,11,11,0
20260903,P016,W01,4,4,0
20260904,P016,W01,10,10,0
20260905,P016,W01,7,7,0
20260906,P016,W01,4,4,0
20260907,P016,W01,9,9,0
20260908,P016,W01,6,6,0
20260909,P016,W01,8,8,0
20260910,P016,W01,4,4,0
20260911,P016,W01,9,9,0
20260912,P016,W01,7,7,0
20260913,P016,W01,2,2,0
20260914,P016,W01,8,8,0
20260915,P016,W01,10,10,0
20260916,P016,W01,8,8,0
20260917,P016,W01,5,5,0
20260918,P016,W01,8,8,0
20260919,P016,W01,9,9,0
20260920,P016,W01,2,2,0
20260921,P016,W01,7,7,0
20260922,P016,W01,10,10,0
20260923,P016,W01,11,11,0
20260924,P016,W01,4,4,0
20260925,P016,W01,9,9,0
20260926,P016,W01,9,9,0
20260927,P016,W01,7,7,0
20260928,P016,W01,6,6,0
20260929,P016,W01,10,10,0
20260930,P016,W01,4,4,0
20251001,P016,W02,12,12,0
20251002,P016,W02,7,7,0
20251003,P016,W02,7,7,0
20251004,P016,W02,8,8,0
20251005,P016,W02,7,7,0
20251006,P016,W02,8,8,0
20251007,P016,W02,15,15,0
20251008,P016,W02,6,6,0
20251009,P016,W02,6,6,0
20251010,P016,W02,7,7,0
20251011,P016,W02,9,9,0
20251012,P016,W02,8,8,0
20251013,P016,W02,8,8,0
20251014,P016,W02,7,7,0
20251015,P016,W02,4,4,0
20251016,P016,W02,8,8,0
20251017,P016,W02,9,9,0
20251018,P016,W02,10,10,0
20251019,P016,W02,5,5,0
20251020,P016,W02,6,6,0
20251021,P016,W02,6,6,0
20251022,P016,W02,4,4,0
20251023,P016,W02,8,8,0
20251024,P016,W02,12,12,0
20251025,P016,W02,3,3,0
20251026,P016,W02,7,7,0
20251027,P016,W02,13,13,0
20251028,P016,W02,10,10,0
20251029,P016,W02,10,10,0
20251030,P016,W02,13,13,0
20251031,P016,W02,9,9,0
20251101,P016,W02,7,7,0
20251102,P016,W02,2,2,0
20251103,P016,W02,8,8,0
20251104,P016,W02,7,7,0
20251105,P016,W02,11,11,0
20251106,P016,W02,6,6,0
20251107,P016,W02,15,15,0
20251108,P016,W02,7,7,0
20251109,P016,W02,2,2,0
20251110,P016,W02,5,5,0
20251111,P016,W02,10,10,0
20251112,P016,W02,16,16,0
20251113,P016,W02,6,6,0
20251114,P016,W02,6,6,0
20251115,P016,W02,11,11,0
20251116,P016,W02,4,4,0
20251117,P016,W02,10,10,0
20251118,P016,W02,9,9,0
20251119,P016,W02,12,12,0
20251120,P016,W02,8,8,0
20251121,P016,W02,7,7,0
20251122,P016,W02,4,4,0
20251123,P016,W02,7,7,0
20251124,P016,W02,16,16,0
20251125,P016,W02,8,8,0
20251126,P016,W02,5,5,0
20251127,P016,W02,12,12,0
20251128,P016,W02,8,8,0
20251129,P016,W02,5,5,0
20251130,P016,W02,3,3,0
20251201,P016,W02,10,10,0
20251202,P016,W02,14,14,0
20251203,P016,W02,10,10,0
20251204,P016,W02,8,8,0
20251205,P016,W02,9,9,0
20251206,P016,W02,10,10,0
20251207,P016,W02,5,5,0
20251208,P016,W02,11,11,0
20251209,P016,W02,7,7,0
20251210,P016,W02,7,7,0
20251211,P016,W02,4,4,0
20251212,P016,W02,7,7,0
20251213,P016,W02,11,11,0
20251214,P016,W02,3,3,0
20251215,P016,W02,10,10,0
20251216,P016,W02,4,4,0
20251217,P016,W02,6,6,0
20251218,P016,W02,6,6,0
20251219,P016,W02,7,7,0
20251220,P016,W02,14,14,0
20251221,P016,W02,5,5,0
20251222,P016,W02,10,10,0
20251223,P016,W02,7,7,0
20251224,P016,W02,9,9,0
20251225,P016,W02,9,9,0
20251226,P016,W02,12,12,0
20251227,P016,W02,9,9,0
20251228,P016,W02,5,5,0
20251229,P016,W02,9,9,0
20251230,P016,W02,7,7,0
20251231,P016,W02,5,5,0
20260101,P016,W02,9,9,0
20260102,P016,W02,10,10,0
20260103,P016,W02,11,11,0
20260104,P016,W02,3,3,0
20260105,P016,W02,7,7,0
20260106,P016,W02,10,10,0
20260107,P016,W02,6,6,0
20260108,P016,W02,10,10,0
20260109,P016,W02,11,11,0
20260110,P016,W02,8,8,0
20260111,P016,W02,2,2,0
20260112,P016,W02,8,8,0
20260113,P016,W02,7,7,0
20260114,P016,W02,8,8,0
20260115,P016,W02,10,10,0
20260116,P016,W02,9,9,0
20260117,P016,W02,10,10,0
20260118,P016,W02,2,2,0
20260119,P016,W02,7,7,0
20260120,P016,W02,3,3,0
20260121,P016,W02,9,9,0
20260122,P016,W02,6,6,0
20260123,P016,W02,9,9,0
20260124,P016,W02,17,17,0
20260125,P016,W02,4,4,0
20260126,P016,W02,6,6,0
20260127,P016,W02,12,12,0
20260128,P016,W02,9,9,0
20260129,P016,W02,9,9,0
20260130,P016,W02,7,7,0
20260131,P016,W02,12,12,0
20260201,P016,W02,3,3,0
20260202,P016,W02,9,9,0
20260203,P016,W02,13,13,0
20260204,P016,W02,9,9,0
20260205,P016,W02,6,6,0
20260206,P016,W02,6,6,0
20260207,P016,W02,8,8,0
20260208,P016,W02,5,5,0
20260209,P016,W02,8,8,0
20260210,P016,W02,14,14,0
20260211,P016,W02,10,10,0
20260212,P016,W02,8,8,0
20260213,P016,W02,8,8,0
20260214,P016,W02,11,11,0
20260215,P016,W02,9,9,0
20260216,P016,W02,7,7,0
20260217,P016,W02,4,4,0
20260218,P016,W02,3,3,0
20260219,P016,W02,8,8,0
20260220,P016,W02,12,12,0
20260221,P016,W02,11,11,0
20260222,P016,W02,10,10,0
20260223,P016,W02,9,9,0
20260224,P016,W02,8,8,0
20260225,P016,W02,9,9,0
20260226,P016,W02,10,10,0
20260227,P016,W02,13,13,0
20260228,P016,W02,12,12,0
20260301,P016,W02,7,7,0
20260302,P016,W02,7,7,0
20260303,P016,W02,10,10,0
20260304,P016,W02,12,12,0
20260305,P016,W02,10,10,0
20260306,P016,W02,11,11,0
20260307,P016,W02,7,7,0
20260308,P016,W02,9,9,0
20260309,P016,W02,16,16,0
20260310,P016,W02,7,7,0
20260311,P016,W02,9,9,0
20260312,P016,W02,10,10,0
20260313,P016,W02,10,10,0
20260314,P016,W02,13,13,0
20260315,P016,W02,14,14,0
20260316,P016,W02,11,11,0
20260317,P016,W02,6,6,0
20260318,P016,W02,8,8,0
20260319,P016,W02,8,8,0
20260320,P016,W02,11,11,0
20260321,P016,W02,10,10,0
20260322,P016,W02,7,7,0
20260323,P016,W02,6,6,0
20260324,P016,W02,10,10,0
20260325,P016,W02,7,7,0
20260326,P016,W02,8,8,0
20260327,P016,W02,4,4,0
20260328,P016,W02,9,9,0
20260329,P016,W02,7,7,0
20260330,P016,W02,9,9,0
20260331,P016,W02,6,6,0
20260401,P016,W02,9,9,0
20260402,P016,W02,9,9,0
20260403,P016,W02,8,8,0
20260404,P016,W02,7,7,0
20260405,P016,W02,4,4,0
20260406,P016,W02,7,7,0
20260407,P016,W02,7,7,0
20260408,P016,W02,15,15,0
20260409,P016,W02,8,8,0
20260410,P016,W02,15,15,0
20260411,P016,W02,10,10,0
20260412,P016,W02,9,9,0
20260413,P016,W02,15,15,0
20260414,P016,W02,11,11,0
20260415,P016,W02,8,8,0
20260416,P016,W02,8,8,0
20260417,P016,W02,10,10,0
20260418,P016,W02,11,11,0
20260419,P016,W02,5,5,0
20260420,P016,W02,7,7,0
20260421,P016,W02,8,8,0
20260422,P016,W02,2,2,0
20260423,P016,W02,10,10,0
20260424,P016,W02,17,17,0
20260425,P016,W02,8,8,0
20260426,P016,W02,8,8,0
20260427,P016,W02,12,12,0
20260428,P016,W02,9,9,0
20260429,P016,W02,16,16,0
20260430,P016,W02,11,11,0
20260501,P016,W02,7,7,0
20260502,P016,W02,7,7,0
20260503,P016,W02,6,6,0
20260504,P016,W02,12,12,0
20260505,P016,W02,6,6,0
20260506,P016,W02,9,9,0
20260507,P016,W02,11,11,0
20260508,P016,W02,15,15,0
20260509,P016,W02,12,12,0
20260510,P016,W02,9,9,0
20260511,P016,W02,11,11,0
20260512,P016,W02,9,9,0
20260513,P016,W02,9,9,0
20260514,P016,W02,7,7,0
20260515,P016,W02,6,6,0
20260516,P016,W02,10,10,0
20260517,P016,W02,6,6,0
20260518,P016,W02,12,12,0
20260519,P016,W02,11,11,0
20260520,P016,W02,6,6,0
20260521,P016,W02,10,10,0
20260522,P016,W02,10,10,0
20260523,P016,W02,10,10,0
20260524,P016,W02,2,2,0
20260525,P016,W02,13,13,0
20260526,P016,W02,7,7,0
20260527,P016,W02,10,10,0
20260528,P016,W02,9,9,0
20260529,P016,W02,8,8,0
20260530,P016,W02,6,6,0
20260531,P016,W02,6,6,0
20260601,P016,W02,12,12,0
20260602,P016,W02,12,12,0
20260603,P016,W02,12,12,0
20260604,P016,W02,9,9,0
20260605,P016,W02,9,9,0
20260606,P016,W02,9,9,0
20260607,P016,W02,3,3,0
20260608,P016,W02,13,13,0
20260609,P016,W02,7,7,0
20260610,P016,W02,10,10,0
20260611,P016,W02,9,9,0
20260612,P016,W02,6,6,0
20260613,P016,W02,9,9,0
20260614,P016,W02,3,3,0
20260615,P016,W02,9,9,0
20260616,P016,W02,6,6,0
20260617,P016,W02,10,10,0
20260618,P016,W02,8,8,0
20260619,P016,W02,12,12,0
20260620,P016,W02,15,15,0
20260621,P016,W02,6,6,0
20260622,P016,W02,6,6,0
20260623,P016,W02,10,10,0
20260624,P016,W02,4,4,0
20260625,P016,W02,8,8,0
20260626,P016,W02,10,10,0
20260627,P016,W02,6,6,0
20260628,P016,W02,4,4,0
20260629,P016,W02,13,13,0
20260630,P016,W02,7,7,0
20260701,P016,W02,6,6,0
20260702,P016,W02,9,9,0
20260703,P016,W02,7,7,0
20260704,P016,W02,13,13,0
20260705,P016,W02,3,3,0
20260706,P016,W02,10,10,0
20260707,P016,W02,6,6,0
20260708,P016,W02,9,9,0
20260709,P016,W02,12,12,0
20260710,P016,W02,4,4,0
20260711,P016,W02,17,17,0
20260712,P016,W02,10,10,0
20260713,P016,W02,6,6,0
20260714,P016,W02,10,10,0
20260715,P016,W02,9,9,0
20260716,P016,W02,3,3,0
20260717,P016,W02,10,10,0
20260718,P016,W02,10,10,0
20260719,P016,W02,5,1,4
20260720,P016,W02,8,8,0
20260721,P016,W02,8,8,0
20260722,P016,W02,7,7,0
20260723,P016,W02,6,6,0
20260724,P016,W02,5,5,0
20260725,P016,W02,11,11,0
20260726,P016,W02,8,8,0
20260727,P016,W02,11,11,0
20260728,P016,W02,10,10,0
20260729,P016,W02,7,7,0
20260730,P016,W02,5,5,0
20260731,P016,W02,5,5,0
20260801,P016,W02,7,7,0
20260802,P016,W02,6,6,0
20260803,P016,W02,9,9,0
20260804,P016,W02,10,10,0
20260805,P016,W02,7,7,0
20260806,P016,W02,11,11,0
20260807,P016,W02,9,9,0
20260808,P016,W02,14,14,0
20260809,P016,W02,6,6,0
20260810,P016,W02,11,11,0
20260811,P016,W02,5,5,0
20260812,P016,W02,11,11,0
20260813,P016,W02,9,9,0
20260814,P016,W02,10,10,0
20260815,P016,W02,14,14,0
20260816,P016,W02,4,4,0
20260817,P016,W02,8,8,0
20260818,P016,W02,9,9,0
20260819,P016,W02,12,12,0
20260820,P016,W02,11,11,0
20260821,P016,W02,7,7,0
20260822,P016,W02,12,12,0
20260823,P016,W02,5,5,0
20260824,P016,W02,13,13,0
20260825,P016,W02,7,7,0
20260826,P016,W02,9,9,0
20260827,P016,W02,17,17,0
20260828,P016,W02,12,12,0
20260829,P016,W02,12,12,0
20260830,P016,W02,4,4,0
20260831,P016,W02,5,5,0
20260901,P016,W02,5,5,0
20260902,P016,W02,5,5,0
20260903,P016,W02,7,7,0
20260904,P016,W02,7,7,0
20260905,P016,W02,12,12,0
20260906,P016,W02,9,9,0
20260907,P016,W02,10,10,0
20260908,P016,W02,6,6,0
20260909,P016,W02,3,3,0
20260910,P016,W02,7,7,0
20260911,P016,W02,11,11,0
20260912,P016,W02,8,8,0
20260913,P016,W02,1,1,0
20260914,P016,W02,5,5,0
20260915,P016,W02,11,11,0
20260916,P016,W02,11,11,0
20260917,P016,W02,10,10,0
20260918,P016,W02,5,5,0
20260919,P016,W02,7,7,0
20260920,P016,W02,9,9,0
20260921,P016,W02,8,8,0
20260922,P016,W02,9,9,0
20260923,P016,W02,4,4,0
20260924,P016,W02,10,10,0
20260925,P016,W02,6,6,0
20260926,P016,W02,6,6,0
20260927,P016,W02,2,2,0
20260928,P016,W02,11,11,0
20260929,P016,W02,8,8,0
20260930,P016,W02,6,6,0
20251001,P016,W03,7,7,0
20251002,P016,W03,5,5,0
20251003,P016,W03,7,7,0
20251004,P016,W03,9,9,0
20251005,P016,W03,7,7,0
20251006,P016,W03,8,8,0
20251007,P016,W03,5,5,0
20251008,P016,W03,9,9,0
20251009,P016,W03,10,10,0
20251010,P016,W03,4,4,0
20251011,P016,W03,11,11,0
20251012,P016,W03,0,0,0
20251013,P016,W03,8,8,0
20251014,P016,W03,7,7,0
20251015,P016,W03,5,5,0
20251016,P016,W03,9,9,0
20251017,P016,W03,4,4,0
20251018,P016,W03,6,6,0
20251019,P016,W03,2,2,0
20251020,P016,W03,8,8,0
20251021,P016,W03,11,11,0
20251022,P016,W03,8,8,0
20251023,P016,W03,5,5,0
20251024,P016,W03,5,5,0
20251025,P016,W03,9,9,0
20251026,P016,W03,5,5,0
20251027,P016,W03,7,7,0
20251028,P016,W03,8,8,0
20251029,P016,W03,5,5,0
20251030,P016,W03,2,2,0
20251031,P016,W03,9,9,0
20251101,P016,W03,7,7,0
20251102,P016,W03,4,4,0
20251103,P016,W03,13,13,0
20251104,P016,W03,4,4,0
20251105,P016,W03,10,10,0
20251106,P016,W03,10,10,0
20251107,P016,W03,6,6,0
20251108,P016,W03,5,5,0
20251109,P016,W03,3,3,0
20251110,P016,W03,11,11,0
20251111,P016,W03,6,6,0
20251112,P016,W03,1,1,0
20251113,P016,W03,3,3,0
20251114,P016,W03,9,9,0
20251115,P016,W03,7,7,0
20251116,P016,W03,3,3,0
20251117,P016,W03,4,4,0
20251118,P016,W03,11,11,0
20251119,P016,W03,3,3,0
20251120,P016,W03,5,5,0
20251121,P016,W03,2,2,0
20251122,P016,W03,12,12,0
20251123,P016,W03,5,5,0
20251124,P016,W03,14,14,0
20251125,P016,W03,12,12,0
20251126,P016,W03,8,8,0
20251127,P016,W03,5,5,0
20251128,P016,W03,12,12,0
20251129,P016,W03,5,5,0
20251130,P016,W03,3,3,0
20251201,P016,W03,6,6,0
20251202,P016,W03,7,7,0
20251203,P016,W03,4,4,0
20251204,P016,W03,13,13,0
20251205,P016,W03,6,6,0
20251206,P016,W03,8,8,0
20251207,P016,W03,3,3,0
20251208,P016,W03,8,8,0
20251209,P016,W03,4,4,0
20251210,P016,W03,8,8,0
20251211,P016,W03,9,9,0
20251212,P016,W03,5,5,0
20251213,P016,W03,12,12,0
20251214,P016,W03,7,7,0
20251215,P016,W03,7,7,0
20251216,P016,W03,6,6,0
20251217,P016,W03,2,2,0
20251218,P016,W03,10,10,0
20251219,P016,W03,5,5,0
20251220,P016,W03,4,4,0
20251221,P016,W03,3,3,0
20251222,P016,W03,8,8,0
20251223,P016,W03,10,10,0
20251224,P016,W03,7,7,0
20251225,P016,W03,4,4,0
20251226,P016,W03,11,11,0
20251227,P016,W03,5,5,0
20251228,P016,W03,6,6,0
20251229,P016,W03,15,15,0
20251230,P016,W03,2,2,0
20251231,P016,W03,4,4,0
20260101,P016,W03,5,5,0
20260102,P016,W03,11,11,0
20260103,P016,W03,8,8,0
20260104,P016,W03,4,4,0
20260105,P016,W03,5,5,0
20260106,P016,W03,9,9,0
20260107,P016,W03,12,12,0
20260108,P016,W03,8,8,0
20260109,P016,W03,7,7,0
20260110,P016,W03,7,7,0
20260111,P016,W03,4,4,0
20260112,P016,W03,8,8,0
20260113,P016,W03,10,10,0
20260114,P016,W03,14,14,0
20260115,P016,W03,10,10,0
20260116,P016,W03,5,5,0
20260117,P016,W03,4,4,0
20260118,P016,W03,3,3,0
20260119,P016,W03,7,7,0
20260120,P016,W03,11,11,0
20260121,P016,W03,8,8,0
20260122,P016,W03,9,9,0
20260123,P016,W03,9,9,0
20260124,P016,W03,5,5,0
20260125,P016,W03,1,1,0
20260126,P016,W03,4,4,0
20260127,P016,W03,6,6,0
20260128,P016,W03,5,5,0
20260129,P016,W03,8,8,0
20260130,P016,W03,6,6,0
20260131,P016,W03,10,10,0
20260201,P016,W03,3,3,0
20260202,P016,W03,7,7,0
20260203,P016,W03,10,10,0
20260204,P016,W03,12,12,0
20260205,P016,W03,8,8,0
20260206,P016,W03,4,4,0
20260207,P016,W03,6,6,0
20260208,P016,W03,3,3,0
20260209,P016,W03,10,10,0
20260210,P016,W03,11,11,0
20260211,P016,W03,7,7,0
20260212,P016,W03,9,9,0
20260213,P016,W03,6,6,0
20260214,P016,W03,6,6,0
20260215,P016,W03,1,1,0
20260216,P016,W03,8,8,0
20260217,P016,W03,5,5,0
20260218,P016,W03,8,8,0
20260219,P016,W03,9,9,0
20260220,P016,W03,10,10,0
20260221,P016,W03,10,10,0
20260222,P016,W03,6,6,0
20260223,P016,W03,6,6,0
20260224,P016,W03,8,8,0
20260225,P016,W03,8,8,0
20260226,P016,W03,5,5,0
20260227,P016,W03,10,10,0
20260228,P016,W03,5,5,0
20260301,P016,W03,7,7,0
20260302,P016,W03,7,7,0
20260303,P016,W03,10,10,0
20260304,P016,W03,4,4,0
20260305,P016,W03,9,9,0
20260306,P016,W03,7,7,0
20260307,P016,W03,13,13,0
20260308,P016,W03,2,2,0
20260309,P016,W03,7,7,0
20260310,P016,W03,3,3,0
20260311,P016,W03,12,12,0
20260312,P016,W03,9,9,0
20260313,P016,W03,4,4,0
20260314,P016,W03,4,4,0
20260315,P016,W03,8,8,0
20260316,P016,W03,9,9,0
20260317,P016,W03,9,9,0
20260318,P016,W03,7,7,0
20260319,P016,W03,5,5,0
20260320,P016,W03,7,7,0
20260321,P016,W03,5,5,0
20260322,P016,W03,4,4,0
20260323,P016,W03,4,4,0
20260324,P016,W03,3,3,0
20260325,P016,W03,4,4,0
20260326,P016,W03,5,5,0
20260327,P016,W03,8,8,0
20260328,P016,W03,8,8,0
20260329,P016,W03,10,10,0
20260330,P016,W03,7,7,0
20260331,P016,W03,4,4,0
20260401,P016,W03,5,5,0
20260402,P016,W03,5,5,0
20260403,P016,W03,14,14,0
20260404,P016,W03,4,4,0
20260405,P016,W03,6,6,0
20260406,P016,W03,8,8,0
20260407,P016,W03,5,5,0
20260408,P016,W03,10,10,0
20260409,P016,W03,4,4,0
20260410,P016,W03,8,8,0
20260411,P016,W03,6,6,0
20260412,P016,W03,3,3,0
20260413,P016,W03,5,5,0
20260414,P016,W03,6,6,0
20260415,P016,W03,13,13,0
20260416,P016,W03,6,6,0
20260417,P016,W03,4,4,0
20260418,P016,W03,6,6,0
20260419,P016,W03,2,2,0
20260420,P016,W03,6,6,0
20260421,P016,W03,6,6,0
20260422,P016,W03,9,9,0
20260423,P016,W03,5,5,0
20260424,P016,W03,9,9,0
20260425,P016,W03,11,11,0
20260426,P016,W03,6,6,0
20260427,P016,W03,10,10,0
20260428,P016,W03,5,5,0
20260429,P016,W03,11,11,0
20260430,P016,W03,9,9,0
20260501,P016,W03,3,3,0
20260502,P016,W03,6,6,0
20260503,P016,W03,6,6,0
20260504,P016,W03,9,9,0
20260505,P016,W03,8,8,0
20260506,P016,W03,5,5,0
20260507,P016,W03,10,10,0
20260508,P016,W03,10,10,0
20260509,P016,W03,6,6,0
20260510,P016,W03,3,3,0
20260511,P016,W03,9,9,0
20260512,P016,W03,7,7,0
20260513,P016,W03,10,10,0
20260514,P016,W03,14,14,0
20260515,P016,W03,10,10,0
20260516,P016,W03,9,9,0
20260517,P016,W03,2,2,0
20260518,P016,W03,9,9,0
20260519,P016,W03,7,7,0
20260520,P016,W03,6,6,0
20260521,P016,W03,6,6,0
20260522,P016,W03,12,12,0
20260523,P016,W03,8,8,0
20260524,P016,W03,5,5,0
20260525,P016,W03,8,8,0
20260526,P016,W03,4,4,0
20260527,P016,W03,5,5,0
20260528,P016,W03,10,10,0
20260529,P016,W03,4,4,0
20260530,P016,W03,4,4,0
20260531,P016,W03,7,7,0
20260601,P016,W03,5,5,0
20260602,P016,W03,9,9,0
20260603,P016,W03,9,9,0
20260604,P016,W03,1,1,0
20260605,P016,W03,3,3,0
20260606,P016,W03,6,6,0
20260607,P016,W03,7,7,0
20260608,P016,W03,7,7,0
20260609,P016,W03,8,8,0
20260610,P016,W03,7,7,0
20260611,P016,W03,13,13,0
20260612,P016,W03,10,10,0
20260613,P016,W03,7,7,0
20260614,P016,W03,1,1,0
20260615,P016,W03,8,8,0
20260616,P016,W03,11,11,0
20260617,P016,W03,5,5,0
20260618,P016,W03,3,3,0
20260619,P016,W03,8,8,0
20260620,P016,W03,6,6,0
20260621,P016,W03,4,4,0
20260622,P016,W03,6,6,0
20260623,P016,W03,4,4,0
20260624,P016,W03,4,4,0
20260625,P016,W03,8,8,0
20260626,P016,W03,5,5,0
20260627,P016,W03,6,6,0
20260628,P016,W03,3,3,0
20260629,P016,W03,8,8,0
20260630,P016,W03,5,5,0
20260701,P016,W03,6,6,0
20260702,P016,W03,4,4,0
20260703,P016,W03,9,9,0
20260704,P016,W03,10,10,0
20260705,P016,W03,5,5,0
20260706,P016,W03,9,9,0
20260707,P016,W03,11,11,0
20260708,P016,W03,12,12,0
20260709,P016,W03,3,3,0
20260710,P016,W03,13,13,0
20260711,P016,W03,7,7,0
20260712,P016,W03,4,4,0
20260713,P016,W03,8,8,0
20260714,P016,W03,2,2,0
20260715,P016,W03,3,3,0
20260716,P016,W03,8,8,0
20260717,P016,W03,13,13,0
20260718,P016,W03,8,8,0
20260719,P016,W03,2,2,0
20260720,P016,W03,5,5,0
20260721,P016,W03,4,4,0
20260722,P016,W03,9,9,0
20260723,P016,W03,8,8,0
20260724,P016,W03,9,9,0
20260725,P016,W03,7,7,0
20260726,P016,W03,5,5,0
20260727,P016,W03,10,10,0
20260728,P016,W03,5,5,0
20260729,P016,W03,8,8,0
20260730,P016,W03,5,5,0
20260731,P016,W03,5,5,0
20260801,P016,W03,7,7,0
20260802,P016,W03,4,4,0
20260803,P016,W03,4,4,0
20260804,P016,W03,5,5,0
20260805,P016,W03,8,8,0
20260806,P016,W03,2,2,0
20260807,P016,W03,6,6,0
20260808,P016,W03,7,7,0
20260809,P016,W03,5,5,0
20260810,P016,W03,7,7,0
20260811,P016,W03,4,4,0
20260812,P016,W03,7,7,0
20260813,P016,W03,10,10,0
20260814,P016,W03,12,12,0
20260815,P016,W03,7,7,0
20260816,P016,W03,5,5,0
20260817,P016,W03,6,6,0
20260818,P016,W03,7,7,0
20260819,P016,W03,12,12,0
20260820,P016,W03,7,7,0
20260821,P016,W03,5,5,0
20260822,P016,W03,9,9,0
20260823,P016,W03,7,7,0
20260824,P016,W03,8,8,0
20260825,P016,W03,3,3,0
20260826,P016,W03,10,10,0
20260827,P016,W03,7,7,0
20260828,P016,W03,7,7,0
20260829,P016,W03,6,6,0
20260830,P016,W03,9,9,0
20260831,P016,W03,2,2,0
20260901,P016,W03,4,4,0
20260902,P016,W03,5,5,0
20260903,P016,W03,5,5,0
20260904,P016,W03,9,9,0
20260905,P016,W03,10,10,0
20260906,P016,W03,3,3,0
20260907,P016,W03,6,6,0
20260908,P016,W03,8,8,0
20260909,P016,W03,10,10,0
20260910,P016,W03,4,4,0
20260911,P016,W03,7,7,0
20260912,P016,W03,5,5,0
20260913,P016,W03,7,7,0
20260914,P016,W03,5,5,0
20260915,P016,W03,5,5,0
20260916,P016,W03,3,3,0
20260917,P016,W03,5,5,0
20260918,P016,W03,10,10,0
20260919,P016,W03,10,10,0
20260920,P016,W03,4,4,0
20260921,P016,W03,8,8,0
20260922,P016,W03,7,7,0
20260923,P016,W03,8,8,0
20260924,P016,W03,8,8,0
20260925,P016,W03,6,6,0
20260926,P016,W03,6,6,0
20260927,P016,W03,4,4,0
20260928,P016,W03,7,7,0
20260929,P016,W03,10,10,0
20260930,P016,W03,12,12,0
20251001,P016,W04,7,7,0
20251002,P016,W04,7,7,0
20251003,P016,W04,2,2,0
20251004,P016,W04,8,8,0
20251005,P016,W04,4,4,0
20251006,P016,W04,10,10,0
20251007,P016,W04,3,3,0
20251008,P016,W04,3,3,0
20251009,P016,W04,7,7,0
20251010,P016,W04,5,5,0
20251011,P016,W04,9,9,0
20251012,P016,W04,6,6,0
20251013,P016,W04,8,8,0
20251014,P016,W04,1,1,0
20251015,P016,W04,4,4,0
20251016,P016,W04,0,0,0
20251017,P016,W04,6,6,0
20251018,P016,W04,4,4,0
20251019,P016,W04,4,4,0
20251020,P016,W04,2,2,0
20251021,P016,W04,6,6,0
20251022,P016,W04,6,6,0
20251023,P016,W04,7,7,0
20251024,P016,W04,4,4,0
20251025,P016,W04,10,10,0
20251026,P016,W04,2,2,0
20251027,P016,W04,3,3,0
20251028,P016,W04,3,3,0
20251029,P016,W04,2,2,0
20251030,P016,W04,3,3,0
20251031,P016,W04,7,7,0
20251101,P016,W04,7,7,0
20251102,P016,W04,4,4,0
20251103,P016,W04,9,9,0
20251104,P016,W04,4,4,0
20251105,P016,W04,10,10,0
20251106,P016,W04,5,5,0
20251107,P016,W04,8,2,6
20251108,P016,W04,3,0,3
20251109,P016,W04,5,0,5
20251110,P016,W04,12,0,12
20251111,P016,W04,5,0,5
20251112,P016,W04,7,0,7
20251113,P016,W04,5,0,5
20251114,P016,W04,5,0,5
20251115,P016,W04,9,9,0
20251116,P016,W04,1,1,0
20251117,P016,W04,9,9,0
20251118,P016,W04,5,5,0
20251119,P016,W04,6,6,0
20251120,P016,W04,8,8,0
20251121,P016,W04,1,1,0
20251122,P016,W04,3,3,0
20251123,P016,W04,2,2,0
20251124,P016,W04,4,4,0
20251125,P016,W04,7,7,0
20251126,P016,W04,3,3,0
20251127,P016,W04,6,6,0
20251128,P016,W04,7,7,0
20251129,P016,W04,10,10,0
20251130,P016,W04,3,3,0
20251201,P016,W04,8,8,0
20251202,P016,W04,8,8,0
20251203,P016,W04,7,7,0
20251204,P016,W04,4,4,0
20251205,P016,W04,9,9,0
20251206,P016,W04,4,4,0
20251207,P016,W04,2,2,0
20251208,P016,W04,9,9,0
20251209,P016,W04,2,2,0
20251210,P016,W04,10,10,0
20251211,P016,W04,7,7,0
20251212,P016,W04,4,4,0
20251213,P016,W04,3,3,0
20251214,P016,W04,7,7,0
20251215,P016,W04,6,6,0
20251216,P016,W04,5,5,0
20251217,P016,W04,6,6,0
20251218,P016,W04,9,9,0
20251219,P016,W04,7,7,0
20251220,P016,W04,5,5,0
20251221,P016,W04,2,2,0
20251222,P016,W04,3,3,0
20251223,P016,W04,11,11,0
20251224,P016,W04,2,2,0
20251225,P016,W04,3,3,0
20251226,P016,W04,8,8,0
20251227,P016,W04,7,7,0
20251228,P016,W04,7,7,0
20251229,P016,W04,8,8,0
20251230,P016,W04,1,1,0
20251231,P016,W04,5,5,0
20260101,P016,W04,4,4,0
20260102,P016,W04,2,2,0
20260103,P016,W04,10,10,0
20260104,P016,W04,5,5,0
20260105,P016,W04,6,6,0
20260106,P016,W04,8,8,0
20260107,P016,W04,4,4,0
20260108,P016,W04,5,5,0
20260109,P016,W04,5,5,0
20260110,P016,W04,4,4,0
20260111,P016,W04,4,4,0
20260112,P016,W04,2,2,0
20260113,P016,W04,4,4,0
20260114,P016,W04,2,2,0
20260115,P016,W04,3,3,0
20260116,P016,W04,11,11,0
20260117,P016,W04,11,11,0
20260118,P016,W04,3,3,0
20260119,P016,W04,5,5,0
20260120,P016,W04,4,4,0
20260121,P016,W04,5,5,0
20260122,P016,W04,14,14,0
20260123,P016,W04,3,3,0
20260124,P016,W04,4,4,0
20260125,P016,W04,4,4,0
20260126,P016,W04,8,8,0
20260127,P016,W04,7,7,0
20260128,P016,W04,8,8,0
20260129,P016,W04,9,9,0
20260130,P016,W04,7,7,0
20260131,P016,W04,4,4,0
20260201,P016,W04,1,1,0
20260202,P016,W04,5,5,0
20260203,P016,W04,7,7,0
20260204,P016,W04,5,5,0
20260205,P016,W04,4,4,0
20260206,P016,W04,9,9,0
20260207,P016,W04,3,3,0
20260208,P016,W04,5,5,0
20260209,P016,W04,5,5,0
20260210,P016,W04,2,2,0
20260211,P016,W04,5,5,0
20260212,P016,W04,7,7,0
20260213,P016,W04,6,6,0
20260214,P016,W04,14,14,0
20260215,P016,W04,0,0,0
20260216,P016,W04,7,7,0
20260217,P016,W04,4,4,0
20260218,P016,W04,10,10,0
20260219,P016,W04,8,8,0
20260220,P016,W04,6,6,0
20260221,P016,W04,5,5,0
20260222,P016,W04,6,6,0
20260223,P016,W04,4,4,0
20260224,P016,W04,4,4,0
20260225,P016,W04,3,3,0
20260226,P016,W04,7,7,0
20260227,P016,W04,8,8,0
20260228,P016,W04,5,5,0
20260301,P016,W04,4,4,0
20260302,P016,W04,7,7,0
20260303,P016,W04,5,5,0
20260304,P016,W04,7,7,0
20260305,P016,W04,5,5,0
20260306,P016,W04,5,5,0
20260307,P016,W04,9,9,0
20260308,P016,W04,5,5,0
20260309,P016,W04,3,3,0
20260310,P016,W04,8,8,0
20260311,P016,W04,6,6,0
20260312,P016,W04,4,4,0
20260313,P016,W04,3,3,0
20260314,P016,W04,5,5,0
20260315,P016,W04,5,5,0
20260316,P016,W04,7,7,0
20260317,P016,W04,6,6,0
20260318,P016,W04,7,7,0
20260319,P016,W04,5,5,0
20260320,P016,W04,6,6,0
20260321,P016,W04,9,9,0
20260322,P016,W04,5,2,3
20260323,P016,W04,6,0,6
20260324,P016,W04,8,0,8
20260325,P016,W04,11,0,11
20260326,P016,W04,2,2,0
20260327,P016,W04,7,7,0
20260328,P016,W04,9,9,0
20260329,P016,W04,3,3,0
20260330,P016,W04,5,5,0
20260331,P016,W04,3,3,0
20260401,P016,W04,5,5,0
20260402,P016,W04,8,8,0
20260403,P016,W04,8,8,0
20260404,P016,W04,8,8,0
20260405,P016,W04,9,9,0
20260406,P016,W04,6,6,0
20260407,P016,W04,8,8,0
20260408,P016,W04,5,5,0
20260409,P016,W04,7,7,0
20260410,P016,W04,9,9,0
20260411,P016,W04,11,11,0
20260412,P016,W04,5,5,0
20260413,P016,W04,8,8,0
20260414,P016,W04,10,10,0
20260415,P016,W04,7,7,0
20260416,P016,W04,2,2,0
20260417,P016,W04,11,11,0
20260418,P016,W04,8,8,0
20260419,P016,W04,2,2,0
20260420,P016,W04,5,5,0
20260421,P016,W04,5,5,0
20260422,P016,W04,5,5,0
20260423,P016,W04,2,2,0
20260424,P016,W04,10,10,0
20260425,P016,W04,9,9,0
20260426,P016,W04,2,2,0
20260427,P016,W04,9,9,0
20260428,P016,W04,5,5,0
20260429,P016,W04,2,2,0
20260430,P016,W04,4,4,0
20260501,P016,W04,8,8,0
20260502,P016,W04,7,7,0
20260503,P016,W04,5,5,0
20260504,P016,W04,7,7,0
20260505,P016,W04,5,5,0
20260506,P016,W04,9,9,0
20260507,P016,W04,7,7,0
20260508,P016,W04,11,11,0
20260509,P016,W04,4,4,0
20260510,P016,W04,11,11,0
20260511,P016,W04,6,6,0
20260512,P016,W04,6,6,0
20260513,P016,W04,10,10,0
20260514,P016,W04,10,10,0
20260515,P016,W04,9,9,0
20260516,P016,W04,12,12,0
20260517,P016,W04,3,3,0
20260518,P016,W04,5,5,0
20260519,P016,W04,6,6,0
20260520,P016,W04,9,9,0
20260521,P016,W04,4,4,0
20260522,P016,W04,6,6,0
20260523,P016,W04,9,9,0
20260524,P016,W04,4,4,0
20260525,P016,W04,5,5,0
20260526,P016,W04,9,9,0
20260527,P016,W04,4,4,0
20260528,P016,W04,6,6,0
20260529,P016,W04,7,7,0
20260530,P016,W04,6,6,0
20260531,P016,W04,6,6,0
20260601,P016,W04,8,8,0
20260602,P016,W04,4,4,0
20260603,P016,W04,6,6,0
20260604,P016,W04,8,8,0
20260605,P016,W04,8,8,0
20260606,P016,W04,10,10,0
20260607,P016,W04,2,2,0
20260608,P016,W04,3,3,0
20260609,P016,W04,3,3,0
20260610,P016,W04,7,7,0
20260611,P016,W04,6,6,0
20260612,P016,W04,8,8,0
20260613,P016,W04,3,3,0
20260614,P016,W04,4,4,0
20260615,P016,W04,8,8,0
20260616,P016,W04,8,8,0
20260617,P016,W04,5,5,0
20260618,P016,W04,6,6,0
20260619,P016,W04,8,8,0
20260620,P016,W04,5,5,0
20260621,P016,W04,2,2,0
20260622,P016,W04,6,6,0
20260623,P016,W04,7,7,0
20260624,P016,W04,3,3,0
20260625,P016,W04,4,4,0
20260626,P016,W04,9,9,0
20260627,P016,W04,4,4,0
20260628,P016,W04,4,4,0
20260629,P016,W04,11,11,0
20260630,P016,W04,6,6,0
20260701,P016,W04,4,4,0
20260702,P016,W04,1,1,0
20260703,P016,W04,4,4,0
20260704,P016,W04,9,9,0
20260705,P016,W04,2,2,0
20260706,P016,W04,5,5,0
20260707,P016,W04,7,7,0
20260708,P016,W04,2,2,0
20260709,P016,W04,3,3,0
20260710,P016,W04,9,9,0
20260711,P016,W04,8,8,0
20260712,P016,W04,5,5,0
20260713,P016,W04,5,5,0
20260714,P016,W04,7,7,0
20260715,P016,W04,7,7,0
20260716,P016,W04,4,4,0
20260717,P016,W04,4,4,0
20260718,P016,W04,6,6,0
20260719,P016,W04,3,3,0
20260720,P016,W04,3,3,0
20260721,P016,W04,3,3,0
20260722,P016,W04,7,7,0
20260723,P016,W04,3,3,0
20260724,P016,W04,8,8,0
20260725,P016,W04,6,6,0
20260726,P016,W04,3,3,0
20260727,P016,W04,8,8,0
20260728,P016,W04,3,3,0
20260729,P016,W04,8,8,0
20260730,P016,W04,9,9,0
20260731,P016,W04,11,11,0
20260801,P016,W04,6,6,0
20260802,P016,W04,2,2,0
20260803,P016,W04,5,5,0
20260804,P016,W04,5,5,0
20260805,P016,W04,4,4,0
20260806,P016,W04,7,7,0
20260807,P016,W04,4,4,0
20260808,P016,W04,9,9,0
20260809,P016,W04,4,4,0
20260810,P016,W04,3,3,0
20260811,P016,W04,5,5,0
20260812,P016,W04,9,9,0
20260813,P016,W04,7,7,0
20260814,P016,W04,6,6,0
20260815,P016,W04,5,5,0
20260816,P016,W04,1,1,0
20260817,P016,W04,8,8,0
20260818,P016,W04,7,7,0
20260819,P016,W04,8,8,0
20260820,P016,W04,10,10,0
20260821,P016,W04,5,5,0
20260822,P016,W04,3,3,0
20260823,P016,W04,5,5,0
20260824,P016,W04,5,5,0
20260825,P016,W04,2,2,0
20260826,P016,W04,6,6,0
20260827,P016,W04,5,5,0
20260828,P016,W04,10,10,0
20260829,P016,W04,3,3,0
20260830,P016,W04,6,6,0
20260831,P016,W04,10,10,0
20260901,P016,W04,6,6,0
20260902,P016,W04,7,7,0
20260903,P016,W04,7,7,0
20260904,P016,W04,7,7,0
20260905,P016,W04,5,5,0
20260906,P016,W04,3,3,0
20260907,P016,W04,7,7,0
20260908,P016,W04,11,11,0
20260909,P016,W04,6,6,0
20260910,P016,W04,3,3,0
20260911,P016,W04,5,5,0
20260912,P016,W04,6,6,0
20260913,P016,W04,6,6,0
20260914,P016,W04,7,7,0
20260915,P016,W04,5,5,0
20260916,P016,W04,4,4,0
20260917,P016,W04,7,7,0
20260918,P016,W04,8,8,0
20260919,P016,W04,7,7,0
20260920,P016,W04,3,3,0
20260921,P016,W04,4,4,0
20260922,P016,W04,7,7,0
20260923,P016,W04,5,5,0
20260924,P016,W04,5,5,0
20260925,P016,W04,3,3,0
20260926,P016,W04,6,6,0
20260927,P016,W04,5,5,0
20260928,P016,W04,5,5,0
20260929,P016,W04,3,3,0
20260930,P016,W04,9,9,0
20251001,P017,W01,1,1,0
20251002,P017,W01,1,1,0
20251003,P017,W01,2,2,0
20251004,P017,W01,2,2,0
20251005,P017,W01,0,0,0
20251006,P017,W01,3,3,0
20251007,P017,W01,3,3,0
20251008,P017,W01,2,2,0
20251009,P017,W01,5,5,0
20251010,P017,W01,6,6,0
20251011,P017,W01,3,3,0
20251012,P017,W01,3,3,0
20251013,P017,W01,2,2,0
20251014,P017,W01,1,1,0
20251015,P017,W01,2,2,0
20251016,P017,W01,0,0,0
20251017,P017,W01,1,1,0
20251018,P017,W01,4,4,0
20251019,P017,W01,0,0,0
20251020,P017,W01,7,7,0
20251021,P017,W01,3,3,0
20251022,P017,W01,2,2,0
20251023,P017,W01,0,0,0
20251024,P017,W01,1,1,0
20251025,P017,W01,2,2,0
20251026,P017,W01,1,1,0
20251027,P017,W01,0,0,0
20251028,P017,W01,1,1,0
20251029,P017,W01,4,4,0
20251030,P017,W01,3,3,0
20251031,P017,W01,3,3,0
20251101,P017,W01,0,0,0
20251102,P017,W01,1,1,0
20251103,P017,W01,3,3,0
20251104,P017,W01,1,1,0
20251105,P017,W01,1,1,0
20251106,P017,W01,1,1,0
20251107,P017,W01,2,2,0
20251108,P017,W01,3,3,0
20251109,P017,W01,1,1,0
20251110,P017,W01,1,1,0
20251111,P017,W01,3,3,0
20251112,P017,W01,6,6,0
20251113,P017,W01,3,3,0
20251114,P017,W01,0,0,0
20251115,P017,W01,2,2,0
20251116,P017,W01,1,1,0
20251117,P017,W01,1,1,0
20251118,P017,W01,1,1,0
20251119,P017,W01,0,0,0
20251120,P017,W01,1,1,0
20251121,P017,W01,0,0,0
20251122,P017,W01,4,4,0
20251123,P017,W01,1,1,0
20251124,P017,W01,4,4,0
20251125,P017,W01,1,1,0
20251126,P017,W01,3,3,0
20251127,P017,W01,2,2,0
20251128,P017,W01,1,1,0
20251129,P017,W01,1,1,0
20251130,P017,W01,1,1,0
20251201,P017,W01,1,1,0
20251202,P017,W01,3,3,0
20251203,P017,W01,2,2,0
20251204,P017,W01,1,1,0
20251205,P017,W01,5,5,0
20251206,P017,W01,2,2,0
20251207,P017,W01,4,4,0
20251208,P017,W01,4,4,0
20251209,P017,W01,4,4,0
20251210,P017,W01,2,2,0
20251211,P017,W01,2,2,0
20251212,P017,W01,0,0,0
20251213,P017,W01,2,2,0
20251214,P017,W01,2,2,0
20251215,P017,W01,1,1,0
20251216,P017,W01,2,2,0
20251217,P017,W01,3,3,0
20251218,P017,W01,1,1,0
20251219,P017,W01,1,1,0
20251220,P017,W01,1,1,0
20251221,P017,W01,2,2,0
20251222,P017,W01,2,2,0
20251223,P017,W01,1,1,0
20251224,P017,W01,4,4,0
20251225,P017,W01,0,0,0
20251226,P017,W01,4,4,0
20251227,P017,W01,0,0,0
20251228,P017,W01,2,2,0
20251229,P017,W01,6,6,0
20251230,P017,W01,1,1,0
20251231,P017,W01,4,4,0
20260101,P017,W01,1,1,0
20260102,P017,W01,4,4,0
20260103,P017,W01,0,0,0
20260104,P017,W01,2,2,0
20260105,P017,W01,2,2,0
20260106,P017,W01,3,3,0
20260107,P017,W01,4,4,0
20260108,P017,W01,1,1,0
20260109,P017,W01,3,3,0
20260110,P017,W01,3,3,0
20260111,P017,W01,3,3,0
20260112,P017,W01,0,0,0
20260113,P017,W01,2,2,0
20260114,P017,W01,3,3,0
20260115,P017,W01,3,3,0
20260116,P017,W01,1,1,0
20260117,P017,W01,2,2,0
20260118,P017,W01,1,1,0
20260119,P017,W01,1,1,0
20260120,P017,W01,2,2,0
20260121,P017,W01,2,2,0
20260122,P017,W01,1,1,0
20260123,P017,W01,3,3,0
20260124,P017,W01,1,1,0
20260125,P017,W01,1,1,0
20260126,P017,W01,3,3,0
20260127,P017,W01,3,3,0
20260128,P017,W01,0,0,0
20260129,P017,W01,0,0,0
20260130,P017,W01,4,4,0
20260131,P017,W01,5,5,0
20260201,P017,W01,0,0,0
20260202,P017,W01,1,1,0
20260203,P017,W01,1,1,0
20260204,P017,W01,4,4,0
20260205,P017,W01,2,2,0
20260206,P017,W01,1,1,0
20260207,P017,W01,4,4,0
20260208,P017,W01,1,1,0
20260209,P017,W01,1,1,0
20260210,P017,W01,0,0,0
20260211,P017,W01,2,2,0
20260212,P017,W01,1,1,0
20260213,P017,W01,6,6,0
20260214,P017,W01,3,3,0
20260215,P017,W01,2,2,0
20260216,P017,W01,2,2,0
20260217,P017,W01,2,2,0
20260218,P017,W01,3,3,0
20260219,P017,W01,1,1,0
20260220,P017,W01,0,0,0
20260221,P017,W01,4,4,0
20260222,P017,W01,0,0,0
20260223,P017,W01,2,2,0
20260224,P017,W01,3,3,0
20260225,P017,W01,2,2,0
20260226,P017,W01,2,2,0
20260227,P017,W01,1,1,0
20260228,P017,W01,5,5,0
20260301,P017,W01,1,1,0
20260302,P017,W01,4,4,0
20260303,P017,W01,2,2,0
20260304,P017,W01,0,0,0
20260305,P017,W01,0,0,0
20260306,P017,W01,1,1,0
20260307,P017,W01,4,4,0
20260308,P017,W01,0,0,0
20260309,P017,W01,0,0,0
20260310,P017,W01,5,5,0
20260311,P017,W01,3,3,0
20260312,P017,W01,0,0,0
20260313,P017,W01,1,1,0
20260314,P017,W01,2,2,0
20260315,P017,W01,1,1,0
20260316,P017,W01,1,1,0
20260317,P017,W01,2,2,0
20260318,P017,W01,1,1,0
20260319,P017,W01,1,1,0
20260320,P017,W01,2,2,0
20260321,P017,W01,1,1,0
20260322,P017,W01,1,1,0
20260323,P017,W01,3,3,0
20260324,P017,W01,1,1,0
20260325,P017,W01,0,0,0
20260326,P017,W01,2,2,0
20260327,P017,W01,2,2,0
20260328,P017,W01,3,3,0
20260329,P017,W01,1,1,0
20260330,P017,W01,1,1,0
20260331,P017,W01,4,4,0
20260401,P017,W01,0,0,0
20260402,P017,W01,3,3,0
20260403,P017,W01,4,4,0
20260404,P017,W01,2,2,0
20260405,P017,W01,3,3,0
20260406,P017,W01,4,4,0
20260407,P017,W01,4,4,0
20260408,P017,W01,1,1,0
20260409,P017,W01,6,6,0
20260410,P017,W01,3,3,0
20260411,P017,W01,3,3,0
20260412,P017,W01,2,2,0
20260413,P017,W01,2,2,0
20260414,P017,W01,2,0,2
20260415,P017,W01,3,0,3
20260416,P017,W01,3,0,3
20260417,P017,W01,3,0,3
20260418,P017,W01,1,0,1
20260419,P017,W01,2,0,2
20260420,P017,W01,4,0,4
20260421,P017,W01,3,0,3
20260422,P017,W01,1,0,1
20260423,P017,W01,5,0,5
20260424,P017,W01,3,3,0
20260425,P017,W01,2,2,0
20260426,P017,W01,2,2,0
20260427,P017,W01,2,2,0
20260428,P017,W01,2,2,0
20260429,P017,W01,0,0,0
20260430,P017,W01,2,2,0
20260501,P017,W01,4,4,0
20260502,P017,W01,3,3,0
20260503,P017,W01,1,1,0
20260504,P017,W01,0,0,0
20260505,P017,W01,3,3,0
20260506,P017,W01,3,3,0
20260507,P017,W01,1,1,0
20260508,P017,W01,2,2,0
20260509,P017,W01,4,4,0
20260510,P017,W01,1,1,0
20260511,P017,W01,1,1,0
20260512,P017,W01,0,0,0
20260513,P017,W01,3,3,0
20260514,P017,W01,2,2,0
20260515,P017,W01,1,1,0
20260516,P017,W01,6,6,0
20260517,P017,W01,1,1,0
20260518,P017,W01,4,4,0
20260519,P017,W01,2,2,0
20260520,P017,W01,3,3,0
20260521,P017,W01,1,1,0
20260522,P017,W01,1,1,0
20260523,P017,W01,4,4,0
20260524,P017,W01,3,3,0
20260525,P017,W01,2,2,0
20260526,P017,W01,2,2,0
20260527,P017,W01,2,2,0
20260528,P017,W01,3,3,0
20260529,P017,W01,1,1,0
20260530,P017,W01,5,5,0
20260531,P017,W01,2,2,0
20260601,P017,W01,3,3,0
20260602,P017,W01,2,2,0
20260603,P017,W01,0,0,0
20260604,P017,W01,4,4,0
20260605,P017,W01,2,2,0
20260606,P017,W01,3,3,0
20260607,P017,W01,3,3,0
20260608,P017,W01,3,3,0
20260609,P017,W01,3,3,0
20260610,P017,W01,5,5,0
20260611,P017,W01,2,2,0
20260612,P017,W01,3,3,0
20260613,P017,W01,0,0,0
20260614,P017,W01,1,1,0
20260615,P017,W01,2,2,0
20260616,P017,W01,2,2,0
20260617,P017,W01,2,2,0
20260618,P017,W01,1,1,0
20260619,P017,W01,3,3,0
20260620,P017,W01,2,2,0
20260621,P017,W01,1,1,0
20260622,P017,W01,2,2,0
20260623,P017,W01,4,4,0
20260624,P017,W01,2,2,0
20260625,P017,W01,0,0,0
20260626,P017,W01,0,0,0
20260627,P017,W01,3,3,0
20260628,P017,W01,1,1,0
20260629,P017,W01,0,0,0
20260630,P017,W01,6,6,0
20260701,P017,W01,2,2,0
20260702,P017,W01,3,3,0
20260703,P017,W01,5,5,0
20260704,P017,W01,4,4,0
20260705,P017,W01,2,2,0
20260706,P017,W01,3,3,0
20260707,P017,W01,2,2,0
20260708,P017,W01,3,3,0
20260709,P017,W01,1,1,0
20260710,P017,W01,2,2,0
20260711,P017,W01,2,2,0
20260712,P017,W01,2,2,0
20260713,P017,W01,4,4,0
20260714,P017,W01,3,3,0
20260715,P017,W01,2,2,0
20260716,P017,W01,3,3,0
20260717,P017,W01,2,2,0
20260718,P017,W01,1,1,0
20260719,P017,W01,4,4,0
20260720,P017,W01,3,3,0
20260721,P017,W01,2,2,0
20260722,P017,W01,5,5,0
20260723,P017,W01,4,4,0
20260724,P017,W01,3,3,0
20260725,P017,W01,4,4,0
20260726,P017,W01,1,1,0
20260727,P017,W01,1,1,0
20260728,P017,W01,2,2,0
20260729,P017,W01,4,4,0
20260730,P017,W01,1,1,0
20260731,P017,W01,6,6,0
20260801,P017,W01,0,0,0
20260802,P017,W01,0,0,0
20260803,P017,W01,3,3,0
20260804,P017,W01,1,1,0
20260805,P017,W01,2,2,0
20260806,P017,W01,2,2,0
20260807,P017,W01,2,2,0
20260808,P017,W01,3,3,0
20260809,P017,W01,0,0,0
20260810,P017,W01,3,3,0
20260811,P017,W01,6,6,0
20260812,P017,W01,4,4,0
20260813,P017,W01,2,2,0
20260814,P017,W01,3,3,0
20260815,P017,W01,1,1,0
20260816,P017,W01,1,1,0
20260817,P017,W01,1,1,0
20260818,P017,W01,1,1,0
20260819,P017,W01,1,1,0
20260820,P017,W01,2,2,0
20260821,P017,W01,3,3,0
20260822,P017,W01,1,1,0
20260823,P017,W01,1,1,0
20260824,P017,W01,2,2,0
20260825,P017,W01,4,4,0
20260826,P017,W01,4,4,0
20260827,P017,W01,3,3,0
20260828,P017,W01,5,5,0
20260829,P017,W01,1,1,0
20260830,P017,W01,1,1,0
20260831,P017,W01,1,1,0
20260901,P017,W01,4,4,0
20260902,P017,W01,2,2,0
20260903,P017,W01,1,1,0
20260904,P017,W01,1,1,0
20260905,P017,W01,1,1,0
20260906,P017,W01,3,3,0
20260907,P017,W01,8,8,0
20260908,P017,W01,2,2,0
20260909,P017,W01,0,0,0
20260910,P017,W01,1,1,0
20260911,P017,W01,1,1,0
20260912,P017,W01,1,1,0
20260913,P017,W01,2,2,0
20260914,P017,W01,2,2,0
20260915,P017,W01,3,3,0
20260916,P017,W01,1,1,0
20260917,P017,W01,3,3,0
20260918,P017,W01,1,1,0
20260919,P017,W01,4,4,0
20260920,P017,W01,3,3,0
20260921,P017,W01,5,5,0
20260922,P017,W01,0,0,0
20260923,P017,W01,1,1,0
20260924,P017,W01,1,1,0
20260925,P017,W01,1,1,0
20260926,P017,W01,5,5,0
20260927,P017,W01,2,2,0
20260928,P017,W01,3,3,0
20260929,P017,W01,2,2,0
20260930,P017,W01,2,2,0
20251001,P017,W02,0,0,0
20251002,P017,W02,2,2,0
20251003,P017,W02,5,5,0
20251004,P017,W02,0,0,0
20251005,P017,W02,1,1,0
20251006,P017,W02,2,2,0
20251007,P017,W02,2,2,0
20251008,P017,W02,0,0,0
20251009,P017,W02,3,3,0
20251010,P017,W02,2,2,0
20251011,P017,W02,1,1,0
20251012,P017,W02,2,2,0
20251013,P017,W02,4,4,0
20251014,P017,W02,2,2,0
20251015,P017,W02,4,4,0
20251016,P017,W02,5,5,0
20251017,P017,W02,0,0,0
20251018,P017,W02,1,1,0
20251019,P017,W02,2,2,0
20251020,P017,W02,2,2,0
20251021,P017,W02,0,0,0
20251022,P017,W02,2,2,0
20251023,P017,W02,3,3,0
20251024,P017,W02,1,1,0
20251025,P017,W02,3,3,0
20251026,P017,W02,2,2,0
20251027,P017,W02,2,2,0
20251028,P017,W02,6,6,0
20251029,P017,W02,1,1,0
20251030,P017,W02,0,0,0
20251031,P017,W02,4,4,0
20251101,P017,W02,0,0,0
20251102,P017,W02,0,0,0
20251103,P017,W02,2,2,0
20251104,P017,W02,1,1,0
20251105,P017,W02,5,5,0
20251106,P017,W02,1,1,0
20251107,P017,W02,3,3,0
20251108,P017,W02,0,0,0
20251109,P017,W02,0,0,0
20251110,P017,W02,4,4,0
20251111,P017,W02,1,1,0
20251112,P017,W02,2,2,0
20251113,P017,W02,1,1,0
20251114,P017,W02,1,1,0
20251115,P017,W02,1,1,0
20251116,P017,W02,1,1,0
20251117,P017,W02,1,1,0
20251118,P017,W02,2,2,0
20251119,P017,W02,3,3,0
20251120,P017,W02,0,0,0
20251121,P017,W02,2,2,0
20251122,P017,W02,2,2,0
20251123,P017,W02,1,1,0
20251124,P017,W02,5,5,0
20251125,P017,W02,3,3,0
20251126,P017,W02,2,2,0
20251127,P017,W02,1,1,0
20251128,P017,W02,2,2,0
20251129,P017,W02,1,1,0
20251130,P017,W02,1,1,0
20251201,P017,W02,4,4,0
20251202,P017,W02,2,2,0
20251203,P017,W02,3,3,0
20251204,P017,W02,2,2,0
20251205,P017,W02,3,3,0
20251206,P017,W02,1,1,0
20251207,P017,W02,2,2,0
20251208,P017,W02,4,4,0
20251209,P017,W02,2,2,0
20251210,P017,W02,2,2,0
20251211,P017,W02,4,4,0
20251212,P017,W02,0,0,0
20251213,P017,W02,4,4,0
20251214,P017,W02,3,3,0
20251215,P017,W02,0,0,0
20251216,P017,W02,3,3,0
20251217,P017,W02,4,4,0
20251218,P017,W02,3,3,0
20251219,P017,W02,3,3,0
20251220,P017,W02,5,5,0
20251221,P017,W02,4,4,0
20251222,P017,W02,3,3,0
20251223,P017,W02,5,5,0
20251224,P017,W02,2,2,0
20251225,P017,W02,5,5,0
20251226,P017,W02,4,4,0
20251227,P017,W02,2,2,0
20251228,P017,W02,0,0,0
20251229,P017,W02,4,4,0
20251230,P017,W02,1,1,0
20251231,P017,W02,0,0,0
20260101,P017,W02,1,1,0
20260102,P017,W02,4,4,0
20260103,P017,W02,6,6,0
20260104,P017,W02,2,2,0
20260105,P017,W02,3,3,0
20260106,P017,W02,2,2,0
20260107,P017,W02,3,3,0
20260108,P017,W02,1,1,0
20260109,P017,W02,7,7,0
20260110,P017,W02,8,8,0
20260111,P017,W02,2,2,0
20260112,P017,W02,3,3,0
20260113,P017,W02,3,3,0
20260114,P017,W02,4,4,0
20260115,P017,W02,8,8,0
20260116,P017,W02,4,4,0
20260117,P017,W02,4,4,0
20260118,P017,W02,2,2,0
20260119,P017,W02,0,0,0
20260120,P017,W02,2,2,0
20260121,P017,W02,2,2,0
20260122,P017,W02,4,4,0
20260123,P017,W02,3,3,0
20260124,P017,W02,2,2,0
20260125,P017,W02,1,1,0
20260126,P017,W02,4,4,0
20260127,P017,W02,6,6,0
20260128,P017,W02,4,4,0
20260129,P017,W02,5,5,0
20260130,P017,W02,2,2,0
20260131,P017,W02,5,5,0
20260201,P017,W02,4,4,0
20260202,P017,W02,3,3,0
20260203,P017,W02,5,5,0
20260204,P017,W02,1,1,0
20260205,P017,W02,3,3,0
20260206,P017,W02,8,8,0
20260207,P017,W02,1,1,0
20260208,P017,W02,3,3,0
20260209,P017,W02,6,6,0
20260210,P017,W02,1,0,1
20260211,P017,W02,1,0,1
20260212,P017,W02,6,0,6
20260213,P017,W02,1,0,1
20260214,P017,W02,5,0,5
20260215,P017,W02,1,0,1
20260216,P017,W02,2,0,2
20260217,P017,W02,0,0,0
20260218,P017,W02,0,0,0
20260219,P017,W02,6,0,6
20260220,P017,W02,4,4,0
20260221,P017,W02,4,4,0
20260222,P017,W02,2,2,0
20260223,P017,W02,2,2,0
20260224,P017,W02,1,1,0
20260225,P017,W02,3,3,0
20260226,P017,W02,2,2,0
20260227,P017,W02,1,1,0
20260228,P017,W02,3,3,0
20260301,P017,W02,1,1,0
20260302,P017,W02,3,3,0
20260303,P017,W02,2,2,0
20260304,P017,W02,6,6,0
20260305,P017,W02,0,0,0
20260306,P017,W02,2,2,0
20260307,P017,W02,4,4,0
20260308,P017,W02,4,4,0
20260309,P017,W02,5,5,0
20260310,P017,W02,2,2,0
20260311,P017,W02,2,2,0
20260312,P017,W02,4,4,0
20260313,P017,W02,3,3,0
20260314,P017,W02,3,3,0
20260315,P017,W02,1,1,0
20260316,P017,W02,5,5,0
20260317,P017,W02,0,0,0
20260318,P017,W02,2,2,0
20260319,P017,W02,3,3,0
20260320,P017,W02,0,0,0
20260321,P017,W02,1,1,0
20260322,P017,W02,0,0,0
20260323,P017,W02,0,0,0
20260324,P017,W02,3,3,0
20260325,P017,W02,3,3,0
20260326,P017,W02,3,3,0
20260327,P017,W02,1,1,0
20260328,P017,W02,4,4,0
20260329,P017,W02,0,0,0
20260330,P017,W02,3,3,0
20260331,P017,W02,2,2,0
20260401,P017,W02,4,4,0
20260402,P017,W02,3,3,0
20260403,P017,W02,2,2,0
20260404,P017,W02,1,1,0
20260405,P017,W02,3,3,0
20260406,P017,W02,6,6,0
20260407,P017,W02,1,1,0
20260408,P017,W02,1,1,0
20260409,P017,W02,5,5,0
20260410,P017,W02,3,3,0
20260411,P017,W02,2,2,0
20260412,P017,W02,1,1,0
20260413,P017,W02,3,3,0
20260414,P017,W02,2,2,0
20260415,P017,W02,0,0,0
20260416,P017,W02,3,3,0
20260417,P017,W02,3,3,0
20260418,P017,W02,0,0,0
20260419,P017,W02,1,1,0
20260420,P017,W02,4,4,0
20260421,P017,W02,0,0,0
20260422,P017,W02,1,1,0
20260423,P017,W02,5,5,0
20260424,P017,W02,4,4,0
20260425,P017,W02,2,2,0
20260426,P017,W02,4,4,0
20260427,P017,W02,5,5,0
20260428,P017,W02,2,2,0
20260429,P017,W02,2,2,0
20260430,P017,W02,2,2,0
20260501,P017,W02,3,3,0
20260502,P017,W02,1,1,0
20260503,P017,W02,3,3,0
20260504,P017,W02,2,2,0
20260505,P017,W02,2,2,0
20260506,P017,W02,4,4,0
20260507,P017,W02,1,1,0
20260508,P017,W02,2,2,0
20260509,P017,W02,4,4,0
20260510,P017,W02,5,5,0
20260511,P017,W02,8,8,0
20260512,P017,W02,5,5,0
20260513,P017,W02,3,3,0
20260514,P017,W02,1,1,0
20260515,P017,W02,3,3,0
20260516,P017,W02,2,2,0
20260517,P017,W02,2,2,0
20260518,P017,W02,10,10,0
20260519,P017,W02,6,6,0
20260520,P017,W02,1,1,0
20260521,P017,W02,3,3,0
20260522,P017,W02,2,2,0
20260523,P017,W02,2,2,0
20260524,P017,W02,1,1,0
20260525,P017,W02,3,3,0
20260526,P017,W02,1,1,0
20260527,P017,W02,2,2,0
20260528,P017,W02,6,6,0
20260529,P017,W02,2,2,0
20260530,P017,W02,6,6,0
20260531,P017,W02,2,2,0
20260601,P017,W02,7,7,0
20260602,P017,W02,1,1,0
20260603,P017,W02,0,0,0
20260604,P017,W02,3,3,0
20260605,P017,W02,2,2,0
20260606,P017,W02,1,1,0
20260607,P017,W02,0,0,0
20260608,P017,W02,2,2,0
20260609,P017,W02,2,2,0
20260610,P017,W02,2,2,0
20260611,P017,W02,2,2,0
20260612,P017,W02,7,7,0
20260613,P017,W02,5,5,0
20260614,P017,W02,0,0,0
20260615,P017,W02,0,0,0
20260616,P017,W02,6,6,0
20260617,P017,W02,1,0,1
20260618,P017,W02,4,0,4
20260619,P017,W02,3,0,3
20260620,P017,W02,2,0,2
20260621,P017,W02,4,0,4
20260622,P017,W02,3,0,3
20260623,P017,W02,1,0,1
20260624,P017,W02,6,0,6
20260625,P017,W02,0,0,0
20260626,P017,W02,1,0,1
20260627,P017,W02,3,0,3
20260628,P017,W02,5,0,5
20260629,P017,W02,2,0,2
20260630,P017,W02,2,2,0
20260701,P017,W02,5,5,0
20260702,P017,W02,2,2,0
20260703,P017,W02,2,2,0
20260704,P017,W02,6,6,0
20260705,P017,W02,1,1,0
20260706,P017,W02,0,0,0
20260707,P017,W02,2,2,0
20260708,P017,W02,0,0,0
20260709,P017,W02,1,1,0
20260710,P017,W02,2,2,0
20260711,P017,W02,3,3,0
20260712,P017,W02,0,0,0
20260713,P017,W02,6,6,0
20260714,P017,W02,4,4,0
20260715,P017,W02,0,0,0
20260716,P017,W02,4,4,0
20260717,P017,W02,2,2,0
20260718,P017,W02,1,1,0
20260719,P017,W02,4,4,0
20260720,P017,W02,4,4,0
20260721,P017,W02,2,2,0
20260722,P017,W02,4,4,0
20260723,P017,W02,3,3,0
20260724,P017,W02,4,4,0
20260725,P017,W02,3,3,0
20260726,P017,W02,3,3,0
20260727,P017,W02,2,2,0
20260728,P017,W02,2,2,0
20260729,P017,W02,2,2,0
20260730,P017,W02,2,2,0
20260731,P017,W02,3,3,0
20260801,P017,W02,1,1,0
20260802,P017,W02,1,1,0
20260803,P017,W02,2,2,0
20260804,P017,W02,3,3,0
20260805,P017,W02,3,3,0
20260806,P017,W02,2,2,0
20260807,P017,W02,2,2,0
20260808,P017,W02,7,7,0
20260809,P017,W02,1,1,0
20260810,P017,W02,1,1,0
20260811,P017,W02,5,5,0
20260812,P017,W02,4,4,0
20260813,P017,W02,2,2,0
20260814,P017,W02,3,3,0
20260815,P017,W02,1,1,0
20260816,P017,W02,1,1,0
20260817,P017,W02,5,5,0
20260818,P017,W02,6,6,0
20260819,P017,W02,2,2,0
20260820,P017,W02,1,1,0
20260821,P017,W02,3,3,0
20260822,P017,W02,3,3,0
20260823,P017,W02,0,0,0
20260824,P017,W02,3,3,0
20260825,P017,W02,4,4,0
20260826,P017,W02,3,3,0
20260827,P017,W02,5,5,0
20260828,P017,W02,2,2,0
20260829,P017,W02,1,1,0
20260830,P017,W02,1,1,0
20260831,P017,W02,2,2,0
20260901,P017,W02,5,5,0
20260902,P017,W02,4,4,0
20260903,P017,W02,5,5,0
20260904,P017,W02,2,2,0
20260905,P017,W02,6,6,0
20260906,P017,W02,1,1,0
20260907,P017,W02,1,1,0
20260908,P017,W02,6,6,0
20260909,P017,W02,1,1,0
20260910,P017,W02,3,3,0
20260911,P017,W02,3,3,0
20260912,P017,W02,3,3,0
20260913,P017,W02,2,2,0
20260914,P017,W02,5,5,0
20260915,P017,W02,2,2,0
20260916,P017,W02,3,3,0
20260917,P017,W02,2,0,2
20260918,P017,W02,2,0,2
20260919,P017,W02,3,0,3
20260920,P017,W02,2,0,2
20260921,P017,W02,4,0,4
20260922,P017,W02,5,0,5
20260923,P017,W02,3,3,0
20260924,P017,W02,0,0,0
20260925,P017,W02,3,3,0
20260926,P017,W02,0,0,0
20260927,P017,W02,2,2,0
20260928,P017,W02,4,4,0
20260929,P017,W02,0,0,0
20260930,P017,W02,3,3,0
20251001,P017,W03,1,1,0
20251002,P017,W03,3,3,0
20251003,P017,W03,4,4,0
20251004,P017,W03,2,2,0
20251005,P017,W03,0,0,0
20251006,P017,W03,1,1,0
20251007,P017,W03,2,2,0
20251008,P017,W03,4,4,0
20251009,P017,W03,1,1,0
20251010,P017,W03,7,7,0
20251011,P017,W03,1,1,0
20251012,P017,W03,0,0,0
20251013,P017,W03,1,1,0
20251014,P017,W03,0,0,0
20251015,P017,W03,1,1,0
20251016,P017,W03,4,4,0
20251017,P017,W03,3,3,0
20251018,P017,W03,4,4,0
20251019,P017,W03,0,0,0
20251020,P017,W03,2,2,0
20251021,P017,W03,0,0,0
20251022,P017,W03,1,1,0
20251023,P017,W03,1,1,0
20251024,P017,W03,1,1,0
20251025,P017,W03,2,2,0
20251026,P017,W03,3,3,0
20251027,P017,W03,1,1,0
20251028,P017,W03,3,3,0
20251029,P017,W03,2,2,0
20251030,P017,W03,0,0,0
20251031,P017,W03,1,1,0
20251101,P017,W03,2,2,0
20251102,P017,W03,0,0,0
20251103,P017,W03,3,3,0
20251104,P017,W03,2,2,0
20251105,P017,W03,2,2,0
20251106,P017,W03,2,2,0
20251107,P017,W03,2,2,0
20251108,P017,W03,5,5,0
20251109,P017,W03,1,1,0
20251110,P017,W03,3,3,0
20251111,P017,W03,3,3,0
20251112,P017,W03,0,0,0
20251113,P017,W03,5,5,0
20251114,P017,W03,3,3,0
20251115,P017,W03,2,2,0
20251116,P017,W03,1,1,0
20251117,P017,W03,0,0,0
20251118,P017,W03,2,2,0
20251119,P017,W03,1,1,0
20251120,P017,W03,1,1,0
20251121,P017,W03,1,1,0
20251122,P017,W03,5,5,0
20251123,P017,W03,0,0,0
20251124,P017,W03,1,1,0
20251125,P017,W03,2,2,0
20251126,P017,W03,1,1,0
20251127,P017,W03,2,2,0
20251128,P017,W03,3,3,0
20251129,P017,W03,2,2,0
20251130,P017,W03,3,3,0
20251201,P017,W03,1,1,0
20251202,P017,W03,2,2,0
20251203,P017,W03,4,4,0
20251204,P017,W03,3,3,0
20251205,P017,W03,4,4,0
20251206,P017,W03,3,3,0
20251207,P017,W03,2,2,0
20251208,P017,W03,4,4,0
20251209,P017,W03,1,1,0
20251210,P017,W03,2,2,0
20251211,P017,W03,1,1,0
20251212,P017,W03,1,1,0
20251213,P017,W03,1,1,0
20251214,P017,W03,1,1,0
20251215,P017,W03,1,1,0
20251216,P017,W03,2,2,0
20251217,P017,W03,3,3,0
20251218,P017,W03,2,2,0
20251219,P017,W03,5,5,0
20251220,P017,W03,1,1,0
20251221,P017,W03,2,2,0
20251222,P017,W03,3,3,0
20251223,P017,W03,3,3,0
20251224,P017,W03,2,2,0
20251225,P017,W03,4,4,0
20251226,P017,W03,3,3,0
20251227,P017,W03,4,4,0
20251228,P017,W03,1,1,0
20251229,P017,W03,0,0,0
20251230,P017,W03,1,1,0
20251231,P017,W03,1,1,0
20260101,P017,W03,0,0,0
20260102,P017,W03,1,1,0
20260103,P017,W03,2,2,0
20260104,P017,W03,0,0,0
20260105,P017,W03,1,1,0
20260106,P017,W03,0,0,0
20260107,P017,W03,1,1,0
20260108,P017,W03,1,1,0
20260109,P017,W03,2,2,0
20260110,P017,W03,3,3,0
20260111,P017,W03,1,1,0
20260112,P017,W03,2,2,0
20260113,P017,W03,5,5,0
20260114,P017,W03,1,1,0
20260115,P017,W03,1,0,1
20260116,P017,W03,0,0,0
20260117,P017,W03,2,0,2
20260118,P017,W03,2,0,2
20260119,P017,W03,1,0,1
20260120,P017,W03,6,0,6
20260121,P017,W03,3,0,3
20260122,P017,W03,2,0,2
20260123,P017,W03,1,0,1
20260124,P017,W03,2,0,2
20260125,P017,W03,4,0,4
20260126,P017,W03,4,0,4
20260127,P017,W03,3,0,3
20260128,P017,W03,2,2,0
20260129,P017,W03,3,3,0
20260130,P017,W03,3,3,0
20260131,P017,W03,4,4,0
20260201,P017,W03,3,3,0
20260202,P017,W03,3,3,0
20260203,P017,W03,1,1,0
20260204,P017,W03,1,1,0
20260205,P017,W03,3,3,0
20260206,P017,W03,1,1,0
20260207,P017,W03,3,3,0
20260208,P017,W03,1,1,0
20260209,P017,W03,1,1,0
20260210,P017,W03,0,0,0
20260211,P017,W03,2,2,0
20260212,P017,W03,2,2,0
20260213,P017,W03,1,1,0
20260214,P017,W03,2,2,0
20260215,P017,W03,2,2,0
20260216,P017,W03,3,3,0
20260217,P017,W03,3,3,0
20260218,P017,W03,3,3,0
20260219,P017,W03,1,1,0
20260220,P017,W03,3,3,0
20260221,P017,W03,2,2,0
20260222,P017,W03,4,4,0
20260223,P017,W03,4,4,0
20260224,P017,W03,3,3,0
20260225,P017,W03,0,0,0
20260226,P017,W03,6,6,0
20260227,P017,W03,0,0,0
20260228,P017,W03,2,2,0
20260301,P017,W03,1,1,0
20260302,P017,W03,2,2,0
20260303,P017,W03,1,1,0
20260304,P017,W03,1,1,0
20260305,P017,W03,3,3,0
20260306,P017,W03,3,3,0
20260307,P017,W03,1,1,0
20260308,P017,W03,1,1,0
20260309,P017,W03,1,1,0
20260310,P017,W03,1,1,0
20260311,P017,W03,1,1,0
20260312,P017,W03,0,0,0
20260313,P017,W03,3,3,0
20260314,P017,W03,4,4,0
20260315,P017,W03,0,0,0
20260316,P017,W03,0,0,0
20260317,P017,W03,3,3,0
20260318,P017,W03,3,3,0
20260319,P017,W03,1,1,0
20260320,P017,W03,2,2,0
20260321,P017,W03,0,0,0
20260322,P017,W03,2,2,0
20260323,P017,W03,3,3,0
20260324,P017,W03,1,1,0
20260325,P017,W03,3,3,0
20260326,P017,W03,0,0,0
20260327,P017,W03,0,0,0
20260328,P017,W03,5,5,0
20260329,P017,W03,1,1,0
20260330,P017,W03,2,0,2
20260331,P017,W03,3,0,3
20260401,P017,W03,4,0,4
20260402,P017,W03,1,0,1
20260403,P017,W03,2,0,2
20260404,P017,W03,4,0,4
20260405,P017,W03,1,0,1
20260406,P017,W03,0,0,0
20260407,P017,W03,3,0,3
20260408,P017,W03,1,0,1
20260409,P017,W03,2,0,2
20260410,P017,W03,1,0,1
20260411,P017,W03,3,0,3
20260412,P017,W03,2,2,0
20260413,P017,W03,0,0,0
20260414,P017,W03,1,1,0
20260415,P017,W03,2,2,0
20260416,P017,W03,3,3,0
20260417,P017,W03,2,2,0
20260418,P017,W03,1,1,0
20260419,P017,W03,5,5,0
20260420,P017,W03,7,7,0
20260421,P017,W03,2,2,0
20260422,P017,W03,0,0,0
20260423,P017,W03,0,0,0
20260424,P017,W03,2,2,0
20260425,P017,W03,4,4,0
20260426,P017,W03,3,3,0
20260427,P017,W03,1,1,0
20260428,P017,W03,4,4,0
20260429,P017,W03,0,0,0
20260430,P017,W03,4,4,0
20260501,P017,W03,1,1,0
20260502,P017,W03,1,1,0
20260503,P017,W03,0,0,0
20260504,P017,W03,3,3,0
20260505,P017,W03,2,2,0
20260506,P017,W03,2,2,0
20260507,P017,W03,0,0,0
20260508,P017,W03,0,0,0
20260509,P017,W03,3,3,0
20260510,P017,W03,1,1,0
20260511,P017,W03,2,2,0
20260512,P017,W03,3,3,0
20260513,P017,W03,1,1,0
20260514,P017,W03,1,1,0
20260515,P017,W03,2,2,0
20260516,P017,W03,0,0,0
20260517,P017,W03,3,3,0
20260518,P017,W03,2,2,0
20260519,P017,W03,3,3,0
20260520,P017,W03,2,2,0
20260521,P017,W03,2,2,0
20260522,P017,W03,4,4,0
20260523,P017,W03,1,1,0
20260524,P017,W03,2,2,0
20260525,P017,W03,1,1,0
20260526,P017,W03,7,7,0
20260527,P017,W03,0,0,0
20260528,P017,W03,4,4,0
20260529,P017,W03,0,0,0
20260530,P017,W03,2,2,0
20260531,P017,W03,0,0,0
20260601,P017,W03,1,1,0
20260602,P017,W03,3,3,0
20260603,P017,W03,1,1,0
20260604,P017,W03,6,6,0
20260605,P017,W03,3,3,0
20260606,P017,W03,3,3,0
20260607,P017,W03,0,0,0
20260608,P017,W03,2,2,0
20260609,P017,W03,1,1,0
20260610,P017,W03,1,1,0
20260611,P017,W03,5,5,0
20260612,P017,W03,4,4,0
20260613,P017,W03,2,2,0
20260614,P017,W03,0,0,0
20260615,P017,W03,3,3,0
20260616,P017,W03,1,1,0
20260617,P017,W03,1,1,0
20260618,P017,W03,3,3,0
20260619,P017,W03,4,4,0
20260620,P017,W03,1,1,0
20260621,P017,W03,3,3,0
20260622,P017,W03,5,5,0
20260623,P017,W03,2,2,0
20260624,P017,W03,2,2,0
20260625,P017,W03,2,2,0
20260626,P017,W03,1,1,0
20260627,P017,W03,3,3,0
20260628,P017,W03,0,0,0
20260629,P017,W03,1,1,0
20260630,P017,W03,4,4,0
20260701,P017,W03,2,2,0
20260702,P017,W03,3,3,0
20260703,P017,W03,1,1,0
20260704,P017,W03,0,0,0
20260705,P017,W03,3,3,0
20260706,P017,W03,2,2,0
20260707,P017,W03,1,1,0
20260708,P017,W03,1,1,0
20260709,P017,W03,3,3,0
20260710,P017,W03,1,1,0
20260711,P017,W03,4,4,0
20260712,P017,W03,3,3,0
20260713,P017,W03,2,2,0
20260714,P017,W03,3,3,0
20260715,P017,W03,3,3,0
20260716,P017,W03,1,1,0
20260717,P017,W03,2,2,0
20260718,P017,W03,1,1,0
20260719,P017,W03,3,3,0
20260720,P017,W03,0,0,0
20260721,P017,W03,3,3,0
20260722,P017,W03,1,1,0
20260723,P017,W03,1,1,0
20260724,P017,W03,3,3,0
20260725,P017,W03,1,1,0
20260726,P017,W03,1,1,0
20260727,P017,W03,1,1,0
20260728,P017,W03,2,2,0
20260729,P017,W03,0,0,0
20260730,P017,W03,2,2,0
20260731,P017,W03,4,4,0
20260801,P017,W03,1,1,0
20260802,P017,W03,0,0,0
20260803,P017,W03,1,1,0
20260804,P017,W03,3,3,0
20260805,P017,W03,1,1,0
20260806,P017,W03,1,1,0
20260807,P017,W03,1,1,0
20260808,P017,W03,1,1,0
20260809,P017,W03,3,3,0
20260810,P017,W03,1,1,0
20260811,P017,W03,3,3,0
20260812,P017,W03,2,2,0
20260813,P017,W03,6,6,0
20260814,P017,W03,1,1,0
20260815,P017,W03,0,0,0
20260816,P017,W03,1,1,0
20260817,P017,W03,4,4,0
20260818,P017,W03,0,0,0
20260819,P017,W03,1,1,0
20260820,P017,W03,1,1,0
20260821,P017,W03,2,2,0
20260822,P017,W03,2,2,0
20260823,P017,W03,1,1,0
20260824,P017,W03,0,0,0
20260825,P017,W03,1,1,0
20260826,P017,W03,0,0,0
20260827,P017,W03,1,1,0
20260828,P017,W03,3,3,0
20260829,P017,W03,2,2,0
20260830,P017,W03,1,1,0
20260831,P017,W03,1,1,0
20260901,P017,W03,3,3,0
20260902,P017,W03,0,0,0
20260903,P017,W03,3,3,0
20260904,P017,W03,1,1,0
20260905,P017,W03,0,0,0
20260906,P017,W03,0,0,0
20260907,P017,W03,1,1,0
20260908,P017,W03,1,1,0
20260909,P017,W03,5,5,0
20260910,P017,W03,1,1,0
20260911,P017,W03,2,2,0
20260912,P017,W03,0,0,0
20260913,P017,W03,2,2,0
20260914,P017,W03,1,1,0
20260915,P017,W03,1,1,0
20260916,P017,W03,2,2,0
20260917,P017,W03,2,2,0
20260918,P017,W03,0,0,0
20260919,P017,W03,1,1,0
20260920,P017,W03,3,3,0
20260921,P017,W03,3,3,0
20260922,P017,W03,3,3,0
20260923,P017,W03,1,1,0
20260924,P017,W03,3,3,0
20260925,P017,W03,2,2,0
20260926,P017,W03,4,4,0
20260927,P017,W03,0,0,0
20260928,P017,W03,5,5,0
20260929,P017,W03,5,5,0
20260930,P017,W03,1,1,0
20251001,P017,W04,2,2,0
20251002,P017,W04,3,3,0
20251003,P017,W04,0,0,0
20251004,P017,W04,1,1,0
20251005,P017,W04,0,0,0
20251006,P017,W04,3,3,0
20251007,P017,W04,3,3,0
20251008,P017,W04,2,2,0
20251009,P017,W04,2,2,0
20251010,P017,W04,3,3,0
20251011,P017,W04,0,0,0
20251012,P017,W04,1,1,0
20251013,P017,W04,3,3,0
20251014,P017,W04,1,1,0
20251015,P017,W04,5,5,0
20251016,P017,W04,2,2,0
20251017,P017,W04,2,2,0
20251018,P017,W04,2,2,0
20251019,P017,W04,2,2,0
20251020,P017,W04,1,1,0
20251021,P017,W04,3,3,0
20251022,P017,W04,1,1,0
20251023,P017,W04,2,2,0
20251024,P017,W04,1,1,0
20251025,P017,W04,1,1,0
20251026,P017,W04,1,1,0
20251027,P017,W04,0,0,0
20251028,P017,W04,4,4,0
20251029,P017,W04,1,1,0
20251030,P017,W04,2,2,0
20251031,P017,W04,0,0,0
20251101,P017,W04,1,1,0
20251102,P017,W04,1,1,0
20251103,P017,W04,4,4,0
20251104,P017,W04,2,2,0
20251105,P017,W04,0,0,0
20251106,P017,W04,2,2,0
20251107,P017,W04,0,0,0
20251108,P017,W04,0,0,0
20251109,P017,W04,0,0,0
20251110,P017,W04,0,0,0
20251111,P017,W04,3,3,0
20251112,P017,W04,0,0,0
20251113,P017,W04,3,3,0
20251114,P017,W04,2,2,0
20251115,P017,W04,1,1,0
20251116,P017,W04,0,0,0
20251117,P017,W04,3,3,0
20251118,P017,W04,2,2,0
20251119,P017,W04,1,1,0
20251120,P017,W04,1,1,0
20251121,P017,W04,2,2,0
20251122,P017,W04,3,3,0
20251123,P017,W04,1,1,0
20251124,P017,W04,2,2,0
20251125,P017,W04,1,1,0
20251126,P017,W04,2,2,0
20251127,P017,W04,2,2,0
20251128,P017,W04,1,1,0
20251129,P017,W04,1,1,0
20251130,P017,W04,2,2,0
20251201,P017,W04,6,6,0
20251202,P017,W04,2,2,0
20251203,P017,W04,1,1,0
20251204,P017,W04,3,3,0
20251205,P017,W04,2,2,0
20251206,P017,W04,0,0,0
20251207,P017,W04,1,1,0
20251208,P017,W04,1,1,0
20251209,P017,W04,0,0,0
20251210,P017,W04,0,0,0
20251211,P017,W04,5,5,0
20251212,P017,W04,3,3,0
20251213,P017,W04,2,2,0
20251214,P017,W04,1,1,0
20251215,P017,W04,4,4,0
20251216,P017,W04,2,2,0
20251217,P017,W04,1,1,0
20251218,P017,W04,4,4,0
20251219,P017,W04,0,0,0
20251220,P017,W04,2,2,0
20251221,P017,W04,1,1,0
20251222,P017,W04,2,2,0
20251223,P017,W04,1,1,0
20251224,P017,W04,0,0,0
20251225,P017,W04,2,2,0
20251226,P017,W04,3,3,0
20251227,P017,W04,2,2,0
20251228,P017,W04,1,1,0
20251229,P017,W04,1,1,0
20251230,P017,W04,2,2,0
20251231,P017,W04,2,2,0
20260101,P017,W04,3,3,0
20260102,P017,W04,2,2,0
20260103,P017,W04,0,0,0
20260104,P017,W04,3,3,0
20260105,P017,W04,2,2,0
20260106,P017,W04,0,0,0
20260107,P017,W04,1,1,0
20260108,P017,W04,1,1,0
20260109,P017,W04,1,1,0
20260110,P017,W04,0,0,0
20260111,P017,W04,3,3,0
20260112,P017,W04,1,1,0
20260113,P017,W04,2,2,0
20260114,P017,W04,3,3,0
20260115,P017,W04,1,1,0
20260116,P017,W04,3,3,0
20260117,P017,W04,3,3,0
20260118,P017,W04,3,3,0
20260119,P017,W04,0,0,0
20260120,P017,W04,2,2,0
20260121,P017,W04,0,0,0
20260122,P017,W04,2,2,0
20260123,P017,W04,0,0,0
20260124,P017,W04,2,2,0
20260125,P017,W04,3,3,0
20260126,P017,W04,1,1,0
20260127,P017,W04,2,2,0
20260128,P017,W04,2,2,0
20260129,P017,W04,3,3,0
20260130,P017,W04,2,2,0
20260131,P017,W04,3,3,0
20260201,P017,W04,2,2,0
20260202,P017,W04,1,1,0
20260203,P017,W04,1,1,0
20260204,P017,W04,1,1,0
20260205,P017,W04,1,1,0
20260206,P017,W04,3,3,0
20260207,P017,W04,2,2,0
20260208,P017,W04,1,1,0
20260209,P017,W04,0,0,0
20260210,P017,W04,1,1,0
20260211,P017,W04,1,1,0
20260212,P017,W04,1,1,0
20260213,P017,W04,5,5,0
20260214,P017,W04,1,1,0
20260215,P017,W04,4,4,0
20260216,P017,W04,2,2,0
20260217,P017,W04,6,6,0
20260218,P017,W04,2,2,0
20260219,P017,W04,1,1,0
20260220,P017,W04,2,2,0
20260221,P017,W04,2,2,0
20260222,P017,W04,0,0,0
20260223,P017,W04,4,4,0
20260224,P017,W04,1,1,0
20260225,P017,W04,1,1,0
20260226,P017,W04,0,0,0
20260227,P017,W04,2,2,0
20260228,P017,W04,6,6,0
20260301,P017,W04,1,1,0
20260302,P017,W04,2,2,0
20260303,P017,W04,7,7,0
20260304,P017,W04,1,1,0
20260305,P017,W04,1,1,0
20260306,P017,W04,3,3,0
20260307,P017,W04,2,2,0
20260308,P017,W04,0,0,0
20260309,P017,W04,3,3,0
20260310,P017,W04,2,2,0
20260311,P017,W04,1,1,0
20260312,P017,W04,1,1,0
20260313,P017,W04,0,0,0
20260314,P017,W04,3,3,0
20260315,P017,W04,1,0,1
20260316,P017,W04,2,0,2
20260317,P017,W04,3,0,3
20260318,P017,W04,1,0,1
20260319,P017,W04,2,0,2
20260320,P017,W04,2,0,2
20260321,P017,W04,2,0,2
20260322,P017,W04,1,0,1
20260323,P017,W04,1,0,1
20260324,P017,W04,2,0,2
20260325,P017,W04,0,0,0
20260326,P017,W04,1,0,1
20260327,P017,W04,1,0,1
20260328,P017,W04,1,0,1
20260329,P017,W04,0,0,0
20260330,P017,W04,3,0,3
20260331,P017,W04,2,0,2
20260401,P017,W04,3,0,3
20260402,P017,W04,4,0,4
20260403,P017,W04,4,0,4
20260404,P017,W04,1,0,1
20260405,P017,W04,2,0,2
20260406,P017,W04,1,0,1
20260407,P017,W04,3,0,3
20260408,P017,W04,2,0,2
20260409,P017,W04,2,0,2
20260410,P017,W04,3,0,3
20260411,P017,W04,1,1,0
20260412,P017,W04,1,1,0
20260413,P017,W04,1,1,0
20260414,P017,W04,0,0,0
20260415,P017,W04,1,1,0
20260416,P017,W04,2,2,0
20260417,P017,W04,3,3,0
20260418,P017,W04,3,3,0
20260419,P017,W04,3,3,0
20260420,P017,W04,2,2,0
20260421,P017,W04,3,3,0
20260422,P017,W04,3,3,0
20260423,P017,W04,4,4,0
20260424,P017,W04,4,4,0
20260425,P017,W04,0,0,0
20260426,P017,W04,0,0,0
20260427,P017,W04,1,1,0
20260428,P017,W04,4,4,0
20260429,P017,W04,2,2,0
20260430,P017,W04,3,3,0
20260501,P017,W04,1,1,0
20260502,P017,W04,5,5,0
20260503,P017,W04,1,1,0
20260504,P017,W04,1,1,0
20260505,P017,W04,0,0,0
20260506,P017,W04,0,0,0
20260507,P017,W04,4,4,0
20260508,P017,W04,3,3,0
20260509,P017,W04,6,6,0
20260510,P017,W04,1,1,0
20260511,P017,W04,5,5,0
20260512,P017,W04,2,2,0
20260513,P017,W04,1,1,0
20260514,P017,W04,3,3,0
20260515,P017,W04,1,1,0
20260516,P017,W04,1,1,0
20260517,P017,W04,1,1,0
20260518,P017,W04,2,2,0
20260519,P017,W04,0,0,0
20260520,P017,W04,1,1,0
20260521,P017,W04,2,2,0
20260522,P017,W04,2,2,0
20260523,P017,W04,1,1,0
20260524,P017,W04,2,2,0
20260525,P017,W04,1,1,0
20260526,P017,W04,1,1,0
20260527,P017,W04,3,3,0
20260528,P017,W04,1,1,0
20260529,P017,W04,2,2,0
20260530,P017,W04,0,0,0
20260531,P017,W04,0,0,0
20260601,P017,W04,1,1,0
20260602,P017,W04,0,0,0
20260603,P017,W04,2,2,0
20260604,P017,W04,0,0,0
20260605,P017,W04,4,4,0
20260606,P017,W04,2,2,0
20260607,P017,W04,0,0,0
20260608,P017,W04,5,5,0
20260609,P017,W04,2,2,0
20260610,P017,W04,3,3,0
20260611,P017,W04,4,4,0
20260612,P017,W04,4,4,0
20260613,P017,W04,1,1,0
20260614,P017,W04,2,2,0
20260615,P017,W04,5,5,0
20260616,P017,W04,2,2,0
20260617,P017,W04,3,3,0
20260618,P017,W04,0,0,0
20260619,P017,W04,1,1,0
20260620,P017,W04,1,1,0
20260621,P017,W04,1,1,0
20260622,P017,W04,2,2,0
20260623,P017,W04,2,2,0
20260624,P017,W04,4,4,0
20260625,P017,W04,0,0,0
20260626,P017,W04,1,1,0
20260627,P017,W04,2,2,0
20260628,P017,W04,1,1,0
20260629,P017,W04,0,0,0
20260630,P017,W04,4,4,0
20260701,P017,W04,3,3,0
20260702,P017,W04,0,0,0
20260703,P017,W04,1,1,0
20260704,P017,W04,0,0,0
20260705,P017,W04,1,1,0
20260706,P017,W04,0,0,0
20260707,P017,W04,2,2,0
20260708,P017,W04,4,4,0
20260709,P017,W04,1,1,0
20260710,P017,W04,1,1,0
20260711,P017,W04,2,2,0
20260712,P017,W04,1,1,0
20260713,P017,W04,1,1,0
20260714,P017,W04,0,0,0
20260715,P017,W04,6,6,0
20260716,P017,W04,3,3,0
20260717,P017,W04,3,3,0
20260718,P017,W04,1,1,0
20260719,P017,W04,1,1,0
20260720,P017,W04,3,3,0
20260721,P017,W04,1,1,0
20260722,P017,W04,0,0,0
20260723,P017,W04,3,3,0
20260724,P017,W04,6,6,0
20260725,P017,W04,3,3,0
20260726,P017,W04,0,0,0
20260727,P017,W04,0,0,0
20260728,P017,W04,2,2,0
20260729,P017,W04,1,1,0
20260730,P017,W04,1,1,0
20260731,P017,W04,0,0,0
20260801,P017,W04,2,2,0
20260802,P017,W04,0,0,0
20260803,P017,W04,1,1,0
20260804,P017,W04,1,1,0
20260805,P017,W04,4,4,0
20260806,P017,W04,0,0,0
20260807,P017,W04,1,1,0
20260808,P017,W04,0,0,0
20260809,P017,W04,0,0,0
20260810,P017,W04,2,2,0
20260811,P017,W04,1,1,0
20260812,P017,W04,3,3,0
20260813,P017,W04,2,2,0
20260814,P017,W04,1,1,0
20260815,P017,W04,3,3,0
20260816,P017,W04,1,1,0
20260817,P017,W04,2,2,0
20260818,P017,W04,1,1,0
20260819,P017,W04,2,2,0
20260820,P017,W04,1,1,0
20260821,P017,W04,4,4,0
20260822,P017,W04,3,3,0
20260823,P017,W04,2,2,0
20260824,P017,W04,5,5,0
20260825,P017,W04,0,0,0
20260826,P017,W04,1,1,0
20260827,P017,W04,2,2,0
20260828,P017,W04,0,0,0
20260829,P017,W04,4,4,0
20260830,P017,W04,0,0,0
20260831,P017,W04,0,0,0
20260901,P017,W04,1,1,0
20260902,P017,W04,1,1,0
20260903,P017,W04,1,1,0
20260904,P017,W04,4,4,0
20260905,P017,W04,2,2,0
20260906,P017,W04,1,1,0
20260907,P017,W04,5,5,0
20260908,P017,W04,3,3,0
20260909,P017,W04,0,0,0
20260910,P017,W04,0,0,0
20260911,P017,W04,2,2,0
20260912,P017,W04,2,2,0
20260913,P017,W04,1,1,0
20260914,P017,W04,3,3,0
20260915,P017,W04,2,2,0
20260916,P017,W04,1,1,0
20260917,P017,W04,3,3,0
20260918,P017,W04,1,1,0
20260919,P017,W04,1,1,0
20260920,P017,W04,1,1,0
20260921,P017,W04,1,1,0
20260922,P017,W04,1,1,0
20260923,P017,W04,7,7,0
20260924,P017,W04,0,0,0
20260925,P017,W04,3,3,0
20260926,P017,W04,1,1,0
20260927,P017,W04,0,0,0
20260928,P017,W04,2,2,0
20260929,P017,W04,0,0,0
20260930,P017,W04,2,2,0
20251001,P018,W01,13,13,0
20251002,P018,W01,15,15,0
20251003,P018,W01,8,8,0
20251004,P018,W01,12,12,0
20251005,P018,W01,4,4,0
20251006,P018,W01,7,7,0
20251007,P018,W01,7,7,0
20251008,P018,W01,12,12,0
20251009,P018,W01,18,18,0
20251010,P018,W01,12,12,0
20251011,P018,W01,14,14,0
20251012,P018,W01,14,14,0
20251013,P018,W01,10,10,0
20251014,P018,W01,12,12,0
20251015,P018,W01,11,11,0
20251016,P018,W01,12,12,0
20251017,P018,W01,9,9,0
20251018,P018,W01,10,10,0
20251019,P018,W01,10,10,0
20251020,P018,W01,12,12,0
20251021,P018,W01,12,12,0
20251022,P018,W01,12,12,0
20251023,P018,W01,14,14,0
20251024,P018,W01,12,12,0
20251025,P018,W01,18,18,0
20251026,P018,W01,4,4,0
20251027,P018,W01,14,14,0
20251028,P018,W01,10,10,0
20251029,P018,W01,10,10,0
20251030,P018,W01,9,9,0
20251031,P018,W01,11,11,0
20251101,P018,W01,11,11,0
20251102,P018,W01,11,11,0
20251103,P018,W01,12,12,0
20251104,P018,W01,11,11,0
20251105,P018,W01,10,10,0
20251106,P018,W01,13,13,0
20251107,P018,W01,11,11,0
20251108,P018,W01,20,20,0
20251109,P018,W01,7,7,0
20251110,P018,W01,11,11,0
20251111,P018,W01,11,11,0
20251112,P018,W01,18,18,0
20251113,P018,W01,11,11,0
20251114,P018,W01,15,15,0
20251115,P018,W01,15,15,0
20251116,P018,W01,11,11,0
20251117,P018,W01,18,18,0
20251118,P018,W01,14,14,0
20251119,P018,W01,7,7,0
20251120,P018,W01,14,14,0
20251121,P018,W01,10,10,0
20251122,P018,W01,12,12,0
20251123,P018,W01,5,5,0
20251124,P018,W01,14,14,0
20251125,P018,W01,13,13,0
20251126,P018,W01,16,16,0
20251127,P018,W01,10,10,0
20251128,P018,W01,6,6,0
20251129,P018,W01,9,9,0
20251130,P018,W01,6,6,0
20251201,P018,W01,10,10,0
20251202,P018,W01,8,8,0
20251203,P018,W01,14,14,0
20251204,P018,W01,7,7,0
20251205,P018,W01,10,10,0
20251206,P018,W01,15,15,0
20251207,P018,W01,9,9,0
20251208,P018,W01,8,8,0
20251209,P018,W01,13,13,0
20251210,P018,W01,7,7,0
20251211,P018,W01,7,7,0
20251212,P018,W01,11,11,0
20251213,P018,W01,18,18,0
20251214,P018,W01,10,10,0
20251215,P018,W01,12,12,0
20251216,P018,W01,7,7,0
20251217,P018,W01,14,14,0
20251218,P018,W01,10,10,0
20251219,P018,W01,14,14,0
20251220,P018,W01,6,6,0
20251221,P018,W01,6,6,0
20251222,P018,W01,9,9,0
20251223,P018,W01,9,9,0
20251224,P018,W01,11,11,0
20251225,P018,W01,11,11,0
20251226,P018,W01,8,8,0
20251227,P018,W01,8,8,0
20251228,P018,W01,4,4,0
20251229,P018,W01,13,13,0
20251230,P018,W01,10,10,0
20251231,P018,W01,11,11,0
20260101,P018,W01,8,8,0
20260102,P018,W01,6,6,0
20260103,P018,W01,7,7,0
20260104,P018,W01,9,9,0
20260105,P018,W01,13,13,0
20260106,P018,W01,9,9,0
20260107,P018,W01,12,12,0
20260108,P018,W01,9,9,0
20260109,P018,W01,12,12,0
20260110,P018,W01,13,13,0
20260111,P018,W01,7,7,0
20260112,P018,W01,8,8,0
20260113,P018,W01,14,14,0
20260114,P018,W01,11,11,0
20260115,P018,W01,11,11,0
20260116,P018,W01,15,15,0
20260117,P018,W01,10,10,0
20260118,P018,W01,9,9,0
20260119,P018,W01,10,10,0
20260120,P018,W01,17,17,0
20260121,P018,W01,10,10,0
20260122,P018,W01,11,11,0
20260123,P018,W01,18,18,0
20260124,P018,W01,12,12,0
20260125,P018,W01,11,11,0
20260126,P018,W01,19,19,0
20260127,P018,W01,12,12,0
20260128,P018,W01,14,14,0
20260129,P018,W01,7,7,0
20260130,P018,W01,14,14,0
20260131,P018,W01,19,19,0
20260201,P018,W01,7,7,0
20260202,P018,W01,12,12,0
20260203,P018,W01,16,16,0
20260204,P018,W01,15,15,0
20260205,P018,W01,15,15,0
20260206,P018,W01,13,13,0
20260207,P018,W01,16,16,0
20260208,P018,W01,4,4,0
20260209,P018,W01,13,13,0
20260210,P018,W01,9,9,0
20260211,P018,W01,8,8,0
20260212,P018,W01,12,12,0
20260213,P018,W01,11,11,0
20260214,P018,W01,10,10,0
20260215,P018,W01,9,9,0
20260216,P018,W01,11,11,0
20260217,P018,W01,11,11,0
20260218,P018,W01,10,10,0
20260219,P018,W01,9,9,0
20260220,P018,W01,13,13,0
20260221,P018,W01,8,8,0
20260222,P018,W01,8,8,0
20260223,P018,W01,14,14,0
20260224,P018,W01,11,11,0
20260225,P018,W01,8,8,0
20260226,P018,W01,14,14,0
20260227,P018,W01,17,17,0
20260228,P018,W01,8,8,0
20260301,P018,W01,7,7,0
20260302,P018,W01,10,10,0
20260303,P018,W01,14,14,0
20260304,P018,W01,15,15,0
20260305,P018,W01,19,19,0
20260306,P018,W01,13,13,0
20260307,P018,W01,15,15,0
20260308,P018,W01,8,8,0
20260309,P018,W01,15,15,0
20260310,P018,W01,17,17,0
20260311,P018,W01,13,13,0
20260312,P018,W01,11,11,0
20260313,P018,W01,16,16,0
20260314,P018,W01,9,9,0
20260315,P018,W01,9,9,0
20260316,P018,W01,12,12,0
20260317,P018,W01,11,11,0
20260318,P018,W01,17,17,0
20260319,P018,W01,14,14,0
20260320,P018,W01,13,13,0
20260321,P018,W01,14,14,0
20260322,P018,W01,7,7,0
20260323,P018,W01,11,11,0
20260324,P018,W01,11,11,0
20260325,P018,W01,18,18,0
20260326,P018,W01,11,11,0
20260327,P018,W01,11,11,0
20260328,P018,W01,15,15,0
20260329,P018,W01,5,5,0
20260330,P018,W01,15,15,0
20260331,P018,W01,14,14,0
20260401,P018,W01,9,9,0
20260402,P018,W01,16,16,0
20260403,P018,W01,14,14,0
20260404,P018,W01,14,14,0
20260405,P018,W01,7,7,0
20260406,P018,W01,10,10,0
20260407,P018,W01,17,17,0
20260408,P018,W01,18,18,0
20260409,P018,W01,9,9,0
20260410,P018,W01,11,11,0
20260411,P018,W01,9,9,0
20260412,P018,W01,9,9,0
20260413,P018,W01,13,13,0
20260414,P018,W01,18,18,0
20260415,P018,W01,13,13,0
20260416,P018,W01,9,9,0
20260417,P018,W01,19,19,0
20260418,P018,W01,5,5,0
20260419,P018,W01,7,7,0
20260420,P018,W01,10,10,0
20260421,P018,W01,11,11,0
20260422,P018,W01,17,17,0
20260423,P018,W01,13,13,0
20260424,P018,W01,9,9,0
20260425,P018,W01,10,10,0
20260426,P018,W01,10,10,0
20260427,P018,W01,19,19,0
20260428,P018,W01,15,15,0
20260429,P018,W01,11,11,0
20260430,P018,W01,12,12,0
20260501,P018,W01,8,8,0
20260502,P018,W01,10,10,0
20260503,P018,W01,7,7,0
20260504,P018,W01,17,17,0
20260505,P018,W01,7,7,0
20260506,P018,W01,16,16,0
20260507,P018,W01,8,8,0
20260508,P018,W01,12,12,0
20260509,P018,W01,11,11,0
20260510,P018,W01,5,5,0
20260511,P018,W01,11,11,0
20260512,P018,W01,14,14,0
20260513,P018,W01,14,14,0
20260514,P018,W01,11,11,0
20260515,P018,W01,18,18,0
20260516,P018,W01,15,15,0
20260517,P018,W01,7,7,0
20260518,P018,W01,9,9,0
20260519,P018,W01,20,20,0
20260520,P018,W01,15,15,0
20260521,P018,W01,12,12,0
20260522,P018,W01,14,14,0
20260523,P018,W01,10,10,0
20260524,P018,W01,9,9,0
20260525,P018,W01,14,14,0
20260526,P018,W01,12,12,0
20260527,P018,W01,6,6,0
20260528,P018,W01,10,10,0
20260529,P018,W01,11,11,0
20260530,P018,W01,11,11,0
20260531,P018,W01,6,6,0
20260601,P018,W01,15,15,0
20260602,P018,W01,13,13,0
20260603,P018,W01,13,13,0
20260604,P018,W01,9,9,0
20260605,P018,W01,14,14,0
20260606,P018,W01,19,19,0
20260607,P018,W01,10,10,0
20260608,P018,W01,13,13,0
20260609,P018,W01,11,11,0
20260610,P018,W01,13,13,0
20260611,P018,W01,8,8,0
20260612,P018,W01,12,12,0
20260613,P018,W01,10,10,0
20260614,P018,W01,5,5,0
20260615,P018,W01,9,9,0
20260616,P018,W01,5,5,0
20260617,P018,W01,7,7,0
20260618,P018,W01,11,11,0
20260619,P018,W01,11,11,0
20260620,P018,W01,8,8,0
20260621,P018,W01,4,4,0
20260622,P018,W01,9,9,0
20260623,P018,W01,6,6,0
20260624,P018,W01,15,15,0
20260625,P018,W01,14,14,0
20260626,P018,W01,11,11,0
20260627,P018,W01,16,16,0
20260628,P018,W01,14,14,0
20260629,P018,W01,10,10,0
20260630,P018,W01,9,9,0
20260701,P018,W01,14,14,0
20260702,P018,W01,11,11,0
20260703,P018,W01,5,5,0
20260704,P018,W01,11,11,0
20260705,P018,W01,7,7,0
20260706,P018,W01,13,13,0
20260707,P018,W01,13,13,0
20260708,P018,W01,10,10,0
20260709,P018,W01,18,18,0
20260710,P018,W01,16,16,0
20260711,P018,W01,6,6,0
20260712,P018,W01,9,9,0
20260713,P018,W01,11,11,0
20260714,P018,W01,7,7,0
20260715,P018,W01,4,4,0
20260716,P018,W01,10,10,0
20260717,P018,W01,7,7,0
20260718,P018,W01,9,9,0
20260719,P018,W01,8,8,0
20260720,P018,W01,7,7,0
20260721,P018,W01,10,10,0
20260722,P018,W01,9,9,0
20260723,P018,W01,15,15,0
20260724,P018,W01,10,10,0
20260725,P018,W01,10,10,0
20260726,P018,W01,9,9,0
20260727,P018,W01,17,17,0
20260728,P018,W01,11,11,0
20260729,P018,W01,12,12,0
20260730,P018,W01,12,12,0
20260731,P018,W01,14,14,0
20260801,P018,W01,15,15,0
20260802,P018,W01,5,5,0
20260803,P018,W01,12,12,0
20260804,P018,W01,12,12,0
20260805,P018,W01,8,8,0
20260806,P018,W01,9,9,0
20260807,P018,W01,11,11,0
20260808,P018,W01,12,12,0
20260809,P018,W01,6,6,0
20260810,P018,W01,9,9,0
20260811,P018,W01,9,9,0
20260812,P018,W01,11,11,0
20260813,P018,W01,12,12,0
20260814,P018,W01,12,12,0
20260815,P018,W01,6,6,0
20260816,P018,W01,7,7,0
20260817,P018,W01,16,16,0
20260818,P018,W01,13,13,0
20260819,P018,W01,13,13,0
20260820,P018,W01,11,11,0
20260821,P018,W01,15,15,0
20260822,P018,W01,9,9,0
20260823,P018,W01,5,5,0
20260824,P018,W01,12,12,0
20260825,P018,W01,16,16,0
20260826,P018,W01,7,7,0
20260827,P018,W01,14,14,0
20260828,P018,W01,12,12,0
20260829,P018,W01,15,15,0
20260830,P018,W01,9,9,0
20260831,P018,W01,4,4,0
20260901,P018,W01,10,10,0
20260902,P018,W01,12,12,0
20260903,P018,W01,11,11,0
20260904,P018,W01,9,9,0
20260905,P018,W01,9,9,0
20260906,P018,W01,9,9,0
20260907,P018,W01,19,19,0
20260908,P018,W01,11,11,0
20260909,P018,W01,11,11,0
20260910,P018,W01,12,12,0
20260911,P018,W01,10,10,0
20260912,P018,W01,10,10,0
20260913,P018,W01,8,8,0
20260914,P018,W01,9,9,0
20260915,P018,W01,10,10,0
20260916,P018,W01,6,6,0
20260917,P018,W01,10,10,0
20260918,P018,W01,6,6,0
20260919,P018,W01,10,10,0
20260920,P018,W01,7,7,0
20260921,P018,W01,13,13,0
20260922,P018,W01,7,7,0
20260923,P018,W01,14,14,0
20260924,P018,W01,16,16,0
20260925,P018,W01,10,10,0
20260926,P018,W01,18,18,0
20260927,P018,W01,9,9,0
20260928,P018,W01,16,16,0
20260929,P018,W01,5,5,0
20260930,P018,W01,12,12,0
20251001,P018,W02,7,7,0
20251002,P018,W02,11,11,0
20251003,P018,W02,10,10,0
20251004,P018,W02,11,11,0
20251005,P018,W02,9,9,0
20251006,P018,W02,9,9,0
20251007,P018,W02,15,15,0
20251008,P018,W02,9,9,0
20251009,P018,W02,7,7,0
20251010,P018,W02,12,12,0
20251011,P018,W02,17,17,0
20251012,P018,W02,9,9,0
20251013,P018,W02,15,15,0
20251014,P018,W02,8,8,0
20251015,P018,W02,13,13,0
20251016,P018,W02,10,10,0
20251017,P018,W02,7,7,0
20251018,P018,W02,10,10,0
20251019,P018,W02,4,4,0
20251020,P018,W02,7,7,0
20251021,P018,W02,17,17,0
20251022,P018,W02,8,8,0
20251023,P018,W02,9,9,0
20251024,P018,W02,19,19,0
20251025,P018,W02,14,14,0
20251026,P018,W02,8,8,0
20251027,P018,W02,6,6,0
20251028,P018,W02,6,6,0
20251029,P018,W02,17,17,0
20251030,P018,W02,13,13,0
20251031,P018,W02,13,13,0
20251101,P018,W02,13,13,0
20251102,P018,W02,9,9,0
20251103,P018,W02,17,17,0
20251104,P018,W02,6,6,0
20251105,P018,W02,15,15,0
20251106,P018,W02,9,9,0
20251107,P018,W02,12,12,0
20251108,P018,W02,18,18,0
20251109,P018,W02,7,7,0
20251110,P018,W02,8,8,0
20251111,P018,W02,14,14,0
20251112,P018,W02,23,23,0
20251113,P018,W02,11,11,0
20251114,P018,W02,12,12,0
20251115,P018,W02,10,10,0
20251116,P018,W02,7,7,0
20251117,P018,W02,17,17,0
20251118,P018,W02,10,10,0
20251119,P018,W02,16,16,0
20251120,P018,W02,8,8,0
20251121,P018,W02,11,11,0
20251122,P018,W02,12,12,0
20251123,P018,W02,19,19,0
20251124,P018,W02,11,11,0
20251125,P018,W02,12,12,0
20251126,P018,W02,11,11,0
20251127,P018,W02,13,13,0
20251128,P018,W02,8,8,0
20251129,P018,W02,19,19,0
20251130,P018,W02,9,9,0
20251201,P018,W02,10,10,0
20251202,P018,W02,14,14,0
20251203,P018,W02,15,15,0
20251204,P018,W02,17,17,0
20251205,P018,W02,13,13,0
20251206,P018,W02,11,11,0
20251207,P018,W02,5,5,0
20251208,P018,W02,13,13,0
20251209,P018,W02,7,7,0
20251210,P018,W02,10,10,0
20251211,P018,W02,15,15,0
20251212,P018,W02,9,9,0
20251213,P018,W02,18,18,0
20251214,P018,W02,10,10,0
20251215,P018,W02,18,18,0
20251216,P018,W02,16,16,0
20251217,P018,W02,9,9,0
20251218,P018,W02,15,15,0
20251219,P018,W02,11,11,0
20251220,P018,W02,8,8,0
20251221,P018,W02,12,12,0
20251222,P018,W02,15,15,0
20251223,P018,W02,8,8,0
20251224,P018,W02,10,10,0
20251225,P018,W02,17,17,0
20251226,P018,W02,11,11,0
20251227,P018,W02,13,13,0
20251228,P018,W02,6,6,0
20251229,P018,W02,10,10,0
20251230,P018,W02,17,17,0
20251231,P018,W02,17,17,0
20260101,P018,W02,8,8,0
20260102,P018,W02,12,12,0
20260103,P018,W02,17,17,0
20260104,P018,W02,5,5,0
20260105,P018,W02,15,15,0
20260106,P018,W02,13,13,0
20260107,P018,W02,16,16,0
20260108,P018,W02,15,15,0
20260109,P018,W02,18,18,0
20260110,P018,W02,16,16,0
20260111,P018,W02,7,7,0
20260112,P018,W02,10,10,0
20260113,P018,W02,16,16,0
20260114,P018,W02,11,11,0
20260115,P018,W02,10,10,0
20260116,P018,W02,9,9,0
20260117,P018,W02,18,18,0
20260118,P018,W02,7,7,0
20260119,P018,W02,9,9,0
20260120,P018,W02,17,17,0
20260121,P018,W02,16,16,0
20260122,P018,W02,8,8,0
20260123,P018,W02,9,9,0
20260124,P018,W02,14,14,0
20260125,P018,W02,6,6,0
20260126,P018,W02,15,15,0
20260127,P018,W02,13,13,0
20260128,P018,W02,14,14,0
20260129,P018,W02,8,8,0
20260130,P018,W02,13,13,0
20260131,P018,W02,13,13,0
20260201,P018,W02,5,5,0
20260202,P018,W02,17,17,0
20260203,P018,W02,13,13,0
20260204,P018,W02,12,12,0
20260205,P018,W02,9,9,0
20260206,P018,W02,11,11,0
20260207,P018,W02,16,16,0
20260208,P018,W02,11,11,0
20260209,P018,W02,10,10,0
20260210,P018,W02,11,11,0
20260211,P018,W02,12,12,0
20260212,P018,W02,13,13,0
20260213,P018,W02,12,12,0
20260214,P018,W02,14,14,0
20260215,P018,W02,12,12,0
20260216,P018,W02,17,17,0
20260217,P018,W02,14,14,0
20260218,P018,W02,11,11,0
20260219,P018,W02,11,11,0
20260220,P018,W02,12,12,0
20260221,P018,W02,13,13,0
20260222,P018,W02,10,10,0
20260223,P018,W02,6,6,0
20260224,P018,W02,12,12,0
20260225,P018,W02,8,8,0
20260226,P018,W02,12,12,0
20260227,P018,W02,13,13,0
20260228,P018,W02,18,18,0
20260301,P018,W02,8,8,0
20260302,P018,W02,18,18,0
20260303,P018,W02,16,16,0
20260304,P018,W02,12,12,0
20260305,P018,W02,19,19,0
20260306,P018,W02,13,13,0
20260307,P018,W02,16,16,0
20260308,P018,W02,9,9,0
20260309,P018,W02,8,8,0
20260310,P018,W02,15,15,0
20260311,P018,W02,14,14,0
20260312,P018,W02,15,15,0
20260313,P018,W02,25,25,0
20260314,P018,W02,11,11,0
20260315,P018,W02,11,11,0
20260316,P018,W02,13,13,0
20260317,P018,W02,14,14,0
20260318,P018,W02,16,16,0
20260319,P018,W02,20,20,0
20260320,P018,W02,14,14,0
20260321,P018,W02,13,13,0
20260322,P018,W02,3,3,0
20260323,P018,W02,12,12,0
20260324,P018,W02,14,14,0
20260325,P018,W02,13,13,0
20260326,P018,W02,11,11,0
20260327,P018,W02,17,17,0
20260328,P018,W02,17,17,0
20260329,P018,W02,10,10,0
20260330,P018,W02,16,16,0
20260331,P018,W02,10,10,0
20260401,P018,W02,17,17,0
20260402,P018,W02,12,12,0
20260403,P018,W02,14,14,0
20260404,P018,W02,13,13,0
20260405,P018,W02,7,7,0
20260406,P018,W02,22,22,0
20260407,P018,W02,14,14,0
20260408,P018,W02,17,17,0
20260409,P018,W02,14,14,0
20260410,P018,W02,14,14,0
20260411,P018,W02,10,10,0
20260412,P018,W02,11,11,0
20260413,P018,W02,19,19,0
20260414,P018,W02,15,15,0
20260415,P018,W02,12,12,0
20260416,P018,W02,13,13,0
20260417,P018,W02,7,7,0
20260418,P018,W02,15,15,0
20260419,P018,W02,8,8,0
20260420,P018,W02,15,15,0
20260421,P018,W02,7,7,0
20260422,P018,W02,20,20,0
20260423,P018,W02,13,13,0
20260424,P018,W02,11,11,0
20260425,P018,W02,11,11,0
20260426,P018,W02,8,8,0
20260427,P018,W02,9,9,0
20260428,P018,W02,16,16,0
20260429,P018,W02,14,14,0
20260430,P018,W02,19,19,0
20260501,P018,W02,13,13,0
20260502,P018,W02,11,11,0
20260503,P018,W02,6,6,0
20260504,P018,W02,11,11,0
20260505,P018,W02,17,17,0
20260506,P018,W02,15,15,0
20260507,P018,W02,13,13,0
20260508,P018,W02,13,13,0
20260509,P018,W02,14,14,0
20260510,P018,W02,10,10,0
20260511,P018,W02,18,18,0
20260512,P018,W02,10,10,0
20260513,P018,W02,10,10,0
20260514,P018,W02,19,19,0
20260515,P018,W02,8,8,0
20260516,P018,W02,21,21,0
20260517,P018,W02,10,10,0
20260518,P018,W02,13,13,0
20260519,P018,W02,8,8,0
20260520,P018,W02,15,15,0
20260521,P018,W02,13,13,0
20260522,P018,W02,11,11,0
20260523,P018,W02,7,7,0
20260524,P018,W02,8,8,0
20260525,P018,W02,11,11,0
20260526,P018,W02,16,16,0
20260527,P018,W02,6,6,0
20260528,P018,W02,15,15,0
20260529,P018,W02,15,15,0
20260530,P018,W02,11,11,0
20260531,P018,W02,10,10,0
20260601,P018,W02,6,6,0
20260602,P018,W02,14,14,0
20260603,P018,W02,10,10,0
20260604,P018,W02,18,18,0
20260605,P018,W02,17,17,0
20260606,P018,W02,8,8,0
20260607,P018,W02,8,8,0
20260608,P018,W02,17,17,0
20260609,P018,W02,16,16,0
20260610,P018,W02,12,12,0
20260611,P018,W02,8,8,0
20260612,P018,W02,10,10,0
20260613,P018,W02,12,12,0
20260614,P018,W02,8,8,0
20260615,P018,W02,11,11,0
20260616,P018,W02,16,16,0
20260617,P018,W02,7,7,0
20260618,P018,W02,14,14,0
20260619,P018,W02,20,20,0
20260620,P018,W02,14,14,0
20260621,P018,W02,8,8,0
20260622,P018,W02,10,10,0
20260623,P018,W02,10,10,0
20260624,P018,W02,16,16,0
20260625,P018,W02,9,9,0
20260626,P018,W02,21,21,0
20260627,P018,W02,14,14,0
20260628,P018,W02,7,7,0
20260629,P018,W02,8,8,0
20260630,P018,W02,8,8,0
20260701,P018,W02,11,11,0
20260702,P018,W02,14,14,0
20260703,P018,W02,15,15,0
20260704,P018,W02,10,10,0
20260705,P018,W02,8,8,0
20260706,P018,W02,8,8,0
20260707,P018,W02,9,9,0
20260708,P018,W02,14,14,0
20260709,P018,W02,15,15,0
20260710,P018,W02,15,15,0
20260711,P018,W02,10,10,0
20260712,P018,W02,6,6,0
20260713,P018,W02,11,11,0
20260714,P018,W02,18,18,0
20260715,P018,W02,13,13,0
20260716,P018,W02,8,8,0
20260717,P018,W02,15,15,0
20260718,P018,W02,9,9,0
20260719,P018,W02,3,3,0
20260720,P018,W02,6,6,0
20260721,P018,W02,11,11,0
20260722,P018,W02,11,11,0
20260723,P018,W02,10,10,0
20260724,P018,W02,14,14,0
20260725,P018,W02,11,11,0
20260726,P018,W02,8,8,0
20260727,P018,W02,17,17,0
20260728,P018,W02,14,14,0
20260729,P018,W02,9,9,0
20260730,P018,W02,11,11,0
20260731,P018,W02,16,16,0
20260801,P018,W02,11,11,0
20260802,P018,W02,6,6,0
20260803,P018,W02,18,18,0
20260804,P018,W02,10,10,0
20260805,P018,W02,12,12,0
20260806,P018,W02,11,11,0
20260807,P018,W02,4,4,0
20260808,P018,W02,12,12,0
20260809,P018,W02,8,8,0
20260810,P018,W02,7,7,0
20260811,P018,W02,14,14,0
20260812,P018,W02,15,15,0
20260813,P018,W02,16,16,0
20260814,P018,W02,11,11,0
20260815,P018,W02,13,13,0
20260816,P018,W02,8,8,0
20260817,P018,W02,18,18,0
20260818,P018,W02,16,16,0
20260819,P018,W02,16,16,0
20260820,P018,W02,10,10,0
20260821,P018,W02,12,12,0
20260822,P018,W02,9,9,0
20260823,P018,W02,9,9,0
20260824,P018,W02,19,19,0
20260825,P018,W02,16,16,0
20260826,P018,W02,10,10,0
20260827,P018,W02,14,14,0
20260828,P018,W02,11,11,0
20260829,P018,W02,14,14,0
20260830,P018,W02,8,8,0
20260831,P018,W02,6,6,0
20260901,P018,W02,12,12,0
20260902,P018,W02,17,17,0
20260903,P018,W02,14,14,0
20260904,P018,W02,14,14,0
20260905,P018,W02,20,20,0
20260906,P018,W02,10,10,0
20260907,P018,W02,9,9,0
20260908,P018,W02,17,17,0
20260909,P018,W02,15,15,0
20260910,P018,W02,15,15,0
20260911,P018,W02,11,11,0
20260912,P018,W02,14,14,0
20260913,P018,W02,4,4,0
20260914,P018,W02,20,20,0
20260915,P018,W02,10,10,0
20260916,P018,W02,12,12,0
20260917,P018,W02,10,10,0
20260918,P018,W02,11,11,0
20260919,P018,W02,8,8,0
20260920,P018,W02,4,4,0
20260921,P018,W02,10,10,0
20260922,P018,W02,5,5,0
20260923,P018,W02,13,13,0
20260924,P018,W02,6,6,0
20260925,P018,W02,11,11,0
20260926,P018,W02,21,21,0
20260927,P018,W02,16,16,0
20260928,P018,W02,13,13,0
20260929,P018,W02,10,10,0
20260930,P018,W02,19,19,0
20251001,P018,W03,9,9,0
20251002,P018,W03,7,7,0
20251003,P018,W03,12,12,0
20251004,P018,W03,12,12,0
20251005,P018,W03,9,9,0
20251006,P018,W03,13,13,0
20251007,P018,W03,9,9,0
20251008,P018,W03,5,5,0
20251009,P018,W03,12,12,0
20251010,P018,W03,10,10,0
20251011,P018,W03,8,8,0
20251012,P018,W03,3,3,0
20251013,P018,W03,13,13,0
20251014,P018,W03,13,13,0
20251015,P018,W03,9,9,0
20251016,P018,W03,10,10,0
20251017,P018,W03,13,13,0
20251018,P018,W03,9,9,0
20251019,P018,W03,6,6,0
20251020,P018,W03,9,9,0
20251021,P018,W03,11,11,0
20251022,P018,W03,7,7,0
20251023,P018,W03,8,8,0
20251024,P018,W03,11,11,0
20251025,P018,W03,13,13,0
20251026,P018,W03,4,4,0
20251027,P018,W03,7,7,0
20251028,P018,W03,11,11,0
20251029,P018,W03,3,3,0
20251030,P018,W03,6,6,0
20251031,P018,W03,6,6,0
20251101,P018,W03,9,9,0
20251102,P018,W03,8,8,0
20251103,P018,W03,9,9,0
20251104,P018,W03,10,10,0
20251105,P018,W03,11,11,0
20251106,P018,W03,8,8,0
20251107,P018,W03,12,12,0
20251108,P018,W03,14,14,0
20251109,P018,W03,8,8,0
20251110,P018,W03,7,7,0
20251111,P018,W03,11,11,0
20251112,P018,W03,12,12,0
20251113,P018,W03,14,14,0
20251114,P018,W03,8,8,0
20251115,P018,W03,7,7,0
20251116,P018,W03,9,9,0
20251117,P018,W03,16,16,0
20251118,P018,W03,8,8,0
20251119,P018,W03,6,6,0
20251120,P018,W03,8,8,0
20251121,P018,W03,8,8,0
20251122,P018,W03,9,9,0
20251123,P018,W03,4,4,0
20251124,P018,W03,8,8,0
20251125,P018,W03,14,14,0
20251126,P018,W03,13,13,0
20251127,P018,W03,14,14,0
20251128,P018,W03,11,11,0
20251129,P018,W03,7,7,0
20251130,P018,W03,8,8,0
20251201,P018,W03,10,10,0
20251202,P018,W03,13,13,0
20251203,P018,W03,9,9,0
20251204,P018,W03,6,6,0
20251205,P018,W03,12,12,0
20251206,P018,W03,16,16,0
20251207,P018,W03,1,1,0
20251208,P018,W03,7,7,0
20251209,P018,W03,7,7,0
20251210,P018,W03,8,8,0
20251211,P018,W03,6,6,0
20251212,P018,W03,12,12,0
20251213,P018,W03,11,11,0
20251214,P018,W03,8,8,0
20251215,P018,W03,11,11,0
20251216,P018,W03,4,4,0
20251217,P018,W03,8,8,0
20251218,P018,W03,8,8,0
20251219,P018,W03,8,8,0
20251220,P018,W03,4,4,0
20251221,P018,W03,7,7,0
20251222,P018,W03,11,11,0
20251223,P018,W03,13,13,0
20251224,P018,W03,3,3,0
20251225,P018,W03,6,6,0
20251226,P018,W03,6,6,0
20251227,P018,W03,8,8,0
20251228,P018,W03,7,7,0
20251229,P018,W03,11,11,0
20251230,P018,W03,9,9,0
20251231,P018,W03,15,15,0
20260101,P018,W03,10,10,0
20260102,P018,W03,12,12,0
20260103,P018,W03,10,10,0
20260104,P018,W03,8,8,0
20260105,P018,W03,10,10,0
20260106,P018,W03,15,15,0
20260107,P018,W03,14,14,0
20260108,P018,W03,8,8,0
20260109,P018,W03,15,15,0
20260110,P018,W03,8,8,0
20260111,P018,W03,4,4,0
20260112,P018,W03,15,15,0
20260113,P018,W03,14,14,0
20260114,P018,W03,11,11,0
20260115,P018,W03,9,9,0
20260116,P018,W03,9,9,0
20260117,P018,W03,8,8,0
20260118,P018,W03,7,7,0
20260119,P018,W03,10,10,0
20260120,P018,W03,11,11,0
20260121,P018,W03,13,13,0
20260122,P018,W03,9,9,0
20260123,P018,W03,13,13,0
20260124,P018,W03,12,12,0
20260125,P018,W03,2,2,0
20260126,P018,W03,5,5,0
20260127,P018,W03,12,12,0
20260128,P018,W03,10,10,0
20260129,P018,W03,11,11,0
20260130,P018,W03,15,15,0
20260131,P018,W03,4,4,0
20260201,P018,W03,6,6,0
20260202,P018,W03,12,12,0
20260203,P018,W03,3,3,0
20260204,P018,W03,12,12,0
20260205,P018,W03,8,8,0
20260206,P018,W03,23,23,0
20260207,P018,W03,14,14,0
20260208,P018,W03,11,11,0
20260209,P018,W03,13,13,0
20260210,P018,W03,5,5,0
20260211,P018,W03,12,12,0
20260212,P018,W03,11,11,0
20260213,P018,W03,10,10,0
20260214,P018,W03,16,16,0
20260215,P018,W03,7,7,0
20260216,P018,W03,9,9,0
20260217,P018,W03,12,12,0
20260218,P018,W03,11,11,0
20260219,P018,W03,11,11,0
20260220,P018,W03,9,9,0
20260221,P018,W03,16,16,0
20260222,P018,W03,4,4,0
20260223,P018,W03,12,12,0
20260224,P018,W03,11,11,0
20260225,P018,W03,13,13,0
20260226,P018,W03,6,6,0
20260227,P018,W03,6,6,0
20260228,P018,W03,14,14,0
20260301,P018,W03,5,5,0
20260302,P018,W03,9,9,0
20260303,P018,W03,4,4,0
20260304,P018,W03,5,5,0
20260305,P018,W03,13,13,0
20260306,P018,W03,10,10,0
20260307,P018,W03,10,10,0
20260308,P018,W03,8,8,0
20260309,P018,W03,15,15,0
20260310,P018,W03,11,11,0
20260311,P018,W03,9,9,0
20260312,P018,W03,9,9,0
20260313,P018,W03,10,10,0
20260314,P018,W03,7,7,0
20260315,P018,W03,6,6,0
20260316,P018,W03,7,7,0
20260317,P018,W03,8,8,0
20260318,P018,W03,9,9,0
20260319,P018,W03,4,4,0
20260320,P018,W03,14,14,0
20260321,P018,W03,9,9,0
20260322,P018,W03,4,4,0
20260323,P018,W03,12,12,0
20260324,P018,W03,13,13,0
20260325,P018,W03,13,13,0
20260326,P018,W03,16,16,0
20260327,P018,W03,8,8,0
20260328,P018,W03,7,7,0
20260329,P018,W03,4,4,0
20260330,P018,W03,11,11,0
20260331,P018,W03,11,11,0
20260401,P018,W03,15,15,0
20260402,P018,W03,9,9,0
20260403,P018,W03,11,11,0
20260404,P018,W03,9,9,0
20260405,P018,W03,9,9,0
20260406,P018,W03,9,9,0
20260407,P018,W03,12,12,0
20260408,P018,W03,11,11,0
20260409,P018,W03,12,12,0
20260410,P018,W03,7,7,0
20260411,P018,W03,8,8,0
20260412,P018,W03,8,8,0
20260413,P018,W03,15,15,0
20260414,P018,W03,8,8,0
20260415,P018,W03,9,9,0
20260416,P018,W03,8,8,0
20260417,P018,W03,9,9,0
20260418,P018,W03,15,15,0
20260419,P018,W03,8,8,0
20260420,P018,W03,7,7,0
20260421,P018,W03,13,13,0
20260422,P018,W03,9,9,0
20260423,P018,W03,8,8,0
20260424,P018,W03,9,9,0
20260425,P018,W03,15,15,0
20260426,P018,W03,7,7,0
20260427,P018,W03,13,13,0
20260428,P018,W03,11,11,0
20260429,P018,W03,21,21,0
20260430,P018,W03,17,17,0
20260501,P018,W03,12,12,0
20260502,P018,W03,16,16,0
20260503,P018,W03,6,6,0
20260504,P018,W03,10,10,0
20260505,P018,W03,9,9,0
20260506,P018,W03,14,14,0
20260507,P018,W03,14,14,0
20260508,P018,W03,8,8,0
20260509,P018,W03,10,10,0
20260510,P018,W03,8,8,0
20260511,P018,W03,10,10,0
20260512,P018,W03,8,8,0
20260513,P018,W03,13,13,0
20260514,P018,W03,8,8,0
20260515,P018,W03,8,8,0
20260516,P018,W03,10,10,0
20260517,P018,W03,11,11,0
20260518,P018,W03,10,10,0
20260519,P018,W03,8,8,0
20260520,P018,W03,12,12,0
20260521,P018,W03,10,10,0
20260522,P018,W03,7,7,0
20260523,P018,W03,11,11,0
20260524,P018,W03,8,8,0
20260525,P018,W03,12,12,0
20260526,P018,W03,11,11,0
20260527,P018,W03,12,12,0
20260528,P018,W03,7,7,0
20260529,P018,W03,11,11,0
20260530,P018,W03,8,8,0
20260531,P018,W03,16,16,0
20260601,P018,W03,7,7,0
20260602,P018,W03,10,10,0
20260603,P018,W03,10,10,0
20260604,P018,W03,10,10,0
20260605,P018,W03,8,8,0
20260606,P018,W03,10,10,0
20260607,P018,W03,9,9,0
20260608,P018,W03,10,10,0
20260609,P018,W03,12,12,0
20260610,P018,W03,10,10,0
20260611,P018,W03,8,8,0
20260612,P018,W03,13,13,0
20260613,P018,W03,11,11,0
20260614,P018,W03,8,8,0
20260615,P018,W03,13,13,0
20260616,P018,W03,8,8,0
20260617,P018,W03,16,16,0
20260618,P018,W03,10,10,0
20260619,P018,W03,7,7,0
20260620,P018,W03,11,11,0
20260621,P018,W03,3,3,0
20260622,P018,W03,11,11,0
20260623,P018,W03,10,10,0
20260624,P018,W03,9,9,0
20260625,P018,W03,10,10,0
20260626,P018,W03,9,9,0
20260627,P018,W03,7,7,0
20260628,P018,W03,3,3,0
20260629,P018,W03,11,11,0
20260630,P018,W03,6,6,0
20260701,P018,W03,7,7,0
20260702,P018,W03,10,10,0
20260703,P018,W03,13,13,0
20260704,P018,W03,9,9,0
20260705,P018,W03,9,9,0
20260706,P018,W03,10,10,0
20260707,P018,W03,12,12,0
20260708,P018,W03,17,17,0
20260709,P018,W03,10,10,0
20260710,P018,W03,10,10,0
20260711,P018,W03,10,10,0
20260712,P018,W03,3,3,0
20260713,P018,W03,15,15,0
20260714,P018,W03,10,10,0
20260715,P018,W03,10,10,0
20260716,P018,W03,13,13,0
20260717,P018,W03,8,8,0
20260718,P018,W03,9,9,0
20260719,P018,W03,4,4,0
20260720,P018,W03,3,3,0
20260721,P018,W03,6,6,0
20260722,P018,W03,6,6,0
20260723,P018,W03,7,7,0
20260724,P018,W03,10,10,0
20260725,P018,W03,8,8,0
20260726,P018,W03,6,6,0
20260727,P018,W03,11,11,0
20260728,P018,W03,15,15,0
20260729,P018,W03,8,8,0
20260730,P018,W03,7,7,0
20260731,P018,W03,13,13,0
20260801,P018,W03,10,10,0
20260802,P018,W03,4,4,0
20260803,P018,W03,10,10,0
20260804,P018,W03,6,6,0
20260805,P018,W03,9,9,0
20260806,P018,W03,10,10,0
20260807,P018,W03,14,14,0
20260808,P018,W03,12,12,0
20260809,P018,W03,5,5,0
20260810,P018,W03,13,13,0
20260811,P018,W03,14,14,0
20260812,P018,W03,4,4,0
20260813,P018,W03,10,10,0
20260814,P018,W03,12,12,0
20260815,P018,W03,12,12,0
20260816,P018,W03,5,5,0
20260817,P018,W03,9,9,0
20260818,P018,W03,10,10,0
20260819,P018,W03,13,13,0
20260820,P018,W03,10,10,0
20260821,P018,W03,9,9,0
20260822,P018,W03,9,9,0
20260823,P018,W03,5,5,0
20260824,P018,W03,9,9,0
20260825,P018,W03,10,10,0
20260826,P018,W03,12,12,0
20260827,P018,W03,14,14,0
20260828,P018,W03,11,11,0
20260829,P018,W03,7,7,0
20260830,P018,W03,8,8,0
20260831,P018,W03,7,7,0
20260901,P018,W03,6,6,0
20260902,P018,W03,11,11,0
20260903,P018,W03,11,11,0
20260904,P018,W03,3,3,0
20260905,P018,W03,13,13,0
20260906,P018,W03,4,4,0
20260907,P018,W03,6,6,0
20260908,P018,W03,9,9,0
20260909,P018,W03,4,4,0
20260910,P018,W03,10,10,0
20260911,P018,W03,18,18,0
20260912,P018,W03,9,9,0
20260913,P018,W03,13,13,0
20260914,P018,W03,9,9,0
20260915,P018,W03,7,7,0
20260916,P018,W03,4,4,0
20260917,P018,W03,10,10,0
20260918,P018,W03,12,12,0
20260919,P018,W03,6,6,0
20260920,P018,W03,3,3,0
20260921,P018,W03,12,12,0
20260922,P018,W03,8,8,0
20260923,P018,W03,12,12,0
20260924,P018,W03,13,13,0
20260925,P018,W03,11,11,0
20260926,P018,W03,11,11,0
20260927,P018,W03,6,6,0
20260928,P018,W03,13,13,0
20260929,P018,W03,20,20,0
20260930,P018,W03,15,15,0
20251001,P018,W04,6,6,0
20251002,P018,W04,4,4,0
20251003,P018,W04,13,13,0
20251004,P018,W04,7,7,0
20251005,P018,W04,3,3,0
20251006,P018,W04,9,9,0
20251007,P018,W04,10,10,0
20251008,P018,W04,5,5,0
20251009,P018,W04,4,4,0
20251010,P018,W04,9,9,0
20251011,P018,W04,7,7,0
20251012,P018,W04,6,6,0
20251013,P018,W04,12,12,0
20251014,P018,W04,4,4,0
20251015,P018,W04,8,8,0
20251016,P018,W04,7,7,0
20251017,P018,W04,8,8,0
20251018,P018,W04,7,7,0
20251019,P018,W04,5,5,0
20251020,P018,W04,8,8,0
20251021,P018,W04,9,9,0
20251022,P018,W04,5,5,0
20251023,P018,W04,4,4,0
20251024,P018,W04,9,9,0
20251025,P018,W04,7,7,0
20251026,P018,W04,4,4,0
20251027,P018,W04,7,7,0
20251028,P018,W04,8,8,0
20251029,P018,W04,9,9,0
20251030,P018,W04,4,4,0
20251031,P018,W04,16,16,0
20251101,P018,W04,10,10,0
20251102,P018,W04,3,3,0
20251103,P018,W04,6,6,0
20251104,P018,W04,7,7,0
20251105,P018,W04,7,7,0
20251106,P018,W04,8,8,0
20251107,P018,W04,8,8,0
20251108,P018,W04,7,7,0
20251109,P018,W04,3,3,0
20251110,P018,W04,14,14,0
20251111,P018,W04,10,10,0
20251112,P018,W04,12,12,0
20251113,P018,W04,9,3,6
20251114,P018,W04,6,0,6
20251115,P018,W04,6,6,0
20251116,P018,W04,3,3,0
20251117,P018,W04,11,11,0
20251118,P018,W04,6,6,0
20251119,P018,W04,7,7,0
20251120,P018,W04,10,10,0
20251121,P018,W04,12,12,0
20251122,P018,W04,12,12,0
20251123,P018,W04,4,4,0
20251124,P018,W04,8,8,0
20251125,P018,W04,5,5,0
20251126,P018,W04,13,13,0
20251127,P018,W04,8,8,0
20251128,P018,W04,9,9,0
20251129,P018,W04,7,7,0
20251130,P018,W04,11,11,0
20251201,P018,W04,5,5,0
20251202,P018,W04,7,7,0
20251203,P018,W04,11,11,0
20251204,P018,W04,8,8,0
20251205,P018,W04,9,9,0
20251206,P018,W04,9,9,0
20251207,P018,W04,5,5,0
20251208,P018,W04,6,6,0
20251209,P018,W04,6,6,0
20251210,P018,W04,7,7,0
20251211,P018,W04,12,12,0
20251212,P018,W04,10,10,0
20251213,P018,W04,9,9,0
20251214,P018,W04,6,6,0
20251215,P018,W04,6,6,0
20251216,P018,W04,8,8,0
20251217,P018,W04,8,8,0
20251218,P018,W04,7,7,0
20251219,P018,W04,6,1,5
20251220,P018,W04,10,10,0
20251221,P018,W04,5,4,1
20251222,P018,W04,8,8,0
20251223,P018,W04,5,5,0
20251224,P018,W04,9,9,0
20251225,P018,W04,5,5,0
20251226,P018,W04,8,8,0
20251227,P018,W04,12,12,0
20251228,P018,W04,5,5,0
20251229,P018,W04,6,6,0
20251230,P018,W04,7,7,0
20251231,P018,W04,9,9,0
20260101,P018,W04,7,7,0
20260102,P018,W04,7,7,0
20260103,P018,W04,6,6,0
20260104,P018,W04,9,9,0
20260105,P018,W04,4,4,0
20260106,P018,W04,10,10,0
20260107,P018,W04,13,13,0
20260108,P018,W04,11,11,0
20260109,P018,W04,6,6,0
20260110,P018,W04,15,15,0
20260111,P018,W04,6,6,0
20260112,P018,W04,8,8,0
20260113,P018,W04,8,8,0
20260114,P018,W04,8,8,0
20260115,P018,W04,5,5,0
20260116,P018,W04,9,9,0
20260117,P018,W04,8,8,0
20260118,P018,W04,6,6,0
20260119,P018,W04,8,8,0
20260120,P018,W04,4,4,0
20260121,P018,W04,8,8,0
20260122,P018,W04,10,10,0
20260123,P018,W04,6,6,0
20260124,P018,W04,7,4,3
20260125,P018,W04,5,5,0
20260126,P018,W04,12,12,0
20260127,P018,W04,9,9,0
20260128,P018,W04,9,9,0
20260129,P018,W04,8,8,0
20260130,P018,W04,13,13,0
20260131,P018,W04,8,8,0
20260201,P018,W04,8,8,0
20260202,P018,W04,6,6,0
20260203,P018,W04,5,5,0
20260204,P018,W04,6,6,0
20260205,P018,W04,10,10,0
20260206,P018,W04,8,8,0
20260207,P018,W04,5,5,0
20260208,P018,W04,6,6,0
20260209,P018,W04,10,10,0
20260210,P018,W04,7,7,0
20260211,P018,W04,9,9,0
20260212,P018,W04,9,9,0
20260213,P018,W04,11,11,0
20260214,P018,W04,11,11,0
20260215,P018,W04,5,5,0
20260216,P018,W04,1,1,0
20260217,P018,W04,8,8,0
20260218,P018,W04,10,10,0
20260219,P018,W04,10,10,0
20260220,P018,W04,15,15,0
20260221,P018,W04,11,11,0
20260222,P018,W04,5,5,0
20260223,P018,W04,14,14,0
20260224,P018,W04,3,3,0
20260225,P018,W04,8,3,5
20260226,P018,W04,6,0,6
20260227,P018,W04,3,0,3
20260228,P018,W04,11,0,11
20260301,P018,W04,4,4,0
20260302,P018,W04,11,11,0
20260303,P018,W04,13,13,0
20260304,P018,W04,9,9,0
20260305,P018,W04,10,10,0
20260306,P018,W04,9,9,0
20260307,P018,W04,13,13,0
20260308,P018,W04,4,4,0
20260309,P018,W04,8,8,0
20260310,P018,W04,11,11,0
20260311,P018,W04,9,9,0
20260312,P018,W04,9,9,0
20260313,P018,W04,10,10,0
20260314,P018,W04,8,8,0
20260315,P018,W04,3,3,0
20260316,P018,W04,13,13,0
20260317,P018,W04,10,10,0
20260318,P018,W04,7,7,0
20260319,P018,W04,10,10,0
20260320,P018,W04,6,6,0
20260321,P018,W04,6,6,0
20260322,P018,W04,2,2,0
20260323,P018,W04,7,7,0
20260324,P018,W04,10,10,0
20260325,P018,W04,9,9,0
20260326,P018,W04,9,9,0
20260327,P018,W04,12,12,0
20260328,P018,W04,12,12,0
20260329,P018,W04,7,7,0
20260330,P018,W04,11,9,2
20260331,P018,W04,7,0,7
20260401,P018,W04,8,0,8
20260402,P018,W04,9,0,9
20260403,P018,W04,15,0,15
20260404,P018,W04,5,0,5
20260405,P018,W04,6,0,6
20260406,P018,W04,14,0,14
20260407,P018,W04,7,0,7
20260408,P018,W04,6,0,6
20260409,P018,W04,10,1,9
20260410,P018,W04,7,0,7
20260411,P018,W04,10,0,10
20260412,P018,W04,7,0,7
20260413,P018,W04,11,0,11
20260414,P018,W04,7,7,0
20260415,P018,W04,11,11,0
20260416,P018,W04,1,1,0
20260417,P018,W04,10,10,0
20260418,P018,W04,7,7,0
20260419,P018,W04,9,9,0
20260420,P018,W04,4,4,0
20260421,P018,W04,9,9,0
20260422,P018,W04,13,13,0
20260423,P018,W04,10,10,0
20260424,P018,W04,8,8,0
20260425,P018,W04,9,9,0
20260426,P018,W04,4,4,0
20260427,P018,W04,7,7,0
20260428,P018,W04,9,9,0
20260429,P018,W04,9,9,0
20260430,P018,W04,8,8,0
20260501,P018,W04,12,12,0
20260502,P018,W04,10,10,0
20260503,P018,W04,6,6,0
20260504,P018,W04,9,9,0
20260505,P018,W04,10,10,0
20260506,P018,W04,7,7,0
20260507,P018,W04,12,12,0
20260508,P018,W04,10,10,0
20260509,P018,W04,10,10,0
20260510,P018,W04,4,4,0
20260511,P018,W04,12,12,0
20260512,P018,W04,17,17,0
20260513,P018,W04,4,4,0
20260514,P018,W04,12,2,10
20260515,P018,W04,12,0,12
20260516,P018,W04,11,0,11
20260517,P018,W04,10,0,10
20260518,P018,W04,10,0,10
20260519,P018,W04,11,0,11
20260520,P018,W04,10,0,10
20260521,P018,W04,11,0,11
20260522,P018,W04,11,0,11
20260523,P018,W04,8,8,0
20260524,P018,W04,5,5,0
20260525,P018,W04,11,11,0
20260526,P018,W04,16,16,0
20260527,P018,W04,5,5,0
20260528,P018,W04,10,10,0
20260529,P018,W04,7,7,0
20260530,P018,W04,5,5,0
20260531,P018,W04,3,3,0
20260601,P018,W04,9,9,0
20260602,P018,W04,5,5,0
20260603,P018,W04,12,12,0
20260604,P018,W04,12,12,0
20260605,P018,W04,10,10,0
20260606,P018,W04,9,9,0
20260607,P018,W04,3,3,0
20260608,P018,W04,8,8,0
20260609,P018,W04,7,7,0
20260610,P018,W04,7,7,0
20260611,P018,W04,9,9,0
20260612,P018,W04,11,11,0
20260613,P018,W04,7,7,0
20260614,P018,W04,7,7,0
20260615,P018,W04,13,13,0
20260616,P018,W04,4,4,0
20260617,P018,W04,3,3,0
20260618,P018,W04,6,6,0
20260619,P018,W04,11,11,0
20260620,P018,W04,10,10,0
20260621,P018,W04,10,10,0
20260622,P018,W04,6,6,0
20260623,P018,W04,5,5,0
20260624,P018,W04,12,6,6
20260625,P018,W04,10,0,10
20260626,P018,W04,11,0,11
20260627,P018,W04,8,0,8
20260628,P018,W04,6,0,6
20260629,P018,W04,5,5,0
20260630,P018,W04,5,5,0
20260701,P018,W04,9,9,0
20260702,P018,W04,6,6,0
20260703,P018,W04,7,7,0
20260704,P018,W04,6,6,0
20260705,P018,W04,6,6,0
20260706,P018,W04,11,11,0
20260707,P018,W04,7,7,0
20260708,P018,W04,12,12,0
20260709,P018,W04,11,11,0
20260710,P018,W04,11,11,0
20260711,P018,W04,10,10,0
20260712,P018,W04,7,7,0
20260713,P018,W04,8,8,0
20260714,P018,W04,16,16,0
20260715,P018,W04,4,4,0
20260716,P018,W04,5,5,0
20260717,P018,W04,6,6,0
20260718,P018,W04,7,7,0
20260719,P018,W04,1,1,0
20260720,P018,W04,9,9,0
20260721,P018,W04,10,10,0
20260722,P018,W04,7,7,0
20260723,P018,W04,9,9,0
20260724,P018,W04,5,5,0
20260725,P018,W04,11,11,0
20260726,P018,W04,5,5,0
20260727,P018,W04,5,5,0
20260728,P018,W04,9,9,0
20260729,P018,W04,13,13,0
20260730,P018,W04,7,7,0
20260731,P018,W04,10,10,0
20260801,P018,W04,11,11,0
20260802,P018,W04,7,7,0
20260803,P018,W04,5,5,0
20260804,P018,W04,7,7,0
20260805,P018,W04,10,10,0
20260806,P018,W04,13,13,0
20260807,P018,W04,8,8,0
20260808,P018,W04,10,10,0
20260809,P018,W04,2,2,0
20260810,P018,W04,6,6,0
20260811,P018,W04,8,8,0
20260812,P018,W04,7,7,0
20260813,P018,W04,6,6,0
20260814,P018,W04,10,10,0
20260815,P018,W04,11,11,0
20260816,P018,W04,5,5,0
20260817,P018,W04,13,13,0
20260818,P018,W04,9,9,0
20260819,P018,W04,10,10,0
20260820,P018,W04,9,9,0
20260821,P018,W04,9,9,0
20260822,P018,W04,6,6,0
20260823,P018,W04,7,7,0
20260824,P018,W04,11,11,0
20260825,P018,W04,4,4,0
20260826,P018,W04,8,8,0
20260827,P018,W04,14,14,0
20260828,P018,W04,9,9,0
20260829,P018,W04,9,9,0
20260830,P018,W04,3,3,0
20260831,P018,W04,7,7,0
20260901,P018,W04,10,6,4
20260902,P018,W04,5,0,5
20260903,P018,W04,9,0,9
20260904,P018,W04,12,12,0
20260905,P018,W04,7,7,0
20260906,P018,W04,6,6,0
20260907,P018,W04,5,5,0
20260908,P018,W04,8,8,0
20260909,P018,W04,7,7,0
20260910,P018,W04,8,8,0
20260911,P018,W04,8,8,0
20260912,P018,W04,7,7,0
20260913,P018,W04,8,8,0
20260914,P018,W04,11,11,0
20260915,P018,W04,9,9,0
20260916,P018,W04,10,10,0
20260917,P018,W04,12,12,0
20260918,P018,W04,6,6,0
20260919,P018,W04,2,2,0
20260920,P018,W04,4,4,0
20260921,P018,W04,4,4,0
20260922,P018,W04,11,11,0
20260923,P018,W04,9,9,0
20260924,P018,W04,5,5,0
20260925,P018,W04,6,6,0
20260926,P018,W04,10,10,0
20260927,P018,W04,8,8,0
20260928,P018,W04,9,9,0
20260929,P018,W04,11,11,0
20260930,P018,W04,11,11,0
20251001,P019,W01,3,3,0
20251002,P019,W01,1,1,0
20251003,P019,W01,2,2,0
20251004,P019,W01,2,2,0
20251005,P019,W01,1,1,0
20251006,P019,W01,3,3,0
20251007,P019,W01,1,1,0
20251008,P019,W01,2,2,0
20251009,P019,W01,1,1,0
20251010,P019,W01,4,4,0
20251011,P019,W01,5,5,0
20251012,P019,W01,0,0,0
20251013,P019,W01,2,2,0
20251014,P019,W01,6,6,0
20251015,P019,W01,0,0,0
20251016,P019,W01,2,2,0
20251017,P019,W01,2,2,0
20251018,P019,W01,1,1,0
20251019,P019,W01,1,1,0
20251020,P019,W01,1,1,0
20251021,P019,W01,1,1,0
20251022,P019,W01,1,1,0
20251023,P019,W01,3,3,0
20251024,P019,W01,2,2,0
20251025,P019,W01,4,4,0
20251026,P019,W01,0,0,0
20251027,P019,W01,0,0,0
20251028,P019,W01,3,3,0
20251029,P019,W01,2,2,0
20251030,P019,W01,2,2,0
20251031,P019,W01,2,2,0
20251101,P019,W01,2,2,0
20251102,P019,W01,0,0,0
20251103,P019,W01,3,3,0
20251104,P019,W01,1,1,0
20251105,P019,W01,3,3,0
20251106,P019,W01,5,5,0
20251107,P019,W01,3,3,0
20251108,P019,W01,2,2,0
20251109,P019,W01,0,0,0
20251110,P019,W01,0,0,0
20251111,P019,W01,2,2,0
20251112,P019,W01,3,3,0
20251113,P019,W01,3,3,0
20251114,P019,W01,4,4,0
20251115,P019,W01,3,3,0
20251116,P019,W01,3,3,0
20251117,P019,W01,2,2,0
20251118,P019,W01,5,5,0
20251119,P019,W01,2,2,0
20251120,P019,W01,2,2,0
20251121,P019,W01,3,3,0
20251122,P019,W01,3,3,0
20251123,P019,W01,3,3,0
20251124,P019,W01,4,4,0
20251125,P019,W01,1,1,0
20251126,P019,W01,7,7,0
20251127,P019,W01,3,3,0
20251128,P019,W01,1,1,0
20251129,P019,W01,0,0,0
20251130,P019,W01,0,0,0
20251201,P019,W01,4,4,0
20251202,P019,W01,5,5,0
20251203,P019,W01,2,2,0
20251204,P019,W01,1,1,0
20251205,P019,W01,5,5,0
20251206,P019,W01,2,2,0
20251207,P019,W01,0,0,0
20251208,P019,W01,1,1,0
20251209,P019,W01,4,4,0
20251210,P019,W01,2,2,0
20251211,P019,W01,3,3,0
20251212,P019,W01,0,0,0
20251213,P019,W01,1,1,0
20251214,P019,W01,4,4,0
20251215,P019,W01,0,0,0
20251216,P019,W01,1,1,0
20251217,P019,W01,2,2,0
20251218,P019,W01,1,1,0
20251219,P019,W01,3,3,0
20251220,P019,W01,2,2,0
20251221,P019,W01,2,2,0
20251222,P019,W01,0,0,0
20251223,P019,W01,3,3,0
20251224,P019,W01,0,0,0
20251225,P019,W01,1,1,0
20251226,P019,W01,1,1,0
20251227,P019,W01,3,3,0
20251228,P019,W01,0,0,0
20251229,P019,W01,4,4,0
20251230,P019,W01,1,1,0
20251231,P019,W01,3,3,0
20260101,P019,W01,3,3,0
20260102,P019,W01,1,1,0
20260103,P019,W01,0,0,0
20260104,P019,W01,2,2,0
20260105,P019,W01,2,2,0
20260106,P019,W01,2,2,0
20260107,P019,W01,1,1,0
20260108,P019,W01,2,2,0
20260109,P019,W01,3,3,0
20260110,P019,W01,0,0,0
20260111,P019,W01,2,2,0
20260112,P019,W01,3,3,0
20260113,P019,W01,2,2,0
20260114,P019,W01,2,2,0
20260115,P019,W01,3,3,0
20260116,P019,W01,0,0,0
20260117,P019,W01,2,2,0
20260118,P019,W01,1,1,0
20260119,P019,W01,2,2,0
20260120,P019,W01,1,1,0
20260121,P019,W01,1,1,0
20260122,P019,W01,1,1,0
20260123,P019,W01,3,3,0
20260124,P019,W01,2,2,0
20260125,P019,W01,0,0,0
20260126,P019,W01,2,2,0
20260127,P019,W01,5,5,0
20260128,P019,W01,2,2,0
20260129,P019,W01,3,3,0
20260130,P019,W01,3,3,0
20260131,P019,W01,0,0,0
20260201,P019,W01,4,4,0
20260202,P019,W01,5,5,0
20260203,P019,W01,0,0,0
20260204,P019,W01,1,1,0
20260205,P019,W01,0,0,0
20260206,P019,W01,4,4,0
20260207,P019,W01,3,3,0
20260208,P019,W01,2,2,0
20260209,P019,W01,2,2,0
20260210,P019,W01,2,2,0
20260211,P019,W01,5,5,0
20260212,P019,W01,2,2,0
20260213,P019,W01,2,2,0
20260214,P019,W01,3,3,0
20260215,P019,W01,1,1,0
20260216,P019,W01,1,1,0
20260217,P019,W01,0,0,0
20260218,P019,W01,2,2,0
20260219,P019,W01,2,2,0
20260220,P019,W01,2,2,0
20260221,P019,W01,3,3,0
20260222,P019,W01,1,1,0
20260223,P019,W01,0,0,0
20260224,P019,W01,0,0,0
20260225,P019,W01,3,3,0
20260226,P019,W01,2,2,0
20260227,P019,W01,4,4,0
20260228,P019,W01,5,5,0
20260301,P019,W01,1,1,0
20260302,P019,W01,2,2,0
20260303,P019,W01,1,1,0
20260304,P019,W01,1,1,0
20260305,P019,W01,4,4,0
20260306,P019,W01,2,2,0
20260307,P019,W01,1,1,0
20260308,P019,W01,0,0,0
20260309,P019,W01,2,2,0
20260310,P019,W01,0,0,0
20260311,P019,W01,3,3,0
20260312,P019,W01,2,2,0
20260313,P019,W01,3,3,0
20260314,P019,W01,3,3,0
20260315,P019,W01,1,1,0
20260316,P019,W01,0,0,0
20260317,P019,W01,0,0,0
20260318,P019,W01,3,3,0
20260319,P019,W01,1,1,0
20260320,P019,W01,3,3,0
20260321,P019,W01,0,0,0
20260322,P019,W01,2,2,0
20260323,P019,W01,0,0,0
20260324,P019,W01,5,5,0
20260325,P019,W01,4,4,0
20260326,P019,W01,3,3,0
20260327,P019,W01,5,5,0
20260328,P019,W01,2,2,0
20260329,P019,W01,2,2,0
20260330,P019,W01,2,2,0
20260331,P019,W01,0,0,0
20260401,P019,W01,3,3,0
20260402,P019,W01,4,4,0
20260403,P019,W01,2,2,0
20260404,P019,W01,3,3,0
20260405,P019,W01,1,1,0
20260406,P019,W01,2,2,0
20260407,P019,W01,1,1,0
20260408,P019,W01,4,4,0
20260409,P019,W01,1,1,0
20260410,P019,W01,1,1,0
20260411,P019,W01,1,1,0
20260412,P019,W01,0,0,0
20260413,P019,W01,1,1,0
20260414,P019,W01,2,2,0
20260415,P019,W01,2,2,0
20260416,P019,W01,0,0,0
20260417,P019,W01,4,4,0
20260418,P019,W01,2,2,0
20260419,P019,W01,1,1,0
20260420,P019,W01,5,5,0
20260421,P019,W01,4,4,0
20260422,P019,W01,1,1,0
20260423,P019,W01,0,0,0
20260424,P019,W01,6,6,0
20260425,P019,W01,1,1,0
20260426,P019,W01,1,1,0
20260427,P019,W01,4,4,0
20260428,P019,W01,1,1,0
20260429,P019,W01,3,3,0
20260430,P019,W01,0,0,0
20260501,P019,W01,1,1,0
20260502,P019,W01,1,1,0
20260503,P019,W01,0,0,0
20260504,P019,W01,1,1,0
20260505,P019,W01,0,0,0
20260506,P019,W01,0,0,0
20260507,P019,W01,1,1,0
20260508,P019,W01,3,3,0
20260509,P019,W01,3,3,0
20260510,P019,W01,2,2,0
20260511,P019,W01,2,2,0
20260512,P019,W01,2,2,0
20260513,P019,W01,1,1,0
20260514,P019,W01,2,2,0
20260515,P019,W01,1,1,0
20260516,P019,W01,3,3,0
20260517,P019,W01,1,1,0
20260518,P019,W01,7,7,0
20260519,P019,W01,2,2,0
20260520,P019,W01,0,0,0
20260521,P019,W01,2,2,0
20260522,P019,W01,1,1,0
20260523,P019,W01,1,1,0
20260524,P019,W01,3,3,0
20260525,P019,W01,2,2,0
20260526,P019,W01,3,3,0
20260527,P019,W01,5,5,0
20260528,P019,W01,1,1,0
20260529,P019,W01,6,6,0
20260530,P019,W01,1,1,0
20260531,P019,W01,1,1,0
20260601,P019,W01,2,2,0
20260602,P019,W01,1,1,0
20260603,P019,W01,2,2,0
20260604,P019,W01,3,3,0
20260605,P019,W01,3,3,0
20260606,P019,W01,1,1,0
20260607,P019,W01,1,1,0
20260608,P019,W01,2,2,0
20260609,P019,W01,3,3,0
20260610,P019,W01,2,2,0
20260611,P019,W01,3,3,0
20260612,P019,W01,2,2,0
20260613,P019,W01,1,1,0
20260614,P019,W01,2,2,0
20260615,P019,W01,1,1,0
20260616,P019,W01,2,2,0
20260617,P019,W01,2,2,0
20260618,P019,W01,2,2,0
20260619,P019,W01,5,5,0
20260620,P019,W01,2,2,0
20260621,P019,W01,1,1,0
20260622,P019,W01,2,2,0
20260623,P019,W01,1,1,0
20260624,P019,W01,2,2,0
20260625,P019,W01,3,3,0
20260626,P019,W01,0,0,0
20260627,P019,W01,4,4,0
20260628,P019,W01,2,2,0
20260629,P019,W01,2,2,0
20260630,P019,W01,3,3,0
20260701,P019,W01,4,4,0
20260702,P019,W01,4,4,0
20260703,P019,W01,3,3,0
20260704,P019,W01,4,4,0
20260705,P019,W01,0,0,0
20260706,P019,W01,4,4,0
20260707,P019,W01,0,0,0
20260708,P019,W01,2,2,0
20260709,P019,W01,2,2,0
20260710,P019,W01,2,2,0
20260711,P019,W01,2,2,0
20260712,P019,W01,2,2,0
20260713,P019,W01,0,0,0
20260714,P019,W01,0,0,0
20260715,P019,W01,2,2,0
20260716,P019,W01,1,1,0
20260717,P019,W01,2,2,0
20260718,P019,W01,2,2,0
20260719,P019,W01,3,3,0
20260720,P019,W01,0,0,0
20260721,P019,W01,3,3,0
20260722,P019,W01,0,0,0
20260723,P019,W01,2,2,0
20260724,P019,W01,0,0,0
20260725,P019,W01,3,3,0
20260726,P019,W01,2,2,0
20260727,P019,W01,1,1,0
20260728,P019,W01,3,3,0
20260729,P019,W01,2,2,0
20260730,P019,W01,0,0,0
20260731,P019,W01,3,3,0
20260801,P019,W01,3,3,0
20260802,P019,W01,0,0,0
20260803,P019,W01,1,1,0
20260804,P019,W01,1,1,0
20260805,P019,W01,1,1,0
20260806,P019,W01,2,2,0
20260807,P019,W01,1,1,0
20260808,P019,W01,4,4,0
20260809,P019,W01,2,2,0
20260810,P019,W01,1,1,0
20260811,P019,W01,1,1,0
20260812,P019,W01,4,4,0
20260813,P019,W01,3,3,0
20260814,P019,W01,2,2,0
20260815,P019,W01,2,2,0
20260816,P019,W01,1,1,0
20260817,P019,W01,7,7,0
20260818,P019,W01,1,1,0
20260819,P019,W01,2,2,0
20260820,P019,W01,1,1,0
20260821,P019,W01,4,4,0
20260822,P019,W01,1,1,0
20260823,P019,W01,3,3,0
20260824,P019,W01,1,1,0
20260825,P019,W01,5,5,0
20260826,P019,W01,1,1,0
20260827,P019,W01,4,4,0
20260828,P019,W01,1,1,0
20260829,P019,W01,2,2,0
20260830,P019,W01,2,2,0
20260831,P019,W01,2,2,0
20260901,P019,W01,2,2,0
20260902,P019,W01,4,4,0
20260903,P019,W01,0,0,0
20260904,P019,W01,0,0,0
20260905,P019,W01,3,3,0
20260906,P019,W01,1,1,0
20260907,P019,W01,4,4,0
20260908,P019,W01,2,2,0
20260909,P019,W01,3,3,0
20260910,P019,W01,2,2,0
20260911,P019,W01,0,0,0
20260912,P019,W01,5,5,0
20260913,P019,W01,3,3,0
20260914,P019,W01,5,5,0
20260915,P019,W01,2,2,0
20260916,P019,W01,1,1,0
20260917,P019,W01,2,2,0
20260918,P019,W01,3,3,0
20260919,P019,W01,3,3,0
20260920,P019,W01,2,2,0
20260921,P019,W01,3,3,0
20260922,P019,W01,2,2,0
20260923,P019,W01,0,0,0
20260924,P019,W01,2,2,0
20260925,P019,W01,0,0,0
20260926,P019,W01,3,3,0
20260927,P019,W01,0,0,0
20260928,P019,W01,1,1,0
20260929,P019,W01,1,1,0
20260930,P019,W01,4,4,0
20251001,P019,W02,1,1,0
20251002,P019,W02,4,4,0
20251003,P019,W02,5,5,0
20251004,P019,W02,6,6,0
20251005,P019,W02,0,0,0
20251006,P019,W02,4,4,0
20251007,P019,W02,2,2,0
20251008,P019,W02,2,2,0
20251009,P019,W02,1,1,0
20251010,P019,W02,2,2,0
20251011,P019,W02,1,1,0
20251012,P019,W02,0,0,0
20251013,P019,W02,1,1,0
20251014,P019,W02,4,4,0
20251015,P019,W02,4,4,0
20251016,P019,W02,1,1,0
20251017,P019,W02,4,4,0
20251018,P019,W02,2,2,0
20251019,P019,W02,0,0,0
20251020,P019,W02,2,2,0
20251021,P019,W02,3,3,0
20251022,P019,W02,0,0,0
20251023,P019,W02,1,1,0
20251024,P019,W02,1,1,0
20251025,P019,W02,2,2,0
20251026,P019,W02,2,2,0
20251027,P019,W02,3,3,0
20251028,P019,W02,2,2,0
20251029,P019,W02,3,3,0
20251030,P019,W02,2,2,0
20251031,P019,W02,3,3,0
20251101,P019,W02,2,2,0
20251102,P019,W02,0,0,0
20251103,P019,W02,7,7,0
20251104,P019,W02,4,4,0
20251105,P019,W02,3,3,0
20251106,P019,W02,2,2,0
20251107,P019,W02,7,7,0
20251108,P019,W02,4,4,0
20251109,P019,W02,1,1,0
20251110,P019,W02,1,1,0
20251111,P019,W02,2,2,0
20251112,P019,W02,2,2,0
20251113,P019,W02,1,1,0
20251114,P019,W02,2,2,0
20251115,P019,W02,2,2,0
20251116,P019,W02,1,1,0
20251117,P019,W02,2,2,0
20251118,P019,W02,3,3,0
20251119,P019,W02,2,2,0
20251120,P019,W02,6,6,0
20251121,P019,W02,4,4,0
20251122,P019,W02,4,4,0
20251123,P019,W02,0,0,0
20251124,P019,W02,0,0,0
20251125,P019,W02,2,2,0
20251126,P019,W02,1,1,0
20251127,P019,W02,0,0,0
20251128,P019,W02,3,3,0
20251129,P019,W02,2,2,0
20251130,P019,W02,3,3,0
20251201,P019,W02,3,3,0
20251202,P019,W02,2,2,0
20251203,P019,W02,4,4,0
20251204,P019,W02,1,1,0
20251205,P019,W02,2,2,0
20251206,P019,W02,1,1,0
20251207,P019,W02,0,0,0
20251208,P019,W02,2,2,0
20251209,P019,W02,1,1,0
20251210,P019,W02,2,2,0
20251211,P019,W02,2,2,0
20251212,P019,W02,2,2,0
20251213,P019,W02,1,1,0
20251214,P019,W02,0,0,0
20251215,P019,W02,2,2,0
20251216,P019,W02,2,2,0
20251217,P019,W02,5,5,0
20251218,P019,W02,2,2,0
20251219,P019,W02,3,3,0
20251220,P019,W02,7,7,0
20251221,P019,W02,1,1,0
20251222,P019,W02,2,2,0
20251223,P019,W02,2,2,0
20251224,P019,W02,2,2,0
20251225,P019,W02,8,8,0
20251226,P019,W02,4,4,0
20251227,P019,W02,4,4,0
20251228,P019,W02,2,2,0
20251229,P019,W02,4,4,0
20251230,P019,W02,3,3,0
20251231,P019,W02,3,3,0
20260101,P019,W02,4,4,0
20260102,P019,W02,1,1,0
20260103,P019,W02,3,3,0
20260104,P019,W02,4,4,0
20260105,P019,W02,2,2,0
20260106,P019,W02,5,5,0
20260107,P019,W02,1,1,0
20260108,P019,W02,3,3,0
20260109,P019,W02,1,1,0
20260110,P019,W02,2,2,0
20260111,P019,W02,2,2,0
20260112,P019,W02,1,1,0
20260113,P019,W02,3,3,0
20260114,P019,W02,4,4,0
20260115,P019,W02,3,3,0
20260116,P019,W02,3,3,0
20260117,P019,W02,2,2,0
20260118,P019,W02,5,5,0
20260119,P019,W02,4,4,0
20260120,P019,W02,2,2,0
20260121,P019,W02,4,4,0
20260122,P019,W02,4,4,0
20260123,P019,W02,2,2,0
20260124,P019,W02,1,1,0
20260125,P019,W02,2,2,0
20260126,P019,W02,4,4,0
20260127,P019,W02,1,1,0
20260128,P019,W02,2,2,0
20260129,P019,W02,5,5,0
20260130,P019,W02,4,4,0
20260131,P019,W02,3,3,0
20260201,P019,W02,2,2,0
20260202,P019,W02,4,4,0
20260203,P019,W02,3,3,0
20260204,P019,W02,4,4,0
20260205,P019,W02,4,4,0
20260206,P019,W02,2,2,0
20260207,P019,W02,1,1,0
20260208,P019,W02,1,1,0
20260209,P019,W02,6,6,0
20260210,P019,W02,2,2,0
20260211,P019,W02,0,0,0
20260212,P019,W02,3,3,0
20260213,P019,W02,7,7,0
20260214,P019,W02,4,4,0
20260215,P019,W02,4,4,0
20260216,P019,W02,2,2,0
20260217,P019,W02,3,3,0
20260218,P019,W02,2,2,0
20260219,P019,W02,4,4,0
20260220,P019,W02,4,4,0
20260221,P019,W02,3,3,0
20260222,P019,W02,2,2,0
20260223,P019,W02,1,1,0
20260224,P019,W02,1,1,0
20260225,P019,W02,3,3,0
20260226,P019,W02,2,2,0
20260227,P019,W02,3,3,0
20260228,P019,W02,2,2,0
20260301,P019,W02,3,3,0
20260302,P019,W02,5,5,0
20260303,P019,W02,3,3,0
20260304,P019,W02,6,6,0
20260305,P019,W02,1,1,0
20260306,P019,W02,4,4,0
20260307,P019,W02,1,1,0
20260308,P019,W02,2,2,0
20260309,P019,W02,1,1,0
20260310,P019,W02,2,2,0
20260311,P019,W02,3,3,0
20260312,P019,W02,4,4,0
20260313,P019,W02,4,4,0
20260314,P019,W02,3,3,0
20260315,P019,W02,1,1,0
20260316,P019,W02,3,3,0
20260317,P019,W02,2,2,0
20260318,P019,W02,0,0,0
20260319,P019,W02,5,5,0
20260320,P019,W02,3,3,0
20260321,P019,W02,3,3,0
20260322,P019,W02,2,2,0
20260323,P019,W02,3,3,0
20260324,P019,W02,2,2,0
20260325,P019,W02,0,0,0
20260326,P019,W02,2,2,0
20260327,P019,W02,6,6,0
20260328,P019,W02,4,4,0
20260329,P019,W02,1,1,0
20260330,P019,W02,0,0,0
20260331,P019,W02,5,5,0
20260401,P019,W02,3,3,0
20260402,P019,W02,2,2,0
20260403,P019,W02,1,1,0
20260404,P019,W02,1,1,0
20260405,P019,W02,0,0,0
20260406,P019,W02,4,4,0
20260407,P019,W02,1,1,0
20260408,P019,W02,4,4,0
20260409,P019,W02,5,5,0
20260410,P019,W02,5,5,0
20260411,P019,W02,1,1,0
20260412,P019,W02,2,2,0
20260413,P019,W02,1,1,0
20260414,P019,W02,3,3,0
20260415,P019,W02,1,1,0
20260416,P019,W02,0,0,0
20260417,P019,W02,4,4,0
20260418,P019,W02,3,3,0
20260419,P019,W02,0,0,0
20260420,P019,W02,1,1,0
20260421,P019,W02,2,2,0
20260422,P019,W02,1,1,0
20260423,P019,W02,1,1,0
20260424,P019,W02,6,6,0
20260425,P019,W02,1,1,0
20260426,P019,W02,4,4,0
20260427,P019,W02,2,2,0
20260428,P019,W02,4,4,0
20260429,P019,W02,3,3,0
20260430,P019,W02,0,0,0
20260501,P019,W02,5,5,0
20260502,P019,W02,1,1,0
20260503,P019,W02,4,4,0
20260504,P019,W02,4,4,0
20260505,P019,W02,2,2,0
20260506,P019,W02,1,1,0
20260507,P019,W02,5,5,0
20260508,P019,W02,1,1,0
20260509,P019,W02,2,2,0
20260510,P019,W02,0,0,0
20260511,P019,W02,3,3,0
20260512,P019,W02,2,2,0
20260513,P019,W02,4,4,0
20260514,P019,W02,1,1,0
20260515,P019,W02,5,5,0
20260516,P019,W02,2,2,0
20260517,P019,W02,1,1,0
20260518,P019,W02,3,3,0
20260519,P019,W02,2,2,0
20260520,P019,W02,2,2,0
20260521,P019,W02,4,4,0
20260522,P019,W02,3,3,0
20260523,P019,W02,3,3,0
20260524,P019,W02,2,2,0
20260525,P019,W02,5,5,0
20260526,P019,W02,4,4,0
20260527,P019,W02,1,1,0
20260528,P019,W02,3,3,0
20260529,P019,W02,3,3,0
20260530,P019,W02,3,3,0
20260531,P019,W02,1,1,0
20260601,P019,W02,2,2,0
20260602,P019,W02,1,1,0
20260603,P019,W02,4,4,0
20260604,P019,W02,4,4,0
20260605,P019,W02,3,3,0
20260606,P019,W02,4,4,0
20260607,P019,W02,0,0,0
20260608,P019,W02,4,4,0
20260609,P019,W02,4,4,0
20260610,P019,W02,5,5,0
20260611,P019,W02,2,2,0
20260612,P019,W02,5,5,0
20260613,P019,W02,4,4,0
20260614,P019,W02,0,0,0
20260615,P019,W02,2,2,0
20260616,P019,W02,1,1,0
20260617,P019,W02,5,5,0
20260618,P019,W02,3,3,0
20260619,P019,W02,4,4,0
20260620,P019,W02,3,3,0
20260621,P019,W02,0,0,0
20260622,P019,W02,1,1,0
20260623,P019,W02,2,2,0
20260624,P019,W02,0,0,0
20260625,P019,W02,1,1,0
20260626,P019,W02,5,5,0
20260627,P019,W02,2,2,0
20260628,P019,W02,1,1,0
20260629,P019,W02,2,2,0
20260630,P019,W02,3,3,0
20260701,P019,W02,2,2,0
20260702,P019,W02,3,3,0
20260703,P019,W02,1,1,0
20260704,P019,W02,3,3,0
20260705,P019,W02,0,0,0
20260706,P019,W02,5,5,0
20260707,P019,W02,2,2,0
20260708,P019,W02,2,2,0
20260709,P019,W02,0,0,0
20260710,P019,W02,3,3,0
20260711,P019,W02,3,3,0
20260712,P019,W02,1,1,0
20260713,P019,W02,0,0,0
20260714,P019,W02,5,5,0
20260715,P019,W02,3,3,0
20260716,P019,W02,4,4,0
20260717,P019,W02,5,5,0
20260718,P019,W02,0,0,0
20260719,P019,W02,2,2,0
20260720,P019,W02,3,3,0
20260721,P019,W02,3,3,0
20260722,P019,W02,2,2,0
20260723,P019,W02,4,4,0
20260724,P019,W02,5,5,0
20260725,P019,W02,0,0,0
20260726,P019,W02,0,0,0
20260727,P019,W02,5,5,0
20260728,P019,W02,3,3,0
20260729,P019,W02,0,0,0
20260730,P019,W02,2,2,0
20260731,P019,W02,2,2,0
20260801,P019,W02,1,1,0
20260802,P019,W02,0,0,0
20260803,P019,W02,1,1,0
20260804,P019,W02,1,1,0
20260805,P019,W02,1,1,0
20260806,P019,W02,3,3,0
20260807,P019,W02,3,3,0
20260808,P019,W02,1,1,0
20260809,P019,W02,1,1,0
20260810,P019,W02,1,1,0
20260811,P019,W02,2,2,0
20260812,P019,W02,2,2,0
20260813,P019,W02,3,3,0
20260814,P019,W02,4,4,0
20260815,P019,W02,3,3,0
20260816,P019,W02,2,2,0
20260817,P019,W02,0,0,0
20260818,P019,W02,0,0,0
20260819,P019,W02,1,1,0
20260820,P019,W02,5,5,0
20260821,P019,W02,2,2,0
20260822,P019,W02,5,5,0
20260823,P019,W02,1,1,0
20260824,P019,W02,1,1,0
20260825,P019,W02,3,3,0
20260826,P019,W02,1,1,0
20260827,P019,W02,3,3,0
20260828,P019,W02,4,4,0
20260829,P019,W02,5,5,0
20260830,P019,W02,2,2,0
20260831,P019,W02,3,3,0
20260901,P019,W02,1,1,0
20260902,P019,W02,3,3,0
20260903,P019,W02,4,4,0
20260904,P019,W02,3,3,0
20260905,P019,W02,3,3,0
20260906,P019,W02,1,1,0
20260907,P019,W02,0,0,0
20260908,P019,W02,1,1,0
20260909,P019,W02,4,4,0
20260910,P019,W02,2,2,0
20260911,P019,W02,4,4,0
20260912,P019,W02,4,4,0
20260913,P019,W02,2,2,0
20260914,P019,W02,2,2,0
20260915,P019,W02,3,3,0
20260916,P019,W02,3,3,0
20260917,P019,W02,3,3,0
20260918,P019,W02,5,5,0
20260919,P019,W02,2,2,0
20260920,P019,W02,0,0,0
20260921,P019,W02,1,1,0
20260922,P019,W02,7,7,0
20260923,P019,W02,1,1,0
20260924,P019,W02,3,3,0
20260925,P019,W02,3,3,0
20260926,P019,W02,1,1,0
20260927,P019,W02,1,1,0
20260928,P019,W02,6,6,0
20260929,P019,W02,2,2,0
20260930,P019,W02,4,4,0
20251001,P019,W03,2,2,0
20251002,P019,W03,1,1,0
20251003,P019,W03,2,2,0
20251004,P019,W03,4,4,0
20251005,P019,W03,4,4,0
20251006,P019,W03,2,2,0
20251007,P019,W03,1,1,0
20251008,P019,W03,1,1,0
20251009,P019,W03,4,4,0
20251010,P019,W03,3,3,0
20251011,P019,W03,4,4,0
20251012,P019,W03,1,1,0
20251013,P019,W03,2,2,0
20251014,P019,W03,2,2,0
20251015,P019,W03,2,2,0
20251016,P019,W03,0,0,0
20251017,P019,W03,2,2,0
20251018,P019,W03,1,1,0
20251019,P019,W03,1,1,0
20251020,P019,W03,1,1,0
20251021,P019,W03,0,0,0
20251022,P019,W03,0,0,0
20251023,P019,W03,3,3,0
20251024,P019,W03,1,1,0
20251025,P019,W03,2,2,0
20251026,P019,W03,3,3,0
20251027,P019,W03,3,3,0
20251028,P019,W03,0,0,0
20251029,P019,W03,1,1,0
20251030,P019,W03,4,4,0
20251031,P019,W03,2,2,0
20251101,P019,W03,2,2,0
20251102,P019,W03,2,2,0
20251103,P019,W03,2,2,0
20251104,P019,W03,3,3,0
20251105,P019,W03,1,1,0
20251106,P019,W03,7,7,0
20251107,P019,W03,3,3,0
20251108,P019,W03,2,2,0
20251109,P019,W03,1,1,0
20251110,P019,W03,1,1,0
20251111,P019,W03,4,4,0
20251112,P019,W03,2,2,0
20251113,P019,W03,1,1,0
20251114,P019,W03,0,0,0
20251115,P019,W03,2,2,0
20251116,P019,W03,1,1,0
20251117,P019,W03,4,4,0
20251118,P019,W03,3,3,0
20251119,P019,W03,2,2,0
20251120,P019,W03,2,2,0
20251121,P019,W03,0,0,0
20251122,P019,W03,1,1,0
20251123,P019,W03,0,0,0
20251124,P019,W03,1,1,0
20251125,P019,W03,1,1,0
20251126,P019,W03,4,4,0
20251127,P019,W03,3,3,0
20251128,P019,W03,1,1,0
20251129,P019,W03,0,0,0
20251130,P019,W03,1,1,0
20251201,P019,W03,2,2,0
20251202,P019,W03,1,1,0
20251203,P019,W03,4,4,0
20251204,P019,W03,2,2,0
20251205,P019,W03,1,1,0
20251206,P019,W03,2,2,0
20251207,P019,W03,1,1,0
20251208,P019,W03,7,7,0
20251209,P019,W03,2,2,0
20251210,P019,W03,2,2,0
20251211,P019,W03,2,2,0
20251212,P019,W03,2,2,0
20251213,P019,W03,2,2,0
20251214,P019,W03,0,0,0
20251215,P019,W03,3,3,0
20251216,P019,W03,2,2,0
20251217,P019,W03,4,4,0
20251218,P019,W03,2,2,0
20251219,P019,W03,1,1,0
20251220,P019,W03,0,0,0
20251221,P019,W03,1,1,0
20251222,P019,W03,2,2,0
20251223,P019,W03,0,0,0
20251224,P019,W03,4,4,0
20251225,P019,W03,1,1,0
20251226,P019,W03,1,1,0
20251227,P019,W03,4,4,0
20251228,P019,W03,0,0,0
20251229,P019,W03,5,5,0
20251230,P019,W03,1,1,0
20251231,P019,W03,4,4,0
20260101,P019,W03,0,0,0
20260102,P019,W03,3,3,0
20260103,P019,W03,4,4,0
20260104,P019,W03,1,1,0
20260105,P019,W03,2,2,0
20260106,P019,W03,2,2,0
20260107,P019,W03,4,4,0
20260108,P019,W03,5,5,0
20260109,P019,W03,2,2,0
20260110,P019,W03,2,2,0
20260111,P019,W03,2,2,0
20260112,P019,W03,1,1,0
20260113,P019,W03,3,3,0
20260114,P019,W03,1,1,0
20260115,P019,W03,3,3,0
20260116,P019,W03,5,5,0
20260117,P019,W03,0,0,0
20260118,P019,W03,3,3,0
20260119,P019,W03,1,1,0
20260120,P019,W03,1,1,0
20260121,P019,W03,2,2,0
20260122,P019,W03,3,3,0
20260123,P019,W03,2,2,0
20260124,P019,W03,1,1,0
20260125,P019,W03,2,2,0
20260126,P019,W03,3,3,0
20260127,P019,W03,2,2,0
20260128,P019,W03,4,4,0
20260129,P019,W03,0,0,0
20260130,P019,W03,2,2,0
20260131,P019,W03,1,1,0
20260201,P019,W03,2,2,0
20260202,P019,W03,5,5,0
20260203,P019,W03,5,5,0
20260204,P019,W03,5,5,0
20260205,P019,W03,1,1,0
20260206,P019,W03,2,2,0
20260207,P019,W03,1,1,0
20260208,P019,W03,2,2,0
20260209,P019,W03,1,1,0
20260210,P019,W03,2,2,0
20260211,P019,W03,1,1,0
20260212,P019,W03,0,0,0
20260213,P019,W03,5,5,0
20260214,P019,W03,1,1,0
20260215,P019,W03,1,1,0
20260216,P019,W03,5,5,0
20260217,P019,W03,3,3,0
20260218,P019,W03,0,0,0
20260219,P019,W03,1,1,0
20260220,P019,W03,2,2,0
20260221,P019,W03,4,4,0
20260222,P019,W03,0,0,0
20260223,P019,W03,0,0,0
20260224,P019,W03,3,3,0
20260225,P019,W03,1,1,0
20260226,P019,W03,2,2,0
20260227,P019,W03,1,1,0
20260228,P019,W03,3,3,0
20260301,P019,W03,3,3,0
20260302,P019,W03,4,4,0
20260303,P019,W03,2,2,0
20260304,P019,W03,2,2,0
20260305,P019,W03,4,4,0
20260306,P019,W03,4,4,0
20260307,P019,W03,2,2,0
20260308,P019,W03,0,0,0
20260309,P019,W03,2,2,0
20260310,P019,W03,1,1,0
20260311,P019,W03,3,3,0
20260312,P019,W03,4,4,0
20260313,P019,W03,2,2,0
20260314,P019,W03,2,2,0
20260315,P019,W03,1,1,0
20260316,P019,W03,1,1,0
20260317,P019,W03,3,3,0
20260318,P019,W03,2,2,0
20260319,P019,W03,2,2,0
20260320,P019,W03,3,3,0
20260321,P019,W03,4,4,0
20260322,P019,W03,3,3,0
20260323,P019,W03,2,2,0
20260324,P019,W03,2,2,0
20260325,P019,W03,4,4,0
20260326,P019,W03,5,5,0
20260327,P019,W03,2,2,0
20260328,P019,W03,3,3,0
20260329,P019,W03,1,1,0
20260330,P019,W03,0,0,0
20260331,P019,W03,2,2,0
20260401,P019,W03,2,2,0
20260402,P019,W03,1,1,0
20260403,P019,W03,1,1,0
20260404,P019,W03,1,1,0
20260405,P019,W03,1,1,0
20260406,P019,W03,3,3,0
20260407,P019,W03,6,6,0
20260408,P019,W03,4,4,0
20260409,P019,W03,1,1,0
20260410,P019,W03,1,1,0
20260411,P019,W03,7,7,0
20260412,P019,W03,2,2,0
20260413,P019,W03,1,1,0
20260414,P019,W03,4,4,0
20260415,P019,W03,2,2,0
20260416,P019,W03,0,0,0
20260417,P019,W03,2,2,0
20260418,P019,W03,2,2,0
20260419,P019,W03,1,1,0
20260420,P019,W03,3,3,0
20260421,P019,W03,3,3,0
20260422,P019,W03,3,3,0
20260423,P019,W03,2,2,0
20260424,P019,W03,1,1,0
20260425,P019,W03,2,2,0
20260426,P019,W03,1,1,0
20260427,P019,W03,1,1,0
20260428,P019,W03,1,1,0
20260429,P019,W03,2,2,0
20260430,P019,W03,1,1,0
20260501,P019,W03,2,2,0
20260502,P019,W03,1,1,0
20260503,P019,W03,2,2,0
20260504,P019,W03,1,1,0
20260505,P019,W03,4,4,0
20260506,P019,W03,2,2,0
20260507,P019,W03,1,1,0
20260508,P019,W03,4,4,0
20260509,P019,W03,0,0,0
20260510,P019,W03,1,1,0
20260511,P019,W03,3,3,0
20260512,P019,W03,3,3,0
20260513,P019,W03,1,1,0
20260514,P019,W03,3,3,0
20260515,P019,W03,4,4,0
20260516,P019,W03,3,3,0
20260517,P019,W03,3,3,0
20260518,P019,W03,2,2,0
20260519,P019,W03,2,2,0
20260520,P019,W03,0,0,0
20260521,P019,W03,5,5,0
20260522,P019,W03,3,3,0
20260523,P019,W03,1,1,0
20260524,P019,W03,1,1,0
20260525,P019,W03,1,1,0
20260526,P019,W03,1,1,0
20260527,P019,W03,1,1,0
20260528,P019,W03,1,1,0
20260529,P019,W03,4,4,0
20260530,P019,W03,1,1,0
20260531,P019,W03,2,2,0
20260601,P019,W03,3,3,0
20260602,P019,W03,3,3,0
20260603,P019,W03,2,2,0
20260604,P019,W03,3,3,0
20260605,P019,W03,3,3,0
20260606,P019,W03,3,3,0
20260607,P019,W03,2,2,0
20260608,P019,W03,2,2,0
20260609,P019,W03,2,2,0
20260610,P019,W03,2,2,0
20260611,P019,W03,4,4,0
20260612,P019,W03,2,2,0
20260613,P019,W03,4,4,0
20260614,P019,W03,1,1,0
20260615,P019,W03,1,1,0
20260616,P019,W03,4,4,0
20260617,P019,W03,0,0,0
20260618,P019,W03,2,2,0
20260619,P019,W03,2,2,0
20260620,P019,W03,2,2,0
20260621,P019,W03,5,5,0
20260622,P019,W03,2,2,0
20260623,P019,W03,0,0,0
20260624,P019,W03,4,4,0
20260625,P019,W03,1,1,0
20260626,P019,W03,2,2,0
20260627,P019,W03,2,2,0
20260628,P019,W03,1,1,0
20260629,P019,W03,1,1,0
20260630,P019,W03,4,4,0
20260701,P019,W03,1,1,0
20260702,P019,W03,1,1,0
20260703,P019,W03,2,2,0
20260704,P019,W03,3,3,0
20260705,P019,W03,1,1,0
20260706,P019,W03,2,2,0
20260707,P019,W03,1,1,0
20260708,P019,W03,1,1,0
20260709,P019,W03,1,1,0
20260710,P019,W03,1,1,0
20260711,P019,W03,0,0,0
20260712,P019,W03,0,0,0
20260713,P019,W03,0,0,0
20260714,P019,W03,3,3,0
20260715,P019,W03,2,2,0
20260716,P019,W03,1,1,0
20260717,P019,W03,1,1,0
20260718,P019,W03,0,0,0
20260719,P019,W03,1,1,0
20260720,P019,W03,3,3,0
20260721,P019,W03,2,2,0
20260722,P019,W03,3,3,0
20260723,P019,W03,3,3,0
20260724,P019,W03,4,4,0
20260725,P019,W03,1,1,0
20260726,P019,W03,2,2,0
20260727,P019,W03,2,2,0
20260728,P019,W03,2,2,0
20260729,P019,W03,4,4,0
20260730,P019,W03,0,0,0
20260731,P019,W03,2,2,0
20260801,P019,W03,2,2,0
20260802,P019,W03,2,2,0
20260803,P019,W03,2,2,0
20260804,P019,W03,3,3,0
20260805,P019,W03,1,1,0
20260806,P019,W03,2,2,0
20260807,P019,W03,2,2,0
20260808,P019,W03,3,3,0
20260809,P019,W03,3,3,0
20260810,P019,W03,5,5,0
20260811,P019,W03,2,2,0
20260812,P019,W03,1,1,0
20260813,P019,W03,4,4,0
20260814,P019,W03,3,3,0
20260815,P019,W03,2,2,0
20260816,P019,W03,2,2,0
20260817,P019,W03,1,1,0
20260818,P019,W03,2,2,0
20260819,P019,W03,4,4,0
20260820,P019,W03,3,3,0
20260821,P019,W03,1,1,0
20260822,P019,W03,2,2,0
20260823,P019,W03,2,2,0
20260824,P019,W03,3,3,0
20260825,P019,W03,1,1,0
20260826,P019,W03,0,0,0
20260827,P019,W03,3,3,0
20260828,P019,W03,4,4,0
20260829,P019,W03,1,1,0
20260830,P019,W03,1,1,0
20260831,P019,W03,1,1,0
20260901,P019,W03,2,2,0
20260902,P019,W03,4,4,0
20260903,P019,W03,1,1,0
20260904,P019,W03,3,3,0
20260905,P019,W03,0,0,0
20260906,P019,W03,0,0,0
20260907,P019,W03,6,6,0
20260908,P019,W03,2,2,0
20260909,P019,W03,1,1,0
20260910,P019,W03,2,2,0
20260911,P019,W03,3,3,0
20260912,P019,W03,4,4,0
20260913,P019,W03,0,0,0
20260914,P019,W03,2,2,0
20260915,P019,W03,1,1,0
20260916,P019,W03,1,1,0
20260917,P019,W03,3,3,0
20260918,P019,W03,4,4,0
20260919,P019,W03,3,3,0
20260920,P019,W03,0,0,0
20260921,P019,W03,2,2,0
20260922,P019,W03,2,2,0
20260923,P019,W03,1,1,0
20260924,P019,W03,0,0,0
20260925,P019,W03,0,0,0
20260926,P019,W03,2,2,0
20260927,P019,W03,1,1,0
20260928,P019,W03,1,1,0
20260929,P019,W03,0,0,0
20260930,P019,W03,3,3,0
20251001,P019,W04,2,2,0
20251002,P019,W04,1,1,0
20251003,P019,W04,4,4,0
20251004,P019,W04,1,1,0
20251005,P019,W04,0,0,0
20251006,P019,W04,1,1,0
20251007,P019,W04,0,0,0
20251008,P019,W04,1,1,0
20251009,P019,W04,2,2,0
20251010,P019,W04,1,1,0
20251011,P019,W04,1,1,0
20251012,P019,W04,2,2,0
20251013,P019,W04,1,1,0
20251014,P019,W04,0,0,0
20251015,P019,W04,0,0,0
20251016,P019,W04,3,3,0
20251017,P019,W04,2,2,0
20251018,P019,W04,2,2,0
20251019,P019,W04,1,1,0
20251020,P019,W04,0,0,0
20251021,P019,W04,1,1,0
20251022,P019,W04,3,3,0
20251023,P019,W04,1,1,0
20251024,P019,W04,3,3,0
20251025,P019,W04,1,1,0
20251026,P019,W04,1,1,0
20251027,P019,W04,3,3,0
20251028,P019,W04,1,1,0
20251029,P019,W04,3,3,0
20251030,P019,W04,1,1,0
20251031,P019,W04,0,0,0
20251101,P019,W04,4,4,0
20251102,P019,W04,0,0,0
20251103,P019,W04,1,1,0
20251104,P019,W04,5,5,0
20251105,P019,W04,1,1,0
20251106,P019,W04,0,0,0
20251107,P019,W04,1,1,0
20251108,P019,W04,3,3,0
20251109,P019,W04,0,0,0
20251110,P019,W04,0,0,0
20251111,P019,W04,1,1,0
20251112,P019,W04,2,2,0
20251113,P019,W04,2,2,0
20251114,P019,W04,2,2,0
20251115,P019,W04,0,0,0
20251116,P019,W04,1,1,0
20251117,P019,W04,1,1,0
20251118,P019,W04,0,0,0
20251119,P019,W04,4,3,1
20251120,P019,W04,1,0,1
20251121,P019,W04,2,0,2
20251122,P019,W04,0,0,0
20251123,P019,W04,1,0,1
20251124,P019,W04,3,0,3
20251125,P019,W04,1,0,1
20251126,P019,W04,2,0,2
20251127,P019,W04,1,0,1
20251128,P019,W04,2,0,2
20251129,P019,W04,1,1,0
20251130,P019,W04,0,0,0
20251201,P019,W04,3,3,0
20251202,P019,W04,0,0,0
20251203,P019,W04,2,2,0
20251204,P019,W04,2,2,0
20251205,P019,W04,0,0,0
20251206,P019,W04,0,0,0
20251207,P019,W04,0,0,0
20251208,P019,W04,4,4,0
20251209,P019,W04,1,1,0
20251210,P019,W04,0,0,0
20251211,P019,W04,1,1,0
20251212,P019,W04,3,3,0
20251213,P019,W04,4,4,0
20251214,P019,W04,0,0,0
20251215,P019,W04,1,1,0
20251216,P019,W04,0,0,0
20251217,P019,W04,1,1,0
20251218,P019,W04,0,0,0
20251219,P019,W04,3,3,0
20251220,P019,W04,2,2,0
20251221,P019,W04,1,1,0
20251222,P019,W04,4,4,0
20251223,P019,W04,2,2,0
20251224,P019,W04,0,0,0
20251225,P019,W04,0,0,0
20251226,P019,W04,0,0,0
20251227,P019,W04,0,0,0
20251228,P019,W04,0,0,0
20251229,P019,W04,1,1,0
20251230,P019,W04,4,4,0
20251231,P019,W04,1,1,0
20260101,P019,W04,0,0,0
20260102,P019,W04,1,1,0
20260103,P019,W04,3,3,0
20260104,P019,W04,1,1,0
20260105,P019,W04,0,0,0
20260106,P019,W04,3,3,0
20260107,P019,W04,0,0,0
20260108,P019,W04,2,2,0
20260109,P019,W04,2,2,0
20260110,P019,W04,4,4,0
20260111,P019,W04,0,0,0
20260112,P019,W04,5,5,0
20260113,P019,W04,2,2,0
20260114,P019,W04,2,2,0
20260115,P019,W04,0,0,0
20260116,P019,W04,2,2,0
20260117,P019,W04,3,3,0
20260118,P019,W04,0,0,0
20260119,P019,W04,1,1,0
20260120,P019,W04,3,3,0
20260121,P019,W04,0,0,0
20260122,P019,W04,2,2,0
20260123,P019,W04,2,2,0
20260124,P019,W04,2,2,0
20260125,P019,W04,2,2,0
20260126,P019,W04,2,2,0
20260127,P019,W04,1,1,0
20260128,P019,W04,2,2,0
20260129,P019,W04,1,1,0
20260130,P019,W04,1,1,0
20260131,P019,W04,3,3,0
20260201,P019,W04,0,0,0
20260202,P019,W04,0,0,0
20260203,P019,W04,4,4,0
20260204,P019,W04,1,1,0
20260205,P019,W04,3,3,0
20260206,P019,W04,0,0,0
20260207,P019,W04,2,2,0
20260208,P019,W04,1,1,0
20260209,P019,W04,2,2,0
20260210,P019,W04,4,4,0
20260211,P019,W04,0,0,0
20260212,P019,W04,0,0,0
20260213,P019,W04,1,1,0
20260214,P019,W04,0,0,0
20260215,P019,W04,0,0,0
20260216,P019,W04,1,1,0
20260217,P019,W04,1,1,0
20260218,P019,W04,2,2,0
20260219,P019,W04,1,1,0
20260220,P019,W04,3,3,0
20260221,P019,W04,2,2,0
20260222,P019,W04,1,1,0
20260223,P019,W04,5,5,0
20260224,P019,W04,2,2,0
20260225,P019,W04,1,1,0
20260226,P019,W04,2,2,0
20260227,P019,W04,2,2,0
20260228,P019,W04,2,2,0
20260301,P019,W04,1,1,0
20260302,P019,W04,0,0,0
20260303,P019,W04,3,3,0
20260304,P019,W04,4,4,0
20260305,P019,W04,0,0,0
20260306,P019,W04,1,1,0
20260307,P019,W04,0,0,0
20260308,P019,W04,0,0,0
20260309,P019,W04,5,5,0
20260310,P019,W04,0,0,0
20260311,P019,W04,4,4,0
20260312,P019,W04,2,2,0
20260313,P019,W04,0,0,0
20260314,P019,W04,2,2,0
20260315,P019,W04,0,0,0
20260316,P019,W04,0,0,0
20260317,P019,W04,0,0,0
20260318,P019,W04,1,1,0
20260319,P019,W04,1,1,0
20260320,P019,W04,1,1,0
20260321,P019,W04,3,3,0
20260322,P019,W04,1,1,0
20260323,P019,W04,1,1,0
20260324,P019,W04,2,2,0
20260325,P019,W04,0,0,0
20260326,P019,W04,2,2,0
20260327,P019,W04,4,4,0
20260328,P019,W04,5,5,0
20260329,P019,W04,1,1,0
20260330,P019,W04,2,2,0
20260331,P019,W04,1,1,0
20260401,P019,W04,1,1,0
20260402,P019,W04,3,3,0
20260403,P019,W04,3,3,0
20260404,P019,W04,2,2,0
20260405,P019,W04,0,0,0
20260406,P019,W04,5,5,0
20260407,P019,W04,3,3,0
20260408,P019,W04,3,3,0
20260409,P019,W04,2,2,0
20260410,P019,W04,4,4,0
20260411,P019,W04,2,2,0
20260412,P019,W04,1,1,0
20260413,P019,W04,1,1,0
20260414,P019,W04,0,0,0
20260415,P019,W04,4,4,0
20260416,P019,W04,1,1,0
20260417,P019,W04,4,4,0
20260418,P019,W04,2,2,0
20260419,P019,W04,1,1,0
20260420,P019,W04,1,1,0
20260421,P019,W04,1,1,0
20260422,P019,W04,1,1,0
20260423,P019,W04,2,2,0
20260424,P019,W04,2,2,0
20260425,P019,W04,2,2,0
20260426,P019,W04,0,0,0
20260427,P019,W04,3,3,0
20260428,P019,W04,2,2,0
20260429,P019,W04,0,0,0
20260430,P019,W04,2,2,0
20260501,P019,W04,2,2,0
20260502,P019,W04,3,3,0
20260503,P019,W04,0,0,0
20260504,P019,W04,1,1,0
20260505,P019,W04,2,2,0
20260506,P019,W04,0,0,0
20260507,P019,W04,2,2,0
20260508,P019,W04,2,2,0
20260509,P019,W04,2,2,0
20260510,P019,W04,0,0,0
20260511,P019,W04,3,3,0
20260512,P019,W04,1,1,0
20260513,P019,W04,2,2,0
20260514,P019,W04,1,1,0
20260515,P019,W04,2,2,0
20260516,P019,W04,1,1,0
20260517,P019,W04,1,1,0
20260518,P019,W04,1,1,0
20260519,P019,W04,0,0,0
20260520,P019,W04,3,3,0
20260521,P019,W04,2,2,0
20260522,P019,W04,2,2,0
20260523,P019,W04,1,1,0
20260524,P019,W04,1,1,0
20260525,P019,W04,4,4,0
20260526,P019,W04,2,2,0
20260527,P019,W04,3,3,0
20260528,P019,W04,2,2,0
20260529,P019,W04,3,3,0
20260530,P019,W04,2,2,0
20260531,P019,W04,1,1,0
20260601,P019,W04,1,1,0
20260602,P019,W04,3,3,0
20260603,P019,W04,1,1,0
20260604,P019,W04,0,0,0
20260605,P019,W04,1,1,0
20260606,P019,W04,0,0,0
20260607,P019,W04,1,1,0
20260608,P019,W04,2,2,0
20260609,P019,W04,2,2,0
20260610,P019,W04,0,0,0
20260611,P019,W04,2,2,0
20260612,P019,W04,3,3,0
20260613,P019,W04,3,3,0
20260614,P019,W04,2,2,0
20260615,P019,W04,1,1,0
20260616,P019,W04,1,1,0
20260617,P019,W04,3,3,0
20260618,P019,W04,3,3,0
20260619,P019,W04,1,1,0
20260620,P019,W04,5,5,0
20260621,P019,W04,1,1,0
20260622,P019,W04,2,2,0
20260623,P019,W04,3,3,0
20260624,P019,W04,2,2,0
20260625,P019,W04,0,0,0
20260626,P019,W04,4,4,0
20260627,P019,W04,0,0,0
20260628,P019,W04,1,1,0
20260629,P019,W04,1,1,0
20260630,P019,W04,0,0,0
20260701,P019,W04,0,0,0
20260702,P019,W04,4,4,0
20260703,P019,W04,2,2,0
20260704,P019,W04,3,3,0
20260705,P019,W04,0,0,0
20260706,P019,W04,1,1,0
20260707,P019,W04,2,2,0
20260708,P019,W04,1,1,0
20260709,P019,W04,2,2,0
20260710,P019,W04,2,2,0
20260711,P019,W04,3,3,0
20260712,P019,W04,2,2,0
20260713,P019,W04,3,3,0
20260714,P019,W04,4,4,0
20260715,P019,W04,1,1,0
20260716,P019,W04,3,3,0
20260717,P019,W04,2,2,0
20260718,P019,W04,3,3,0
20260719,P019,W04,1,1,0
20260720,P019,W04,2,2,0
20260721,P019,W04,2,2,0
20260722,P019,W04,0,0,0
20260723,P019,W04,1,1,0
20260724,P019,W04,1,1,0
20260725,P019,W04,1,1,0
20260726,P019,W04,1,1,0
20260727,P019,W04,0,0,0
20260728,P019,W04,1,1,0
20260729,P019,W04,1,1,0
20260730,P019,W04,1,1,0
20260731,P019,W04,0,0,0
20260801,P019,W04,1,1,0
20260802,P019,W04,0,0,0
20260803,P019,W04,3,3,0
20260804,P019,W04,0,0,0
20260805,P019,W04,2,2,0
20260806,P019,W04,3,3,0
20260807,P019,W04,2,2,0
20260808,P019,W04,1,1,0
20260809,P019,W04,0,0,0
20260810,P019,W04,0,0,0
20260811,P019,W04,1,1,0
20260812,P019,W04,1,1,0
20260813,P019,W04,2,2,0
20260814,P019,W04,2,2,0
20260815,P019,W04,0,0,0
20260816,P019,W04,1,1,0
20260817,P019,W04,2,2,0
20260818,P019,W04,0,0,0
20260819,P019,W04,3,3,0
20260820,P019,W04,0,0,0
20260821,P019,W04,1,1,0
20260822,P019,W04,0,0,0
20260823,P019,W04,2,2,0
20260824,P019,W04,2,2,0
20260825,P019,W04,0,0,0
20260826,P019,W04,2,2,0
20260827,P019,W04,1,1,0
20260828,P019,W04,3,3,0
20260829,P019,W04,5,5,0
20260830,P019,W04,4,4,0
20260831,P019,W04,1,1,0
20260901,P019,W04,1,1,0
20260902,P019,W04,1,1,0
20260903,P019,W04,3,3,0
20260904,P019,W04,1,1,0
20260905,P019,W04,2,2,0
20260906,P019,W04,2,2,0
20260907,P019,W04,1,1,0
20260908,P019,W04,1,1,0
20260909,P019,W04,3,3,0
20260910,P019,W04,3,3,0
20260911,P019,W04,6,6,0
20260912,P019,W04,2,2,0
20260913,P019,W04,3,3,0
20260914,P019,W04,1,1,0
20260915,P019,W04,3,3,0
20260916,P019,W04,1,1,0
20260917,P019,W04,2,2,0
20260918,P019,W04,4,4,0
20260919,P019,W04,3,3,0
20260920,P019,W04,1,1,0
20260921,P019,W04,2,2,0
20260922,P019,W04,1,1,0
20260923,P019,W04,2,2,0
20260924,P019,W04,2,2,0
20260925,P019,W04,2,2,0
20260926,P019,W04,1,1,0
20260927,P019,W04,2,2,0
20260928,P019,W04,0,0,0
20260929,P019,W04,2,2,0
20260930,P019,W04,1,1,0
20251001,P020,W01,8,8,0
20251002,P020,W01,11,11,0
20251003,P020,W01,8,8,0
20251004,P020,W01,5,5,0
20251005,P020,W01,6,6,0
20251006,P020,W01,13,13,0
20251007,P020,W01,8,8,0
20251008,P020,W01,5,5,0
20251009,P020,W01,9,9,0
20251010,P020,W01,6,6,0
20251011,P020,W01,10,10,0
20251012,P020,W01,7,7,0
20251013,P020,W01,10,10,0
20251014,P020,W01,8,8,0
20251015,P020,W01,8,8,0
20251016,P020,W01,12,12,0
20251017,P020,W01,10,10,0
20251018,P020,W01,11,11,0
20251019,P020,W01,7,7,0
20251020,P020,W01,6,6,0
20251021,P020,W01,5,5,0
20251022,P020,W01,8,8,0
20251023,P020,W01,10,10,0
20251024,P020,W01,14,14,0
20251025,P020,W01,11,11,0
20251026,P020,W01,5,5,0
20251027,P020,W01,14,14,0
20251028,P020,W01,12,12,0
20251029,P020,W01,6,6,0
20251030,P020,W01,8,8,0
20251031,P020,W01,17,17,0
20251101,P020,W01,13,13,0
20251102,P020,W01,8,8,0
20251103,P020,W01,14,1,13
20251104,P020,W01,15,0,15
20251105,P020,W01,15,0,15
20251106,P020,W01,18,0,18
20251107,P020,W01,14,0,14
20251108,P020,W01,9,9,0
20251109,P020,W01,13,13,0
20251110,P020,W01,10,10,0
20251111,P020,W01,13,13,0
20251112,P020,W01,10,10,0
20251113,P020,W01,12,12,0
20251114,P020,W01,16,16,0
20251115,P020,W01,17,17,0
20251116,P020,W01,8,8,0
20251117,P020,W01,16,16,0
20251118,P020,W01,17,17,0
20251119,P020,W01,13,13,0
20251120,P020,W01,16,16,0
20251121,P020,W01,11,11,0
20251122,P020,W01,13,13,0
20251123,P020,W01,9,9,0
20251124,P020,W01,16,16,0
20251125,P020,W01,8,8,0
20251126,P020,W01,12,12,0
20251127,P020,W01,10,10,0
20251128,P020,W01,9,9,0
20251129,P020,W01,21,21,0
20251130,P020,W01,4,4,0
20251201,P020,W01,17,17,0
20251202,P020,W01,14,14,0
20251203,P020,W01,15,15,0
20251204,P020,W01,10,10,0
20251205,P020,W01,12,12,0
20251206,P020,W01,15,15,0
20251207,P020,W01,6,6,0
20251208,P020,W01,13,13,0
20251209,P020,W01,21,21,0
20251210,P020,W01,15,15,0
20251211,P020,W01,17,17,0
20251212,P020,W01,15,15,0
20251213,P020,W01,16,16,0
20251214,P020,W01,11,11,0
20251215,P020,W01,21,21,0
20251216,P020,W01,11,11,0
20251217,P020,W01,14,14,0
20251218,P020,W01,14,14,0
20251219,P020,W01,9,9,0
20251220,P020,W01,16,16,0
20251221,P020,W01,7,7,0
20251222,P020,W01,15,15,0
20251223,P020,W01,13,13,0
20251224,P020,W01,18,18,0
20251225,P020,W01,12,12,0
20251226,P020,W01,10,10,0
20251227,P020,W01,15,15,0
20251228,P020,W01,6,6,0
20251229,P020,W01,13,13,0
20251230,P020,W01,17,17,0
20251231,P020,W01,14,14,0
20260101,P020,W01,14,14,0
20260102,P020,W01,15,15,0
20260103,P020,W01,19,19,0
20260104,P020,W01,10,10,0
20260105,P020,W01,12,12,0
20260106,P020,W01,14,14,0
20260107,P020,W01,11,11,0
20260108,P020,W01,9,9,0
20260109,P020,W01,17,17,0
20260110,P020,W01,13,13,0
20260111,P020,W01,6,6,0
20260112,P020,W01,16,16,0
20260113,P020,W01,10,10,0
20260114,P020,W01,11,11,0
20260115,P020,W01,8,8,0
20260116,P020,W01,17,17,0
20260117,P020,W01,13,13,0
20260118,P020,W01,6,6,0
20260119,P020,W01,18,18,0
20260120,P020,W01,9,9,0
20260121,P020,W01,14,14,0
20260122,P020,W01,14,14,0
20260123,P020,W01,12,12,0
20260124,P020,W01,7,7,0
20260125,P020,W01,6,6,0
20260126,P020,W01,15,15,0
20260127,P020,W01,18,18,0
20260128,P020,W01,14,14,0
20260129,P020,W01,12,12,0
20260130,P020,W01,9,9,0
20260131,P020,W01,9,9,0
20260201,P020,W01,8,8,0
20260202,P020,W01,15,15,0
20260203,P020,W01,11,11,0
20260204,P020,W01,18,18,0
20260205,P020,W01,14,14,0
20260206,P020,W01,15,15,0
20260207,P020,W01,11,11,0
20260208,P020,W01,6,6,0
20260209,P020,W01,18,18,0
20260210,P020,W01,17,17,0
20260211,P020,W01,8,8,0
20260212,P020,W01,15,15,0
20260213,P020,W01,7,7,0
20260214,P020,W01,16,16,0
20260215,P020,W01,6,6,0
20260216,P020,W01,22,22,0
20260217,P020,W01,15,15,0
20260218,P020,W01,16,16,0
20260219,P020,W01,12,12,0
20260220,P020,W01,11,11,0
20260221,P020,W01,9,9,0
20260222,P020,W01,12,12,0
20260223,P020,W01,9,9,0
20260224,P020,W01,11,11,0
20260225,P020,W01,15,15,0
20260226,P020,W01,13,13,0
20260227,P020,W01,13,13,0
20260228,P020,W01,14,14,0
20260301,P020,W01,7,7,0
20260302,P020,W01,9,9,0
20260303,P020,W01,5,5,0
20260304,P020,W01,7,7,0
20260305,P020,W01,10,10,0
20260306,P020,W01,9,9,0
20260307,P020,W01,10,10,0
20260308,P020,W01,6,6,0
20260309,P020,W01,12,12,0
20260310,P020,W01,9,9,0
20260311,P020,W01,10,10,0
20260312,P020,W01,14,14,0
20260313,P020,W01,17,17,0
20260314,P020,W01,13,13,0
20260315,P020,W01,5,5,0
20260316,P020,W01,13,13,0
20260317,P020,W01,15,15,0
20260318,P020,W01,10,10,0
20260319,P020,W01,7,7,0
20260320,P020,W01,9,9,0
20260321,P020,W01,10,10,0
20260322,P020,W01,7,7,0
20260323,P020,W01,9,9,0
20260324,P020,W01,10,10,0
20260325,P020,W01,6,6,0
20260326,P020,W01,10,10,0
20260327,P020,W01,12,12,0
20260328,P020,W01,13,13,0
20260329,P020,W01,6,6,0
20260330,P020,W01,9,9,0
20260331,P020,W01,11,11,0
20260401,P020,W01,5,5,0
20260402,P020,W01,9,9,0
20260403,P020,W01,11,11,0
20260404,P020,W01,7,7,0
20260405,P020,W01,2,2,0
20260406,P020,W01,8,8,0
20260407,P020,W01,8,8,0
20260408,P020,W01,8,8,0
20260409,P020,W01,7,7,0
20260410,P020,W01,8,8,0
20260411,P020,W01,5,5,0
20260412,P020,W01,6,6,0
20260413,P020,W01,6,6,0
20260414,P020,W01,11,11,0
20260415,P020,W01,9,9,0
20260416,P020,W01,11,11,0
20260417,P020,W01,10,10,0
20260418,P020,W01,8,8,0
20260419,P020,W01,4,4,0
20260420,P020,W01,9,9,0
20260421,P020,W01,12,12,0
20260422,P020,W01,7,7,0
20260423,P020,W01,8,8,0
20260424,P020,W01,3,3,0
20260425,P020,W01,14,14,0
20260426,P020,W01,2,2,0
20260427,P020,W01,9,9,0
20260428,P020,W01,6,6,0
20260429,P020,W01,10,10,0
20260430,P020,W01,11,11,0
20260501,P020,W01,7,7,0
20260502,P020,W01,10,10,0
20260503,P020,W01,7,7,0
20260504,P020,W01,8,8,0
20260505,P020,W01,4,4,0
20260506,P020,W01,5,5,0
20260507,P020,W01,15,15,0
20260508,P020,W01,9,9,0
20260509,P020,W01,4,4,0
20260510,P020,W01,5,5,0
20260511,P020,W01,8,8,0
20260512,P020,W01,7,7,0
20260513,P020,W01,11,11,0
20260514,P020,W01,9,9,0
20260515,P020,W01,9,9,0
20260516,P020,W01,9,9,0
20260517,P020,W01,4,4,0
20260518,P020,W01,10,10,0
20260519,P020,W01,11,11,0
20260520,P020,W01,7,7,0
20260521,P020,W01,4,4,0
20260522,P020,W01,10,10,0
20260523,P020,W01,5,5,0
20260524,P020,W01,6,6,0
20260525,P020,W01,13,13,0
20260526,P020,W01,12,12,0
20260527,P020,W01,8,8,0
20260528,P020,W01,8,8,0
20260529,P020,W01,8,8,0
20260530,P020,W01,5,5,0
20260531,P020,W01,5,5,0
20260601,P020,W01,10,10,0
20260602,P020,W01,9,9,0
20260603,P020,W01,8,8,0
20260604,P020,W01,9,9,0
20260605,P020,W01,8,8,0
20260606,P020,W01,7,7,0
20260607,P020,W01,6,6,0
20260608,P020,W01,10,10,0
20260609,P020,W01,15,15,0
20260610,P020,W01,7,7,0
20260611,P020,W01,4,4,0
20260612,P020,W01,8,8,0
20260613,P020,W01,9,9,0
20260614,P020,W01,5,5,0
20260615,P020,W01,8,8,0
20260616,P020,W01,8,8,0
20260617,P020,W01,8,8,0
20260618,P020,W01,10,10,0
20260619,P020,W01,5,5,0
20260620,P020,W01,5,5,0
20260621,P020,W01,5,5,0
20260622,P020,W01,8,8,0
20260623,P020,W01,10,10,0
20260624,P020,W01,8,8,0
20260625,P020,W01,8,8,0
20260626,P020,W01,6,6,0
20260627,P020,W01,5,5,0
20260628,P020,W01,9,9,0
20260629,P020,W01,7,7,0
20260630,P020,W01,3,3,0
20260701,P020,W01,12,12,0
20260702,P020,W01,10,10,0
20260703,P020,W01,10,10,0
20260704,P020,W01,6,6,0
20260705,P020,W01,6,6,0
20260706,P020,W01,6,6,0
20260707,P020,W01,8,8,0
20260708,P020,W01,8,8,0
20260709,P020,W01,6,6,0
20260710,P020,W01,6,6,0
20260711,P020,W01,13,13,0
20260712,P020,W01,4,4,0
20260713,P020,W01,10,10,0
20260714,P020,W01,8,8,0
20260715,P020,W01,5,5,0
20260716,P020,W01,13,13,0
20260717,P020,W01,11,11,0
20260718,P020,W01,8,8,0
20260719,P020,W01,6,6,0
20260720,P020,W01,7,7,0
20260721,P020,W01,5,5,0
20260722,P020,W01,8,8,0
20260723,P020,W01,11,11,0
20260724,P020,W01,7,7,0
20260725,P020,W01,10,10,0
20260726,P020,W01,7,7,0
20260727,P020,W01,4,4,0
20260728,P020,W01,10,10,0
20260729,P020,W01,7,7,0
20260730,P020,W01,6,6,0
20260731,P020,W01,9,9,0
20260801,P020,W01,7,7,0
20260802,P020,W01,2,2,0
20260803,P020,W01,6,6,0
20260804,P020,W01,8,8,0
20260805,P020,W01,11,11,0
20260806,P020,W01,11,11,0
20260807,P020,W01,11,11,0
20260808,P020,W01,7,7,0
20260809,P020,W01,7,7,0
20260810,P020,W01,6,6,0
20260811,P020,W01,10,10,0
20260812,P020,W01,8,8,0
20260813,P020,W01,4,4,0
20260814,P020,W01,8,8,0
20260815,P020,W01,9,9,0
20260816,P020,W01,5,5,0
20260817,P020,W01,7,7,0
20260818,P020,W01,5,5,0
20260819,P020,W01,8,8,0
20260820,P020,W01,5,5,0
20260821,P020,W01,5,5,0
20260822,P020,W01,9,9,0
20260823,P020,W01,4,4,0
20260824,P020,W01,4,4,0
20260825,P020,W01,4,4,0
20260826,P020,W01,11,11,0
20260827,P020,W01,8,8,0
20260828,P020,W01,11,11,0
20260829,P020,W01,12,12,0
20260830,P020,W01,6,6,0
20260831,P020,W01,16,16,0
20260901,P020,W01,6,6,0
20260902,P020,W01,10,10,0
20260903,P020,W01,8,8,0
20260904,P020,W01,8,8,0
20260905,P020,W01,11,11,0
20260906,P020,W01,7,7,0
20260907,P020,W01,11,11,0
20260908,P020,W01,11,11,0
20260909,P020,W01,8,8,0
20260910,P020,W01,12,12,0
20260911,P020,W01,10,10,0
20260912,P020,W01,8,8,0
20260913,P020,W01,2,2,0
20260914,P020,W01,4,4,0
20260915,P020,W01,11,11,0
20260916,P020,W01,14,14,0
20260917,P020,W01,13,13,0
20260918,P020,W01,7,7,0
20260919,P020,W01,15,15,0
20260920,P020,W01,7,7,0
20260921,P020,W01,12,12,0
20260922,P020,W01,7,7,0
20260923,P020,W01,4,4,0
20260924,P020,W01,13,13,0
20260925,P020,W01,5,5,0
20260926,P020,W01,11,11,0
20260927,P020,W01,2,2,0
20260928,P020,W01,5,5,0
20260929,P020,W01,11,11,0
20260930,P020,W01,6,6,0
20251001,P020,W02,14,14,0
20251002,P020,W02,12,12,0
20251003,P020,W02,9,9,0
20251004,P020,W02,12,12,0
20251005,P020,W02,6,6,0
20251006,P020,W02,11,11,0
20251007,P020,W02,7,7,0
20251008,P020,W02,18,18,0
20251009,P020,W02,11,11,0
20251010,P020,W02,16,16,0
20251011,P020,W02,6,6,0
20251012,P020,W02,7,7,0
20251013,P020,W02,17,17,0
20251014,P020,W02,13,13,0
20251015,P020,W02,15,15,0
20251016,P020,W02,6,6,0
20251017,P020,W02,11,11,0
20251018,P020,W02,11,11,0
20251019,P020,W02,6,6,0
20251020,P020,W02,14,14,0
20251021,P020,W02,11,11,0
20251022,P020,W02,14,14,0
20251023,P020,W02,10,10,0
20251024,P020,W02,16,16,0
20251025,P020,W02,18,18,0
20251026,P020,W02,6,6,0
20251027,P020,W02,13,13,0
20251028,P020,W02,9,9,0
20251029,P020,W02,7,7,0
20251030,P020,W02,12,12,0
20251031,P020,W02,11,11,0
20251101,P020,W02,12,12,0
20251102,P020,W02,9,9,0
20251103,P020,W02,9,9,0
20251104,P020,W02,13,13,0
20251105,P020,W02,7,7,0
20251106,P020,W02,17,17,0
20251107,P020,W02,12,12,0
20251108,P020,W02,7,7,0
20251109,P020,W02,12,12,0
20251110,P020,W02,9,9,0
20251111,P020,W02,11,11,0
20251112,P020,W02,7,7,0
20251113,P020,W02,14,14,0
20251114,P020,W02,16,16,0
20251115,P020,W02,11,11,0
20251116,P020,W02,9,9,0
20251117,P020,W02,15,15,0
20251118,P020,W02,17,17,0
20251119,P020,W02,23,23,0
20251120,P020,W02,13,13,0
20251121,P020,W02,15,15,0
20251122,P020,W02,18,18,0
20251123,P020,W02,8,8,0
20251124,P020,W02,18,18,0
20251125,P020,W02,20,20,0
20251126,P020,W02,13,13,0
20251127,P020,W02,11,11,0
20251128,P020,W02,11,11,0
20251129,P020,W02,11,11,0
20251130,P020,W02,13,13,0
20251201,P020,W02,16,16,0
20251202,P020,W02,18,18,0
20251203,P020,W02,8,8,0
20251204,P020,W02,18,18,0
20251205,P020,W02,14,14,0
20251206,P020,W02,24,24,0
20251207,P020,W02,12,12,0
20251208,P020,W02,13,13,0
20251209,P020,W02,15,15,0
20251210,P020,W02,15,15,0
20251211,P020,W02,14,14,0
20251212,P020,W02,13,13,0
20251213,P020,W02,14,14,0
20251214,P020,W02,7,7,0
20251215,P020,W02,16,16,0
20251216,P020,W02,16,16,0
20251217,P020,W02,16,16,0
20251218,P020,W02,14,14,0
20251219,P020,W02,12,12,0
20251220,P020,W02,11,11,0
20251221,P020,W02,9,9,0
20251222,P020,W02,15,15,0
20251223,P020,W02,13,13,0
20251224,P020,W02,9,9,0
20251225,P020,W02,17,17,0
20251226,P020,W02,15,15,0
20251227,P020,W02,18,18,0
20251228,P020,W02,9,9,0
20251229,P020,W02,18,18,0
20251230,P020,W02,18,18,0
20251231,P020,W02,14,14,0
20260101,P020,W02,14,14,0
20260102,P020,W02,12,12,0
20260103,P020,W02,16,16,0
20260104,P020,W02,8,8,0
20260105,P020,W02,9,9,0
20260106,P020,W02,15,15,0
20260107,P020,W02,13,13,0
20260108,P020,W02,18,18,0
20260109,P020,W02,14,14,0
20260110,P020,W02,16,16,0
20260111,P020,W02,9,9,0
20260112,P020,W02,16,16,0
20260113,P020,W02,14,14,0
20260114,P020,W02,18,18,0
20260115,P020,W02,15,15,0
20260116,P020,W02,12,12,0
20260117,P020,W02,18,18,0
20260118,P020,W02,9,9,0
20260119,P020,W02,19,19,0
20260120,P020,W02,10,10,0
20260121,P020,W02,11,11,0
20260122,P020,W02,17,17,0
20260123,P020,W02,15,15,0
20260124,P020,W02,10,10,0
20260125,P020,W02,12,12,0
20260126,P020,W02,13,13,0
20260127,P020,W02,8,8,0
20260128,P020,W02,11,11,0
20260129,P020,W02,13,13,0
20260130,P020,W02,18,18,0
20260131,P020,W02,17,17,0
20260201,P020,W02,7,7,0
20260202,P020,W02,9,9,0
20260203,P020,W02,7,7,0
20260204,P020,W02,15,15,0
20260205,P020,W02,12,12,0
20260206,P020,W02,18,18,0
20260207,P020,W02,21,21,0
20260208,P020,W02,10,10,0
20260209,P020,W02,9,9,0
20260210,P020,W02,12,12,0
20260211,P020,W02,12,12,0
20260212,P020,W02,10,10,0
20260213,P020,W02,13,13,0
20260214,P020,W02,12,12,0
20260215,P020,W02,9,9,0
20260216,P020,W02,14,14,0
20260217,P020,W02,13,13,0
20260218,P020,W02,12,12,0
20260219,P020,W02,12,12,0
20260220,P020,W02,19,19,0
20260221,P020,W02,7,7,0
20260222,P020,W02,3,3,0
20260223,P020,W02,12,12,0
20260224,P020,W02,11,11,0
20260225,P020,W02,12,12,0
20260226,P020,W02,13,13,0
20260227,P020,W02,14,14,0
20260228,P020,W02,19,19,0
20260301,P020,W02,7,7,0
20260302,P020,W02,12,12,0
20260303,P020,W02,16,16,0
20260304,P020,W02,12,12,0
20260305,P020,W02,12,12,0
20260306,P020,W02,12,12,0
20260307,P020,W02,13,13,0
20260308,P020,W02,6,6,0
20260309,P020,W02,9,9,0
20260310,P020,W02,12,12,0
20260311,P020,W02,13,13,0
20260312,P020,W02,12,12,0
20260313,P020,W02,13,13,0
20260314,P020,W02,14,14,0
20260315,P020,W02,6,6,0
20260316,P020,W02,8,8,0
20260317,P020,W02,12,12,0
20260318,P020,W02,10,10,0
20260319,P020,W02,6,6,0
20260320,P020,W02,17,17,0
20260321,P020,W02,9,9,0
20260322,P020,W02,9,9,0
20260323,P020,W02,11,11,0
20260324,P020,W02,10,10,0
20260325,P020,W02,11,11,0
20260326,P020,W02,8,8,0
20260327,P020,W02,9,9,0
20260328,P020,W02,16,16,0
20260329,P020,W02,3,3,0
20260330,P020,W02,12,12,0
20260331,P020,W02,13,13,0
20260401,P020,W02,4,4,0
20260402,P020,W02,8,8,0
20260403,P020,W02,5,5,0
20260404,P020,W02,9,9,0
20260405,P020,W02,2,2,0
20260406,P020,W02,13,13,0
20260407,P020,W02,8,8,0
20260408,P020,W02,19,19,0
20260409,P020,W02,12,12,0
20260410,P020,W02,13,13,0
20260411,P020,W02,11,11,0
20260412,P020,W02,9,9,0
20260413,P020,W02,9,9,0
20260414,P020,W02,8,8,0
20260415,P020,W02,12,12,0
20260416,P020,W02,11,11,0
20260417,P020,W02,6,6,0
20260418,P020,W02,9,9,0
20260419,P020,W02,6,6,0
20260420,P020,W02,8,8,0
20260421,P020,W02,10,10,0
20260422,P020,W02,7,7,0
20260423,P020,W02,15,15,0
20260424,P020,W02,8,8,0
20260425,P020,W02,15,15,0
20260426,P020,W02,6,6,0
20260427,P020,W02,16,16,0
20260428,P020,W02,10,10,0
20260429,P020,W02,5,5,0
20260430,P020,W02,9,9,0
20260501,P020,W02,8,8,0
20260502,P020,W02,10,10,0
20260503,P020,W02,4,4,0
20260504,P020,W02,18,18,0
20260505,P020,W02,10,10,0
20260506,P020,W02,11,11,0
20260507,P020,W02,9,9,0
20260508,P020,W02,9,9,0
20260509,P020,W02,14,14,0
20260510,P020,W02,11,11,0
20260511,P020,W02,10,10,0
20260512,P020,W02,14,14,0
20260513,P020,W02,9,9,0
20260514,P020,W02,12,12,0
20260515,P020,W02,10,10,0
20260516,P020,W02,10,10,0
20260517,P020,W02,4,4,0
20260518,P020,W02,8,8,0
20260519,P020,W02,10,10,0
20260520,P020,W02,8,8,0
20260521,P020,W02,4,4,0
20260522,P020,W02,7,7,0
20260523,P020,W02,7,7,0
20260524,P020,W02,10,10,0
20260525,P020,W02,6,6,0
20260526,P020,W02,12,12,0
20260527,P020,W02,6,6,0
20260528,P020,W02,8,8,0
20260529,P020,W02,6,6,0
20260530,P020,W02,8,8,0
20260531,P020,W02,6,6,0
20260601,P020,W02,14,14,0
20260602,P020,W02,9,9,0
20260603,P020,W02,7,7,0
20260604,P020,W02,8,8,0
20260605,P020,W02,11,11,0
20260606,P020,W02,14,14,0
20260607,P020,W02,6,6,0
20260608,P020,W02,7,7,0
20260609,P020,W02,6,6,0
20260610,P020,W02,8,8,0
20260611,P020,W02,8,8,0
20260612,P020,W02,10,10,0
20260613,P020,W02,7,7,0
20260614,P020,W02,5,5,0
20260615,P020,W02,6,6,0
20260616,P020,W02,9,9,0
20260617,P020,W02,11,11,0
20260618,P020,W02,7,7,0
20260619,P020,W02,6,6,0
20260620,P020,W02,5,5,0
20260621,P020,W02,5,5,0
20260622,P020,W02,10,10,0
20260623,P020,W02,12,12,0
20260624,P020,W02,9,9,0
20260625,P020,W02,9,9,0
20260626,P020,W02,7,7,0
20260627,P020,W02,12,12,0
20260628,P020,W02,2,2,0
20260629,P020,W02,7,7,0
20260630,P020,W02,5,5,0
20260701,P020,W02,8,8,0
20260702,P020,W02,5,5,0
20260703,P020,W02,9,9,0
20260704,P020,W02,13,13,0
20260705,P020,W02,10,10,0
20260706,P020,W02,13,13,0
20260707,P020,W02,15,15,0
20260708,P020,W02,9,9,0
20260709,P020,W02,3,3,0
20260710,P020,W02,12,12,0
20260711,P020,W02,7,7,0
20260712,P020,W02,8,8,0
20260713,P020,W02,13,13,0
20260714,P020,W02,5,5,0
20260715,P020,W02,9,9,0
20260716,P020,W02,16,16,0
20260717,P020,W02,11,11,0
20260718,P020,W02,14,14,0
20260719,P020,W02,3,3,0
20260720,P020,W02,10,10,0
20260721,P020,W02,10,10,0
20260722,P020,W02,7,7,0
20260723,P020,W02,11,11,0
20260724,P020,W02,6,6,0
20260725,P020,W02,6,6,0
20260726,P020,W02,10,10,0
20260727,P020,W02,14,14,0
20260728,P020,W02,5,5,0
20260729,P020,W02,6,6,0
20260730,P020,W02,17,17,0
20260731,P020,W02,5,5,0
20260801,P020,W02,8,8,0
20260802,P020,W02,8,8,0
20260803,P020,W02,16,16,0
20260804,P020,W02,8,8,0
20260805,P020,W02,6,6,0
20260806,P020,W02,6,6,0
20260807,P020,W02,9,9,0
20260808,P020,W02,13,13,0
20260809,P020,W02,8,8,0
20260810,P020,W02,7,7,0
20260811,P020,W02,7,7,0
20260812,P020,W02,4,4,0
20260813,P020,W02,12,12,0
20260814,P020,W02,9,9,0
20260815,P020,W02,10,10,0
20260816,P020,W02,7,7,0
20260817,P020,W02,12,12,0
20260818,P020,W02,9,9,0
20260819,P020,W02,7,7,0
20260820,P020,W02,12,12,0
20260821,P020,W02,8,8,0
20260822,P020,W02,10,10,0
20260823,P020,W02,6,6,0
20260824,P020,W02,4,4,0
20260825,P020,W02,8,8,0
20260826,P020,W02,7,7,0
20260827,P020,W02,12,12,0
20260828,P020,W02,10,10,0
20260829,P020,W02,9,9,0
20260830,P020,W02,9,9,0
20260831,P020,W02,9,9,0
20260901,P020,W02,7,7,0
20260902,P020,W02,12,12,0
20260903,P020,W02,9,9,0
20260904,P020,W02,12,12,0
20260905,P020,W02,8,8,0
20260906,P020,W02,14,14,0
20260907,P020,W02,9,9,0
20260908,P020,W02,16,16,0
20260909,P020,W02,6,6,0
20260910,P020,W02,16,16,0
20260911,P020,W02,16,16,0
20260912,P020,W02,15,15,0
20260913,P020,W02,6,6,0
20260914,P020,W02,15,15,0
20260915,P020,W02,11,11,0
20260916,P020,W02,8,8,0
20260917,P020,W02,12,12,0
20260918,P020,W02,9,9,0
20260919,P020,W02,6,6,0
20260920,P020,W02,12,12,0
20260921,P020,W02,10,10,0
20260922,P020,W02,10,10,0
20260923,P020,W02,13,13,0
20260924,P020,W02,8,8,0
20260925,P020,W02,12,12,0
20260926,P020,W02,11,11,0
20260927,P020,W02,6,6,0
20260928,P020,W02,9,9,0
20260929,P020,W02,8,8,0
20260930,P020,W02,5,5,0
20251001,P020,W03,12,12,0
20251002,P020,W03,9,9,0
20251003,P020,W03,13,13,0
20251004,P020,W03,9,9,0
20251005,P020,W03,3,3,0
20251006,P020,W03,10,10,0
20251007,P020,W03,9,9,0
20251008,P020,W03,13,13,0
20251009,P020,W03,8,8,0
20251010,P020,W03,9,9,0
20251011,P020,W03,10,10,0
20251012,P020,W03,5,5,0
20251013,P020,W03,9,9,0
20251014,P020,W03,10,10,0
20251015,P020,W03,9,9,0
20251016,P020,W03,17,17,0
20251017,P020,W03,6,6,0
20251018,P020,W03,13,13,0
20251019,P020,W03,7,7,0
20251020,P020,W03,12,12,0
20251021,P020,W03,8,8,0
20251022,P020,W03,7,7,0
20251023,P020,W03,10,10,0
20251024,P020,W03,9,9,0
20251025,P020,W03,8,8,0
20251026,P020,W03,6,6,0
20251027,P020,W03,14,14,0
20251028,P020,W03,6,6,0
20251029,P020,W03,6,6,0
20251030,P020,W03,6,6,0
20251031,P020,W03,10,10,0
20251101,P020,W03,13,13,0
20251102,P020,W03,11,11,0
20251103,P020,W03,8,8,0
20251104,P020,W03,20,20,0
20251105,P020,W03,9,9,0
20251106,P020,W03,14,11,3
20251107,P020,W03,7,0,7
20251108,P020,W03,12,0,12
20251109,P020,W03,9,0,9
20251110,P020,W03,11,11,0
20251111,P020,W03,15,15,0
20251112,P020,W03,11,11,0
20251113,P020,W03,14,14,0
20251114,P020,W03,15,15,0
20251115,P020,W03,8,8,0
20251116,P020,W03,4,4,0
20251117,P020,W03,11,11,0
20251118,P020,W03,11,11,0
20251119,P020,W03,15,15,0
20251120,P020,W03,6,6,0
20251121,P020,W03,11,11,0
20251122,P020,W03,13,13,0
20251123,P020,W03,9,9,0
20251124,P020,W03,7,7,0
20251125,P020,W03,11,11,0
20251126,P020,W03,16,16,0
20251127,P020,W03,11,11,0
20251128,P020,W03,9,9,0
20251129,P020,W03,18,18,0
20251130,P020,W03,3,3,0
20251201,P020,W03,9,9,0
20251202,P020,W03,16,16,0
20251203,P020,W03,14,14,0
20251204,P020,W03,9,9,0
20251205,P020,W03,16,16,0
20251206,P020,W03,18,18,0
20251207,P020,W03,4,4,0
20251208,P020,W03,11,11,0
20251209,P020,W03,12,12,0
20251210,P020,W03,9,9,0
20251211,P020,W03,7,7,0
20251212,P020,W03,11,11,0
20251213,P020,W03,15,15,0
20251214,P020,W03,9,9,0
20251215,P020,W03,17,17,0
20251216,P020,W03,8,8,0
20251217,P020,W03,12,12,0
20251218,P020,W03,13,13,0
20251219,P020,W03,14,14,0
20251220,P020,W03,10,10,0
20251221,P020,W03,5,5,0
20251222,P020,W03,19,19,0
20251223,P020,W03,10,10,0
20251224,P020,W03,7,7,0
20251225,P020,W03,6,6,0
20251226,P020,W03,8,8,0
20251227,P020,W03,13,13,0
20251228,P020,W03,8,8,0
20251229,P020,W03,8,8,0
20251230,P020,W03,15,15,0
20251231,P020,W03,16,16,0
20260101,P020,W03,15,15,0
20260102,P020,W03,7,7,0
20260103,P020,W03,11,11,0
20260104,P020,W03,7,7,0
20260105,P020,W03,11,11,0
20260106,P020,W03,12,12,0
20260107,P020,W03,15,15,0
20260108,P020,W03,14,14,0
20260109,P020,W03,7,7,0
20260110,P020,W03,11,11,0
20260111,P020,W03,9,9,0
20260112,P020,W03,10,10,0
20260113,P020,W03,13,13,0
20260114,P020,W03,13,13,0
20260115,P020,W03,8,8,0
20260116,P020,W03,11,11,0
20260117,P020,W03,12,12,0
20260118,P020,W03,7,7,0
20260119,P020,W03,15,15,0
20260120,P020,W03,7,7,0
20260121,P020,W03,8,8,0
20260122,P020,W03,13,13,0
20260123,P020,W03,18,18,0
20260124,P020,W03,11,11,0
20260125,P020,W03,5,5,0
20260126,P020,W03,11,11,0
20260127,P020,W03,7,7,0
20260128,P020,W03,15,15,0
20260129,P020,W03,13,13,0
20260130,P020,W03,12,12,0
20260131,P020,W03,16,16,0
20260201,P020,W03,8,8,0
20260202,P020,W03,11,11,0
20260203,P020,W03,11,11,0
20260204,P020,W03,7,7,0
20260205,P020,W03,10,10,0
20260206,P020,W03,5,5,0
20260207,P020,W03,5,5,0
20260208,P020,W03,7,7,0
20260209,P020,W03,10,10,0
20260210,P020,W03,12,12,0
20260211,P020,W03,15,15,0
20260212,P020,W03,12,12,0
20260213,P020,W03,7,7,0
20260214,P020,W03,12,12,0
20260215,P020,W03,5,5,0
20260216,P020,W03,15,15,0
20260217,P020,W03,5,5,0
20260218,P020,W03,10,10,0
20260219,P020,W03,16,16,0
20260220,P020,W03,12,12,0
20260221,P020,W03,11,11,0
20260222,P020,W03,3,3,0
20260223,P020,W03,12,12,0
20260224,P020,W03,10,10,0
20260225,P020,W03,10,10,0
20260226,P020,W03,3,3,0
20260227,P020,W03,8,8,0
20260228,P020,W03,13,13,0
20260301,P020,W03,7,7,0
20260302,P020,W03,10,10,0
20260303,P020,W03,8,8,0
20260304,P020,W03,11,11,0
20260305,P020,W03,8,8,0
20260306,P020,W03,8,8,0
20260307,P020,W03,13,13,0
20260308,P020,W03,6,6,0
20260309,P020,W03,7,7,0
20260310,P020,W03,7,7,0
20260311,P020,W03,7,7,0
20260312,P020,W03,11,11,0
20260313,P020,W03,6,6,0
20260314,P020,W03,12,12,0
20260315,P020,W03,5,5,0
20260316,P020,W03,10,10,0
20260317,P020,W03,5,5,0
20260318,P020,W03,9,9,0
20260319,P020,W03,10,10,0
20260320,P020,W03,7,7,0
20260321,P020,W03,10,10,0
20260322,P020,W03,6,6,0
20260323,P020,W03,10,10,0
20260324,P020,W03,11,11,0
20260325,P020,W03,12,12,0
20260326,P020,W03,11,11,0
20260327,P020,W03,10,10,0
20260328,P020,W03,7,7,0
20260329,P020,W03,3,3,0
20260330,P020,W03,11,11,0
20260331,P020,W03,10,10,0
20260401,P020,W03,12,12,0
20260402,P020,W03,13,13,0
20260403,P020,W03,9,9,0
20260404,P020,W03,8,8,0
20260405,P020,W03,6,6,0
20260406,P020,W03,9,9,0
20260407,P020,W03,9,9,0
20260408,P020,W03,8,8,0
20260409,P020,W03,3,3,0
20260410,P020,W03,9,9,0
20260411,P020,W03,13,13,0
20260412,P020,W03,6,6,0
20260413,P020,W03,8,8,0
20260414,P020,W03,10,10,0
20260415,P020,W03,9,9,0
20260416,P020,W03,8,8,0
20260417,P020,W03,8,8,0
20260418,P020,W03,5,5,0
20260419,P020,W03,6,6,0
20260420,P020,W03,9,9,0
20260421,P020,W03,6,6,0
20260422,P020,W03,9,9,0
20260423,P020,W03,16,16,0
20260424,P020,W03,8,8,0
20260425,P020,W03,3,3,0
20260426,P020,W03,1,1,0
20260427,P020,W03,6,6,0
20260428,P020,W03,9,9,0
20260429,P020,W03,6,6,0
20260430,P020,W03,7,7,0
20260501,P020,W03,4,4,0
20260502,P020,W03,6,6,0
20260503,P020,W03,1,1,0
20260504,P020,W03,6,6,0
20260505,P020,W03,6,6,0
20260506,P020,W03,9,9,0
20260507,P020,W03,1,1,0
20260508,P020,W03,5,5,0
20260509,P020,W03,4,4,0
20260510,P020,W03,9,9,0
20260511,P020,W03,7,7,0
20260512,P020,W03,4,4,0
20260513,P020,W03,6,6,0
20260514,P020,W03,6,6,0
20260515,P020,W03,8,8,0
20260516,P020,W03,9,9,0
20260517,P020,W03,3,3,0
20260518,P020,W03,6,6,0
20260519,P020,W03,5,5,0
20260520,P020,W03,5,5,0
20260521,P020,W03,4,4,0
20260522,P020,W03,4,4,0
20260523,P020,W03,2,2,0
20260524,P020,W03,3,3,0
20260525,P020,W03,12,12,0
20260526,P020,W03,3,3,0
20260527,P020,W03,9,9,0
20260528,P020,W03,5,5,0
20260529,P020,W03,7,7,0
20260530,P020,W03,7,7,0
20260531,P020,W03,11,11,0
20260601,P020,W03,10,10,0
20260602,P020,W03,8,8,0
20260603,P020,W03,8,8,0
20260604,P020,W03,10,10,0
20260605,P020,W03,10,10,0
20260606,P020,W03,9,9,0
20260607,P020,W03,8,8,0
20260608,P020,W03,8,8,0
20260609,P020,W03,12,12,0
20260610,P020,W03,8,8,0
20260611,P020,W03,3,3,0
20260612,P020,W03,5,5,0
20260613,P020,W03,8,8,0
20260614,P020,W03,6,6,0
20260615,P020,W03,7,7,0
20260616,P020,W03,8,8,0
20260617,P020,W03,8,8,0
20260618,P020,W03,11,11,0
20260619,P020,W03,5,5,0
20260620,P020,W03,10,10,0
20260621,P020,W03,7,7,0
20260622,P020,W03,8,8,0
20260623,P020,W03,4,4,0
20260624,P020,W03,6,6,0
20260625,P020,W03,4,4,0
20260626,P020,W03,6,6,0
20260627,P020,W03,6,6,0
20260628,P020,W03,4,4,0
20260629,P020,W03,8,8,0
20260630,P020,W03,7,7,0
20260701,P020,W03,4,4,0
20260702,P020,W03,4,4,0
20260703,P020,W03,3,3,0
20260704,P020,W03,7,7,0
20260705,P020,W03,4,4,0
20260706,P020,W03,7,7,0
20260707,P020,W03,6,6,0
20260708,P020,W03,4,4,0
20260709,P020,W03,10,10,0
20260710,P020,W03,6,6,0
20260711,P020,W03,7,7,0
20260712,P020,W03,7,7,0
20260713,P020,W03,9,9,0
20260714,P020,W03,7,7,0
20260715,P020,W03,12,12,0
20260716,P020,W03,7,7,0
20260717,P020,W03,5,5,0
20260718,P020,W03,10,10,0
20260719,P020,W03,7,7,0
20260720,P020,W03,6,6,0
20260721,P020,W03,8,8,0
20260722,P020,W03,5,5,0
20260723,P020,W03,4,4,0
20260724,P020,W03,11,11,0
20260725,P020,W03,14,14,0
20260726,P020,W03,3,3,0
20260727,P020,W03,10,10,0
20260728,P020,W03,10,10,0
20260729,P020,W03,8,8,0
20260730,P020,W03,7,7,0
20260731,P020,W03,9,9,0
20260801,P020,W03,4,4,0
20260802,P020,W03,6,6,0
20260803,P020,W03,9,9,0
20260804,P020,W03,11,11,0
20260805,P020,W03,7,7,0
20260806,P020,W03,5,5,0
20260807,P020,W03,8,8,0
20260808,P020,W03,10,10,0
20260809,P020,W03,6,6,0
20260810,P020,W03,7,7,0
20260811,P020,W03,7,7,0
20260812,P020,W03,12,12,0
20260813,P020,W03,10,10,0
20260814,P020,W03,3,3,0
20260815,P020,W03,8,8,0
20260816,P020,W03,7,7,0
20260817,P020,W03,12,12,0
20260818,P020,W03,6,6,0
20260819,P020,W03,3,3,0
20260820,P020,W03,9,9,0
20260821,P020,W03,5,5,0
20260822,P020,W03,8,8,0
20260823,P020,W03,8,8,0
20260824,P020,W03,13,13,0
20260825,P020,W03,10,10,0
20260826,P020,W03,5,5,0
20260827,P020,W03,7,7,0
20260828,P020,W03,5,5,0
20260829,P020,W03,6,6,0
20260830,P020,W03,2,2,0
20260831,P020,W03,7,7,0
20260901,P020,W03,10,10,0
20260902,P020,W03,4,4,0
20260903,P020,W03,5,5,0
20260904,P020,W03,11,11,0
20260905,P020,W03,8,8,0
20260906,P020,W03,3,3,0
20260907,P020,W03,8,8,0
20260908,P020,W03,4,4,0
20260909,P020,W03,5,5,0
20260910,P020,W03,7,7,0
20260911,P020,W03,10,10,0
20260912,P020,W03,7,7,0
20260913,P020,W03,4,4,0
20260914,P020,W03,8,8,0
20260915,P020,W03,2,2,0
20260916,P020,W03,5,5,0
20260917,P020,W03,9,9,0
20260918,P020,W03,9,9,0
20260919,P020,W03,9,9,0
20260920,P020,W03,2,2,0
20260921,P020,W03,15,15,0
20260922,P020,W03,9,9,0
20260923,P020,W03,10,10,0
20260924,P020,W03,10,10,0
20260925,P020,W03,5,5,0
20260926,P020,W03,12,12,0
20260927,P020,W03,3,3,0
20260928,P020,W03,6,6,0
20260929,P020,W03,7,7,0
20260930,P020,W03,6,6,0
20251001,P020,W04,11,11,0
20251002,P020,W04,7,7,0
20251003,P020,W04,9,9,0
20251004,P020,W04,6,6,0
20251005,P020,W04,6,6,0
20251006,P020,W04,10,10,0
20251007,P020,W04,3,3,0
20251008,P020,W04,9,9,0
20251009,P020,W04,5,5,0
20251010,P020,W04,7,7,0
20251011,P020,W04,14,14,0
20251012,P020,W04,5,5,0
20251013,P020,W04,10,10,0
20251014,P020,W04,10,10,0
20251015,P020,W04,7,7,0
20251016,P020,W04,7,7,0
20251017,P020,W04,9,9,0
20251018,P020,W04,4,4,0
20251019,P020,W04,4,4,0
20251020,P020,W04,11,11,0
20251021,P020,W04,4,4,0
20251022,P020,W04,5,5,0
20251023,P020,W04,5,5,0
20251024,P020,W04,11,11,0
20251025,P020,W04,9,9,0
20251026,P020,W04,2,2,0
20251027,P020,W04,9,9,0
20251028,P020,W04,5,5,0
20251029,P020,W04,5,5,0
20251030,P020,W04,10,10,0
20251031,P020,W04,5,5,0
20251101,P020,W04,9,9,0
20251102,P020,W04,4,4,0
20251103,P020,W04,10,10,0
20251104,P020,W04,7,3,4
20251105,P020,W04,6,0,6
20251106,P020,W04,7,7,0
20251107,P020,W04,12,12,0
20251108,P020,W04,8,8,0
20251109,P020,W04,6,6,0
20251110,P020,W04,18,18,0
20251111,P020,W04,8,8,0
20251112,P020,W04,10,10,0
20251113,P020,W04,11,11,0
20251114,P020,W04,13,13,0
20251115,P020,W04,14,14,0
20251116,P020,W04,11,11,0
20251117,P020,W04,13,13,0
20251118,P020,W04,5,5,0
20251119,P020,W04,12,12,0
20251120,P020,W04,9,9,0
20251121,P020,W04,21,21,0
20251122,P020,W04,6,6,0
20251123,P020,W04,3,3,0
20251124,P020,W04,10,10,0
20251125,P020,W04,2,2,0
20251126,P020,W04,14,14,0
20251127,P020,W04,11,11,0
20251128,P020,W04,9,9,0
20251129,P020,W04,9,9,0
20251130,P020,W04,9,9,0
20251201,P020,W04,10,10,0
20251202,P020,W04,14,14,0
20251203,P020,W04,13,13,0
20251204,P020,W04,7,7,0
20251205,P020,W04,14,14,0
20251206,P020,W04,13,13,0
20251207,P020,W04,9,9,0
20251208,P020,W04,9,9,0
20251209,P020,W04,10,10,0
20251210,P020,W04,12,12,0
20251211,P020,W04,10,10,0
20251212,P020,W04,8,8,0
20251213,P020,W04,14,14,0
20251214,P020,W04,6,6,0
20251215,P020,W04,12,12,0
20251216,P020,W04,8,8,0
20251217,P020,W04,15,15,0
20251218,P020,W04,7,7,0
20251219,P020,W04,8,8,0
20251220,P020,W04,9,9,0
20251221,P020,W04,8,8,0
20251222,P020,W04,9,9,0
20251223,P020,W04,10,10,0
20251224,P020,W04,14,14,0
20251225,P020,W04,9,9,0
20251226,P020,W04,7,7,0
20251227,P020,W04,12,12,0
20251228,P020,W04,9,9,0
20251229,P020,W04,12,12,0
20251230,P020,W04,6,6,0
20251231,P020,W04,10,10,0
20260101,P020,W04,12,12,0
20260102,P020,W04,12,12,0
20260103,P020,W04,12,12,0
20260104,P020,W04,4,4,0
20260105,P020,W04,7,7,0
20260106,P020,W04,9,9,0
20260107,P020,W04,13,13,0
20260108,P020,W04,12,12,0
20260109,P020,W04,7,7,0
20260110,P020,W04,9,9,0
20260111,P020,W04,4,4,0
20260112,P020,W04,8,8,0
20260113,P020,W04,7,7,0
20260114,P020,W04,11,11,0
20260115,P020,W04,12,12,0
20260116,P020,W04,8,8,0
20260117,P020,W04,13,13,0
20260118,P020,W04,4,4,0
20260119,P020,W04,12,12,0
20260120,P020,W04,8,8,0
20260121,P020,W04,5,5,0
20260122,P020,W04,9,9,0
20260123,P020,W04,18,18,0
20260124,P020,W04,6,6,0
20260125,P020,W04,6,6,0
20260126,P020,W04,9,9,0
20260127,P020,W04,13,13,0
20260128,P020,W04,10,10,0
20260129,P020,W04,9,9,0
20260130,P020,W04,8,8,0
20260131,P020,W04,6,6,0
20260201,P020,W04,5,5,0
20260202,P020,W04,4,4,0
20260203,P020,W04,8,8,0
20260204,P020,W04,6,6,0
20260205,P020,W04,17,17,0
20260206,P020,W04,9,9,0
20260207,P020,W04,7,7,0
20260208,P020,W04,6,6,0
20260209,P020,W04,9,9,0
20260210,P020,W04,9,9,0
20260211,P020,W04,11,11,0
20260212,P020,W04,5,5,0
20260213,P020,W04,8,8,0
20260214,P020,W04,8,8,0
20260215,P020,W04,8,8,0
20260216,P020,W04,5,5,0
20260217,P020,W04,7,7,0
20260218,P020,W04,16,16,0
20260219,P020,W04,6,6,0
20260220,P020,W04,8,8,0
20260221,P020,W04,9,9,0
20260222,P020,W04,11,11,0
20260223,P020,W04,4,4,0
20260224,P020,W04,7,7,0
20260225,P020,W04,13,13,0
20260226,P020,W04,7,7,0
20260227,P020,W04,9,9,0
20260228,P020,W04,14,14,0
20260301,P020,W04,1,1,0
20260302,P020,W04,3,3,0
20260303,P020,W04,9,9,0
20260304,P020,W04,11,11,0
20260305,P020,W04,8,8,0
20260306,P020,W04,9,9,0
20260307,P020,W04,6,6,0
20260308,P020,W04,9,9,0
20260309,P020,W04,10,10,0
20260310,P020,W04,8,8,0
20260311,P020,W04,7,7,0
20260312,P020,W04,6,6,0
20260313,P020,W04,4,4,0
20260314,P020,W04,5,5,0
20260315,P020,W04,5,5,0
20260316,P020,W04,10,10,0
20260317,P020,W04,6,6,0
20260318,P020,W04,8,8,0
20260319,P020,W04,5,5,0
20260320,P020,W04,7,7,0
20260321,P020,W04,13,13,0
20260322,P020,W04,2,2,0
20260323,P020,W04,7,7,0
20260324,P020,W04,4,4,0
20260325,P020,W04,13,13,0
20260326,P020,W04,6,6,0
20260327,P020,W04,5,5,0
20260328,P020,W04,5,5,0
20260329,P020,W04,6,6,0
20260330,P020,W04,6,6,0
20260331,P020,W04,6,6,0
20260401,P020,W04,5,5,0
20260402,P020,W04,8,8,0
20260403,P020,W04,7,7,0
20260404,P020,W04,5,5,0
20260405,P020,W04,8,8,0
20260406,P020,W04,7,7,0
20260407,P020,W04,13,13,0
20260408,P020,W04,4,4,0
20260409,P020,W04,8,8,0
20260410,P020,W04,10,10,0
20260411,P020,W04,5,5,0
20260412,P020,W04,8,8,0
20260413,P020,W04,7,7,0
20260414,P020,W04,7,7,0
20260415,P020,W04,0,0,0
20260416,P020,W04,6,6,0
20260417,P020,W04,9,9,0
20260418,P020,W04,8,8,0
20260419,P020,W04,4,2,2
20260420,P020,W04,4,4,0
20260421,P020,W04,8,6,2
20260422,P020,W04,5,0,5
20260423,P020,W04,5,5,0
20260424,P020,W04,8,8,0
20260425,P020,W04,8,8,0
20260426,P020,W04,4,4,0
20260427,P020,W04,6,6,0
20260428,P020,W04,5,5,0
20260429,P020,W04,7,7,0
20260430,P020,W04,6,6,0
20260501,P020,W04,3,3,0
20260502,P020,W04,8,8,0
20260503,P020,W04,1,1,0
20260504,P020,W04,6,6,0
20260505,P020,W04,5,5,0
20260506,P020,W04,9,9,0
20260507,P020,W04,8,8,0
20260508,P020,W04,6,6,0
20260509,P020,W04,6,6,0
20260510,P020,W04,4,4,0
20260511,P020,W04,6,6,0
20260512,P020,W04,10,10,0
20260513,P020,W04,6,6,0
20260514,P020,W04,2,2,0
20260515,P020,W04,9,9,0
20260516,P020,W04,8,8,0
20260517,P020,W04,4,4,0
20260518,P020,W04,3,3,0
20260519,P020,W04,7,7,0
20260520,P020,W04,6,6,0
20260521,P020,W04,4,4,0
20260522,P020,W04,4,4,0
20260523,P020,W04,6,6,0
20260524,P020,W04,2,2,0
20260525,P020,W04,2,2,0
20260526,P020,W04,4,4,0
20260527,P020,W04,3,3,0
20260528,P020,W04,4,4,0
20260529,P020,W04,13,13,0
20260530,P020,W04,2,2,0
20260531,P020,W04,2,2,0
20260601,P020,W04,6,6,0
20260602,P020,W04,10,10,0
20260603,P020,W04,4,4,0
20260604,P020,W04,6,6,0
20260605,P020,W04,4,4,0
20260606,P020,W04,8,8,0
20260607,P020,W04,3,3,0
20260608,P020,W04,11,11,0
20260609,P020,W04,4,4,0
20260610,P020,W04,5,5,0
20260611,P020,W04,3,3,0
20260612,P020,W04,8,8,0
20260613,P020,W04,6,6,0
20260614,P020,W04,3,3,0
20260615,P020,W04,9,9,0
20260616,P020,W04,3,3,0
20260617,P020,W04,7,7,0
20260618,P020,W04,5,5,0
20260619,P020,W04,6,6,0
20260620,P020,W04,8,8,0
20260621,P020,W04,3,3,0
20260622,P020,W04,3,3,0
20260623,P020,W04,3,3,0
20260624,P020,W04,8,8,0
20260625,P020,W04,8,8,0
20260626,P020,W04,7,7,0
20260627,P020,W04,8,8,0
20260628,P020,W04,5,5,0
20260629,P020,W04,8,8,0
20260630,P020,W04,7,7,0
20260701,P020,W04,8,8,0
20260702,P020,W04,7,7,0
20260703,P020,W04,6,6,0
20260704,P020,W04,8,8,0
20260705,P020,W04,5,5,0
20260706,P020,W04,5,5,0
20260707,P020,W04,6,6,0
20260708,P020,W04,9,9,0
20260709,P020,W04,7,7,0
20260710,P020,W04,6,6,0
20260711,P020,W04,2,2,0
20260712,P020,W04,3,3,0
20260713,P020,W04,11,11,0
20260714,P020,W04,6,6,0
20260715,P020,W04,5,5,0
20260716,P020,W04,4,4,0
20260717,P020,W04,3,3,0
20260718,P020,W04,11,11,0
20260719,P020,W04,7,7,0
20260720,P020,W04,8,8,0
20260721,P020,W04,4,4,0
20260722,P020,W04,13,13,0
20260723,P020,W04,2,2,0
20260724,P020,W04,10,10,0
20260725,P020,W04,7,7,0
20260726,P020,W04,2,2,0
20260727,P020,W04,4,4,0
20260728,P020,W04,5,5,0
20260729,P020,W04,3,3,0
20260730,P020,W04,9,9,0
20260731,P020,W04,6,6,0
20260801,P020,W04,6,6,0
20260802,P020,W04,5,5,0
20260803,P020,W04,6,6,0
20260804,P020,W04,6,6,0
20260805,P020,W04,3,3,0
20260806,P020,W04,9,9,0
20260807,P020,W04,2,2,0
20260808,P020,W04,5,5,0
20260809,P020,W04,4,4,0
20260810,P020,W04,9,9,0
20260811,P020,W04,7,7,0
20260812,P020,W04,5,5,0
20260813,P020,W04,7,7,0
20260814,P020,W04,5,5,0
20260815,P020,W04,8,8,0
20260816,P020,W04,3,3,0
20260817,P020,W04,9,9,0
20260818,P020,W04,7,7,0
20260819,P020,W04,7,7,0
20260820,P020,W04,11,11,0
20260821,P020,W04,6,6,0
20260822,P020,W04,8,8,0
20260823,P020,W04,4,4,0
20260824,P020,W04,13,13,0
20260825,P020,W04,5,5,0
20260826,P020,W04,5,5,0
20260827,P020,W04,9,9,0
20260828,P020,W04,6,6,0
20260829,P020,W04,4,4,0
20260830,P020,W04,5,5,0
20260831,P020,W04,5,5,0
20260901,P020,W04,7,7,0
20260902,P020,W04,10,10,0
20260903,P020,W04,7,7,0
20260904,P020,W04,5,5,0
20260905,P020,W04,10,10,0
20260906,P020,W04,6,6,0
20260907,P020,W04,11,11,0
20260908,P020,W04,12,12,0
20260909,P020,W04,7,7,0
20260910,P020,W04,9,9,0
20260911,P020,W04,5,5,0
20260912,P020,W04,4,4,0
20260913,P020,W04,4,4,0
20260914,P020,W04,12,12,0
20260915,P020,W04,4,4,0
20260916,P020,W04,8,8,0
20260917,P020,W04,5,5,0
20260918,P020,W04,5,5,0
20260919,P020,W04,11,11,0
20260920,P020,W04,2,2,0
20260921,P020,W04,5,5,0
20260922,P020,W04,6,6,0
20260923,P020,W04,3,3,0
20260924,P020,W04,7,7,0
20260925,P020,W04,8,8,0
20260926,P020,W04,8,8,0
20260927,P020,W04,1,1,0
20260928,P020,W04,4,4,0
20260929,P020,W04,9,9,0
20260930,P020,W04,9,9,0
